{
"type": "FeatureCollection",
"name": "hsms_84",
"crs": { "type": "name", "properties": { "name": "urn:ogc:def:crs:OGC:1.3:CRS84" } },
"features": [
{ "type": "Feature", "properties": { "label": "EHAVM Eemshaven-Midden 20 kV", "gid": "EHAVM Eemshaven-Midden 20 kV" }, "geometry": { "type": "MultiPolygon", "coordinates": [ [ [ [ 6.776694629201238, 53.365803166337855 ], [ 6.776161917100915, 53.366847376362216 ], [ 6.777635055557068, 53.366901655650224 ], [ 6.777000804295962, 53.366520600613619 ], [ 6.777257791781042, 53.365986782122917 ], [ 6.776694629201238, 53.365803166337855 ] ] ], [ [ [ 6.775888606731761, 53.367446283972562 ], [ 6.776212821391315, 53.368186789593736 ], [ 6.777135734223386, 53.368330159805126 ], [ 6.776733749716895, 53.367741943067905 ], [ 6.775888606731761, 53.367446283972562 ] ] ], [ [ [ 6.767321023580686, 53.425645661701715 ], [ 6.775204087556677, 53.424487426875508 ], [ 6.772130323027944, 53.421799378303369 ], [ 6.772617236637913, 53.422072653400299 ], [ 6.773431902421768, 53.421769164212542 ], [ 6.771363874566782, 53.419682348826456 ], [ 6.771874224775543, 53.419545424306705 ], [ 6.770025505640523, 53.419179805204003 ], [ 6.76901677307322, 53.419869581136751 ], [ 6.765939834540035, 53.420446404613521 ], [ 6.765643549082208, 53.419993329331135 ], [ 6.764991777923758, 53.420101111514775 ], [ 6.782490417452236, 53.415801308147387 ], [ 6.782963808045541, 53.415699493717199 ], [ 6.78785245139277, 53.421706037637001 ], [ 6.799571065434126, 53.418598050694101 ], [ 6.797616778090683, 53.416429290494214 ], [ 6.796389767168323, 53.416114575111408 ], [ 6.796189964402047, 53.415202924205637 ], [ 6.794575524674302, 53.41511621096555 ], [ 6.794663657389943, 53.414100723089703 ], [ 6.795660462620837, 53.414104935977583 ], [ 6.794968944513326, 53.413256136372887 ], [ 6.799121423998087, 53.412283566209005 ], [ 6.802230272052866, 53.412056134691191 ], [ 6.80548191323778, 53.41093109978106 ], [ 6.807425356726196, 53.409139105550302 ], [ 6.801380511304007, 53.406892255403498 ], [ 6.804048404284517, 53.407860114923835 ], [ 6.810081866515447, 53.403338008156666 ], [ 6.80367580587045, 53.400821962591614 ], [ 6.801650764963835, 53.399112295424999 ], [ 6.798996218985708, 53.400681825531514 ], [ 6.794612135266018, 53.399143710654862 ], [ 6.790782765609093, 53.401787409078302 ], [ 6.814665213645892, 53.384853540307603 ], [ 6.810018982703408, 53.383223227543127 ], [ 6.8047545601983, 53.379224288669022 ], [ 6.797193514154183, 53.375462732979265 ], [ 6.78054887628859, 53.392488371344847 ], [ 6.781224627006007, 53.392734519418838 ], [ 6.762045563362886, 53.387515737556583 ], [ 6.76259603853108, 53.386554931429458 ], [ 6.768170684849214, 53.382668196849572 ], [ 6.764088750458942, 53.380634524089558 ], [ 6.763281748066407, 53.381165078934671 ], [ 6.762413417911052, 53.380793166299675 ], [ 6.760006124263568, 53.382539820850162 ], [ 6.763615050077435, 53.379762677361988 ], [ 6.753367354977672, 53.375744506730008 ], [ 6.744445685612033, 53.384523303921462 ], [ 6.742815660705478, 53.383985965675379 ], [ 6.742752526308838, 53.38516599173537 ], [ 6.743435934341505, 53.385620403748476 ], [ 6.740242865035446, 53.388902210978081 ], [ 6.742167766661993, 53.390607561099877 ], [ 6.731599389411198, 53.382640223453159 ], [ 6.724246015039093, 53.378177557491561 ], [ 6.72732599572143, 53.378219527593238 ], [ 6.730862382429452, 53.374065223241622 ], [ 6.728560640946906, 53.371880885621714 ], [ 6.728501158162386, 53.369520688214926 ], [ 6.7260726648308, 53.366886023263135 ], [ 6.725317545664458, 53.368587482089687 ], [ 6.722444453484011, 53.370463074381348 ], [ 6.715657669330106, 53.37102393669619 ], [ 6.713531928334078, 53.368843775403789 ], [ 6.715072421726848, 53.368318571094747 ], [ 6.716005994078637, 53.368912152771856 ], [ 6.717770380945352, 53.367632139643263 ], [ 6.714667099778073, 53.36656702468995 ], [ 6.712499520880793, 53.364684610418365 ], [ 6.713679753692097, 53.363320262134543 ], [ 6.716326655576144, 53.363747895144954 ], [ 6.719388019720658, 53.362463657750872 ], [ 6.717226325925734, 53.3604658735741 ], [ 6.708842281337591, 53.36291283519472 ], [ 6.704313691224596, 53.359208991314524 ], [ 6.700913880797795, 53.360283917652225 ], [ 6.697588723837604, 53.357545192529642 ], [ 6.692519000548942, 53.359157590328884 ], [ 6.697033379751705, 53.362902942707841 ], [ 6.691647336697411, 53.365549528886035 ], [ 6.689649086279644, 53.365431133825375 ], [ 6.684659497731772, 53.366930745341804 ], [ 6.682677322487454, 53.366708945101585 ], [ 6.681029847855564, 53.365820876475624 ], [ 6.67858547312541, 53.367131079787505 ], [ 6.675910449337326, 53.366968481335256 ], [ 6.671707816397286, 53.370164163425258 ], [ 6.672569019238966, 53.37059085349798 ], [ 6.671406242625161, 53.372703913151767 ], [ 6.667772822743183, 53.372825755813281 ], [ 6.666251486530807, 53.373355854026762 ], [ 6.667079239974546, 53.376899228752407 ], [ 6.665893564072934, 53.377375345520854 ], [ 6.666844812016092, 53.377660223991604 ], [ 6.666399279440579, 53.379118793275516 ], [ 6.6629775243444, 53.379260444095472 ], [ 6.65869418783059, 53.381144456621854 ], [ 6.65495818228012, 53.381143751501298 ], [ 6.657314314864041, 53.383423496646877 ], [ 6.656697589820383, 53.385499556654231 ], [ 6.658301801670326, 53.385683172412563 ], [ 6.658603638116715, 53.38625907844235 ], [ 6.657213317408718, 53.388780858911012 ], [ 6.662458151107496, 53.389677750423083 ], [ 6.661884247201312, 53.392346904509324 ], [ 6.659805838230573, 53.391920164457431 ], [ 6.659070496545992, 53.392682990779434 ], [ 6.659521128661939, 53.393321881626932 ], [ 6.660996322666018, 53.392702954992629 ], [ 6.661632697324828, 53.393160843862937 ], [ 6.660593075722084, 53.397105907635634 ], [ 6.658730502347511, 53.3987879757697 ], [ 6.659519740618292, 53.399497571325249 ], [ 6.658814110254237, 53.40199133128823 ], [ 6.657453663534753, 53.402639108642745 ], [ 6.658030837745883, 53.403264978033768 ], [ 6.656776957982463, 53.40251781487116 ], [ 6.656336119101351, 53.398572323127432 ], [ 6.654851387737264, 53.395406961722628 ], [ 6.654172758352387, 53.394854074736287 ], [ 6.652320841616933, 53.394128117999067 ], [ 6.654798199689157, 53.395542809520435 ], [ 6.644863522462321, 53.39818294694301 ], [ 6.644618229337935, 53.397855565376091 ], [ 6.634827117733628, 53.399232165793705 ], [ 6.634224514142375, 53.398094852265828 ], [ 6.631782769912296, 53.398073774693628 ], [ 6.631384308796683, 53.399835650412633 ], [ 6.629934170382457, 53.399949907450122 ], [ 6.630290603911378, 53.402139038821709 ], [ 6.635992918927657, 53.402803223047911 ], [ 6.636130576881417, 53.405890375732668 ], [ 6.62548157553679, 53.401829865506734 ], [ 6.621507204964543, 53.40090558428421 ], [ 6.618221635224192, 53.40080036329644 ], [ 6.618163253613517, 53.401555646354758 ], [ 6.618874679029513, 53.401643974613471 ], [ 6.618131700954609, 53.401986699455122 ], [ 6.617875980724074, 53.403765401309023 ], [ 6.61531800424849, 53.403432126148594 ], [ 6.61426013959642, 53.402724528142905 ], [ 6.613388050287768, 53.403208129837978 ], [ 6.613391686057554, 53.404049827408599 ], [ 6.615102437286343, 53.4047217946896 ], [ 6.615783570861694, 53.405580030043843 ], [ 6.613145609746427, 53.406942647020898 ], [ 6.61866030591819, 53.407430995219038 ], [ 6.618532214383261, 53.408076045573416 ], [ 6.620211202797324, 53.408278738061604 ], [ 6.620578649518253, 53.40704269800878 ], [ 6.622324095850197, 53.406944381167705 ], [ 6.622771471366383, 53.405934283968122 ], [ 6.625557848741094, 53.406442534711204 ], [ 6.626608741108789, 53.408231802854871 ], [ 6.628955169190541, 53.409520685429143 ], [ 6.624330762720288, 53.421303695285843 ], [ 6.643430167291666, 53.424917251152827 ], [ 6.643911495819776, 53.423993049947704 ], [ 6.646747087932201, 53.424466885349922 ], [ 6.641146706654234, 53.439998665733505 ], [ 6.642640853794745, 53.440570714041392 ], [ 6.639597863751016, 53.448656707690283 ], [ 6.638863016115407, 53.448601189288794 ], [ 6.638414685572114, 53.449301872573272 ], [ 6.637640828243107, 53.451787015291814 ], [ 6.639906939489125, 53.452827367611306 ], [ 6.646773812228283, 53.453918356371624 ], [ 6.654305463498216, 53.455967642915198 ], [ 6.667247916724855, 53.458167323758104 ], [ 6.670298706435789, 53.457807988797292 ], [ 6.674353915732385, 53.458328260140128 ], [ 6.695796107098303, 53.461999137890672 ], [ 6.733463663989573, 53.465217390110602 ], [ 6.728631700374937, 53.456993821346323 ], [ 6.734087625350316, 53.456519958001003 ], [ 6.726742568300601, 53.445135414308943 ], [ 6.717840192221542, 53.44556987659125 ], [ 6.716807916713724, 53.443631007262894 ], [ 6.739394074952772, 53.441995281452208 ], [ 6.741196609173921, 53.441408947454498 ], [ 6.726034404699837, 53.425345315668793 ], [ 6.737537100705978, 53.425112204744657 ], [ 6.738572896695979, 53.425544191434149 ], [ 6.74086168785673, 53.425585081361866 ], [ 6.741071228996019, 53.425041819635453 ], [ 6.753524770296838, 53.43532910645115 ], [ 6.754813174624777, 53.435164492343212 ], [ 6.759216075660999, 53.438614000220461 ], [ 6.769548243868161, 53.43761756666521 ], [ 6.771472663940727, 53.437023472665281 ], [ 6.773863801755132, 53.438764564214694 ], [ 6.778371174773743, 53.437041038978826 ], [ 6.76395499889282, 53.425787629219343 ], [ 6.767321023580686, 53.425645661701715 ] ] ], [ [ [ 6.779738538776225, 53.417143335305767 ], [ 6.778180017353794, 53.417621727600306 ], [ 6.779254174435437, 53.419171397705917 ], [ 6.780414884130852, 53.418788033582437 ], [ 6.779738538776225, 53.417143335305767 ] ] ], [ [ [ 6.808067077640813, 53.443930065293713 ], [ 6.807370382120963, 53.444520469657974 ], [ 6.808362223869173, 53.445027401238534 ], [ 6.806816167540774, 53.445739189735093 ], [ 6.808512073267721, 53.448570760965055 ], [ 6.810066509584956, 53.449628262212741 ], [ 6.810955334159871, 53.449459315489641 ], [ 6.80870220011475, 53.443865874231165 ], [ 6.808067077640813, 53.443930065293713 ] ] ], [ [ [ 6.795285449304068, 53.451044038600266 ], [ 6.790305024589432, 53.446343943010454 ], [ 6.787573210401198, 53.444202402761583 ], [ 6.780754120870367, 53.444358548513051 ], [ 6.78424970339319, 53.44700564663767 ], [ 6.79463331423027, 53.457267071307477 ], [ 6.798364429062789, 53.455010583216364 ], [ 6.813563280088198, 53.463244343701852 ], [ 6.828898680225559, 53.459653985417155 ], [ 6.830188541361657, 53.459756531760725 ], [ 6.831719739737447, 53.461962392925408 ], [ 6.832886849632805, 53.462499607168645 ], [ 6.834921712952398, 53.462451222208742 ], [ 6.832180615860493, 53.461646496473691 ], [ 6.830779521735256, 53.459640545112762 ], [ 6.833531844446665, 53.458290248599823 ], [ 6.834713876082017, 53.455934111537694 ], [ 6.831673643791819, 53.456106703116745 ], [ 6.831560381568777, 53.456493315190436 ], [ 6.822697356823236, 53.458074506302495 ], [ 6.821156665495854, 53.459328016228852 ], [ 6.818215473385715, 53.459788547884273 ], [ 6.817169194287916, 53.4573565994286 ], [ 6.834457178076568, 53.454614735133944 ], [ 6.832059342762176, 53.450742717895231 ], [ 6.813929466239094, 53.453354998947873 ], [ 6.812953982189508, 53.450981323841098 ], [ 6.81287802816439, 53.451329377038419 ], [ 6.810800287699757, 53.450971767694504 ], [ 6.811023289251047, 53.449647345482973 ], [ 6.797698949205387, 53.451742289711888 ], [ 6.795285449304068, 53.451044038600266 ] ] ], [ [ [ 6.840698908134654, 53.389134302314226 ], [ 6.838546288660309, 53.389357606502017 ], [ 6.838466314272881, 53.390190003200736 ], [ 6.840197882048328, 53.390405825457826 ], [ 6.840698908134654, 53.389134302314226 ] ] ], [ [ [ 6.837777284851619, 53.390102583734738 ], [ 6.837628088693868, 53.390267694794495 ], [ 6.837954116499704, 53.390416940649189 ], [ 6.838154666138353, 53.390175694456261 ], [ 6.837777284851619, 53.390102583734738 ] ] ], [ [ [ 6.834914031626513, 53.393061676342114 ], [ 6.830664905922059, 53.394853208879347 ], [ 6.831725767061616, 53.395786334766434 ], [ 6.836324226098188, 53.394134178543815 ], [ 6.836781188520369, 53.393358812987906 ], [ 6.835253260325998, 53.392676638898671 ], [ 6.834914031626513, 53.393061676342114 ] ] ], [ [ [ 6.823729398523304, 53.444301369522243 ], [ 6.823420004804057, 53.443935454383563 ], [ 6.815003191944413, 53.444947744866013 ], [ 6.8144133466381, 53.445404065318449 ], [ 6.814900948816965, 53.446661321394842 ], [ 6.818602182263379, 53.446146312097419 ], [ 6.819657302816655, 53.448196614501462 ], [ 6.821108621499358, 53.446940029912255 ], [ 6.819795604435407, 53.447140101563349 ], [ 6.819268491242108, 53.444845533358354 ], [ 6.823729398523304, 53.444301369522243 ] ] ] ] } },
{ "type": "Feature", "properties": { "label": "EHAVO Eemshaven-Oost 20 kV", "gid": "EHAVO Eemshaven-Oost 20 kV" }, "geometry": { "type": "MultiPolygon", "coordinates": [ [ [ [ 6.794949921532401, 53.413301547520973 ], [ 6.795660462620837, 53.414104935977583 ], [ 6.794663657389943, 53.414100723089703 ], [ 6.794575524674302, 53.41511621096555 ], [ 6.796189964402047, 53.415202924205637 ], [ 6.796389767168323, 53.416114575111408 ], [ 6.797616778090683, 53.416429290494214 ], [ 6.799571065434126, 53.418598050694101 ], [ 6.79271257732031, 53.420645651857548 ], [ 6.78785245139277, 53.421706037637001 ], [ 6.782963808045541, 53.415699493717199 ], [ 6.764991777923758, 53.420101111514775 ], [ 6.765643549082208, 53.419993329331135 ], [ 6.765939834540035, 53.420446404613521 ], [ 6.76901677307322, 53.419869581136751 ], [ 6.770025505640523, 53.419179805204003 ], [ 6.771874224775543, 53.419545424306705 ], [ 6.771363874566782, 53.419682348826456 ], [ 6.773431902421768, 53.421769164212542 ], [ 6.772617236637913, 53.422072653400299 ], [ 6.772130323027944, 53.421799378303369 ], [ 6.775204087556677, 53.424487426875508 ], [ 6.76395499889282, 53.425787629219343 ], [ 6.778371174773743, 53.437041038978826 ], [ 6.773863801755132, 53.438764564214694 ], [ 6.771472663940727, 53.437023472665281 ], [ 6.769548243868161, 53.43761756666521 ], [ 6.759216075660999, 53.438614000220461 ], [ 6.754813174624777, 53.435164492343212 ], [ 6.753524770296838, 53.43532910645115 ], [ 6.741071228996019, 53.425041819635453 ], [ 6.74086168785673, 53.425585081361866 ], [ 6.738572896695979, 53.425544191434149 ], [ 6.737537100705978, 53.425112204744657 ], [ 6.726034404699837, 53.425345315668793 ], [ 6.741196609173921, 53.441408947454498 ], [ 6.739394074952772, 53.441995281452208 ], [ 6.716807916713724, 53.443631007262894 ], [ 6.717840192221542, 53.44556987659125 ], [ 6.726742568300601, 53.445135414308943 ], [ 6.734087625350316, 53.456519958001003 ], [ 6.728631700374937, 53.456993821346323 ], [ 6.733463663989573, 53.465217390110602 ], [ 6.745993917891194, 53.466012295630577 ], [ 6.756566647432228, 53.465229590267128 ], [ 6.778756785299002, 53.460749516321961 ], [ 6.793121137325397, 53.455722495431353 ], [ 6.784241677216885, 53.446998236395686 ], [ 6.780789341831621, 53.444349581798591 ], [ 6.787573210401198, 53.444202402761583 ], [ 6.796591137484432, 53.451700792109456 ], [ 6.811023289251047, 53.449647345482973 ], [ 6.810813283765541, 53.45098652467626 ], [ 6.81287802816439, 53.451329377038419 ], [ 6.812882067008494, 53.450806320386398 ], [ 6.829406831201358, 53.448204112071416 ], [ 6.828381851305402, 53.445820953626075 ], [ 6.821107970503158, 53.446938520809454 ], [ 6.819657302816655, 53.448196614501462 ], [ 6.818602182263379, 53.446146312097419 ], [ 6.814906301592146, 53.446668433335198 ], [ 6.814474189088888, 53.445236608384285 ], [ 6.816467242947166, 53.444596355615673 ], [ 6.823420004804057, 53.443935454383563 ], [ 6.823729398523304, 53.444301369522243 ], [ 6.833709014697809, 53.442898715388317 ], [ 6.837069164075892, 53.443538131386603 ], [ 6.84132205592604, 53.442900892385069 ], [ 6.841516286076447, 53.443194954246692 ], [ 6.841972739852033, 53.442800081034498 ], [ 6.847789304550639, 53.441940461038776 ], [ 6.848034170961062, 53.442359394929866 ], [ 6.855352667190073, 53.44128844906912 ], [ 6.856407101502233, 53.443707877827507 ], [ 6.83837204381809, 53.446856169064297 ], [ 6.842581045029783, 53.457210453120204 ], [ 6.842584078615449, 53.458350850227625 ], [ 6.841000071423281, 53.460332566627336 ], [ 6.841573355261262, 53.460383807072589 ], [ 6.843160448298057, 53.458366400516979 ], [ 6.842913537982514, 53.4564457811979 ], [ 6.855277251961149, 53.453150348894646 ], [ 6.865085696054879, 53.44975625761181 ], [ 6.866106251313297, 53.450486537109697 ], [ 6.865961237615433, 53.449742807232454 ], [ 6.867646089229326, 53.449870113296129 ], [ 6.866272975433703, 53.449169535263252 ], [ 6.879645129564177, 53.441428260455133 ], [ 6.880573532891664, 53.442120540153326 ], [ 6.881421109802442, 53.441726774258868 ], [ 6.880350766504366, 53.441022243196663 ], [ 6.881512235907375, 53.440291630254222 ], [ 6.882879026306861, 53.441153881460181 ], [ 6.883470530275874, 53.440823476599938 ], [ 6.882406454423005, 53.439864651741473 ], [ 6.883462066726759, 53.435536167758777 ], [ 6.881039090578735, 53.432433744487938 ], [ 6.875178940666534, 53.420927517113974 ], [ 6.874210746769436, 53.408033793239341 ], [ 6.878962827424878, 53.405153869647719 ], [ 6.888058132393295, 53.395958873063343 ], [ 6.885423367980192, 53.393516073272316 ], [ 6.885257515650019, 53.392449001036368 ], [ 6.889170400868002, 53.391269172430817 ], [ 6.890572732042967, 53.388873056151994 ], [ 6.888666873496496, 53.383715103896087 ], [ 6.886988841185305, 53.383423766277708 ], [ 6.886960800132178, 53.382701030883538 ], [ 6.885691305505022, 53.382744145769614 ], [ 6.885457255935248, 53.383168879281698 ], [ 6.865977884915394, 53.379860295585637 ], [ 6.866447871462483, 53.378919651897213 ], [ 6.865942357955308, 53.37889929985915 ], [ 6.866436405058248, 53.378842966406665 ], [ 6.870743118912319, 53.379599436235587 ], [ 6.871715867571703, 53.377603555695302 ], [ 6.869949725631709, 53.376976014338823 ], [ 6.871506793369381, 53.375518073840553 ], [ 6.866927220131462, 53.374199753296551 ], [ 6.86242732644555, 53.376732338990529 ], [ 6.863016375914805, 53.378341820089943 ], [ 6.862073994720187, 53.379896489803791 ], [ 6.857595155267513, 53.379077373319554 ], [ 6.858003714353787, 53.379717112272964 ], [ 6.856885904609801, 53.379378441793541 ], [ 6.856967657544606, 53.380091671960578 ], [ 6.856411650918994, 53.379938325907794 ], [ 6.856087077830532, 53.380514208644328 ], [ 6.853302730481459, 53.379458837681454 ], [ 6.849963734522383, 53.379964012328472 ], [ 6.844824051088913, 53.379128603758431 ], [ 6.845153658709156, 53.37739905148959 ], [ 6.841860900238228, 53.377491316037784 ], [ 6.840283537663253, 53.376677748532273 ], [ 6.835396850206087, 53.382098585156541 ], [ 6.834642653008093, 53.384375845348501 ], [ 6.833670412030147, 53.384296870820116 ], [ 6.833041716852473, 53.383910769056207 ], [ 6.834519097657282, 53.383000457485508 ], [ 6.834616708894561, 53.3823142342195 ], [ 6.833062276220289, 53.380861624664988 ], [ 6.833155522921751, 53.378424720407232 ], [ 6.834926048482752, 53.376576795069177 ], [ 6.836956108176383, 53.375997354374547 ], [ 6.839137372112525, 53.374030137615698 ], [ 6.838005317867195, 53.373751013630574 ], [ 6.838514801622879, 53.373223504740501 ], [ 6.837846582436046, 53.372802685980524 ], [ 6.841041369338646, 53.372780820963733 ], [ 6.843111522524211, 53.373218758597119 ], [ 6.845839985086216, 53.370703069301605 ], [ 6.851190308848183, 53.368788042669209 ], [ 6.845063552011164, 53.370782356136552 ], [ 6.843183632864484, 53.370432573793067 ], [ 6.843785041521779, 53.368998947628683 ], [ 6.841372041156301, 53.369253341144557 ], [ 6.838970833749596, 53.370528106109617 ], [ 6.836928336953334, 53.36854746843472 ], [ 6.844201269426287, 53.367310384517999 ], [ 6.843867313116899, 53.365191399468571 ], [ 6.841872118190691, 53.365267486139906 ], [ 6.836667616199741, 53.363654561151911 ], [ 6.835057809747685, 53.363558287181597 ], [ 6.83254775909931, 53.364578710093447 ], [ 6.83275253310329, 53.36919863410651 ], [ 6.831735701879809, 53.372297418280446 ], [ 6.824209688843899, 53.371974654788673 ], [ 6.817215494792007, 53.373511196274976 ], [ 6.818599285958707, 53.37189903504882 ], [ 6.82023992566367, 53.371190204235511 ], [ 6.820031368337729, 53.369851042934002 ], [ 6.820802688451425, 53.369557552155733 ], [ 6.819685829277813, 53.369418053785274 ], [ 6.818118760078367, 53.37106227896129 ], [ 6.815761390508666, 53.370820813449072 ], [ 6.815651692927581, 53.370220821117265 ], [ 6.813862946329108, 53.370077384368912 ], [ 6.813068163316864, 53.36917456630669 ], [ 6.812163916109774, 53.369483495402974 ], [ 6.812792603450017, 53.370306607459092 ], [ 6.813833204007096, 53.370197398134877 ], [ 6.813955978160112, 53.37073593570662 ], [ 6.812551710299478, 53.371153657853803 ], [ 6.811182678675448, 53.372549275639336 ], [ 6.809753703981438, 53.371774413492318 ], [ 6.809253918082813, 53.367567916909955 ], [ 6.810785730561946, 53.362764247243696 ], [ 6.808741632558291, 53.361737622716717 ], [ 6.800842044401499, 53.366088591893302 ], [ 6.803524074880116, 53.368483122366797 ], [ 6.797887509047298, 53.371636384484106 ], [ 6.792403522284944, 53.368661978937737 ], [ 6.794779386288145, 53.36693425078218 ], [ 6.797882309991699, 53.365743936867084 ], [ 6.792599474386921, 53.362909917796138 ], [ 6.794185084181274, 53.362683457419763 ], [ 6.793173891876561, 53.361364056311011 ], [ 6.791149574629882, 53.360211577476505 ], [ 6.791507604188721, 53.359757821059446 ], [ 6.787155348741827, 53.358111763932371 ], [ 6.783195267437228, 53.361892596070248 ], [ 6.780366007127531, 53.361355178285692 ], [ 6.780586210558345, 53.360488110551991 ], [ 6.786610654603271, 53.354531851489945 ], [ 6.788138324367138, 53.354979260440729 ], [ 6.792752189598273, 53.350031679538141 ], [ 6.788988368665736, 53.353358749091271 ], [ 6.787738052291783, 53.35288040115929 ], [ 6.785790953821945, 53.354352975296962 ], [ 6.778474070212837, 53.351159859252121 ], [ 6.76765213191104, 53.361620894519589 ], [ 6.764139562009821, 53.360673718499967 ], [ 6.754576758376255, 53.369941940793133 ], [ 6.751136692148978, 53.368759410969488 ], [ 6.750943622799545, 53.368191578656187 ], [ 6.750311814932516, 53.367786741346613 ], [ 6.750755691514059, 53.369695127952774 ], [ 6.746259490845538, 53.374951830024763 ], [ 6.745112265681295, 53.375070372516262 ], [ 6.741597960224043, 53.381203577555588 ], [ 6.744954692987329, 53.382130035540904 ], [ 6.743223462355466, 53.383134305938498 ], [ 6.742662340837096, 53.38416729757121 ], [ 6.744445685612033, 53.384523303921462 ], [ 6.75334886808011, 53.375750692490712 ], [ 6.758489401585254, 53.377744529799045 ], [ 6.760938334284298, 53.376499846650105 ], [ 6.761116999690623, 53.371807788840691 ], [ 6.758428903014049, 53.370779216416821 ], [ 6.766794697483026, 53.362572028237452 ], [ 6.770941520232784, 53.365074336762369 ], [ 6.770317375749136, 53.366042946023967 ], [ 6.772401499627927, 53.366162247418785 ], [ 6.771302500771584, 53.367954642159283 ], [ 6.76995423930433, 53.367663590342239 ], [ 6.768318993757814, 53.370501824048901 ], [ 6.769058739814989, 53.37080263429953 ], [ 6.76815628807617, 53.371611964644352 ], [ 6.770246430298816, 53.372647937392628 ], [ 6.769888211649874, 53.373024493638823 ], [ 6.771012746804687, 53.372949721659268 ], [ 6.771476501141142, 53.372163701547287 ], [ 6.773177748569507, 53.372712273923923 ], [ 6.77367140439909, 53.372242715194368 ], [ 6.771820787774283, 53.371542523314389 ], [ 6.773347376756878, 53.370343060351324 ], [ 6.7727154574673, 53.370045267778586 ], [ 6.774266616926578, 53.367914425952939 ], [ 6.776073540485422, 53.368748936858168 ], [ 6.775576251423084, 53.369439318502451 ], [ 6.776842662083033, 53.369940974899542 ], [ 6.777664873743174, 53.369546824728346 ], [ 6.776602469979217, 53.371405077970017 ], [ 6.77777781950466, 53.372200773397346 ], [ 6.779195049479815, 53.374825035969558 ], [ 6.776365221466547, 53.376754219179617 ], [ 6.775551680219571, 53.378272359964512 ], [ 6.771469259157083, 53.380641676937394 ], [ 6.768970216920594, 53.382887383964388 ], [ 6.768177913723302, 53.382649085583189 ], [ 6.76259603853108, 53.386554931429458 ], [ 6.762045563362886, 53.387515737556583 ], [ 6.781224627006007, 53.392734519418838 ], [ 6.78054887628859, 53.392488371344847 ], [ 6.797193514154183, 53.375462732979265 ], [ 6.8047545601983, 53.379224288669022 ], [ 6.810018982703408, 53.383223227543127 ], [ 6.814665213645892, 53.384853540307603 ], [ 6.790782765609093, 53.401787409078302 ], [ 6.794612135266018, 53.399143710654862 ], [ 6.798996218985708, 53.400681825531514 ], [ 6.801650764963835, 53.399112295424999 ], [ 6.80367580587045, 53.400821962591614 ], [ 6.810081866515447, 53.403338008156666 ], [ 6.804048404284517, 53.407860114923835 ], [ 6.801380511304007, 53.406892255403498 ], [ 6.807425356726196, 53.409139105550302 ], [ 6.805499392542513, 53.410919622465968 ], [ 6.802230272052866, 53.412056134691191 ], [ 6.799121423998087, 53.412283566209005 ], [ 6.794949921532401, 53.413301547520973 ] ] ], [ [ [ 6.794721865513297, 53.413012015869903 ], [ 6.794173549322565, 53.412592190744341 ], [ 6.792562475216746, 53.41309162551638 ], [ 6.792847598021162, 53.413441003052547 ], [ 6.791946062183328, 53.413156646993421 ], [ 6.79143470472214, 53.413749308054264 ], [ 6.783582866252154, 53.415566345298657 ], [ 6.78540835552197, 53.415482750994514 ], [ 6.785909496188417, 53.416082178770701 ], [ 6.787472768548946, 53.415637354697438 ], [ 6.787138056572322, 53.415049228206875 ], [ 6.790433812324337, 53.414210574125924 ], [ 6.791547645569772, 53.415579249516917 ], [ 6.792830559616262, 53.413543614489292 ], [ 6.793866157750917, 53.413325409566724 ], [ 6.794368272707382, 53.413661922701742 ], [ 6.794377139348658, 53.413218112355054 ], [ 6.795989247683419, 53.412920773074291 ], [ 6.794721865513297, 53.413012015869903 ] ] ], [ [ [ 6.761988794685069, 53.424263840138252 ], [ 6.758829158458955, 53.421531564569442 ], [ 6.75427425002133, 53.422163894913702 ], [ 6.753897230290258, 53.422681892840529 ], [ 6.749087492930837, 53.423769417911004 ], [ 6.75252010932949, 53.424677384077491 ], [ 6.753490978824818, 53.426287301958631 ], [ 6.76395499889282, 53.425787629219343 ], [ 6.761988794685069, 53.424263840138252 ] ] ] ] } },
{ "type": "Feature", "properties": { "label": "BL Beilen", "gid": "BL Beilen" }, "geometry": { "type": "MultiPolygon", "coordinates": [ [ [ [ 6.380591679295482, 52.798061254415451 ], [ 6.365773705059795, 52.799117174254746 ], [ 6.340376031094649, 52.799050339996441 ], [ 6.334137990984074, 52.798042578855103 ], [ 6.331702113521509, 52.801247180997663 ], [ 6.32825872861711, 52.804056305339273 ], [ 6.328456054868157, 52.805829496808371 ], [ 6.326230506164141, 52.804445756248548 ], [ 6.326046792948016, 52.80364187015514 ], [ 6.322757962834173, 52.802484293848863 ], [ 6.315499230722494, 52.797210981936708 ], [ 6.320564880009417, 52.79547029503388 ], [ 6.325133360949494, 52.796065505069812 ], [ 6.321212722391913, 52.795389522902674 ], [ 6.309413530928029, 52.795325439549082 ], [ 6.308429784258088, 52.796955909334891 ], [ 6.308526636741814, 52.798783351531981 ], [ 6.309857947039554, 52.799205508181231 ], [ 6.309267550657002, 52.800011640867908 ], [ 6.313731703528053, 52.802039100275266 ], [ 6.313908129487585, 52.802801467538352 ], [ 6.313731214228564, 52.803742510548417 ], [ 6.311959995610665, 52.804178562128484 ], [ 6.310529806682056, 52.805263727827551 ], [ 6.310418051452736, 52.806562724619994 ], [ 6.306197763867806, 52.808201235779691 ], [ 6.307336775780476, 52.812056786642643 ], [ 6.301523661426191, 52.81384460014452 ], [ 6.282280169694788, 52.816429873079819 ], [ 6.274657415918307, 52.817780609780982 ], [ 6.272393321887324, 52.818571323765532 ], [ 6.271427717310368, 52.827302192727814 ], [ 6.274833830039531, 52.828489201323848 ], [ 6.274787111302214, 52.830773933865288 ], [ 6.270960494258857, 52.830973961849686 ], [ 6.270322684067486, 52.836903096974488 ], [ 6.267602932819456, 52.836858054253476 ], [ 6.259883096135512, 52.838730749500613 ], [ 6.255747737773302, 52.83906931138678 ], [ 6.250070930407796, 52.840196832784983 ], [ 6.243140032156992, 52.840359124097048 ], [ 6.237388093801062, 52.838876415958843 ], [ 6.23323716492465, 52.838491415487155 ], [ 6.21968756343748, 52.84030891772327 ], [ 6.21589801070543, 52.839265864195127 ], [ 6.200557356549076, 52.837127948416196 ], [ 6.192005388790171, 52.833206109103159 ], [ 6.18704498552966, 52.828859240331226 ], [ 6.181942237888054, 52.827157107885526 ], [ 6.179006978784753, 52.825440707316538 ], [ 6.176551489853146, 52.822285162783736 ], [ 6.174933476438184, 52.817778781149485 ], [ 6.171408177771933, 52.815255504945277 ], [ 6.164194570879947, 52.820381795253461 ], [ 6.170450821767396, 52.823627803587755 ], [ 6.168056253701099, 52.82573234396466 ], [ 6.159907032164959, 52.831548370838405 ], [ 6.151714833102763, 52.827399158478634 ], [ 6.149895735808824, 52.828123878831406 ], [ 6.148227705158074, 52.827842021764774 ], [ 6.145788470510633, 52.826299051522568 ], [ 6.144256094638405, 52.827315103087514 ], [ 6.14736379225369, 52.829231040040902 ], [ 6.149564678432339, 52.828458970748862 ], [ 6.151962155268805, 52.828829686180249 ], [ 6.136794483032993, 52.838917075416624 ], [ 6.130451673129395, 52.843872550585857 ], [ 6.129887926450184, 52.845134947082578 ], [ 6.131460736578104, 52.84683853910294 ], [ 6.132697358964886, 52.847040228894777 ], [ 6.13333499291475, 52.847826784740448 ], [ 6.135449444645817, 52.84647516716111 ], [ 6.138856647649781, 52.846233799771291 ], [ 6.139918679178257, 52.846891119713803 ], [ 6.13870572594305, 52.849157201231421 ], [ 6.136820568044826, 52.850468174282867 ], [ 6.144152132574596, 52.853956076115608 ], [ 6.142859666554256, 52.854908117729451 ], [ 6.144555364492764, 52.855702011533246 ], [ 6.145158832939496, 52.856707734402697 ], [ 6.151702075666481, 52.857418388167964 ], [ 6.154771915105367, 52.855190909712597 ], [ 6.156111587451524, 52.855169557690886 ], [ 6.151561174656417, 52.858910602590214 ], [ 6.151721554716707, 52.859674567661664 ], [ 6.150491666990392, 52.859808740563516 ], [ 6.144309650752237, 52.865194559159029 ], [ 6.143219829405306, 52.86470683510781 ], [ 6.165993078047442, 52.875026601245025 ], [ 6.206900007036159, 52.890743861189961 ], [ 6.232291053300589, 52.913438179885944 ], [ 6.244829592805599, 52.91958699934942 ], [ 6.245118167813211, 52.920877552864248 ], [ 6.247552946602439, 52.923691686162677 ], [ 6.256593063409263, 52.927641232935997 ], [ 6.30298525513556, 52.924972366748165 ], [ 6.333280544507843, 52.906356065205784 ], [ 6.393435770296865, 52.932843447366764 ], [ 6.401533925942745, 52.942084450804927 ], [ 6.40402082164703, 52.941033056272431 ], [ 6.407779316027503, 52.941452001231951 ], [ 6.412394720952554, 52.939708014079557 ], [ 6.414303836167158, 52.941542490440277 ], [ 6.426122066365515, 52.937271557746463 ], [ 6.426754427401852, 52.937928545327253 ], [ 6.42866177618952, 52.937386189153571 ], [ 6.42948405367791, 52.938144287625079 ], [ 6.430557118928891, 52.936057996291169 ], [ 6.433398514686338, 52.938626269741533 ], [ 6.431530385802176, 52.940030763042841 ], [ 6.439602421152268, 52.947456237137558 ], [ 6.44147069938903, 52.946095722300754 ], [ 6.443417277641425, 52.947907474133658 ], [ 6.440212631780718, 52.948016136874827 ], [ 6.442033933857608, 52.949687170779839 ], [ 6.444880097270043, 52.949270929961841 ], [ 6.447773087048188, 52.95193374198498 ], [ 6.448155926080255, 52.951789669514703 ], [ 6.44516362052368, 52.949053066298767 ], [ 6.445630557454455, 52.947861187503477 ], [ 6.444227867536819, 52.947213207741548 ], [ 6.44348716702485, 52.947521521809804 ], [ 6.439147043216852, 52.943508389807349 ], [ 6.442734349454353, 52.943490050927636 ], [ 6.443296456374615, 52.942542901348268 ], [ 6.452822942444635, 52.942654565103084 ], [ 6.456980535329939, 52.946530229931291 ], [ 6.458139479269711, 52.94581695141779 ], [ 6.457610656823115, 52.944370575793926 ], [ 6.459145339429997, 52.943880370561239 ], [ 6.459147268800768, 52.942873481019539 ], [ 6.457272104576797, 52.942726428079261 ], [ 6.457299070813911, 52.942271722800164 ], [ 6.458615516980096, 52.941973554743981 ], [ 6.457396093533067, 52.94085076035865 ], [ 6.456289471852707, 52.941140288941057 ], [ 6.452554643687466, 52.937079589857078 ], [ 6.450325664435843, 52.937854803766548 ], [ 6.440824014932353, 52.928387379589239 ], [ 6.450234809304201, 52.924439040735685 ], [ 6.464885954451232, 52.931514554832987 ], [ 6.463797595515909, 52.932314592854361 ], [ 6.463903402378379, 52.934055327966085 ], [ 6.465629806054556, 52.933432293529968 ], [ 6.469961435345709, 52.935098953106603 ], [ 6.476112652678233, 52.940774421938237 ], [ 6.466418219806133, 52.944656078018788 ], [ 6.468533553646607, 52.946607966557117 ], [ 6.471817973367092, 52.94537338258565 ], [ 6.4732563987342, 52.946604630132846 ], [ 6.47634411143262, 52.945404724855898 ], [ 6.477187869727265, 52.946092222754778 ], [ 6.479273539239549, 52.945030875430412 ], [ 6.491830128294933, 52.941241641061943 ], [ 6.495474110918478, 52.939467439516179 ], [ 6.499652001036456, 52.938441092298099 ], [ 6.487385844505573, 52.927162355817295 ], [ 6.499921936180864, 52.921465503783466 ], [ 6.502412749232649, 52.923417446503748 ], [ 6.505517909964663, 52.924157458545359 ], [ 6.506676585008922, 52.925580524503907 ], [ 6.50971563933564, 52.927439925609505 ], [ 6.505973313729445, 52.929240520546202 ], [ 6.510496845164236, 52.927366005554148 ], [ 6.519135855881878, 52.934210860840288 ], [ 6.527210465415854, 52.930840130667896 ], [ 6.528474177160267, 52.931798258982035 ], [ 6.527811857384957, 52.935669535148584 ], [ 6.530906599267386, 52.935872327017627 ], [ 6.530398279922421, 52.933863584768005 ], [ 6.533071871680256, 52.934089906600882 ], [ 6.533160106819444, 52.933498605748483 ], [ 6.534435846910152, 52.933575374671342 ], [ 6.534602889730287, 52.932514816291423 ], [ 6.535905775932627, 52.931170094665852 ], [ 6.534622460365716, 52.925409847694723 ], [ 6.536751075539277, 52.92328190590748 ], [ 6.541080189860845, 52.923296880288028 ], [ 6.542038562639692, 52.926242143524242 ], [ 6.543333824840459, 52.926090062364899 ], [ 6.544155129216552, 52.927223165881493 ], [ 6.544816493315239, 52.922051913564687 ], [ 6.545566706913826, 52.922007891834141 ], [ 6.549215942299777, 52.932070377784576 ], [ 6.550142956583358, 52.931535031899976 ], [ 6.560240370807577, 52.930914770547545 ], [ 6.562493184145918, 52.930221761332206 ], [ 6.565704798491969, 52.929928008178948 ], [ 6.564271493833107, 52.925472298619169 ], [ 6.563294593361877, 52.924604366673364 ], [ 6.562599934931931, 52.925189454303798 ], [ 6.555612310841519, 52.921498323368191 ], [ 6.555258327066167, 52.919015915144882 ], [ 6.551020306300191, 52.918267619414479 ], [ 6.550526615043295, 52.916763933279832 ], [ 6.550923468333492, 52.916287077703387 ], [ 6.550236377342324, 52.914290448513427 ], [ 6.55150979656238, 52.914159240665654 ], [ 6.554597580319571, 52.910549964137445 ], [ 6.553254675003764, 52.909191172476895 ], [ 6.55300831018376, 52.907078557020874 ], [ 6.554348024211268, 52.906133026473512 ], [ 6.556023742908371, 52.905797993287464 ], [ 6.557910135203454, 52.906412873467524 ], [ 6.559446109465448, 52.906157554663608 ], [ 6.557912767876392, 52.904570986101163 ], [ 6.559143478237991, 52.903454527680779 ], [ 6.55806070088872, 52.901188468027541 ], [ 6.561753479582306, 52.899915360864433 ], [ 6.585754716818766, 52.919428893824808 ], [ 6.592556500820282, 52.917397742603384 ], [ 6.603703437357823, 52.91710127609413 ], [ 6.603225683415568, 52.915054269772149 ], [ 6.591760971882128, 52.915020910829774 ], [ 6.588752964817864, 52.911143425967396 ], [ 6.592408921569913, 52.910523750774139 ], [ 6.593473139770619, 52.909879718213297 ], [ 6.592593903183357, 52.905408157460428 ], [ 6.591754323832281, 52.905452558507768 ], [ 6.591069755912352, 52.903189484278357 ], [ 6.596334507689435, 52.90104715726055 ], [ 6.596877639480097, 52.902179853187143 ], [ 6.60037134460969, 52.901910221465769 ], [ 6.60021616686138, 52.900884892051685 ], [ 6.609678826593631, 52.901214408763551 ], [ 6.617861213621194, 52.900954531620144 ], [ 6.618613521798267, 52.901167178718801 ], [ 6.620838666109973, 52.904869532951054 ], [ 6.622873084345138, 52.905571063203972 ], [ 6.624216909461169, 52.906714761925159 ], [ 6.623082582851644, 52.908491255989134 ], [ 6.625613029053778, 52.910597384818018 ], [ 6.625570705972405, 52.912805609456179 ], [ 6.635617601743072, 52.912332348932935 ], [ 6.638631138538391, 52.913911113085831 ], [ 6.644273178930572, 52.914256539028131 ], [ 6.645062360511503, 52.916720856869169 ], [ 6.649145411303853, 52.918880299023577 ], [ 6.651258854789127, 52.917797508710855 ], [ 6.652599637924267, 52.920694227341151 ], [ 6.656144765703124, 52.921627508323496 ], [ 6.655620289560212, 52.923428072232959 ], [ 6.657813431767035, 52.92392916604603 ], [ 6.660057478154195, 52.927159004698929 ], [ 6.662536250892611, 52.928754525198947 ], [ 6.67403757705994, 52.922312657659162 ], [ 6.676799445048717, 52.922177972404874 ], [ 6.681661986901864, 52.923471534669901 ], [ 6.683511013411221, 52.924740832187609 ], [ 6.678996220272166, 52.928539488162436 ], [ 6.676243684054906, 52.933694286843476 ], [ 6.679862449925229, 52.934371575503171 ], [ 6.680764958645143, 52.93308089335514 ], [ 6.684873507074549, 52.933407501085028 ], [ 6.686503589526134, 52.933826364665414 ], [ 6.686034531400532, 52.934208167487192 ], [ 6.688243837259919, 52.935041590705922 ], [ 6.688776708939414, 52.934514771964515 ], [ 6.690989874470404, 52.935232020257502 ], [ 6.690385243339473, 52.937585222326753 ], [ 6.693610060858747, 52.936599814551208 ], [ 6.693677544683363, 52.937182137491718 ], [ 6.696938091667655, 52.938268173081966 ], [ 6.695982332880274, 52.941969980536285 ], [ 6.707173185446507, 52.944378602279187 ], [ 6.70816214601467, 52.943760223093506 ], [ 6.707286616101733, 52.943439236151619 ], [ 6.708156222847401, 52.941992293931342 ], [ 6.724175192052503, 52.937287578560792 ], [ 6.726347250142277, 52.927408615136002 ], [ 6.727001736652593, 52.915888214106552 ], [ 6.728825988660096, 52.904758339296272 ], [ 6.725881221194389, 52.902873168189558 ], [ 6.718492944099447, 52.900815546170278 ], [ 6.716551062241384, 52.90179402181851 ], [ 6.714471624362756, 52.901834813807298 ], [ 6.715143180230473, 52.899051690687415 ], [ 6.720969051321704, 52.893739929848152 ], [ 6.72432546894396, 52.887329018485651 ], [ 6.725777284603626, 52.886574750863758 ], [ 6.733688316668544, 52.887435725574932 ], [ 6.736337070820099, 52.878691288588158 ], [ 6.725492615103171, 52.873463178414028 ], [ 6.725747729568581, 52.872592375016403 ], [ 6.716033396731889, 52.867778705709235 ], [ 6.72186079270657, 52.866317319175806 ], [ 6.719881143817485, 52.861543260478918 ], [ 6.725984613535048, 52.857293126993518 ], [ 6.728348497614313, 52.853805752736115 ], [ 6.730862723127611, 52.85219752726271 ], [ 6.729471981981716, 52.850631419104609 ], [ 6.730252934943328, 52.850411587292946 ], [ 6.730376719214441, 52.849724566127762 ], [ 6.734420697921276, 52.849163831937766 ], [ 6.737222171553817, 52.850731249101642 ], [ 6.739180659421616, 52.849247307859905 ], [ 6.737939291663215, 52.848842227465589 ], [ 6.738851526124671, 52.847997894054629 ], [ 6.737469867886344, 52.847668268477705 ], [ 6.739595223061364, 52.846449198351664 ], [ 6.741104630592376, 52.846185155549385 ], [ 6.740761580236951, 52.845445669609589 ], [ 6.741402870809259, 52.845204690589696 ], [ 6.742687297697919, 52.841723665245247 ], [ 6.747696880650837, 52.843125628087996 ], [ 6.74797110693167, 52.841516872986588 ], [ 6.750400570479605, 52.841596862201655 ], [ 6.746302708505204, 52.835787910496755 ], [ 6.738464438885464, 52.835408653632101 ], [ 6.738180445699931, 52.834941923920816 ], [ 6.736933535274589, 52.832333296914527 ], [ 6.743242448935785, 52.831433874990573 ], [ 6.738972258336895, 52.825369117820557 ], [ 6.739641126927001, 52.824627716217805 ], [ 6.737882411551402, 52.823703946868207 ], [ 6.734228666407362, 52.818353280389942 ], [ 6.733625699135885, 52.814192164028995 ], [ 6.732434701316191, 52.814209884321656 ], [ 6.731564982412267, 52.810178034978328 ], [ 6.729331526474605, 52.809512199721219 ], [ 6.729898265797662, 52.807262680733487 ], [ 6.728681731545039, 52.805952992454316 ], [ 6.728654388611532, 52.80377452010201 ], [ 6.731894737176027, 52.804287550978771 ], [ 6.731307555543987, 52.803533932358043 ], [ 6.739172252010059, 52.802297190811217 ], [ 6.757303535022075, 52.80056236080344 ], [ 6.768593147026889, 52.800049761620308 ], [ 6.768786987367171, 52.800615293601098 ], [ 6.767417475766353, 52.792256458867882 ], [ 6.768177758717619, 52.797256665261003 ], [ 6.764744689987633, 52.798259877024734 ], [ 6.760578029665783, 52.79555622821055 ], [ 6.760618447604044, 52.791103463999121 ], [ 6.759898642906809, 52.790121401733714 ], [ 6.7582821242384, 52.790287377521786 ], [ 6.749926361813277, 52.793365655576395 ], [ 6.746003650242149, 52.793901472481792 ], [ 6.743643322785002, 52.793578751982281 ], [ 6.742053572800022, 52.789695026807998 ], [ 6.742925741795544, 52.790737790397159 ], [ 6.748235431668086, 52.78857708373252 ], [ 6.748111721716597, 52.787656262966678 ], [ 6.744543183552389, 52.786930664302837 ], [ 6.740347936055807, 52.787328498544454 ], [ 6.74040394254215, 52.785990866553924 ], [ 6.735014698486384, 52.784774710713627 ], [ 6.734003718978036, 52.785675258537751 ], [ 6.731692895341853, 52.784663738693368 ], [ 6.731219054200136, 52.778779990114586 ], [ 6.730523101973246, 52.778770116604747 ], [ 6.730468596818575, 52.779160317525793 ], [ 6.727058802293906, 52.779032807854897 ], [ 6.724578000262683, 52.775917406985236 ], [ 6.723206547819201, 52.776212285727219 ], [ 6.721052036557166, 52.775613876815527 ], [ 6.719409268207365, 52.775825584619582 ], [ 6.719376484892798, 52.774141702181723 ], [ 6.714313022139334, 52.773549747775348 ], [ 6.702939544672241, 52.768186365067507 ], [ 6.701982885361609, 52.769126300819273 ], [ 6.691966272655677, 52.762822125474003 ], [ 6.684421427926274, 52.762703999074766 ], [ 6.685660041980696, 52.772147220556043 ], [ 6.682971613430291, 52.773398055200062 ], [ 6.685783688952581, 52.77801750226304 ], [ 6.676459577785939, 52.778106845876984 ], [ 6.668602171993056, 52.77930691511753 ], [ 6.653058755154063, 52.778330048806971 ], [ 6.659493762505662, 52.784423051106415 ], [ 6.657829441521546, 52.784517100707923 ], [ 6.653283557735051, 52.788840165835012 ], [ 6.651369263397449, 52.788876173461425 ], [ 6.649135747894461, 52.791273489494138 ], [ 6.638956184834509, 52.782560052666767 ], [ 6.63018090663792, 52.786185300593814 ], [ 6.631854713392314, 52.787813978957544 ], [ 6.629855746961193, 52.788506820062352 ], [ 6.629190002896906, 52.788081793595346 ], [ 6.625841597440068, 52.789092388477115 ], [ 6.623650596996216, 52.788329657580412 ], [ 6.620698661803261, 52.788684918324179 ], [ 6.617797786184138, 52.785794360318278 ], [ 6.61164076741351, 52.776986344898141 ], [ 6.607588621673448, 52.777991329268168 ], [ 6.594195392019759, 52.778174004898901 ], [ 6.587106804280764, 52.779206695345529 ], [ 6.589621934548308, 52.782507376504689 ], [ 6.588600829096624, 52.78268133985209 ], [ 6.588594555279254, 52.784199643589922 ], [ 6.574487453525653, 52.78382228833992 ], [ 6.566385373835276, 52.765578943950267 ], [ 6.55118463208104, 52.765401207331429 ], [ 6.551872099535755, 52.766673404796819 ], [ 6.548531041796628, 52.771313684237967 ], [ 6.541971255443334, 52.769522139783462 ], [ 6.540621319462422, 52.771200232872367 ], [ 6.537592996438237, 52.770433246146226 ], [ 6.53721726162718, 52.770749453843059 ], [ 6.530819546593404, 52.768984633983372 ], [ 6.529567635410621, 52.770643520276892 ], [ 6.527656835365558, 52.770156439591119 ], [ 6.526059662579519, 52.772012225265108 ], [ 6.517165211982264, 52.769527049299185 ], [ 6.515731613157096, 52.771412164175509 ], [ 6.507031679215354, 52.769546172565875 ], [ 6.50566085946511, 52.769859235674055 ], [ 6.506363837074055, 52.770019661060623 ], [ 6.504888193302127, 52.772353811780683 ], [ 6.495686179879955, 52.77323835215315 ], [ 6.49862292180497, 52.774353145523982 ], [ 6.508679179531299, 52.781250936894203 ], [ 6.505832749298995, 52.782807880104322 ], [ 6.507450801578736, 52.784472242895234 ], [ 6.511939264087701, 52.787449198670046 ], [ 6.508615299974903, 52.788908602899404 ], [ 6.507891550145107, 52.790058620804039 ], [ 6.507136409761199, 52.790212691395958 ], [ 6.507483862011922, 52.790614952708253 ], [ 6.502665009646435, 52.792565561582784 ], [ 6.506269803369717, 52.7931996249675 ], [ 6.502995560511049, 52.797060531129084 ], [ 6.495611893122767, 52.798992430965079 ], [ 6.488836072640117, 52.799315225928133 ], [ 6.487246658703704, 52.797071868726825 ], [ 6.48021522912132, 52.798400689499609 ], [ 6.478490847591507, 52.795847796064379 ], [ 6.438637739177086, 52.804062421658088 ], [ 6.413632299787603, 52.797329928103395 ], [ 6.395856755751071, 52.790492418969656 ], [ 6.393575804200189, 52.795351362921771 ], [ 6.380591679295482, 52.798061254415451 ] ] ], [ [ [ 6.443508155501664, 52.943575844385656 ], [ 6.443049351099012, 52.943715402189568 ], [ 6.444399438830102, 52.94498519221019 ], [ 6.444290124013562, 52.943586336874858 ], [ 6.443508155501664, 52.943575844385656 ] ] ], [ [ [ 6.44765257825212, 52.943947546038217 ], [ 6.446478050546581, 52.944385437482467 ], [ 6.446954862996578, 52.944811229719591 ], [ 6.447937747538814, 52.944158498831662 ], [ 6.44765257825212, 52.943947546038217 ] ] ], [ [ [ 6.45184813995583, 52.944456416360246 ], [ 6.450957006735996, 52.9446681611035 ], [ 6.451663975756152, 52.945514855613396 ], [ 6.452690578540408, 52.945188528327243 ], [ 6.45184813995583, 52.944456416360246 ] ] ], [ [ [ 6.450038535167414, 52.946088513459841 ], [ 6.450157875024913, 52.945693935775253 ], [ 6.448880164497892, 52.946196374909199 ], [ 6.447994648826603, 52.945759386736654 ], [ 6.44878590012487, 52.946954039557909 ], [ 6.450038535167414, 52.946088513459841 ] ] ], [ [ [ 6.460625245620321, 52.946928767943646 ], [ 6.463063612766784, 52.945964240222857 ], [ 6.462427218801189, 52.945360642021789 ], [ 6.458378538741734, 52.946890120422445 ], [ 6.459100862134753, 52.947531132804102 ], [ 6.460625245620321, 52.946928767943646 ] ] ], [ [ [ 6.446836008650708, 52.946554332030473 ], [ 6.446083929946808, 52.946498095245055 ], [ 6.446717486854984, 52.947109224698202 ], [ 6.447106132334638, 52.946942131134726 ], [ 6.446836008650708, 52.946554332030473 ] ] ], [ [ [ 6.449185792759837, 52.947187822954227 ], [ 6.450067440683226, 52.948052816477116 ], [ 6.450539156023822, 52.947833596723413 ], [ 6.449500946635463, 52.946985268823674 ], [ 6.449185792759837, 52.947187822954227 ] ] ], [ [ [ 6.422923148553656, 52.962157641894777 ], [ 6.431468991743061, 52.958556988582934 ], [ 6.422967137704489, 52.950472857467091 ], [ 6.41273698324897, 52.954861158851784 ], [ 6.42007076854818, 52.963220437105456 ], [ 6.422923148553656, 52.962157641894777 ] ] ], [ [ [ 6.758815791233445, 52.998214621241587 ], [ 6.757517491024756, 52.999152055666592 ], [ 6.758338685361455, 52.999638604313397 ], [ 6.760701404531366, 52.999072250724751 ], [ 6.758815791233445, 52.998214621241587 ] ] ], [ [ [ 6.762602084051236, 52.999051977884413 ], [ 6.761368092621217, 52.999025137740944 ], [ 6.760802690799688, 52.999899728252871 ], [ 6.763311751400236, 53.000155910705509 ], [ 6.763863210515356, 52.99970767828831 ], [ 6.762602084051236, 52.999051977884413 ] ] ], [ [ [ 6.754932924333703, 53.002765442269393 ], [ 6.75597200457022, 53.002467101522925 ], [ 6.757276781318561, 53.00060537257032 ], [ 6.757368148160663, 52.99918804404976 ], [ 6.756447651092, 52.998997968670388 ], [ 6.755451887150674, 52.999678644380793 ], [ 6.753489372808992, 52.998412428791916 ], [ 6.752076213703223, 53.000693644198677 ], [ 6.754222068610905, 53.002301667901115 ], [ 6.754035641395458, 53.002801303186459 ], [ 6.754932924333703, 53.002765442269393 ] ] ] ] } },
{ "type": "Feature", "properties": { "label": "GLTK Gasselte Kraanlanden", "gid": "GLTK Gasselte Kraanlanden" }, "geometry": { "type": "MultiPolygon", "coordinates": [ [ [ [ 6.792179408963817, 52.875574777083777 ], [ 6.791840265343374, 52.878473568878128 ], [ 6.783196762647991, 52.879728756133325 ], [ 6.782583467726934, 52.880657599023934 ], [ 6.760887455335142, 52.875056690776859 ], [ 6.756669586237376, 52.881621843748853 ], [ 6.75763757824948, 52.882502991811762 ], [ 6.757083150520399, 52.88332314932893 ], [ 6.756054082867941, 52.883498668187222 ], [ 6.758601645944289, 52.887857715879782 ], [ 6.758117141847264, 52.888142417689437 ], [ 6.755297412714667, 52.883763543848403 ], [ 6.756628241880239, 52.88158302627761 ], [ 6.754358987089341, 52.881005939970777 ], [ 6.753309780634272, 52.881209903607335 ], [ 6.753557942453139, 52.880079296555408 ], [ 6.750406692285821, 52.87677152862004 ], [ 6.744071759598378, 52.876663890563293 ], [ 6.743796859384132, 52.875297281422071 ], [ 6.73983336587477, 52.871853353877043 ], [ 6.737492190954108, 52.874906385648821 ], [ 6.733688316668544, 52.887435725574932 ], [ 6.725777284603626, 52.886574750863758 ], [ 6.724344311583337, 52.887315928213553 ], [ 6.720969051321704, 52.893739929848152 ], [ 6.715128961907131, 52.899083468663335 ], [ 6.714471624362756, 52.901834813807298 ], [ 6.716551062241384, 52.90179402181851 ], [ 6.718492944099447, 52.900815546170278 ], [ 6.725881221194389, 52.902873168189558 ], [ 6.728825988660096, 52.904758339296272 ], [ 6.727001736652593, 52.915888214106552 ], [ 6.726347250142277, 52.927408615136002 ], [ 6.724175192052503, 52.937287578560792 ], [ 6.708156222847401, 52.941992293931342 ], [ 6.707286616101733, 52.943439236151619 ], [ 6.70816214601467, 52.943760223093506 ], [ 6.707173185446507, 52.944378602279187 ], [ 6.695965153411117, 52.941962328221535 ], [ 6.696938091667655, 52.938268173081966 ], [ 6.693677544683363, 52.937182137491718 ], [ 6.693610060858747, 52.936599814551208 ], [ 6.690385243339473, 52.937585222326753 ], [ 6.691013499634457, 52.935253730133454 ], [ 6.689658137859984, 52.934765963599858 ], [ 6.688752686134029, 52.934515764454716 ], [ 6.688281430192449, 52.935051246090516 ], [ 6.686034531400532, 52.934208167487192 ], [ 6.686432041504252, 52.933803845161222 ], [ 6.680803211044469, 52.933080454733428 ], [ 6.679862449925229, 52.934371575503171 ], [ 6.676243684054906, 52.933694286843476 ], [ 6.678996220272166, 52.928539488162436 ], [ 6.683511013411221, 52.924740832187609 ], [ 6.681651085897241, 52.923465953057388 ], [ 6.676799445048717, 52.922177972404874 ], [ 6.67403757705994, 52.922312657659162 ], [ 6.662536250892611, 52.928754525198947 ], [ 6.660057478154195, 52.927159004698929 ], [ 6.657813431767035, 52.92392916604603 ], [ 6.655620289560212, 52.923428072232959 ], [ 6.656144765703124, 52.921627508323496 ], [ 6.652599637924267, 52.920694227341151 ], [ 6.651258854789127, 52.917797508710855 ], [ 6.649145411303853, 52.918880299023577 ], [ 6.645062360511503, 52.916720856869169 ], [ 6.644273178930572, 52.914256539028131 ], [ 6.638631138538391, 52.913911113085831 ], [ 6.635617601743072, 52.912332348932935 ], [ 6.625570705972405, 52.912805609456179 ], [ 6.625613029053778, 52.910597384818018 ], [ 6.623082582851644, 52.908491255989134 ], [ 6.624216909461169, 52.906714761925159 ], [ 6.622873084345138, 52.905571063203972 ], [ 6.620831059929504, 52.9048623282305 ], [ 6.618344943961211, 52.901022603791084 ], [ 6.60021616686138, 52.900884892051685 ], [ 6.60037134460969, 52.901910221465769 ], [ 6.596877639480097, 52.902179853187143 ], [ 6.596348166513429, 52.901046071630823 ], [ 6.591069755912352, 52.903189484278357 ], [ 6.591754323832281, 52.905452558507768 ], [ 6.592593903183357, 52.905408157460428 ], [ 6.593473139770619, 52.909879718213297 ], [ 6.592408921569913, 52.910523750774139 ], [ 6.588752964817864, 52.911143425967396 ], [ 6.591760971882128, 52.915020910829774 ], [ 6.603225683415568, 52.915054269772149 ], [ 6.603703437357823, 52.91710127609413 ], [ 6.592556500820282, 52.917397742603384 ], [ 6.585754716818766, 52.919428893824808 ], [ 6.561753479582306, 52.899915360864433 ], [ 6.55806070088872, 52.901188468027541 ], [ 6.559143478237991, 52.903454527680779 ], [ 6.557912767876392, 52.904570986101163 ], [ 6.559446109465448, 52.906157554663608 ], [ 6.557910135203454, 52.906412873467524 ], [ 6.556023742908371, 52.905797993287464 ], [ 6.554348024211268, 52.906133026473512 ], [ 6.55300831018376, 52.907078557020874 ], [ 6.553254675003764, 52.909191172476895 ], [ 6.554597580319571, 52.910549964137445 ], [ 6.55150979656238, 52.914159240665654 ], [ 6.550236377342324, 52.914290448513427 ], [ 6.551020306300191, 52.918267619414479 ], [ 6.555258327066167, 52.919015915144882 ], [ 6.555605501849116, 52.921493714863338 ], [ 6.562599934931931, 52.925189454303798 ], [ 6.563269194344474, 52.924583162615278 ], [ 6.564271493833107, 52.925472298619169 ], [ 6.565704798491969, 52.929928008178948 ], [ 6.56913611962224, 52.931136715819868 ], [ 6.572196064182149, 52.930468864826203 ], [ 6.573187852399711, 52.930634244955741 ], [ 6.57530784571526, 52.931652212299994 ], [ 6.565071295981136, 52.944980770326403 ], [ 6.555512619926643, 52.949460647781869 ], [ 6.557110373498705, 52.953879418815568 ], [ 6.557026262453014, 52.952965130058864 ], [ 6.560975681120856, 52.955323002343164 ], [ 6.562153973536899, 52.955084201987141 ], [ 6.563351937819406, 52.95564407876445 ], [ 6.564812333566772, 52.957352091198572 ], [ 6.564690170130134, 52.961996944711679 ], [ 6.561495356902704, 52.96597549531738 ], [ 6.562587292397804, 52.968896649511095 ], [ 6.57019331909245, 52.968078548889501 ], [ 6.578115006626839, 52.967903387142329 ], [ 6.623290353446951, 52.97087574294715 ], [ 6.625349046371785, 52.973408092889827 ], [ 6.624162693095728, 52.973572599673531 ], [ 6.62470860196275, 52.974290974522908 ], [ 6.624152413493787, 52.97484045560519 ], [ 6.621590193180377, 52.97489671986753 ], [ 6.620883788925826, 52.976813220130261 ], [ 6.621056243132165, 52.977382124159021 ], [ 6.623793231734263, 52.978231766667093 ], [ 6.624498561857141, 52.977138474126889 ], [ 6.626997798514553, 52.978243902065586 ], [ 6.630227210518637, 52.975483083518299 ], [ 6.631289382536389, 52.976166062321177 ], [ 6.630170983799734, 52.975360147021256 ], [ 6.62887489948247, 52.974951815499033 ], [ 6.627560117039878, 52.971054866352183 ], [ 6.639441518251205, 52.972257493615203 ], [ 6.639109957965368, 52.970948140516377 ], [ 6.642813957861513, 52.970894806580752 ], [ 6.642633128404712, 52.9694597991111 ], [ 6.646500226527001, 52.969177072232291 ], [ 6.64650209439815, 52.970560926680584 ], [ 6.650620285117924, 52.969369404282489 ], [ 6.653184673856897, 52.970111974335332 ], [ 6.654488122101066, 52.971081150037691 ], [ 6.656776852480215, 52.966962490372438 ], [ 6.653521557310471, 52.966341358943325 ], [ 6.651771525471791, 52.961514263683057 ], [ 6.650174913940449, 52.959386390016384 ], [ 6.647969196484314, 52.95731475682026 ], [ 6.64752875969053, 52.958023696568141 ], [ 6.644756280397146, 52.957538349292832 ], [ 6.64454362886412, 52.953114471759726 ], [ 6.64298196932843, 52.953015818510103 ], [ 6.639197277078134, 52.950643328471877 ], [ 6.634961880259103, 52.948936913687071 ], [ 6.640261027375742, 52.946701316538956 ], [ 6.641568930080378, 52.948022191964455 ], [ 6.64433860507848, 52.94757490984987 ], [ 6.649689982141482, 52.948891835529757 ], [ 6.663291960286227, 52.956703978706784 ], [ 6.688041537594769, 52.959023465824345 ], [ 6.692182815292572, 52.959061542111982 ], [ 6.69778818410691, 52.961775635634012 ], [ 6.700602398380361, 52.960454993541504 ], [ 6.703304480229479, 52.960332015162315 ], [ 6.703482285933124, 52.961044547720171 ], [ 6.705230793498011, 52.961963322163356 ], [ 6.706571853398205, 52.961866511302546 ], [ 6.708650809664922, 52.963670207459081 ], [ 6.712121747963876, 52.964649020629153 ], [ 6.7103848117395, 52.967899925286325 ], [ 6.71397826460436, 52.969416552733243 ], [ 6.719129220813135, 52.970716085274034 ], [ 6.718099519078749, 52.971197102064281 ], [ 6.71674734586655, 52.973100789742688 ], [ 6.72536699748168, 52.97547871908872 ], [ 6.720168977935955, 52.978352175349912 ], [ 6.71779393620765, 52.976932225633384 ], [ 6.714206167259626, 52.979047698380036 ], [ 6.709350618371866, 52.979510702739802 ], [ 6.709123815130337, 52.979206272881584 ], [ 6.705251039102768, 52.981485170233967 ], [ 6.700079583639677, 52.980939945317267 ], [ 6.691651223405509, 52.982126430597063 ], [ 6.688738295921777, 52.984807734543587 ], [ 6.68737555835712, 52.987070494976777 ], [ 6.685495088290274, 52.986468571486562 ], [ 6.683717426599374, 52.987090010576104 ], [ 6.679779942191127, 52.987223088655746 ], [ 6.676980482875708, 52.988507906575336 ], [ 6.673951562455784, 52.987976014653704 ], [ 6.673832928041952, 52.988827333721019 ], [ 6.671390663312619, 52.991566806018497 ], [ 6.6617558415515, 52.990664383799853 ], [ 6.661640347758299, 52.995111596885451 ], [ 6.65684051127709, 53.001089960427016 ], [ 6.658046028015931, 53.002365823497961 ], [ 6.656700052760597, 53.007223276671624 ], [ 6.659884949973671, 53.010389182262202 ], [ 6.662530603060177, 53.017141214681423 ], [ 6.666093622645122, 53.015750596138574 ], [ 6.666884958513027, 53.017906557627285 ], [ 6.666161128988136, 53.018090765422997 ], [ 6.66701084197678, 53.01829910180485 ], [ 6.666836133329977, 53.0189049495863 ], [ 6.671198188017304, 53.01842466881228 ], [ 6.675350837247796, 53.018885452475544 ], [ 6.680078263913321, 53.020168774801789 ], [ 6.68029946322158, 53.024466905028667 ], [ 6.690211498464739, 53.020850918758825 ], [ 6.68986406130778, 53.02027047529829 ], [ 6.703106361507325, 53.02433953079786 ], [ 6.703777769170701, 53.023948851640363 ], [ 6.703504371510162, 53.024475248936952 ], [ 6.705685653773503, 53.025261081975167 ], [ 6.705444938149959, 53.025603880842141 ], [ 6.709875453924529, 53.02820003072717 ], [ 6.728478422217974, 53.035758445895503 ], [ 6.712531076575069, 53.049525121886262 ], [ 6.703223870667577, 53.061182548781886 ], [ 6.709363991643205, 53.061763717952914 ], [ 6.709913531891697, 53.060334491949334 ], [ 6.711574147856926, 53.058753620690894 ], [ 6.711966541169832, 53.058950994818332 ], [ 6.710668821496305, 53.060280500689608 ], [ 6.714423324242911, 53.061710417966289 ], [ 6.714193730371611, 53.06136817626377 ], [ 6.715032977952939, 53.061471939934229 ], [ 6.715876514415882, 53.060827524533835 ], [ 6.715160986004192, 53.060363584513034 ], [ 6.714109119521306, 53.061320838630316 ], [ 6.713304755512671, 53.060892348793693 ], [ 6.71394606115709, 53.059423462157419 ], [ 6.715368054753319, 53.05914087315206 ], [ 6.71692878620561, 53.059528434657004 ], [ 6.71918474719723, 53.057529651470141 ], [ 6.720769244255189, 53.05782038967407 ], [ 6.720483303299145, 53.058135113065781 ], [ 6.722713407924533, 53.059156941402591 ], [ 6.723061191706215, 53.059885319880017 ], [ 6.724509926751526, 53.059179285175226 ], [ 6.725059987275616, 53.060146534428632 ], [ 6.727496717021584, 53.058994419944398 ], [ 6.726862799074336, 53.058271317046803 ], [ 6.72973241564458, 53.05738650585274 ], [ 6.731155712529375, 53.058362481436141 ], [ 6.731730743072191, 53.058024558922348 ], [ 6.732526532033277, 53.058547624524437 ], [ 6.73361540269044, 53.061209261185105 ], [ 6.732739137804162, 53.062030835283686 ], [ 6.733983892966296, 53.062706287445216 ], [ 6.735042208665096, 53.064260729437216 ], [ 6.736931099710839, 53.064170036106816 ], [ 6.74558929639484, 53.057563495781359 ], [ 6.749503783635521, 53.05764840296883 ], [ 6.750612667865123, 53.051875987604063 ], [ 6.75652107071927, 53.049159590597128 ], [ 6.761700030778557, 53.049346396337334 ], [ 6.758647915886177, 53.047910274283687 ], [ 6.764228192916708, 53.042930324628095 ], [ 6.762475780441999, 53.042039723615019 ], [ 6.762672183430602, 53.041702147125577 ], [ 6.771029123996247, 53.03524100544535 ], [ 6.761014974393145, 53.029676343295755 ], [ 6.771555210850455, 53.020376218950283 ], [ 6.772514698290205, 53.020766113157805 ], [ 6.773514023461725, 53.019819505526357 ], [ 6.771004428910554, 53.018030685822715 ], [ 6.776793769077433, 53.021900076440282 ], [ 6.781132827311231, 53.023711760651324 ], [ 6.785470147193132, 53.020130812820746 ], [ 6.789789604413896, 53.022409185037667 ], [ 6.785559515556526, 53.020060901855935 ], [ 6.788966191894718, 53.017228160520069 ], [ 6.795029066400407, 53.016187071104348 ], [ 6.792154421589626, 53.01490302676212 ], [ 6.796779289760125, 53.010185790271009 ], [ 6.80529778960601, 53.01311486892304 ], [ 6.810948273436686, 53.015737245329923 ], [ 6.810717908840703, 53.016980949782607 ], [ 6.812610426525165, 53.019340644190279 ], [ 6.813464664981629, 53.022491573198643 ], [ 6.816543573383385, 53.02505860390044 ], [ 6.817909067708782, 53.028382743068782 ], [ 6.82192435072736, 53.031108443197418 ], [ 6.821000335975347, 53.034782418338644 ], [ 6.81918231412748, 53.037100691383827 ], [ 6.82172685456883, 53.03852291919555 ], [ 6.822671111296235, 53.038032499526572 ], [ 6.823492601506169, 53.032241758811359 ], [ 6.826241852863009, 53.033562371302139 ], [ 6.825567876159199, 53.036235568311398 ], [ 6.828518661231805, 53.038315127164793 ], [ 6.82545628572451, 53.040585427632159 ], [ 6.826858788878616, 53.041253795246533 ], [ 6.82623482616652, 53.042127377560263 ], [ 6.8274837574479, 53.043013502495157 ], [ 6.82350772004994, 53.041394728419299 ], [ 6.824921333264022, 53.042771007439029 ], [ 6.827640797959353, 53.043375006234996 ], [ 6.837547606882883, 53.047614497803835 ], [ 6.841672806568736, 53.044407916084651 ], [ 6.844796813336214, 53.045783925473806 ], [ 6.869647725652964, 53.027292584529256 ], [ 6.876318195918142, 53.030338150245441 ], [ 6.895844585851912, 53.017889061196705 ], [ 6.897002678555014, 53.018105627231634 ], [ 6.922171262907534, 53.002004665028245 ], [ 6.902707234826051, 52.998229899020892 ], [ 6.901131155279182, 52.996167170232553 ], [ 6.897604985262982, 52.995032578123563 ], [ 6.895772624517804, 52.995240133697394 ], [ 6.896092153149051, 52.994439883440343 ], [ 6.905362661917145, 52.995983885992317 ], [ 6.906273600095411, 52.9947132167229 ], [ 6.925523342195999, 52.997860019790352 ], [ 6.927946226945892, 52.992141613696091 ], [ 6.85458342579142, 52.98051288604055 ], [ 6.868927072954568, 52.960963241950232 ], [ 6.877073879516916, 52.963187118361219 ], [ 6.882247351274785, 52.956140737955998 ], [ 6.875764694500876, 52.95344531509172 ], [ 6.884303973171322, 52.945641100629437 ], [ 6.877725027910362, 52.942976349316531 ], [ 6.883938388794425, 52.937150013718437 ], [ 6.889688703534772, 52.939390025878055 ], [ 6.888940508118564, 52.940065720257223 ], [ 6.898113255787326, 52.943775599754304 ], [ 6.898728286926486, 52.943155702987006 ], [ 6.899288220556436, 52.944023616959207 ], [ 6.903514589731151, 52.944529724142903 ], [ 6.904005969601022, 52.944069718400549 ], [ 6.912746469887759, 52.947502522545982 ], [ 6.922601439432903, 52.938745073644291 ], [ 6.895243417811626, 52.927502185327761 ], [ 6.899622110571983, 52.923468716966298 ], [ 6.898837253336789, 52.923153919956384 ], [ 6.905911057569645, 52.916721701214058 ], [ 6.902855350571558, 52.915434163777789 ], [ 6.911925056428132, 52.907289843996971 ], [ 6.910572949323619, 52.906501080805434 ], [ 6.912889595274335, 52.904390318849295 ], [ 6.90851908184781, 52.902247432633544 ], [ 6.906234248051849, 52.898914714421103 ], [ 6.895861140979298, 52.897069852490993 ], [ 6.892940139623613, 52.894509735084895 ], [ 6.8893537860283, 52.892697778965641 ], [ 6.889778087039863, 52.893101964009553 ], [ 6.887048806763711, 52.895261577976207 ], [ 6.885346164039884, 52.90185011172948 ], [ 6.882917011749861, 52.907312260040186 ], [ 6.875535739638996, 52.914041055836485 ], [ 6.86725813683872, 52.910435863857757 ], [ 6.864264874741068, 52.913332013701684 ], [ 6.854860835345548, 52.909892953234575 ], [ 6.858053707320094, 52.906377676300274 ], [ 6.837564252240579, 52.897673705243093 ], [ 6.839240138444022, 52.896448646398966 ], [ 6.839657232136194, 52.896587679935358 ], [ 6.841412064923414, 52.894786271148249 ], [ 6.83950822115379, 52.891427650166932 ], [ 6.840362706486228, 52.890872360437527 ], [ 6.83885644369059, 52.890425623344903 ], [ 6.838814871546422, 52.887958877048341 ], [ 6.838064864622576, 52.887779234532069 ], [ 6.837807949416476, 52.885207071222474 ], [ 6.837100149245139, 52.884845479929488 ], [ 6.838388908567841, 52.88359300314842 ], [ 6.839593905376052, 52.883593401721242 ], [ 6.839566590164181, 52.881187097720435 ], [ 6.832794451201735, 52.881353057346651 ], [ 6.831642117335334, 52.881006550182128 ], [ 6.831891515849215, 52.880072301957647 ], [ 6.830945230961852, 52.880145463125857 ], [ 6.830931531355863, 52.879473712367862 ], [ 6.830172079315769, 52.879365349029825 ], [ 6.826780597707802, 52.881329481524432 ], [ 6.825749147385205, 52.883914337099995 ], [ 6.825463981613985, 52.883316642344155 ], [ 6.824828326169715, 52.883111770232297 ], [ 6.824607532980581, 52.883433727698311 ], [ 6.82407521827666, 52.882816302005281 ], [ 6.805893995132583, 52.878007098898507 ], [ 6.805270377907684, 52.878880431556453 ], [ 6.807638473932109, 52.879510386238174 ], [ 6.803149631604894, 52.885928142478974 ], [ 6.793466074626611, 52.883424738468413 ], [ 6.798200730407059, 52.876243174764063 ], [ 6.793047499778675, 52.874618491063202 ], [ 6.792179408963817, 52.875574777083777 ] ], [ [ 6.718339360426828, 53.053389808182935 ], [ 6.717451560875562, 53.053510513626456 ], [ 6.716810634416573, 53.05324359745012 ], [ 6.717351413997688, 53.053101488507735 ], [ 6.718339360426828, 53.053389808182935 ] ] ], [ [ [ 6.714156892042142, 53.059916659753583 ], [ 6.714406169229357, 53.060257382892232 ], [ 6.714769120060094, 53.060181437173085 ], [ 6.714880512581804, 53.059932640942314 ], [ 6.714156892042142, 53.059916659753583 ] ] ] ] } },
{ "type": "Feature", "properties": { "label": "GNBS Groningen Bloemsingel", "gid": "GNBS Groningen Bloemsingel" }, "geometry": { "type": "MultiPolygon", "coordinates": [ [ [ [ 6.567577456067188, 53.219189573022753 ], [ 6.567640972103817, 53.219263118251426 ], [ 6.567829602837668, 53.21917395691429 ], [ 6.567631866095661, 53.219133514452714 ], [ 6.567577456067188, 53.219189573022753 ] ] ], [ [ [ 6.571676074361245, 53.219794431228188 ], [ 6.571127693980404, 53.218434515878656 ], [ 6.571011001804648, 53.218900076116441 ], [ 6.569388896661927, 53.218458134663607 ], [ 6.569337784654509, 53.218901952338406 ], [ 6.568043926605798, 53.219047195882332 ], [ 6.567751202697221, 53.219498189811169 ], [ 6.565725512780646, 53.218724811452837 ], [ 6.565909152644513, 53.219002178770083 ], [ 6.564712182249904, 53.219276950956143 ], [ 6.565298971764731, 53.218613490903827 ], [ 6.564968700833207, 53.217397963030209 ], [ 6.564538906707394, 53.217689086841212 ], [ 6.564804886804901, 53.217351294195424 ], [ 6.563049988264006, 53.217194574983104 ], [ 6.559472404917226, 53.215719293409428 ], [ 6.55930520989091, 53.217575573066839 ], [ 6.556721641186797, 53.219599295636996 ], [ 6.554938725988095, 53.219091733665429 ], [ 6.552088179091431, 53.219500957409771 ], [ 6.546319378493945, 53.219069341705264 ], [ 6.54232722449102, 53.220937402704955 ], [ 6.556235141218324, 53.229831232011158 ], [ 6.556818408347728, 53.229655374598366 ], [ 6.559161789389665, 53.232336775436785 ], [ 6.559379864321055, 53.232749634872476 ], [ 6.558558912353201, 53.232996938257209 ], [ 6.559276958657642, 53.237168413063515 ], [ 6.556697709366574, 53.242982336370595 ], [ 6.567833318157707, 53.239236347819357 ], [ 6.567546392518239, 53.238611584962051 ], [ 6.569599151071521, 53.238388934078742 ], [ 6.569284844619697, 53.238154892154441 ], [ 6.571144433613147, 53.237220499833803 ], [ 6.574129460750641, 53.236670015070025 ], [ 6.573191706661603, 53.235161017827565 ], [ 6.573828099923658, 53.234969078614462 ], [ 6.575272695545015, 53.236299216029316 ], [ 6.577623881885756, 53.23528200168888 ], [ 6.578308019453784, 53.236090269634282 ], [ 6.583042464925962, 53.234320685522846 ], [ 6.591779375374012, 53.227648341179545 ], [ 6.590341841749142, 53.227322821706487 ], [ 6.591593536481434, 53.226178472698166 ], [ 6.593129932493976, 53.225575802093161 ], [ 6.593828808718398, 53.2259325899172 ], [ 6.598261939445973, 53.222216236147709 ], [ 6.580118838212604, 53.217295581748346 ], [ 6.576600098777336, 53.215736782820592 ], [ 6.573828060723066, 53.216862342193565 ], [ 6.571676074361245, 53.219794431228188 ] ] ] ] } },
{ "type": "Feature", "properties": { "label": "VDM Veendam", "gid": "VDM Veendam" }, "geometry": { "type": "MultiPolygon", "coordinates": [ [ [ [ 6.839387722930016, 53.028614635537885 ], [ 6.839288164760303, 53.028121975123589 ], [ 6.8361137705508, 53.027040308022933 ], [ 6.836939626333592, 53.02658927350992 ], [ 6.838565698780017, 53.026723914949343 ], [ 6.833851572019616, 53.025074240950495 ], [ 6.834076171499606, 53.023108895340918 ], [ 6.835338182009666, 53.023214889269511 ], [ 6.83540179080864, 53.024409968531351 ], [ 6.839778380285483, 53.025179237827402 ], [ 6.841201645767685, 53.026772930185608 ], [ 6.843022020950358, 53.027228802266663 ], [ 6.841307747534547, 53.026629026855566 ], [ 6.842368334963026, 53.025320309024089 ], [ 6.847365329374609, 53.025136009807113 ], [ 6.852519051624077, 53.025979106371622 ], [ 6.855339182366476, 53.0252420756132 ], [ 6.858055821645493, 53.025258172596921 ], [ 6.86026127712782, 53.02331622512736 ], [ 6.85834824081254, 53.023023536120121 ], [ 6.858374528300771, 53.021564896915564 ], [ 6.854061515849343, 53.020119259197841 ], [ 6.84890261909424, 53.017192255956928 ], [ 6.843243220479303, 53.022894484557916 ], [ 6.840404137989582, 53.022455057309649 ], [ 6.837384258113327, 53.021291729956801 ], [ 6.83488914633594, 53.022984350496607 ], [ 6.834095219890745, 53.02298161854295 ], [ 6.833318009430796, 53.017041179221266 ], [ 6.831717340590614, 53.017036989937104 ], [ 6.831720029859571, 53.019972043364334 ], [ 6.830622091968158, 53.019897674258615 ], [ 6.830690403716035, 53.021366283758809 ], [ 6.83259364081692, 53.021634824306105 ], [ 6.832231083312551, 53.023107078194954 ], [ 6.833583705047082, 53.023344403039758 ], [ 6.831978266509006, 53.023825069344632 ], [ 6.830319682036043, 53.02689062150808 ], [ 6.831285720957604, 53.027208367822006 ], [ 6.834471123956284, 53.026906640849845 ], [ 6.835612252414027, 53.027459010188714 ], [ 6.835128366624925, 53.028019042158071 ], [ 6.835865713413289, 53.02848462555108 ], [ 6.836716968539908, 53.028105501523775 ], [ 6.838362768124349, 53.02906015301415 ], [ 6.839387722930016, 53.028614635537885 ] ] ], [ [ [ 6.839511478013071, 53.027087405332374 ], [ 6.83872803534223, 53.027164540381477 ], [ 6.840699339436949, 53.027846024186339 ], [ 6.840916266598467, 53.02759925491074 ], [ 6.839511478013071, 53.027087405332374 ] ] ], [ [ [ 6.915336512849885, 53.032493225526764 ], [ 6.92266228842242, 53.027861577367126 ], [ 6.904653885570892, 53.017782519229463 ], [ 6.904250628109241, 53.018044264992 ], [ 6.906641876520442, 53.019960751757083 ], [ 6.910728805545834, 53.024879110610328 ], [ 6.90997115620822, 53.025868206701425 ], [ 6.900317807889052, 53.025956081677926 ], [ 6.897547614322185, 53.026402367780356 ], [ 6.89503281802736, 53.024993001434943 ], [ 6.89359885583929, 53.025875603985646 ], [ 6.890293150973085, 53.022546821371677 ], [ 6.886127717493023, 53.025042047511313 ], [ 6.897002678555014, 53.018105627231634 ], [ 6.895903770691064, 53.017864410486169 ], [ 6.876318195918142, 53.030338150245441 ], [ 6.869647725652964, 53.027292584529256 ], [ 6.84483444540159, 53.045764454302486 ], [ 6.841672806568736, 53.044407916084651 ], [ 6.837547606882883, 53.047614497803835 ], [ 6.827616213946926, 53.043365799052985 ], [ 6.825461346690624, 53.043143336706571 ], [ 6.824745475115292, 53.042176822281363 ], [ 6.823322767160578, 53.041551107088928 ], [ 6.8274837574479, 53.043013502495157 ], [ 6.82623482616652, 53.042127377560263 ], [ 6.826858788878616, 53.041253795246533 ], [ 6.82545628572451, 53.040585427632159 ], [ 6.828518661231805, 53.038315127164793 ], [ 6.825567876159199, 53.036235568311398 ], [ 6.826241852863009, 53.033562371302139 ], [ 6.823523680753414, 53.032242779552085 ], [ 6.822653063060971, 53.03806480618276 ], [ 6.82172685456883, 53.03852291919555 ], [ 6.81918231412748, 53.037100691383827 ], [ 6.821000335975347, 53.034782418338644 ], [ 6.82192435072736, 53.031108443197418 ], [ 6.817909067708782, 53.028382743068782 ], [ 6.816543573383385, 53.02505860390044 ], [ 6.813464664981629, 53.022491573198643 ], [ 6.812610426525165, 53.019340644190279 ], [ 6.810717908840703, 53.016980949782607 ], [ 6.810948273436686, 53.015737245329923 ], [ 6.806490720882508, 53.013595041288802 ], [ 6.796779289760125, 53.010185790271009 ], [ 6.792154421589626, 53.01490302676212 ], [ 6.795029066400407, 53.016187071104348 ], [ 6.788966191894718, 53.017228160520069 ], [ 6.785559515556526, 53.020060901855935 ], [ 6.789855385045096, 53.022368436278803 ], [ 6.785470147193132, 53.020130812820746 ], [ 6.781154125490504, 53.023713147201981 ], [ 6.776793769077433, 53.021900076440282 ], [ 6.771004428910554, 53.018030685822715 ], [ 6.773514023461725, 53.019819505526357 ], [ 6.772514698290205, 53.020766113157805 ], [ 6.771555210850455, 53.020376218950283 ], [ 6.7610155296401, 53.029669760965419 ], [ 6.771029123996247, 53.03524100544535 ], [ 6.762672183430602, 53.041702147125577 ], [ 6.762475780441999, 53.042039723615019 ], [ 6.764228192916708, 53.042930324628095 ], [ 6.758647915886177, 53.047910274283687 ], [ 6.761703607799019, 53.049343256467878 ], [ 6.75652107071927, 53.049159590597128 ], [ 6.750639272697876, 53.051856719769837 ], [ 6.749503783635521, 53.05764840296883 ], [ 6.74558929639484, 53.057563495781359 ], [ 6.736986312719697, 53.064162256086185 ], [ 6.735057986032199, 53.064272946742648 ], [ 6.733983892966296, 53.062706287445216 ], [ 6.732739137804162, 53.062030835283686 ], [ 6.733613050638217, 53.061192484476237 ], [ 6.732531764840419, 53.058555468952299 ], [ 6.731730743072191, 53.058024558922348 ], [ 6.731155712529375, 53.058362481436141 ], [ 6.72973241564458, 53.05738650585274 ], [ 6.726862799074336, 53.058271317046803 ], [ 6.727496717021584, 53.058994419944398 ], [ 6.725059987275616, 53.060146534428632 ], [ 6.724509926751526, 53.059179285175226 ], [ 6.723089703852364, 53.059888226165995 ], [ 6.722405979595124, 53.059421217467225 ], [ 6.723919582630103, 53.06068569277231 ], [ 6.721879860945918, 53.061649969025666 ], [ 6.720728585526572, 53.061323541196941 ], [ 6.719078302683783, 53.062769177825487 ], [ 6.715487305055631, 53.069431748964874 ], [ 6.726138503570842, 53.073665914473878 ], [ 6.727173662929847, 53.073221172869879 ], [ 6.733655873385907, 53.07551511001693 ], [ 6.743651411249752, 53.079824029995677 ], [ 6.747983073407893, 53.081223916491012 ], [ 6.748433880433229, 53.080286680679222 ], [ 6.750521965041168, 53.078861497210042 ], [ 6.756881145373187, 53.076182850845505 ], [ 6.762258308654407, 53.077881023142957 ], [ 6.763018731690773, 53.078364870390921 ], [ 6.752832594501386, 53.083833106684544 ], [ 6.749906910761111, 53.087163227908789 ], [ 6.776509375691286, 53.094760663499123 ], [ 6.789377618309236, 53.086592944509199 ], [ 6.79604721003876, 53.088714168479775 ], [ 6.794915584620902, 53.089849155440568 ], [ 6.793660984106222, 53.089638601754203 ], [ 6.793179077725331, 53.090300815536395 ], [ 6.7951971351504, 53.090864669491907 ], [ 6.794710076656799, 53.091517782997371 ], [ 6.79401462882561, 53.091323332806667 ], [ 6.793480346544147, 53.091949863786979 ], [ 6.792902750524937, 53.091797026236335 ], [ 6.792570136751646, 53.092246035329836 ], [ 6.7938689724944, 53.092584300286134 ], [ 6.793399096217734, 53.093284172552252 ], [ 6.792463535306501, 53.093037262257916 ], [ 6.791024848284311, 53.094894456115895 ], [ 6.790255821524044, 53.094688370714508 ], [ 6.789794487539448, 53.095317830554976 ], [ 6.791549888548161, 53.095782739486239 ], [ 6.791096102549094, 53.096402399716311 ], [ 6.790172899541357, 53.096150554277777 ], [ 6.788308456437684, 53.098645638381591 ], [ 6.787291315800683, 53.098374363007885 ], [ 6.787880245444368, 53.099148015543399 ], [ 6.786088112640781, 53.101984468561291 ], [ 6.785570225736544, 53.10185767200413 ], [ 6.784783629851123, 53.102911707208513 ], [ 6.78365865759524, 53.102610130659421 ], [ 6.783188853015421, 53.103220886828531 ], [ 6.785016007956848, 53.103700710579567 ], [ 6.782038761774736, 53.107396570308786 ], [ 6.781122752458283, 53.107153589183525 ], [ 6.777939264016094, 53.113032948891828 ], [ 6.77637962074142, 53.114895247650317 ], [ 6.775568493182922, 53.114681136100891 ], [ 6.775101249792097, 53.115309900350098 ], [ 6.776186917308077, 53.115588970484076 ], [ 6.775014327931257, 53.117239555343147 ], [ 6.773947957685783, 53.11755853501095 ], [ 6.77356347191788, 53.119353060092941 ], [ 6.770548468749179, 53.121977365117189 ], [ 6.771909245502247, 53.122340822562784 ], [ 6.771715839388198, 53.122606758728026 ], [ 6.770841519190684, 53.122395245769695 ], [ 6.770511054242555, 53.122857146912466 ], [ 6.768070385766101, 53.1222992145467 ], [ 6.771254107309288, 53.123310233962584 ], [ 6.77893283208056, 53.113310250423368 ], [ 6.77149426523169, 53.12338844171537 ], [ 6.772142877082498, 53.123561734421948 ], [ 6.772392319016782, 53.124840732465493 ], [ 6.771802267891421, 53.125639410864068 ], [ 6.77037071481953, 53.125263231830587 ], [ 6.76644348421074, 53.13057738133832 ], [ 6.767439956294156, 53.130838040067452 ], [ 6.766507653077098, 53.132097924785413 ], [ 6.773840124660907, 53.134063747510204 ], [ 6.767412119769766, 53.14280164161741 ], [ 6.779508489252962, 53.126462468339867 ], [ 6.779672103414605, 53.125608349104709 ], [ 6.78040568329359, 53.125758904479767 ], [ 6.783120176961411, 53.122020432561229 ], [ 6.783952865126771, 53.122351492472333 ], [ 6.791320609911938, 53.119776942996083 ], [ 6.791534076233459, 53.113014236324169 ], [ 6.793341729974299, 53.112807341552632 ], [ 6.799972525313553, 53.108176826169974 ], [ 6.804178904868094, 53.109307634282054 ], [ 6.801673952818215, 53.119171677341605 ], [ 6.8059880982851, 53.120325947397895 ], [ 6.803239535972122, 53.124089683709613 ], [ 6.812241735602552, 53.126479172888523 ], [ 6.822842098309758, 53.111941480164433 ], [ 6.825708252635566, 53.112863467936492 ], [ 6.827291647120753, 53.112794166799709 ], [ 6.830714100699975, 53.10839129044242 ], [ 6.83689091375044, 53.108107758079008 ], [ 6.836725440091945, 53.109203291937341 ], [ 6.837904608613856, 53.110340492981805 ], [ 6.83951193999548, 53.110839459077397 ], [ 6.843039227144888, 53.110781470127726 ], [ 6.844234072820955, 53.121852567700387 ], [ 6.85079073185859, 53.121580776868534 ], [ 6.85107814081779, 53.125042134347382 ], [ 6.865928939202781, 53.124387295044727 ], [ 6.865958020922251, 53.123928106123728 ], [ 6.867939388888049, 53.123835957626184 ], [ 6.86856356306777, 53.124496422332157 ], [ 6.871503597934273, 53.125362539289412 ], [ 6.873671882457785, 53.126668511410124 ], [ 6.866259427354978, 53.127135391068116 ], [ 6.867049950430038, 53.129746924924639 ], [ 6.869619070950622, 53.129335964038596 ], [ 6.869326597485892, 53.130514776012255 ], [ 6.87451598521248, 53.130605490838967 ], [ 6.876441386644124, 53.129637714778887 ], [ 6.877256796206191, 53.129744287893615 ], [ 6.879640241531188, 53.130765543293442 ], [ 6.87962227194804, 53.132147176308344 ], [ 6.878555541584477, 53.132305844246297 ], [ 6.878948916193731, 53.132931684141575 ], [ 6.881770657946586, 53.132326116487796 ], [ 6.881690928097931, 53.129939802598727 ], [ 6.880017350265296, 53.12564761795101 ], [ 6.882814998656233, 53.125195431188281 ], [ 6.883026935129988, 53.125817250103736 ], [ 6.884268755802014, 53.125616368635427 ], [ 6.886253554478045, 53.128599503892282 ], [ 6.890321344056109, 53.128343334267505 ], [ 6.88980308750883, 53.122080738129675 ], [ 6.892336476991814, 53.12166520724012 ], [ 6.893422670672728, 53.121704884722242 ], [ 6.894377150249974, 53.127892635616504 ], [ 6.897099756959061, 53.127578097293075 ], [ 6.896989944377539, 53.128506555403852 ], [ 6.9036295556709, 53.127545526080539 ], [ 6.902681822065803, 53.129091419665443 ], [ 6.906748723713432, 53.129466632564167 ], [ 6.909724169999119, 53.131018375871498 ], [ 6.910082405345491, 53.128207343764807 ], [ 6.912996169314721, 53.128030440542162 ], [ 6.919110784763552, 53.128466570368253 ], [ 6.920090360329389, 53.129066685379151 ], [ 6.923470510389615, 53.129049395556414 ], [ 6.924570562246678, 53.127824603556242 ], [ 6.924382737307779, 53.126581027743065 ], [ 6.926708854538376, 53.126561392031178 ], [ 6.929013085230355, 53.125976516181588 ], [ 6.932907871400208, 53.124411534091792 ], [ 6.923693534912386, 53.125341554231667 ], [ 6.923588658436438, 53.123311817256528 ], [ 6.913554938494527, 53.122566588802592 ], [ 6.912222215259932, 53.120022004150762 ], [ 6.915158870661395, 53.11272637587615 ], [ 6.918862782373753, 53.109462231679061 ], [ 6.922673221152023, 53.107453102851167 ], [ 6.933108887583556, 53.106995366002401 ], [ 6.932957750833091, 53.099118204109772 ], [ 6.924368099246116, 53.098924322403199 ], [ 6.915791680735341, 53.097964058580118 ], [ 6.908215511493581, 53.096815791511403 ], [ 6.905324631770388, 53.095365078090367 ], [ 6.913554664447654, 53.095562473396676 ], [ 6.913117711901486, 53.094618458827924 ], [ 6.911653136176346, 53.094843751574196 ], [ 6.910727108226195, 53.094031739022178 ], [ 6.913711026599233, 53.093486831248882 ], [ 6.91366226674802, 53.092729324487848 ], [ 6.914785654866701, 53.09260630723734 ], [ 6.915188784225179, 53.092066766860484 ], [ 6.914260443412875, 53.091138796545451 ], [ 6.914509698714217, 53.090476002802241 ], [ 6.918218382794455, 53.089400759825118 ], [ 6.917522931951603, 53.088681383276707 ], [ 6.920697308634845, 53.086816268296268 ], [ 6.928666324082839, 53.083825880991995 ], [ 6.927146164698422, 53.081674523376165 ], [ 6.928992897681078, 53.079864506294982 ], [ 6.922951829186745, 53.077516305106975 ], [ 6.929570294930386, 53.073307361834857 ], [ 6.925004200904589, 53.059397939503079 ], [ 6.934063606208281, 53.055159342856157 ], [ 6.933021907856139, 53.053587785133502 ], [ 6.933343544227773, 53.049612794481313 ], [ 6.919904950627583, 53.049312169092147 ], [ 6.920775943837477, 53.04528136589083 ], [ 6.916792411930015, 53.044878053978522 ], [ 6.918938503897515, 53.044786397296626 ], [ 6.923066676428445, 53.041831266030755 ], [ 6.921789701997766, 53.040640309430984 ], [ 6.921736211526619, 53.037033177625013 ], [ 6.918777372624317, 53.034829047117128 ], [ 6.914600189418977, 53.032963921239592 ], [ 6.915336512849885, 53.032493225526764 ] ] ] ] } },
{ "type": "Feature", "properties": { "label": "GNHK Groningen v. Heemskerckstraat", "gid": "GNHK Groningen v. Heemskerckstraat" }, "geometry": { "type": "MultiPolygon", "coordinates": [ [ [ [ 6.546211355130813, 53.219084173845232 ], [ 6.552088179091431, 53.219500957409771 ], [ 6.554938725988095, 53.219091733665429 ], [ 6.556721641186797, 53.219599295636996 ], [ 6.559415667176899, 53.217270664374375 ], [ 6.558665239143772, 53.213103096739076 ], [ 6.565186499013953, 53.211594281164658 ], [ 6.565504633467474, 53.210775288969671 ], [ 6.569555702214839, 53.210900438486583 ], [ 6.571307988601665, 53.210761932571238 ], [ 6.563778345707674, 53.210141991494574 ], [ 6.559328847915953, 53.210580275194594 ], [ 6.560810377083374, 53.208155848719848 ], [ 6.56141289018906, 53.208213523804382 ], [ 6.562169028258737, 53.207415070658968 ], [ 6.563737521755499, 53.204038477398839 ], [ 6.564305701599683, 53.204136365150376 ], [ 6.563935949307344, 53.203067732760317 ], [ 6.564730699223678, 53.203165774388765 ], [ 6.565549832543654, 53.202659825722016 ], [ 6.565270308051703, 53.200779506229154 ], [ 6.563119735240202, 53.197323625569638 ], [ 6.561998190678958, 53.197445148898609 ], [ 6.561735316197983, 53.195995826995535 ], [ 6.559468645914965, 53.195857860486996 ], [ 6.559485980987261, 53.195159891590315 ], [ 6.560787632848537, 53.195267833451986 ], [ 6.56259623647998, 53.192734355815261 ], [ 6.564193526735208, 53.19280137243878 ], [ 6.567440364601218, 53.187703796510604 ], [ 6.568396570107822, 53.187620816335972 ], [ 6.568543942029383, 53.188027936095345 ], [ 6.571168411649245, 53.185680145658182 ], [ 6.574058073775964, 53.184718999074839 ], [ 6.573529709680609, 53.184044550234645 ], [ 6.575789267650761, 53.182931500630573 ], [ 6.575390344003482, 53.182789211155892 ], [ 6.570721447750115, 53.182889093915854 ], [ 6.566701368596088, 53.184536718523958 ], [ 6.558187603525629, 53.182039839423489 ], [ 6.556935735590491, 53.183830481987378 ], [ 6.548852138615501, 53.181664266489655 ], [ 6.549274019437544, 53.181191875733994 ], [ 6.544492790473847, 53.179480716933895 ], [ 6.544215054749565, 53.180548428720506 ], [ 6.54483935224258, 53.180659555500696 ], [ 6.545457546341791, 53.180119089415228 ], [ 6.546900261879184, 53.1810194577711 ], [ 6.543210672801723, 53.185502007105889 ], [ 6.545020353886337, 53.188049270700049 ], [ 6.545122619702784, 53.189459887016653 ], [ 6.543739318522505, 53.191142224274337 ], [ 6.541632130644484, 53.19071855165344 ], [ 6.542089968426334, 53.191513001107253 ], [ 6.540801267568579, 53.191237299319489 ], [ 6.540405776304862, 53.191799399217537 ], [ 6.538603166282878, 53.191379920158141 ], [ 6.538173980939188, 53.192725118398371 ], [ 6.536783427666821, 53.193926995267759 ], [ 6.536690662196685, 53.195892564057708 ], [ 6.530062542403823, 53.195765436018903 ], [ 6.515715198228861, 53.198308149669629 ], [ 6.513385989039716, 53.19693701780399 ], [ 6.506844706842158, 53.200145038537755 ], [ 6.496427748927675, 53.198137433306705 ], [ 6.49350490587701, 53.198497018680527 ], [ 6.492725633380473, 53.200736374999515 ], [ 6.48571682935421, 53.203821257815669 ], [ 6.484270662145973, 53.203820044872174 ], [ 6.486147844978674, 53.207299854493591 ], [ 6.484413979976746, 53.208555497375656 ], [ 6.488802111325591, 53.209616109842379 ], [ 6.488302919254181, 53.209516953651161 ], [ 6.487218538651362, 53.211425388118109 ], [ 6.486164255590812, 53.211744457155469 ], [ 6.480774504222357, 53.210647646832477 ], [ 6.478644021838427, 53.214306170680693 ], [ 6.479075510947965, 53.215894156822088 ], [ 6.469767914927455, 53.220468633415756 ], [ 6.47435312177174, 53.230828159835255 ], [ 6.473804355103567, 53.231622111093174 ], [ 6.48019497258147, 53.244360582845268 ], [ 6.480920741035802, 53.250185288178244 ], [ 6.488601659710269, 53.249016352436961 ], [ 6.488725509121214, 53.24723139372869 ], [ 6.490427497496018, 53.247320921090648 ], [ 6.49042543590596, 53.24698039004921 ], [ 6.492435756644956, 53.246674690381219 ], [ 6.491985479788572, 53.245554696919676 ], [ 6.493682430056374, 53.245868555857712 ], [ 6.495988499710159, 53.245611407945447 ], [ 6.497521198783361, 53.247132142802606 ], [ 6.496548619254504, 53.251118274340079 ], [ 6.50173352637182, 53.252482068618022 ], [ 6.508034527399192, 53.251794598175181 ], [ 6.509111476322514, 53.252418241167028 ], [ 6.509005701843178, 53.253074422956992 ], [ 6.509558136309, 53.252777864077814 ], [ 6.511442422369409, 53.254114240168157 ], [ 6.508570956683118, 53.255855409486635 ], [ 6.508240358007289, 53.257574051199896 ], [ 6.510825282044064, 53.256787850142466 ], [ 6.519054356303949, 53.25848922422459 ], [ 6.519403921541668, 53.258006604272019 ], [ 6.522477706617839, 53.257707185137278 ], [ 6.524290665504216, 53.256419917611076 ], [ 6.526594031251206, 53.25826577692856 ], [ 6.530309638882531, 53.25823808053854 ], [ 6.531410023350211, 53.259041508383298 ], [ 6.532057701895472, 53.25880815753159 ], [ 6.534959716108771, 53.255211911747587 ], [ 6.535820791880706, 53.254881715431431 ], [ 6.537819780092988, 53.251156311158056 ], [ 6.541096978264649, 53.249104410780788 ], [ 6.544764547783705, 53.249646973017178 ], [ 6.54715293354689, 53.24884991255572 ], [ 6.55048125091152, 53.244981766701002 ], [ 6.556697709366574, 53.242982336370595 ], [ 6.559276958657642, 53.237168413063515 ], [ 6.558558912353201, 53.232996938257209 ], [ 6.559379864321055, 53.232749634872476 ], [ 6.556885605399102, 53.229710158236429 ], [ 6.556235141218324, 53.229831232011158 ], [ 6.54232722449102, 53.220937402704955 ], [ 6.546211355130813, 53.219084173845232 ] ] ], [ [ [ 6.463332442486436, 53.200393474552911 ], [ 6.464062479349397, 53.200882096021466 ], [ 6.463493729553139, 53.202405047249592 ], [ 6.46565431238159, 53.203797732744732 ], [ 6.46535979054994, 53.200425978334117 ], [ 6.46346142082945, 53.200058230954397 ], [ 6.463332442486436, 53.200393474552911 ] ] ] ] } },
{ "type": "Feature", "properties": { "label": "BGMR Bargermeer", "gid": "BGMR Bargermeer" }, "geometry": { "type": "MultiPolygon", "coordinates": [ [ [ [ 6.835811047926803, 52.737021334199774 ], [ 6.840786374571783, 52.727411345697739 ], [ 6.838697852154831, 52.727300865697337 ], [ 6.836177388740943, 52.72634321284162 ], [ 6.833554409624839, 52.726329897138797 ], [ 6.831120292411117, 52.72813115402964 ], [ 6.828134113574257, 52.726735578146808 ], [ 6.822289195664272, 52.726766184562827 ], [ 6.816402858081907, 52.726135326553653 ], [ 6.813506190672555, 52.724056676825327 ], [ 6.800614910374652, 52.731212159136071 ], [ 6.803346118684654, 52.732801473316556 ], [ 6.802062243147049, 52.733486911400391 ], [ 6.805982181156853, 52.736029252884045 ], [ 6.792659900374383, 52.743365212426482 ], [ 6.785115831591972, 52.742372318318466 ], [ 6.783417448501906, 52.743055523594961 ], [ 6.778210797989788, 52.741866427636744 ], [ 6.777342297654253, 52.743144621874634 ], [ 6.77177026158436, 52.745287954420085 ], [ 6.76662235462361, 52.751841094563261 ], [ 6.76418226458568, 52.752638111036383 ], [ 6.755367534435668, 52.757915275193049 ], [ 6.750617707733838, 52.764112519813843 ], [ 6.749312451982738, 52.763683445436541 ], [ 6.748562142447778, 52.76458165947907 ], [ 6.744959402166161, 52.765570012511958 ], [ 6.742122029967372, 52.767572822219513 ], [ 6.734882933321336, 52.770770208994904 ], [ 6.735008203883056, 52.773128617642037 ], [ 6.732927637713338, 52.775013127706181 ], [ 6.731117543979185, 52.777906140961242 ], [ 6.73185627723408, 52.781248349029987 ], [ 6.731498572153848, 52.784513139180127 ], [ 6.734003718978036, 52.785675258537751 ], [ 6.735014698486384, 52.784774710713627 ], [ 6.740416019847262, 52.785994700180922 ], [ 6.740347936055807, 52.787328498544454 ], [ 6.744543183552389, 52.786930664302837 ], [ 6.748111721716597, 52.787656262966678 ], [ 6.748235431668086, 52.78857708373252 ], [ 6.742925741795544, 52.790737790397159 ], [ 6.742510822821948, 52.790090470675558 ], [ 6.742053572800022, 52.789695026807998 ], [ 6.743643322785002, 52.793578751982281 ], [ 6.746003650242149, 52.793901472481792 ], [ 6.749926361813277, 52.793365655576395 ], [ 6.7582821242384, 52.790287377521786 ], [ 6.759898642906809, 52.790121401733714 ], [ 6.760618447604044, 52.791103463999121 ], [ 6.760578029665783, 52.79555622821055 ], [ 6.764744689987633, 52.798259877024734 ], [ 6.768177758717619, 52.797256665261003 ], [ 6.767417475766353, 52.792256458867882 ], [ 6.768786987367171, 52.800615293601098 ], [ 6.76860706200331, 52.800049878028986 ], [ 6.758680917461786, 52.800472965852492 ], [ 6.739200628102394, 52.802293463403799 ], [ 6.731307555543987, 52.803533932358043 ], [ 6.731894737176027, 52.804287550978771 ], [ 6.728654388611532, 52.80377452010201 ], [ 6.728640127945981, 52.805311210460644 ], [ 6.729898265797662, 52.807262680733487 ], [ 6.729331526474605, 52.809512199721219 ], [ 6.731563928283546, 52.810176794877975 ], [ 6.732434701316191, 52.814209884321656 ], [ 6.733622735806942, 52.814184467161581 ], [ 6.734228666407362, 52.818353280389942 ], [ 6.737882411551402, 52.823703946868207 ], [ 6.739571234271844, 52.82458243993937 ], [ 6.742716649024472, 52.824933374290687 ], [ 6.743418695269773, 52.826401866757941 ], [ 6.751164907524335, 52.82548277424317 ], [ 6.754142645455005, 52.825759387571459 ], [ 6.761301893568681, 52.823418516054474 ], [ 6.764794529839887, 52.822755352913532 ], [ 6.753215338988354, 52.837914634319624 ], [ 6.755954943633443, 52.838902758869978 ], [ 6.755521854328177, 52.839291953090793 ], [ 6.75823527672947, 52.840139935822869 ], [ 6.75968861552774, 52.842075038890201 ], [ 6.759342701404958, 52.842522637562062 ], [ 6.760819436598152, 52.842966865351563 ], [ 6.758981509276996, 52.845248121328417 ], [ 6.767422024119624, 52.849059925318358 ], [ 6.816375760668881, 52.825682426111356 ], [ 6.823469805048263, 52.821270681102405 ], [ 6.823852739631674, 52.821682303246327 ], [ 6.826940729476197, 52.819752258847558 ], [ 6.816372970336584, 52.816809515951263 ], [ 6.818359604537672, 52.815643784681988 ], [ 6.82814322252564, 52.816126720035555 ], [ 6.828264699211364, 52.81514370176501 ], [ 6.826488358693141, 52.815139658146492 ], [ 6.826865682888561, 52.814116845826909 ], [ 6.828237028474302, 52.814109673633979 ], [ 6.828219253720024, 52.812985841721385 ], [ 6.83076617904069, 52.81307467155716 ], [ 6.830867792675324, 52.813906506051445 ], [ 6.834511087708042, 52.814090571070196 ], [ 6.833813965608832, 52.815195845226683 ], [ 6.838683454659627, 52.812199580880339 ], [ 6.840429062232938, 52.810079181242337 ], [ 6.844059050879214, 52.807634916193265 ], [ 6.849491339575144, 52.804457443719457 ], [ 6.84994601250971, 52.804712652452942 ], [ 6.851961432817481, 52.80351333214432 ], [ 6.854661136590314, 52.802882028557725 ], [ 6.849784373800566, 52.796202513646001 ], [ 6.847410861036652, 52.79113183011976 ], [ 6.84812637954876, 52.790797834798127 ], [ 6.848056134550982, 52.789738483260059 ], [ 6.846763389268944, 52.788047805387258 ], [ 6.84613913504894, 52.785351956369716 ], [ 6.84338236682719, 52.766526209165605 ], [ 6.841223410779091, 52.762046568377279 ], [ 6.843205147768178, 52.76531720526782 ], [ 6.84428118006562, 52.770389284260766 ], [ 6.845313652018592, 52.772234428491529 ], [ 6.846101682616508, 52.772448360817151 ], [ 6.846376712836424, 52.773771280245107 ], [ 6.84998811289418, 52.772489472785814 ], [ 6.854244283281764, 52.773885820099103 ], [ 6.855318334068046, 52.773405403624899 ], [ 6.857843658956946, 52.77510474041047 ], [ 6.861962237086153, 52.773108135427499 ], [ 6.863711243823719, 52.773410879980609 ], [ 6.865485349051136, 52.775115835267023 ], [ 6.863912638886483, 52.776575194811002 ], [ 6.867044350573051, 52.776871456731904 ], [ 6.869188535485828, 52.779547938946649 ], [ 6.875940538012956, 52.780378721526382 ], [ 6.875693591417813, 52.779596914313139 ], [ 6.876956125905899, 52.778740569827839 ], [ 6.875741257784704, 52.778368352772432 ], [ 6.874749487952569, 52.777238029915111 ], [ 6.877560815777967, 52.774959754180557 ], [ 6.879531710071896, 52.775439325485678 ], [ 6.879265242242284, 52.776001146365225 ], [ 6.882678601316951, 52.776681916821779 ], [ 6.881566348651266, 52.780818879570347 ], [ 6.887383734800618, 52.782411245358858 ], [ 6.888519774553196, 52.78319284094502 ], [ 6.889263657788486, 52.781265023595871 ], [ 6.889944974997404, 52.78131540935339 ], [ 6.88995724221552, 52.782051054233115 ], [ 6.890723825361555, 52.782098370000369 ], [ 6.891543065673607, 52.783203339108795 ], [ 6.890308794324944, 52.783536219052486 ], [ 6.890453897432127, 52.786110657453087 ], [ 6.891705885118679, 52.786225077039191 ], [ 6.891844443916291, 52.785472824390155 ], [ 6.893364159739471, 52.785640244771329 ], [ 6.893383882375669, 52.786266063895326 ], [ 6.894442087713058, 52.78590506377904 ], [ 6.895620512938025, 52.786478824015184 ], [ 6.897977130205204, 52.785544574756784 ], [ 6.898052801909087, 52.785022702824683 ], [ 6.900129287920362, 52.784728489233828 ], [ 6.90080955875171, 52.785073970257358 ], [ 6.901428389944627, 52.781924416111835 ], [ 6.902148641743889, 52.782385327631253 ], [ 6.901457813939992, 52.783214503839709 ], [ 6.902079595945729, 52.783330858749778 ], [ 6.904565883516965, 52.782127963617228 ], [ 6.905029916507406, 52.779185675388462 ], [ 6.913719121163309, 52.778794096800908 ], [ 6.917050559636301, 52.778903101053807 ], [ 6.917133116848714, 52.779522558670806 ], [ 6.918971057204896, 52.7796704872923 ], [ 6.919953492920412, 52.779150025550422 ], [ 6.922901090953071, 52.779242243450092 ], [ 6.924670176545953, 52.780097411997751 ], [ 6.931109019954067, 52.780754526226183 ], [ 6.930922240101707, 52.78190583113772 ], [ 6.93168539452841, 52.782248828802778 ], [ 6.932907011170647, 52.782354410770033 ], [ 6.933300472234446, 52.781888650134725 ], [ 6.933462235369724, 52.782261755511826 ], [ 6.936437410210288, 52.782156313416785 ], [ 6.937929620517668, 52.782990340872161 ], [ 6.937253623492133, 52.784751015051015 ], [ 6.935559337738401, 52.784664127637512 ], [ 6.936138721361367, 52.785686268275434 ], [ 6.94296651165793, 52.786262540175869 ], [ 6.944458263801107, 52.785944282760639 ], [ 6.948529843974748, 52.786237923637103 ], [ 6.948278368962438, 52.785718188551627 ], [ 6.948852331594145, 52.785690793003191 ], [ 6.949884914085229, 52.791449688004882 ], [ 6.948899623336498, 52.802534501708216 ], [ 6.959973200089465, 52.802879121295277 ], [ 6.960455435943788, 52.795357869278639 ], [ 6.966577808705299, 52.794946802199043 ], [ 6.966982572531532, 52.784643873746518 ], [ 6.965681162738795, 52.784577588834566 ], [ 6.97464896492921, 52.773177038854769 ], [ 6.967903887245935, 52.77301988194597 ], [ 6.969561936016227, 52.771111509501345 ], [ 6.9660680045728, 52.769899489048036 ], [ 6.966681259424257, 52.769108742068504 ], [ 6.961978466123133, 52.76544363136648 ], [ 6.962702484464722, 52.764641394942814 ], [ 6.958389847893617, 52.764022437740984 ], [ 6.963106025725911, 52.759732553294519 ], [ 6.963148994807407, 52.752197253041274 ], [ 6.955634130092204, 52.749261218753695 ], [ 6.959906602659248, 52.746374240614671 ], [ 6.959508692072223, 52.746213698567921 ], [ 6.959922452000555, 52.746363530225089 ], [ 6.974344123587084, 52.736614659156395 ], [ 6.975137027622507, 52.736815885308793 ], [ 6.977135600285743, 52.736249909105858 ], [ 6.976355657653627, 52.735254403244809 ], [ 6.979472920732498, 52.733154903394734 ], [ 6.978703691346834, 52.732816723720617 ], [ 6.977867692791643, 52.733411151315195 ], [ 6.97681947025731, 52.733057010436838 ], [ 6.971930262762731, 52.734666079507114 ], [ 6.969798341580266, 52.734865249770749 ], [ 6.964692773819912, 52.734269703235775 ], [ 6.957899953461967, 52.732670389149064 ], [ 6.964328508371898, 52.728360569076962 ], [ 6.963216766663092, 52.72785122849222 ], [ 6.967237059119262, 52.725150676115327 ], [ 6.955792407799359, 52.718849709329305 ], [ 6.954803879062802, 52.719518434869947 ], [ 6.952586676650355, 52.718314332576092 ], [ 6.941442776859784, 52.734156745081236 ], [ 6.920700760714324, 52.728815433760168 ], [ 6.919154511144464, 52.73079965765556 ], [ 6.918497461307613, 52.730175413298582 ], [ 6.916162428063396, 52.729523296861892 ], [ 6.911439435853879, 52.730386159370987 ], [ 6.910375986396557, 52.728565503077853 ], [ 6.908456074004968, 52.727463439391663 ], [ 6.90448435304055, 52.726331005844287 ], [ 6.900082708662441, 52.72634212606954 ], [ 6.895180501365792, 52.72900951897001 ], [ 6.895259429988395, 52.734533285585428 ], [ 6.889503804843736, 52.73168612132293 ], [ 6.886656621757399, 52.736918681964141 ], [ 6.881836719615815, 52.736599154450602 ], [ 6.880594207695141, 52.738028236249875 ], [ 6.878540347011373, 52.737491327110106 ], [ 6.878325166503592, 52.735447042058205 ], [ 6.876429493694662, 52.735251978291373 ], [ 6.87638123697686, 52.741108851048367 ], [ 6.873301773378943, 52.740741241105333 ], [ 6.873919330610565, 52.741734778907421 ], [ 6.873661374400069, 52.74309313764833 ], [ 6.874817359522462, 52.744966025239023 ], [ 6.872335550436972, 52.745936702711894 ], [ 6.87324594096529, 52.747280317433017 ], [ 6.87492907418455, 52.747550018431212 ], [ 6.875139961605137, 52.74716703334559 ], [ 6.874700505003689, 52.749162983393454 ], [ 6.86498689376092, 52.743540152502177 ], [ 6.848657976847792, 52.741903257157873 ], [ 6.847534135047296, 52.741475408166188 ], [ 6.846943760191606, 52.742185747526811 ], [ 6.846516249582981, 52.742015906387309 ], [ 6.848345899915932, 52.738700289665033 ], [ 6.842778760426233, 52.738788473188649 ], [ 6.842053915074391, 52.735792246340637 ], [ 6.84072181724025, 52.739332055150165 ], [ 6.839646486421281, 52.73919129733455 ], [ 6.839111020408816, 52.739806546342805 ], [ 6.834850799927599, 52.738106862985376 ], [ 6.831671788255349, 52.741180058374333 ], [ 6.830565884062763, 52.742287121350635 ], [ 6.83276206054157, 52.744036091911795 ], [ 6.833218843125205, 52.745823150469377 ], [ 6.831807228494846, 52.745834351015816 ], [ 6.83121688483431, 52.745266316206425 ], [ 6.829850080843624, 52.745127902226351 ], [ 6.831440218869633, 52.743864146319176 ], [ 6.82967977341767, 52.742779595404834 ], [ 6.835811047926803, 52.737021334199774 ] ] ], [ [ [ 6.715726865832012, 52.784569732892052 ], [ 6.713467651958359, 52.784437500666016 ], [ 6.712209585702539, 52.784919979036836 ], [ 6.711553460686704, 52.786049143963218 ], [ 6.715261746281624, 52.78725870736271 ], [ 6.722701581133395, 52.791018052569747 ], [ 6.723225676296271, 52.789896792265132 ], [ 6.725517208842689, 52.789944985897087 ], [ 6.726127642660318, 52.787897556532485 ], [ 6.720835743309099, 52.786846325578139 ], [ 6.720893386172377, 52.785716841333709 ], [ 6.719466002009925, 52.785691003177476 ], [ 6.719368436912619, 52.784782782489643 ], [ 6.715726865832012, 52.784569732892052 ] ] ], [ [ [ 6.880100176768556, 52.783371710850332 ], [ 6.879804243296533, 52.783836675147491 ], [ 6.879809443579074, 52.78469919034081 ], [ 6.880659601507197, 52.784891289451906 ], [ 6.881475266686332, 52.784439341419578 ], [ 6.879887525831677, 52.784319671335375 ], [ 6.880415428554347, 52.7831092227947 ], [ 6.880100176768556, 52.783371710850332 ] ] ], [ [ [ 6.894071488045363, 52.786859817121872 ], [ 6.893463126793208, 52.78673064301627 ], [ 6.892576717601711, 52.787431967980659 ], [ 6.893273213362254, 52.787573888493277 ], [ 6.894071488045363, 52.786859817121872 ] ] ], [ [ [ 6.724778050750082, 52.79102226124305 ], [ 6.723569389704148, 52.791450708620651 ], [ 6.725628147725926, 52.792616198405845 ], [ 6.726689975474973, 52.791948833538086 ], [ 6.724778050750082, 52.79102226124305 ] ] ], [ [ [ 6.737519229640284, 52.793093035513806 ], [ 6.736216007345289, 52.792833883006359 ], [ 6.735953261590792, 52.791695619628115 ], [ 6.733133494252017, 52.792819893367913 ], [ 6.735259601917228, 52.794435886175172 ], [ 6.737519229640284, 52.793093035513806 ] ] ], [ [ [ 6.920405630756466, 52.779519630307917 ], [ 6.920630865371181, 52.779763543374784 ], [ 6.920968068384031, 52.779723725812751 ], [ 6.920643885074331, 52.779235799210468 ], [ 6.920405630756466, 52.779519630307917 ] ] ], [ [ [ 6.92260334971519, 52.779615248825522 ], [ 6.92263388354839, 52.779612893133041 ], [ 6.922618838891684, 52.779588382262837 ], [ 6.922600112586354, 52.779591744325657 ], [ 6.92260334971519, 52.779615248825522 ] ] ], [ [ [ 7.044892455636846, 52.785748297842375 ], [ 7.044249939778437, 52.786031212066334 ], [ 7.045022265553465, 52.794196089913413 ], [ 7.046578853083879, 52.793996841325715 ], [ 7.045909163490193, 52.78579751803332 ], [ 7.047371060324257, 52.785821592160076 ], [ 7.044892455636846, 52.785748297842375 ] ] ] ] } },
{ "type": "Feature", "properties": { "label": "GNBH Groningen Bornholmstraat", "gid": "GNBH Groningen Bornholmstraat" }, "geometry": { "type": "MultiPolygon", "coordinates": [ [ [ [ 6.600381918071284, 53.1979343499724 ], [ 6.603271458394294, 53.196361274988597 ], [ 6.595892275524437, 53.194927248628709 ], [ 6.598713542864808, 53.19056076091676 ], [ 6.59711299737745, 53.190495554397366 ], [ 6.58318829081832, 53.186631410946418 ], [ 6.574430736535374, 53.184696374802087 ], [ 6.571168411649245, 53.185680145658182 ], [ 6.568543942029383, 53.188027936095345 ], [ 6.568396570107822, 53.187620816335972 ], [ 6.567440364601218, 53.187703796510604 ], [ 6.564193526735208, 53.19280137243878 ], [ 6.56259623647998, 53.192734355815261 ], [ 6.560787632848537, 53.195267833451986 ], [ 6.559485980987261, 53.195159891590315 ], [ 6.559468645914965, 53.195857860486996 ], [ 6.561735316197983, 53.195995826995535 ], [ 6.561998190678958, 53.197445148898609 ], [ 6.563119735240202, 53.197323625569638 ], [ 6.565270308051703, 53.200779506229154 ], [ 6.565549832543654, 53.202659825722016 ], [ 6.564730699223678, 53.203165774388765 ], [ 6.563935949307344, 53.203067732760317 ], [ 6.564305701599683, 53.204136365150376 ], [ 6.563737521755499, 53.204038477398839 ], [ 6.562169028258737, 53.207415070658968 ], [ 6.56141289018906, 53.208213523804382 ], [ 6.560810377083374, 53.208155848719848 ], [ 6.559328847915953, 53.210580275194594 ], [ 6.563523163981679, 53.210138527735545 ], [ 6.57132035815078, 53.210739809033086 ], [ 6.565504633467474, 53.210775288969671 ], [ 6.565186499013953, 53.211594281164658 ], [ 6.558665239143772, 53.213103096739076 ], [ 6.559675870674895, 53.216007495574829 ], [ 6.563049988264006, 53.217194574983104 ], [ 6.564804886804901, 53.217351294195424 ], [ 6.564538906707394, 53.217689086841212 ], [ 6.564968700833207, 53.217397963030209 ], [ 6.565298971764731, 53.218613490903827 ], [ 6.564603732235406, 53.219238431037653 ], [ 6.564712182249904, 53.219276950956143 ], [ 6.565909152644513, 53.219002178770083 ], [ 6.565725512780646, 53.218724811452837 ], [ 6.567751202697221, 53.219498189811169 ], [ 6.568043926605798, 53.219047195882332 ], [ 6.569337784654509, 53.218901952338406 ], [ 6.569388896661927, 53.218458134663607 ], [ 6.571011001804648, 53.218900076116441 ], [ 6.571127693980404, 53.218434515878656 ], [ 6.571857379336593, 53.219934559902121 ], [ 6.573828060723066, 53.216862342193565 ], [ 6.576600098777336, 53.215736782820592 ], [ 6.580118838212604, 53.217295581748346 ], [ 6.598261939445973, 53.222216236147709 ], [ 6.593828808718398, 53.2259325899172 ], [ 6.593129932493976, 53.225575802093161 ], [ 6.591593536481434, 53.226178472698166 ], [ 6.590341841749142, 53.227322821706487 ], [ 6.591779375374012, 53.227648341179545 ], [ 6.583042464925962, 53.234320685522846 ], [ 6.578308019453784, 53.236090269634282 ], [ 6.577623881885756, 53.23528200168888 ], [ 6.575272695545015, 53.236299216029316 ], [ 6.573828099923658, 53.234969078614462 ], [ 6.573191706661603, 53.235161017827565 ], [ 6.574129460750641, 53.236670015070025 ], [ 6.571144433613147, 53.237220499833803 ], [ 6.569284844619697, 53.238154892154441 ], [ 6.569512075827247, 53.238416748134284 ], [ 6.567546392518239, 53.238611584962051 ], [ 6.567833318157707, 53.239236347819357 ], [ 6.562681366229167, 53.240781884886125 ], [ 6.562931458451402, 53.241097168371482 ], [ 6.550814199444079, 53.244809916530869 ], [ 6.54715293354689, 53.24884991255572 ], [ 6.544764547783705, 53.249646973017178 ], [ 6.541096978264649, 53.249104410780788 ], [ 6.537751843518164, 53.25120346161571 ], [ 6.535820791880706, 53.254881715431431 ], [ 6.534959716108771, 53.255211911747587 ], [ 6.532057701895472, 53.25880815753159 ], [ 6.534267637444263, 53.259641355394848 ], [ 6.534266288192136, 53.260060422763289 ], [ 6.539116339967942, 53.260337005307335 ], [ 6.536927593030343, 53.265300948460649 ], [ 6.536437371762234, 53.268419440622679 ], [ 6.538589370848539, 53.268492181107042 ], [ 6.537502845065788, 53.272319567737313 ], [ 6.541818672290498, 53.272410767474298 ], [ 6.540976280084863, 53.274114306791652 ], [ 6.546318464134742, 53.264270230087313 ], [ 6.550263148129654, 53.264946899524631 ], [ 6.549551882511333, 53.264409014251569 ], [ 6.55175016316719, 53.263368568591169 ], [ 6.551387168162453, 53.26237503847895 ], [ 6.553509758775555, 53.262136937520808 ], [ 6.558134780664279, 53.262442721606462 ], [ 6.558217088823532, 53.262984104180255 ], [ 6.559770587218249, 53.26319893829502 ], [ 6.566599027004153, 53.263607220787165 ], [ 6.569262879950525, 53.254872824006362 ], [ 6.57132812366762, 53.253761165198881 ], [ 6.572229492060884, 53.25257918180273 ], [ 6.571567460597765, 53.250902338054374 ], [ 6.573634723465329, 53.249882620961174 ], [ 6.576445177934484, 53.256122810711659 ], [ 6.579965254251675, 53.260998189987617 ], [ 6.580463065217755, 53.26126561999601 ], [ 6.587771799509955, 53.260949677478031 ], [ 6.586557073871064, 53.25582763008083 ], [ 6.606351291294012, 53.253740845761257 ], [ 6.606407233979562, 53.251416587692027 ], [ 6.618345800872422, 53.251485928726559 ], [ 6.619296962522666, 53.249447892350368 ], [ 6.635043438083069, 53.251284742757782 ], [ 6.643082885910591, 53.235962951984298 ], [ 6.651059778350715, 53.241152223368616 ], [ 6.65286434858041, 53.240642246760579 ], [ 6.654715751667622, 53.239281795159449 ], [ 6.649099297312383, 53.23677039391481 ], [ 6.643581318744816, 53.23504456872675 ], [ 6.643656371084822, 53.233463998506345 ], [ 6.640048147333357, 53.232472717637087 ], [ 6.641088958760617, 53.231106142227503 ], [ 6.642748937885309, 53.231255494523211 ], [ 6.64331328313823, 53.230513204663659 ], [ 6.64072038409274, 53.228843503780638 ], [ 6.643870856426743, 53.226599669971925 ], [ 6.648785244194924, 53.21726234657072 ], [ 6.662564721378185, 53.205014539352739 ], [ 6.660795995219453, 53.205750276452306 ], [ 6.650292783375527, 53.20685082440145 ], [ 6.648604775956382, 53.207805395933086 ], [ 6.648161811214091, 53.207527314453024 ], [ 6.64748256583117, 53.208398681596343 ], [ 6.646859981062759, 53.208286340978042 ], [ 6.647127053756726, 53.206867037899933 ], [ 6.644548060484682, 53.20631879728267 ], [ 6.643686272898392, 53.204550255801259 ], [ 6.638634252714, 53.201629914922776 ], [ 6.633710490361536, 53.203677990802035 ], [ 6.632692872875883, 53.206231199320975 ], [ 6.632124905034414, 53.204891591602724 ], [ 6.63048755602202, 53.205703179774616 ], [ 6.625726037167593, 53.20517711657368 ], [ 6.628085089425604, 53.203727565861925 ], [ 6.631769416827175, 53.203256711393458 ], [ 6.631338231692476, 53.202394023289763 ], [ 6.628221683884448, 53.201277976914589 ], [ 6.627622169332809, 53.202394690162976 ], [ 6.626173214591183, 53.201481231285463 ], [ 6.625763951454522, 53.203794769138227 ], [ 6.624673539234608, 53.205178384299849 ], [ 6.619817868061041, 53.205033596918874 ], [ 6.614500439893281, 53.203954075295115 ], [ 6.613884457114914, 53.204771271031468 ], [ 6.612539221452804, 53.204195378360872 ], [ 6.61163651452281, 53.204843052282818 ], [ 6.610616307978363, 53.203440394556331 ], [ 6.609080402128869, 53.202943569593309 ], [ 6.627258737621227, 53.193693365409729 ], [ 6.629320280509454, 53.192914070055572 ], [ 6.631548973552264, 53.194016778301396 ], [ 6.633957546118839, 53.193502037428253 ], [ 6.636434394930863, 53.191762375031715 ], [ 6.641955937938949, 53.189526011059499 ], [ 6.641261514936011, 53.188398845168464 ], [ 6.643992998958356, 53.187365715419872 ], [ 6.639711331391639, 53.186057900855843 ], [ 6.63605016516723, 53.186378161392732 ], [ 6.636573197983671, 53.186744965003733 ], [ 6.635456283211165, 53.187355866232615 ], [ 6.633953779419797, 53.187794512077922 ], [ 6.63340055859917, 53.187365392440967 ], [ 6.631908851507773, 53.188414601114438 ], [ 6.625707039555845, 53.190266199593047 ], [ 6.625457741743389, 53.189977312636564 ], [ 6.622130674599273, 53.191566354297727 ], [ 6.598974797305694, 53.198596190168502 ], [ 6.600381918071284, 53.1979343499724 ] ] ], [ [ [ 6.54545991836025, 53.213428528598882 ], [ 6.546211044141126, 53.213122538158899 ], [ 6.545673607250294, 53.212430651784771 ], [ 6.544246669376756, 53.21342353023207 ], [ 6.54545991836025, 53.213428528598882 ] ] ], [ [ [ 6.570470613240684, 53.218950154992207 ], [ 6.570299461949541, 53.219133423551824 ], [ 6.570857909025405, 53.219248888134672 ], [ 6.570979097292718, 53.218972559726829 ], [ 6.570470613240684, 53.218950154992207 ] ] ], [ [ [ 6.56655207726762, 53.219180256653246 ], [ 6.566131804255901, 53.219640670488452 ], [ 6.566268789161421, 53.22002991510211 ], [ 6.566986100543829, 53.219247771451869 ], [ 6.56655207726762, 53.219180256653246 ] ] ], [ [ [ 6.632989767666231, 53.196818197003559 ], [ 6.629893229401021, 53.19905624416824 ], [ 6.630451603116955, 53.200322179380372 ], [ 6.63275354454502, 53.200774761487502 ], [ 6.639053559777532, 53.199393818604953 ], [ 6.639947303892115, 53.198123116477063 ], [ 6.632989767666231, 53.196818197003559 ] ] ] ] } },
{ "type": "Feature", "properties": { "label": "SW-Steenwijk", "gid": "SW-Steenwijk" }, "geometry": { "type": "MultiPolygon", "coordinates": [ [ [ [ 6.073586846675166, 52.706635822435025 ], [ 6.074172952373546, 52.708210672508386 ], [ 6.076636217972159, 52.707608753810042 ], [ 6.075497612513328, 52.706184461102175 ], [ 6.073586846675166, 52.706635822435025 ] ] ], [ [ [ 6.08242507329327, 52.712276687811055 ], [ 6.082240687855202, 52.712710771631727 ], [ 6.083491617964185, 52.713124004892663 ], [ 6.083101924265329, 52.711905538306191 ], [ 6.08242507329327, 52.712276687811055 ] ] ], [ [ [ 6.194293933945052, 52.718486006018509 ], [ 6.193929662308908, 52.718882420211038 ], [ 6.195987635738033, 52.720521148838998 ], [ 6.196556270003329, 52.718964003020375 ], [ 6.195199562046715, 52.718097950962488 ], [ 6.194293933945052, 52.718486006018509 ] ] ], [ [ [ 6.245051005330591, 52.724915456242812 ], [ 6.244664463829521, 52.72556278978724 ], [ 6.245119839398213, 52.725727528916117 ], [ 6.245717599780664, 52.724917397262175 ], [ 6.245051005330591, 52.724915456242812 ] ] ], [ [ [ 6.130451673129395, 52.843872550585857 ], [ 6.136794483032993, 52.838917075416624 ], [ 6.151962155268805, 52.828829686180249 ], [ 6.149564678432339, 52.828458970748862 ], [ 6.14736379225369, 52.829231040040902 ], [ 6.144256094638405, 52.827315103087514 ], [ 6.145788470510633, 52.826299051522568 ], [ 6.148227705158074, 52.827842021764774 ], [ 6.149895735808824, 52.828123878831406 ], [ 6.151714833102763, 52.827399158478634 ], [ 6.159907032164959, 52.831548370838405 ], [ 6.170462237692865, 52.823927958246209 ], [ 6.164194570879947, 52.820381795253461 ], [ 6.171408177771933, 52.815255504945277 ], [ 6.17473659594252, 52.817518386263828 ], [ 6.17695720433484, 52.823010800440272 ], [ 6.179340004658259, 52.825685088565457 ], [ 6.181942237888054, 52.827157107885526 ], [ 6.187431739721109, 52.829079402441593 ], [ 6.19063848660758, 52.832227923305858 ], [ 6.193111907887673, 52.833832581997193 ], [ 6.198562300217111, 52.836482980487077 ], [ 6.201798442338186, 52.837405548186304 ], [ 6.21589801070543, 52.839265864195127 ], [ 6.21968756343748, 52.84030891772327 ], [ 6.233845673988089, 52.838492713139125 ], [ 6.244738357422718, 52.840433016677586 ], [ 6.250546377157158, 52.84015238802975 ], [ 6.255747737773302, 52.83906931138678 ], [ 6.259883096135512, 52.838730749500613 ], [ 6.267602932819456, 52.836858054253476 ], [ 6.270322684067486, 52.836903096974488 ], [ 6.270960494258857, 52.830973961849686 ], [ 6.274787111302214, 52.830773933865288 ], [ 6.274833830039531, 52.828489201323848 ], [ 6.271427717310368, 52.827302192727814 ], [ 6.272393321887324, 52.818571323765532 ], [ 6.274657415918307, 52.817780609780982 ], [ 6.282280169694788, 52.816429873079819 ], [ 6.301523661426191, 52.81384460014452 ], [ 6.307336775780476, 52.812056786642643 ], [ 6.306197763867806, 52.808201235779691 ], [ 6.310418051452736, 52.806562724619994 ], [ 6.310559778747493, 52.805235154579549 ], [ 6.311959995610665, 52.804178562128484 ], [ 6.313731214228564, 52.803742510548417 ], [ 6.313879068787914, 52.80212934049279 ], [ 6.309267550657002, 52.800011640867908 ], [ 6.309857947039554, 52.799205508181231 ], [ 6.308512577812918, 52.798758728418704 ], [ 6.308429784258088, 52.796955909334891 ], [ 6.309413530928029, 52.795325439549082 ], [ 6.306924597458985, 52.79387102151582 ], [ 6.305159175058338, 52.791474226952815 ], [ 6.301003692483206, 52.790964557831757 ], [ 6.302609176385062, 52.789523737214367 ], [ 6.302184248755363, 52.788495981464791 ], [ 6.293170577646701, 52.787651522669151 ], [ 6.292758132333181, 52.789712021692793 ], [ 6.291164946118725, 52.790491071884624 ], [ 6.290267898925205, 52.788151329974625 ], [ 6.287898932748619, 52.786568983062331 ], [ 6.286745546846129, 52.786922019763928 ], [ 6.285917738140411, 52.786320969307752 ], [ 6.286397118006498, 52.786563182940597 ], [ 6.290350698158806, 52.785699157081112 ], [ 6.286613800579719, 52.783802207984635 ], [ 6.284060790674869, 52.784382529120315 ], [ 6.283546570543207, 52.785133816578018 ], [ 6.282342066205855, 52.78571567379182 ], [ 6.281530315429929, 52.784886169293891 ], [ 6.282151631381448, 52.784308364722051 ], [ 6.281232870467491, 52.783925658983307 ], [ 6.281119869029655, 52.782364034563265 ], [ 6.279745612801495, 52.781528436242596 ], [ 6.277896445905507, 52.782496855909201 ], [ 6.269724926261189, 52.776634390050596 ], [ 6.272359311194431, 52.77504593152765 ], [ 6.28131709487082, 52.762883915849706 ], [ 6.286821144217874, 52.764286039333065 ], [ 6.292555108341901, 52.765181553051292 ], [ 6.285936031165774, 52.763936813325991 ], [ 6.287941583760531, 52.760674287020557 ], [ 6.286144239949556, 52.756354049243392 ], [ 6.283532488369324, 52.754738336239058 ], [ 6.278041721213797, 52.754904015198413 ], [ 6.272487138678538, 52.754154809963893 ], [ 6.271143276031822, 52.752199402156805 ], [ 6.27940152800601, 52.743375494148495 ], [ 6.27797269836551, 52.741653562671388 ], [ 6.271608653550594, 52.73822742948451 ], [ 6.270816413783018, 52.738959597132137 ], [ 6.26843449094707, 52.73810717211768 ], [ 6.269462424006056, 52.737232848334457 ], [ 6.253359429934561, 52.729942225875547 ], [ 6.249326947203245, 52.72844029524731 ], [ 6.244077224285333, 52.727142471865825 ], [ 6.243796697633496, 52.727457213309755 ], [ 6.244978407582358, 52.725920198477908 ], [ 6.241026437913263, 52.727128513377011 ], [ 6.240426174764029, 52.726955814636426 ], [ 6.241632030246732, 52.724501502211339 ], [ 6.2379507013431, 52.724268366876515 ], [ 6.237546069708924, 52.723913026711337 ], [ 6.236901791512144, 52.725847552769807 ], [ 6.23469303689536, 52.726475018880294 ], [ 6.229236470080852, 52.729302369998237 ], [ 6.224263936660278, 52.729213387279863 ], [ 6.217623491702048, 52.721299679847206 ], [ 6.216319806899402, 52.718604034636151 ], [ 6.216430139920988, 52.715428993289578 ], [ 6.211974503111229, 52.716325833999882 ], [ 6.211154074655841, 52.715366864645119 ], [ 6.205855661571164, 52.71555655455883 ], [ 6.205576312639929, 52.720283313888757 ], [ 6.203012966556412, 52.720851373028182 ], [ 6.200231392392464, 52.719427141290012 ], [ 6.198195809542606, 52.722643458113659 ], [ 6.200853692271305, 52.728444731161233 ], [ 6.199932157983808, 52.728955828288221 ], [ 6.19898894388213, 52.732828307343688 ], [ 6.195226655933798, 52.739526704104847 ], [ 6.17842258804068, 52.734538415678941 ], [ 6.181065137152093, 52.730665090108801 ], [ 6.174437467592763, 52.729334499216414 ], [ 6.176359587905501, 52.725446589774123 ], [ 6.173883090700607, 52.723482513572996 ], [ 6.170036407891847, 52.721927126797823 ], [ 6.166255904728343, 52.727628881294841 ], [ 6.160951041017604, 52.723234539185391 ], [ 6.152357036655439, 52.71851462410595 ], [ 6.142647085262956, 52.716326359268045 ], [ 6.132976388754849, 52.73139632006842 ], [ 6.127136506517293, 52.729946168219719 ], [ 6.129584464124516, 52.730793162455285 ], [ 6.1233610349168, 52.737422719919486 ], [ 6.121642896315199, 52.73784434068461 ], [ 6.126843006052204, 52.729873275961076 ], [ 6.112277822349394, 52.72623856684195 ], [ 6.110640113546895, 52.726438338918449 ], [ 6.110934968451725, 52.725654255221208 ], [ 6.105845576635534, 52.724916348272671 ], [ 6.107330565755256, 52.723511429181386 ], [ 6.106063981055693, 52.723481386362536 ], [ 6.106056115573703, 52.723035680068257 ], [ 6.107223019362972, 52.723083672153344 ], [ 6.107944602800235, 52.721943552381475 ], [ 6.105947512825098, 52.721615242118311 ], [ 6.10603156912894, 52.721334253338242 ], [ 6.107200139459166, 52.721544283756899 ], [ 6.10711356897786, 52.720986956582173 ], [ 6.105188874525288, 52.720550907048853 ], [ 6.105837760540386, 52.719503356360441 ], [ 6.103446786242181, 52.719249845923244 ], [ 6.10446028449653, 52.717659187948357 ], [ 6.100970181694546, 52.716943225986178 ], [ 6.101771156208982, 52.716101489151008 ], [ 6.101042652144783, 52.715619286582466 ], [ 6.09997087031757, 52.716439194395484 ], [ 6.098944391583532, 52.715621952512322 ], [ 6.097800512442304, 52.715559075507471 ], [ 6.097143564719484, 52.716002244368958 ], [ 6.096002016780932, 52.715800102550517 ], [ 6.095602573947577, 52.716432144118471 ], [ 6.094323398345353, 52.715078673068788 ], [ 6.090013336576485, 52.715208971995217 ], [ 6.089266507849416, 52.714353312345423 ], [ 6.084768246338852, 52.714429534046587 ], [ 6.084213816967048, 52.715189275760487 ], [ 6.082990380003164, 52.715321053515432 ], [ 6.083778094080821, 52.716574434799021 ], [ 6.082382973262761, 52.716562677867188 ], [ 6.081184243985681, 52.715463635550066 ], [ 6.078523099710182, 52.715255988506371 ], [ 6.078393875024884, 52.714799449733718 ], [ 6.080335825326526, 52.714021675432797 ], [ 6.080166080209443, 52.713450234598895 ], [ 6.076217155470565, 52.713630718563728 ], [ 6.076041619714892, 52.714257435456993 ], [ 6.074604767800738, 52.71103236212155 ], [ 6.07146973461178, 52.707636073953253 ], [ 6.070920442580623, 52.701458880976482 ], [ 6.066887470660694, 52.700671761506207 ], [ 6.065329449409299, 52.703074410011197 ], [ 6.066081051212623, 52.705192491390925 ], [ 6.06688726887259, 52.70555976077695 ], [ 6.063829533317814, 52.707212079510349 ], [ 6.061406858531034, 52.706989150694696 ], [ 6.059406018449061, 52.708224975676089 ], [ 6.05620664129697, 52.707937005155003 ], [ 6.054020732303876, 52.706705904687347 ], [ 6.052034909593556, 52.704581781307766 ], [ 6.046471137396234, 52.706390794171114 ], [ 6.046519371561425, 52.707314683555616 ], [ 6.041926896228556, 52.709032824243906 ], [ 6.039858420761263, 52.708869920194346 ], [ 6.036495946397833, 52.706034041333787 ], [ 6.034785254141148, 52.706258974490304 ], [ 6.030226206946914, 52.709113281007639 ], [ 6.016819269377134, 52.712705206072002 ], [ 6.018085410837603, 52.717891828778747 ], [ 6.014487744356407, 52.722569782935089 ], [ 6.005648703888936, 52.72967214598907 ], [ 6.049763153317461, 52.738826636695457 ], [ 6.050548401198174, 52.752009412151409 ], [ 6.04856017945052, 52.751331749133875 ], [ 6.049474255475235, 52.750222734948927 ], [ 6.047887049066103, 52.746623833779474 ], [ 6.041064691111409, 52.743725242573269 ], [ 6.04021375295082, 52.743539372529575 ], [ 6.035629195508319, 52.747474952712437 ], [ 6.036910531379165, 52.752208262792394 ], [ 6.036176044133663, 52.754282234002872 ], [ 6.040719135460758, 52.755933301002173 ], [ 6.050381008863601, 52.764748313295613 ], [ 6.047533623634449, 52.76481219385289 ], [ 6.046762752573692, 52.768662222609386 ], [ 6.048725688329556, 52.769451306040565 ], [ 6.046497512613072, 52.774482449850325 ], [ 6.039586772670857, 52.773420856665496 ], [ 6.036087896930312, 52.768472006488537 ], [ 6.03451290873363, 52.767633080863121 ], [ 6.037041352286789, 52.764502130871072 ], [ 6.034941708034117, 52.763344267639731 ], [ 6.028998516560421, 52.766073551742579 ], [ 6.020392512478253, 52.765716440682233 ], [ 6.0137424930555, 52.768060429228726 ], [ 6.008785314443758, 52.769155381120143 ], [ 6.00598066870722, 52.771994688998312 ], [ 6.003533064130053, 52.771324227649387 ], [ 6.005918859175671, 52.772227305909539 ], [ 5.991815051631609, 52.768291615610728 ], [ 5.987982940809339, 52.772379287656477 ], [ 5.984207625600071, 52.781209658635838 ], [ 5.982206515425545, 52.781398347338175 ], [ 5.972782181932522, 52.776212830225056 ], [ 5.975540395501367, 52.770136353050489 ], [ 5.974103516488734, 52.763450783633765 ], [ 5.971720070828043, 52.762527291789453 ], [ 5.975544536691091, 52.757722787672797 ], [ 5.976305521714935, 52.758208193109503 ], [ 5.977386587607609, 52.757772650482785 ], [ 5.976353431101211, 52.756709309429908 ], [ 5.976772408204241, 52.756359036214732 ], [ 5.963698372253837, 52.755905245622515 ], [ 5.962756646294772, 52.756128031987792 ], [ 5.959042140187871, 52.759925329726926 ], [ 5.952489594931619, 52.757754433043146 ], [ 5.939696804229583, 52.762528628366418 ], [ 5.919470260661507, 52.771412201485276 ], [ 5.90873657767299, 52.777287551221796 ], [ 5.891217627064606, 52.793432186950788 ], [ 5.889291615807432, 52.79479820122345 ], [ 5.887096571812417, 52.794136282990642 ], [ 5.88568525489942, 52.795857215618682 ], [ 5.888760899246096, 52.796549666904632 ], [ 5.890518130417571, 52.797754656696227 ], [ 5.892279605845484, 52.799666998834546 ], [ 5.893014343210952, 52.801702056216968 ], [ 5.892076014683673, 52.8034783997646 ], [ 5.892578213800152, 52.806004778991642 ], [ 5.897881478136423, 52.807803312165468 ], [ 5.900657173528275, 52.811824865473355 ], [ 5.908583603373421, 52.813712079145539 ], [ 5.911965720349008, 52.816115948827765 ], [ 5.913859944408686, 52.818622114198853 ], [ 5.916321230362877, 52.820280337124657 ], [ 5.924202018826967, 52.823589843310877 ], [ 5.922946169257379, 52.827525835092793 ], [ 5.926409573961534, 52.828183444963173 ], [ 5.92274725822083, 52.829872580895618 ], [ 5.923097636703166, 52.831034503323963 ], [ 5.926983265579947, 52.831576785117242 ], [ 5.930115122195558, 52.831356541784352 ], [ 5.930653798564279, 52.832247560232062 ], [ 5.926732157708866, 52.833291768494306 ], [ 5.930157747360854, 52.835012906904595 ], [ 5.938019494296412, 52.835381768804311 ], [ 5.941802577892854, 52.835968563067851 ], [ 5.946247287987609, 52.837424715443603 ], [ 5.955783673778084, 52.833234569102615 ], [ 5.956853360228317, 52.834442704249895 ], [ 5.955792338084161, 52.837441846163635 ], [ 5.958731318940829, 52.83976596131216 ], [ 5.969976268217108, 52.84237532308866 ], [ 5.973127795319, 52.842469714403109 ], [ 5.972438087974249, 52.841916695024146 ], [ 5.972870727900838, 52.840713570091594 ], [ 5.976174984669163, 52.834748172011921 ], [ 5.981556478763819, 52.829473220850645 ], [ 5.986394300541118, 52.821853984019398 ], [ 5.986252061193098, 52.82109793812463 ], [ 5.988767323348648, 52.821278734370978 ], [ 5.989605607803806, 52.820548461033475 ], [ 5.990574655407385, 52.821596560818115 ], [ 5.994209508160882, 52.819116243366231 ], [ 5.996507856558168, 52.816561509679623 ], [ 5.999078385382304, 52.816910007598537 ], [ 6.007483397850731, 52.820046468905083 ], [ 6.017899594429926, 52.821900336898587 ], [ 6.024558962546595, 52.82254466263565 ], [ 6.025580280276526, 52.822123328870049 ], [ 6.026761014981388, 52.825813154438741 ], [ 6.027646535605563, 52.8261788505731 ], [ 6.027000683209448, 52.826633975036422 ], [ 6.027427932980316, 52.827011259406248 ], [ 6.026678031521391, 52.828837975740399 ], [ 6.025733339565557, 52.829634526388645 ], [ 6.025916007689383, 52.830537009618553 ], [ 6.024424173116844, 52.832239742076979 ], [ 6.028101727049527, 52.834650965928674 ], [ 6.029027153577001, 52.834320010238272 ], [ 6.032890032016179, 52.834524035942948 ], [ 6.038418159271491, 52.833076119199418 ], [ 6.039310280314132, 52.831717239759826 ], [ 6.046957079639018, 52.831588636741436 ], [ 6.048366579939125, 52.831041621733569 ], [ 6.051228642877176, 52.831233763925425 ], [ 6.046758370031894, 52.835167897275113 ], [ 6.047425901589512, 52.835511912388924 ], [ 6.046947265862781, 52.83673769734277 ], [ 6.047870124010576, 52.837109619060662 ], [ 6.043753687686873, 52.840120274190795 ], [ 6.043904075540714, 52.84031218911722 ], [ 6.05464512952076, 52.832191382221083 ], [ 6.052916360835008, 52.83655858713383 ], [ 6.056578472308541, 52.835515372343551 ], [ 6.054500213033768, 52.837624267146772 ], [ 6.061512964249131, 52.839296292897252 ], [ 6.08100026776766, 52.838732323302573 ], [ 6.083297784399603, 52.839486976242299 ], [ 6.087962379194274, 52.843237521244824 ], [ 6.087993195584041, 52.844235081109424 ], [ 6.09084528733157, 52.845817003997304 ], [ 6.092800953924776, 52.845663100012146 ], [ 6.094304167244473, 52.846938697242905 ], [ 6.099723853117904, 52.849165638498249 ], [ 6.100522472082186, 52.850035943289527 ], [ 6.105446005909025, 52.851711936819996 ], [ 6.110370169666018, 52.85156534737532 ], [ 6.111157375202344, 52.853043798903876 ], [ 6.111074944580892, 52.85555711933177 ], [ 6.113604282828312, 52.857514689122191 ], [ 6.116384158264845, 52.858825798044847 ], [ 6.11746271894237, 52.858949955173841 ], [ 6.120994747368495, 52.85464975511487 ], [ 6.119819889813938, 52.854214943213961 ], [ 6.128694393238038, 52.847807370316893 ], [ 6.130451673129395, 52.843872550585857 ] ], [ [ 6.153279193773102, 52.739874095785375 ], [ 6.151496397625485, 52.739467657067301 ], [ 6.153344602261273, 52.736629847107451 ], [ 6.155425542725936, 52.737165793120226 ], [ 6.155710936442111, 52.737903922656052 ], [ 6.157251126015816, 52.738272133005765 ], [ 6.154600481961781, 52.737721111387529 ], [ 6.153279193773102, 52.739874095785375 ] ] ] ] } },
{ "type": "Feature", "properties": { "label": "HGV-Hoogeveen", "gid": "HGV-Hoogeveen" }, "geometry": { "type": "MultiPolygon", "coordinates": [ [ [ [ 6.368690268710007, 52.68536235273956 ], [ 6.369138568343591, 52.686531575350294 ], [ 6.37160626871318, 52.685768183366875 ], [ 6.371105884538096, 52.685661630861631 ], [ 6.368690268710007, 52.68536235273956 ] ] ], [ [ [ 6.172576711294559, 52.69803744960452 ], [ 6.172339616511466, 52.696099747204073 ], [ 6.172990522761146, 52.695223200901083 ], [ 6.170408316981924, 52.695489130939443 ], [ 6.167682473750855, 52.694841406921732 ], [ 6.16665374849793, 52.695095160955709 ], [ 6.165286958646589, 52.694414051853407 ], [ 6.165266842518225, 52.69386473932218 ], [ 6.163318543104054, 52.693309715903752 ], [ 6.16391890117305, 52.692842257067525 ], [ 6.159107596983358, 52.69250254300146 ], [ 6.161417267336971, 52.694588244008102 ], [ 6.161248728284826, 52.69513276043832 ], [ 6.167348996124901, 52.699583560367792 ], [ 6.169569398801491, 52.698602518655882 ], [ 6.171400961102623, 52.699654705266653 ], [ 6.172576711294559, 52.69803744960452 ] ] ], [ [ [ 6.334782229572093, 52.798112916701477 ], [ 6.340387599276668, 52.799050723782614 ], [ 6.365773705059795, 52.799117174254746 ], [ 6.380724891875297, 52.798050522913471 ], [ 6.393575804200189, 52.795351362921771 ], [ 6.395856755751071, 52.790492418969656 ], [ 6.413632299787603, 52.797329928103395 ], [ 6.438637739177086, 52.804062421658088 ], [ 6.478490847591507, 52.795847796064379 ], [ 6.48021522912132, 52.798400689499609 ], [ 6.487246658703704, 52.797071868726825 ], [ 6.488836072640117, 52.799315225928133 ], [ 6.495611893122767, 52.798992430965079 ], [ 6.502995560511049, 52.797060531129084 ], [ 6.506269803369717, 52.7931996249675 ], [ 6.502665009646435, 52.792565561582784 ], [ 6.507483862011922, 52.790614952708253 ], [ 6.507136409761199, 52.790212691395958 ], [ 6.507891550145107, 52.790058620804039 ], [ 6.508615299974903, 52.788908602899404 ], [ 6.511939264087701, 52.787449198670046 ], [ 6.507450801578736, 52.784472242895234 ], [ 6.505832749298995, 52.782807880104322 ], [ 6.508679179531299, 52.781250936894203 ], [ 6.49862292180497, 52.774353145523982 ], [ 6.495686179879955, 52.77323835215315 ], [ 6.504888193302127, 52.772353811780683 ], [ 6.506363837074055, 52.770019661060623 ], [ 6.50566085946511, 52.769859235674055 ], [ 6.507031679215354, 52.769546172565875 ], [ 6.515731613157096, 52.771412164175509 ], [ 6.517165211982264, 52.769527049299185 ], [ 6.526059662579519, 52.772012225265108 ], [ 6.527656835365558, 52.770156439591119 ], [ 6.529567635410621, 52.770643520276892 ], [ 6.530819546593404, 52.768984633983372 ], [ 6.53721726162718, 52.770749453843059 ], [ 6.537592996438237, 52.770433246146226 ], [ 6.540621319462422, 52.771200232872367 ], [ 6.541971255443334, 52.769522139783462 ], [ 6.548531041796628, 52.771313684237967 ], [ 6.551872099535755, 52.766673404796819 ], [ 6.55118463208104, 52.765401207331429 ], [ 6.566385373835276, 52.765578943950267 ], [ 6.574487453525653, 52.78382228833992 ], [ 6.588594555279254, 52.784199643589922 ], [ 6.588600829096624, 52.78268133985209 ], [ 6.589621934548308, 52.782507376504689 ], [ 6.587106804280764, 52.779206695345529 ], [ 6.594195392019759, 52.778174004898901 ], [ 6.607588621673448, 52.777991329268168 ], [ 6.61164076741351, 52.776986344898141 ], [ 6.617797786184138, 52.785794360318278 ], [ 6.620698661803261, 52.788684918324179 ], [ 6.623650596996216, 52.788329657580412 ], [ 6.625841597440068, 52.789092388477115 ], [ 6.629190002896906, 52.788081793595346 ], [ 6.629855746961193, 52.788506820062352 ], [ 6.631854713392314, 52.787813978957544 ], [ 6.63018090663792, 52.786185300593814 ], [ 6.638956184834509, 52.782560052666767 ], [ 6.649135747894461, 52.791273489494138 ], [ 6.651369263397449, 52.788876173461425 ], [ 6.653283557735051, 52.788840165835012 ], [ 6.657829441521546, 52.784517100707923 ], [ 6.659493762505662, 52.784423051106415 ], [ 6.653058755154063, 52.778330048806971 ], [ 6.668602171993056, 52.77930691511753 ], [ 6.676459577785939, 52.778106845876984 ], [ 6.685783688952581, 52.77801750226304 ], [ 6.682971613430291, 52.773398055200062 ], [ 6.685658856150039, 52.772155711626766 ], [ 6.684566971443196, 52.762719741997429 ], [ 6.654466318241584, 52.762664981592486 ], [ 6.65388882139976, 52.760919812901435 ], [ 6.652920886557109, 52.760441484464287 ], [ 6.65093103704544, 52.757737089170632 ], [ 6.650083599104631, 52.75753607155476 ], [ 6.648678041616905, 52.755066344002849 ], [ 6.648611024565835, 52.75119334010526 ], [ 6.64775794785245, 52.750276637602468 ], [ 6.650320518288616, 52.745755478798571 ], [ 6.643256654639748, 52.743352530039864 ], [ 6.644588629368455, 52.742231853237413 ], [ 6.645775081382952, 52.742291218048649 ], [ 6.653025468928881, 52.736188317070436 ], [ 6.645341063870278, 52.733083329643591 ], [ 6.650248351349932, 52.728590845574139 ], [ 6.6408598752488, 52.72848459933688 ], [ 6.676398413958025, 52.727837456862133 ], [ 6.676239303081334, 52.727532793861634 ], [ 6.673036487077203, 52.727628838330233 ], [ 6.674459582962943, 52.724838091298913 ], [ 6.670552037347756, 52.724769391245701 ], [ 6.670025656734728, 52.723344964119278 ], [ 6.669232041711793, 52.723265262516044 ], [ 6.669947165645809, 52.722503816076355 ], [ 6.670605806069326, 52.722521399290706 ], [ 6.665414753027037, 52.721732563174143 ], [ 6.663191659025004, 52.72264670362555 ], [ 6.660763478195062, 52.720799275440378 ], [ 6.660667700006307, 52.720055159965874 ], [ 6.667630319805707, 52.7131244821541 ], [ 6.667200547016159, 52.712970217822608 ], [ 6.655537862366882, 52.724588271306459 ], [ 6.653735838201956, 52.724455479894416 ], [ 6.64966642093042, 52.723206452151381 ], [ 6.647126176272585, 52.721769269511476 ], [ 6.643299196604824, 52.720537506826403 ], [ 6.643197259783036, 52.719238217491714 ], [ 6.644435175099449, 52.717547503023354 ], [ 6.641848789462715, 52.716815275480144 ], [ 6.642353179688971, 52.716175888957935 ], [ 6.641775627812462, 52.716018859653083 ], [ 6.642397657103393, 52.715819436904127 ], [ 6.639487118839599, 52.715336469577515 ], [ 6.638725584456312, 52.714541361439345 ], [ 6.633674874553504, 52.713235235148268 ], [ 6.627803329670615, 52.712529824094645 ], [ 6.621918144571695, 52.712459625492613 ], [ 6.620600670677792, 52.710846112169925 ], [ 6.621119549196943, 52.705371337516048 ], [ 6.629483298631889, 52.706854986551605 ], [ 6.62897646484326, 52.698025014931986 ], [ 6.621934882333722, 52.697683167084449 ], [ 6.621989878601813, 52.698762734462825 ], [ 6.611761228290705, 52.699003849866067 ], [ 6.6118323545335, 52.700192156227423 ], [ 6.610003053391512, 52.699977662120652 ], [ 6.610028856755068, 52.695830571212397 ], [ 6.607335884315874, 52.695638279759578 ], [ 6.605992850461792, 52.694553926674125 ], [ 6.604059424765016, 52.694624509485266 ], [ 6.603938621937322, 52.693593865484203 ], [ 6.607438533023182, 52.693058696078076 ], [ 6.609622134323425, 52.691574919706206 ], [ 6.60861411721601, 52.690036634237842 ], [ 6.60596198125203, 52.68974936084237 ], [ 6.607571498066347, 52.686666631890205 ], [ 6.606513258288985, 52.685143791038399 ], [ 6.605400693703658, 52.685251036743274 ], [ 6.604462098145261, 52.6815155636668 ], [ 6.608616235863805, 52.681323637748179 ], [ 6.608101231776859, 52.673173452393954 ], [ 6.608679925356664, 52.673251420143849 ], [ 6.578788419023718, 52.669155072888785 ], [ 6.575134487511923, 52.664711028671512 ], [ 6.575677535235262, 52.662406857606967 ], [ 6.574991123440501, 52.660093035261227 ], [ 6.573653256482588, 52.65916318543546 ], [ 6.571901826067372, 52.658928047132434 ], [ 6.575682538910662, 52.656213990346174 ], [ 6.57955088406335, 52.658270642399245 ], [ 6.581395897959282, 52.661251366882787 ], [ 6.593930993369866, 52.667568042507753 ], [ 6.60435917498824, 52.659794271571087 ], [ 6.57104822672475, 52.643498369859103 ], [ 6.568917025906823, 52.639770199438352 ], [ 6.567292415730298, 52.640967677231579 ], [ 6.568569030345716, 52.642821944441259 ], [ 6.567450472310822, 52.644881927777071 ], [ 6.566185267860778, 52.64589814531341 ], [ 6.56278064812115, 52.646843827591297 ], [ 6.55997662033614, 52.644964471346874 ], [ 6.558491069456447, 52.644888516846656 ], [ 6.557003406205455, 52.645817519476147 ], [ 6.556953987850765, 52.646390488098803 ], [ 6.556231746213492, 52.646411802469508 ], [ 6.555849597878036, 52.644623415608848 ], [ 6.559964854204708, 52.641882281511492 ], [ 6.560213782132189, 52.640585492974466 ], [ 6.562536010049065, 52.640217496283022 ], [ 6.557688429988319, 52.637763368056092 ], [ 6.557382178123279, 52.638446270369187 ], [ 6.554187614997497, 52.638584448775511 ], [ 6.552404994981203, 52.63723255821381 ], [ 6.548048635309597, 52.63637887287009 ], [ 6.545106900472554, 52.637280664273455 ], [ 6.544005906694584, 52.637214110404848 ], [ 6.540575658613892, 52.638578015138151 ], [ 6.539673513668242, 52.638209293866105 ], [ 6.540337253552869, 52.636219109951782 ], [ 6.539294207011241, 52.635703495042982 ], [ 6.539570526407268, 52.634678269528912 ], [ 6.54225022299524, 52.633463432661081 ], [ 6.542704024759463, 52.632621860525582 ], [ 6.546284289060665, 52.63205452213807 ], [ 6.547938593103242, 52.630812814010476 ], [ 6.550510910004131, 52.630340940122814 ], [ 6.548028415492097, 52.629087883041535 ], [ 6.549153630481815, 52.627864413440982 ], [ 6.546800655272491, 52.62728495635659 ], [ 6.547995085341387, 52.626202062421392 ], [ 6.547682515301957, 52.624684852067695 ], [ 6.548229529915025, 52.624080628278641 ], [ 6.546507156602983, 52.623459959989496 ], [ 6.541760485750858, 52.622970184574491 ], [ 6.538250157682783, 52.621451484614127 ], [ 6.538289562403722, 52.617826165096119 ], [ 6.537528732860703, 52.617086072732462 ], [ 6.518331994875403, 52.615757852982107 ], [ 6.518141366595884, 52.617181550141432 ], [ 6.521595453146961, 52.61849169814198 ], [ 6.524641819087019, 52.620924364848605 ], [ 6.518484345960104, 52.624462865293815 ], [ 6.517075071256893, 52.624382774053551 ], [ 6.516809811700975, 52.626192212907782 ], [ 6.51988361924283, 52.628187034493891 ], [ 6.517388163010159, 52.63077405521507 ], [ 6.516184641675971, 52.630785791121347 ], [ 6.516177264221146, 52.630491568627953 ], [ 6.514833507760049, 52.639666270760792 ], [ 6.515892041837263, 52.639590457365721 ], [ 6.517846268783817, 52.641145836541824 ], [ 6.520121338234948, 52.641408053620829 ], [ 6.52071894684023, 52.643466961566176 ], [ 6.51760729526936, 52.644358777486403 ], [ 6.514224859492738, 52.643995787536618 ], [ 6.514307260335685, 52.646529693941119 ], [ 6.503174429488229, 52.64803880688266 ], [ 6.503732388376848, 52.648493132151643 ], [ 6.507021659616698, 52.648384919796001 ], [ 6.507976635338606, 52.649006492998183 ], [ 6.507430521501989, 52.650384338448006 ], [ 6.511171684392545, 52.654904939862895 ], [ 6.509744296472457, 52.658348029714325 ], [ 6.512740448700825, 52.663491928924628 ], [ 6.511257332703674, 52.665146888538445 ], [ 6.510950911266046, 52.667591220625852 ], [ 6.507415845987616, 52.667717229218361 ], [ 6.507309742413186, 52.666950508996464 ], [ 6.504575351887572, 52.667374178576864 ], [ 6.503291794107567, 52.666608699608105 ], [ 6.499603929408945, 52.666677005059334 ], [ 6.499618230120896, 52.666311183552423 ], [ 6.496397429821294, 52.666334812521214 ], [ 6.495855367897149, 52.666861777189141 ], [ 6.494516599823923, 52.666994098936421 ], [ 6.491681663834801, 52.666438412438318 ], [ 6.492843607439204, 52.668411933473955 ], [ 6.490721393263213, 52.671716234830086 ], [ 6.484304026139011, 52.671908643035863 ], [ 6.484394620038384, 52.671109456270493 ], [ 6.483099902185851, 52.671079700791637 ], [ 6.482849025188026, 52.671902931429663 ], [ 6.481975303029972, 52.671937515603318 ], [ 6.482563911648506, 52.668647991285795 ], [ 6.478774208671093, 52.668449092457053 ], [ 6.477059878848123, 52.66552511941655 ], [ 6.473588228977183, 52.66565384405375 ], [ 6.472393593270639, 52.663753277809896 ], [ 6.462646924504626, 52.663851768879077 ], [ 6.461063912822934, 52.655875929564928 ], [ 6.46130932307923, 52.651514422121984 ], [ 6.459877438078675, 52.649251623899197 ], [ 6.456664283702303, 52.647155679698372 ], [ 6.456654924586831, 52.642841963916332 ], [ 6.452075877087662, 52.643461502474068 ], [ 6.451770795166243, 52.641678038495698 ], [ 6.452335233519351, 52.640530097179962 ], [ 6.451073597605235, 52.639535694705891 ], [ 6.449647419520304, 52.63937525649375 ], [ 6.448663336073592, 52.638411920837903 ], [ 6.457024912577468, 52.631099253820608 ], [ 6.455917709509682, 52.627430894898467 ], [ 6.456653657368042, 52.627493315659045 ], [ 6.458684360729044, 52.626257354494911 ], [ 6.459750394224598, 52.624605061489376 ], [ 6.455720359296951, 52.624319475922604 ], [ 6.456198815472938, 52.623786066133682 ], [ 6.455653890197041, 52.622773342664644 ], [ 6.457294431036302, 52.620945266611784 ], [ 6.462444326486762, 52.620502453797997 ], [ 6.460707527145394, 52.616991427603772 ], [ 6.453476975385101, 52.61395567145393 ], [ 6.445623390227014, 52.615639635690499 ], [ 6.44752521008858, 52.620316031726652 ], [ 6.446797698574324, 52.621581323243056 ], [ 6.451496953766552, 52.623204711965798 ], [ 6.45055266415235, 52.624759471037457 ], [ 6.453569310338855, 52.62442332716806 ], [ 6.453185296077597, 52.62707225151042 ], [ 6.452505645307226, 52.627252820266165 ], [ 6.452086253478996, 52.628449769973699 ], [ 6.454489907549926, 52.631140366440988 ], [ 6.453440637480687, 52.631693229746624 ], [ 6.452341912326546, 52.631639733752507 ], [ 6.453392797896646, 52.633921885963147 ], [ 6.451740743409462, 52.633935375876561 ], [ 6.448894149825281, 52.636211559710652 ], [ 6.442954076100729, 52.635880880511408 ], [ 6.439112236469079, 52.633900865541335 ], [ 6.434473146285246, 52.634651301933602 ], [ 6.432307348972849, 52.633724953719941 ], [ 6.436574970649557, 52.646553530009271 ], [ 6.434917683695454, 52.64698160868079 ], [ 6.432000004431798, 52.646929759047701 ], [ 6.430004938525686, 52.647544034526987 ], [ 6.429012772494789, 52.64447416034109 ], [ 6.426185144730491, 52.641131592141612 ], [ 6.422422485399724, 52.641600403083508 ], [ 6.41805313311537, 52.639832778988406 ], [ 6.414738146761583, 52.640642927517362 ], [ 6.413079443697024, 52.637039158401464 ], [ 6.413175625036726, 52.635719667896737 ], [ 6.410120528239326, 52.635526927977487 ], [ 6.41021519771609, 52.634855013702278 ], [ 6.408563769767375, 52.634647919213329 ], [ 6.408283313185034, 52.633573934488552 ], [ 6.401896735122127, 52.633141973240484 ], [ 6.404111586519988, 52.628362583482918 ], [ 6.3986192595898, 52.623564033099498 ], [ 6.396899345741728, 52.625476964126968 ], [ 6.39727679868924, 52.62701432953115 ], [ 6.402203802000757, 52.628833678004824 ], [ 6.393792973143243, 52.633444588388237 ], [ 6.390788940345202, 52.634678905809139 ], [ 6.388918667805581, 52.634641667012922 ], [ 6.390466683859447, 52.633544852917801 ], [ 6.386241523533572, 52.630817147968891 ], [ 6.389972726457883, 52.627962259296886 ], [ 6.388382024068489, 52.62554707872421 ], [ 6.386736235411492, 52.625932207454106 ], [ 6.370186123590572, 52.639957337322237 ], [ 6.371051108482238, 52.639193900411563 ], [ 6.371004394774539, 52.637743953911077 ], [ 6.367660137456959, 52.637997849790331 ], [ 6.366407941294693, 52.637453368237537 ], [ 6.363907090116778, 52.638376033242679 ], [ 6.364102333411781, 52.643141677145927 ], [ 6.359440778852822, 52.645518667708636 ], [ 6.355987564285184, 52.645894188410175 ], [ 6.343596313948662, 52.65115780061452 ], [ 6.3417800819533, 52.653604154466258 ], [ 6.34761993536019, 52.655493694935835 ], [ 6.34869022441417, 52.654742705790987 ], [ 6.354108076996225, 52.656174760189032 ], [ 6.354446634056612, 52.658103825251509 ], [ 6.363759813827826, 52.661671687382722 ], [ 6.35838077077581, 52.665823547280652 ], [ 6.356533138848754, 52.67225374941777 ], [ 6.35021314655869, 52.673277631096205 ], [ 6.348711021661138, 52.67314075710636 ], [ 6.342132697107593, 52.678780675778093 ], [ 6.353059241657384, 52.682932206778254 ], [ 6.374338286637481, 52.68550036552444 ], [ 6.355463998563602, 52.705570093899091 ], [ 6.375450294881043, 52.71250752793145 ], [ 6.368095180852843, 52.725514937182886 ], [ 6.371579726636332, 52.726615813730682 ], [ 6.370544939255876, 52.727418219984543 ], [ 6.367405891455062, 52.726577049017969 ], [ 6.364102804727974, 52.731944213797597 ], [ 6.3592039837146, 52.73066912875472 ], [ 6.35959325498127, 52.730021105327857 ], [ 6.346387068489918, 52.729367075725783 ], [ 6.341981256861132, 52.727786486816576 ], [ 6.346229982127018, 52.724371480086482 ], [ 6.346326614714929, 52.723469415678025 ], [ 6.344011700431653, 52.720278452582043 ], [ 6.344972962376445, 52.719245826321789 ], [ 6.343851028607006, 52.717059031384672 ], [ 6.340434504131115, 52.715401420727375 ], [ 6.337680435923375, 52.717014792459537 ], [ 6.334407737604947, 52.716219524340431 ], [ 6.328364904972488, 52.723621509166612 ], [ 6.329383317404321, 52.723922866721651 ], [ 6.330979057905576, 52.726485533938863 ], [ 6.328931570578389, 52.728418733468075 ], [ 6.327334351964153, 52.731384481015013 ], [ 6.329496317140069, 52.735192541894122 ], [ 6.32818585126671, 52.73865228021257 ], [ 6.324489718619454, 52.741001856738173 ], [ 6.321255489055561, 52.740027423918939 ], [ 6.316619972197483, 52.74111862991424 ], [ 6.319375552102342, 52.744636558778687 ], [ 6.319138360762939, 52.745470904506185 ], [ 6.314022276123302, 52.748447444263597 ], [ 6.31296693082063, 52.749747248431426 ], [ 6.310035947070966, 52.748618187335438 ], [ 6.308828300300247, 52.744694442674458 ], [ 6.305948076878001, 52.742216949397609 ], [ 6.302782780607174, 52.740754996534278 ], [ 6.301905959670348, 52.739709307004517 ], [ 6.302341961230463, 52.738283463339393 ], [ 6.298340482102687, 52.733989723327383 ], [ 6.292246375263334, 52.735067235425809 ], [ 6.289095567932455, 52.736982136972223 ], [ 6.286597601208256, 52.73769140303795 ], [ 6.285525543700327, 52.736830299744504 ], [ 6.284714359518487, 52.738288418576325 ], [ 6.285108279581444, 52.739260663583096 ], [ 6.281906317460479, 52.742581016693585 ], [ 6.283993507311461, 52.743595049864062 ], [ 6.28390905005559, 52.745293480875866 ], [ 6.27940152800601, 52.743375494148495 ], [ 6.276359387978912, 52.746646067738268 ], [ 6.283532488369324, 52.754738336239058 ], [ 6.286144239949556, 52.756354049243392 ], [ 6.287944518127811, 52.760700141799859 ], [ 6.285936031165774, 52.763936813325991 ], [ 6.292555108341901, 52.765181553051292 ], [ 6.286821144217874, 52.764286039333065 ], [ 6.28131709487082, 52.762883915849706 ], [ 6.272359311194431, 52.77504593152765 ], [ 6.269724926261189, 52.776634390050596 ], [ 6.277896445905507, 52.782496855909201 ], [ 6.279745612801495, 52.781528436242596 ], [ 6.281119869029655, 52.782364034563265 ], [ 6.281232870467491, 52.783925658983307 ], [ 6.282151631381448, 52.784308364722051 ], [ 6.281530315429929, 52.784886169293891 ], [ 6.282342066205855, 52.78571567379182 ], [ 6.284060790674869, 52.784382529120315 ], [ 6.286613800579719, 52.783802207984635 ], [ 6.290350698158806, 52.785699157081112 ], [ 6.286397118006498, 52.786563182940597 ], [ 6.285917738140411, 52.786320969307752 ], [ 6.286745546846129, 52.786922019763928 ], [ 6.287898932748619, 52.786568983062331 ], [ 6.290267898925205, 52.788151329974625 ], [ 6.291164946118725, 52.790491071884624 ], [ 6.292758132333181, 52.789712021692793 ], [ 6.293170577646701, 52.787651522669151 ], [ 6.30161070246096, 52.788211571509883 ], [ 6.302609176385062, 52.789523737214367 ], [ 6.301003692483206, 52.790964557831757 ], [ 6.305159175058338, 52.791474226952815 ], [ 6.306924597458985, 52.79387102151582 ], [ 6.30931357037388, 52.795295180423814 ], [ 6.321212722391913, 52.795389522902674 ], [ 6.325133360949494, 52.796065505069812 ], [ 6.320564880009417, 52.79547029503388 ], [ 6.315499230722494, 52.797210981936708 ], [ 6.322757962834173, 52.802484293848863 ], [ 6.326046792948016, 52.80364187015514 ], [ 6.326230506164141, 52.804445756248548 ], [ 6.328303817833864, 52.805795108071926 ], [ 6.328446206895428, 52.803808469709054 ], [ 6.331702113521509, 52.801247180997663 ], [ 6.334137990984074, 52.798042578855103 ], [ 6.334782229572093, 52.798112916701477 ] ] ], [ [ [ 6.483268999223123, 52.665283983719647 ], [ 6.483311916523381, 52.663801036573041 ], [ 6.484969190996819, 52.66370850094529 ], [ 6.485194778984229, 52.662324602311472 ], [ 6.488603273428752, 52.661618380068163 ], [ 6.489314328769231, 52.661046113130489 ], [ 6.493314682160626, 52.660517243068163 ], [ 6.496107682060912, 52.657813797345149 ], [ 6.496088487279546, 52.65581230668537 ], [ 6.492579633367476, 52.652264973713422 ], [ 6.490773561006221, 52.651473200178323 ], [ 6.494932433129806, 52.649229338834694 ], [ 6.485748463093879, 52.65059896164427 ], [ 6.484744798888125, 52.656780366586105 ], [ 6.483936794958364, 52.656855745364858 ], [ 6.483003251135221, 52.659111640743738 ], [ 6.480757029754714, 52.659552308775837 ], [ 6.4796997042485, 52.660598691031247 ], [ 6.481215292960981, 52.662722552384075 ], [ 6.480138847953664, 52.663908217609723 ], [ 6.479095652223271, 52.664133545681587 ], [ 6.479605536962903, 52.665605442142244 ], [ 6.480878803561027, 52.665658160039911 ], [ 6.482145182645525, 52.668545876721183 ], [ 6.483373016082204, 52.668530553633957 ], [ 6.485000123560252, 52.667084389788641 ], [ 6.484193590175298, 52.665260432151136 ], [ 6.483268999223123, 52.665283983719647 ] ] ] ] } },
{ "type": "Feature", "properties": { "label": "KWD Kropswolde", "gid": "KWD Kropswolde" }, "geometry": { "type": "MultiPolygon", "coordinates": [ [ [ [ 6.770407803285101, 53.122949778120912 ], [ 6.768127649747046, 53.122213672389364 ], [ 6.770511054242555, 53.122857146912466 ], [ 6.770841519190684, 53.122395245769695 ], [ 6.771715839388198, 53.122606758728026 ], [ 6.771909245502247, 53.122340822562784 ], [ 6.770548468749179, 53.121977365117189 ], [ 6.77356347191788, 53.119353060092941 ], [ 6.773947957685783, 53.11755853501095 ], [ 6.775014327931257, 53.117239555343147 ], [ 6.776186917308077, 53.115588970484076 ], [ 6.775101249792097, 53.115309900350098 ], [ 6.775568493182922, 53.114681136100891 ], [ 6.77637962074142, 53.114895247650317 ], [ 6.777939264016094, 53.113032948891828 ], [ 6.781122752458283, 53.107153589183525 ], [ 6.782038761774736, 53.107396570308786 ], [ 6.785016007956848, 53.103700710579567 ], [ 6.783188853015421, 53.103220886828531 ], [ 6.78365865759524, 53.102610130659421 ], [ 6.784783629851123, 53.102911707208513 ], [ 6.785570225736544, 53.10185767200413 ], [ 6.786088112640781, 53.101984468561291 ], [ 6.787880245444368, 53.099148015543399 ], [ 6.787291315800683, 53.098374363007885 ], [ 6.788308456437684, 53.098645638381591 ], [ 6.790172899541357, 53.096150554277777 ], [ 6.791096102549094, 53.096402399716311 ], [ 6.791549888548161, 53.095782739486239 ], [ 6.789794487539448, 53.095317830554976 ], [ 6.790255821524044, 53.094688370714508 ], [ 6.791024848284311, 53.094894456115895 ], [ 6.792463535306501, 53.093037262257916 ], [ 6.793399096217734, 53.093284172552252 ], [ 6.7938689724944, 53.092584300286134 ], [ 6.792570136751646, 53.092246035329836 ], [ 6.792902750524937, 53.091797026236335 ], [ 6.793480346544147, 53.091949863786979 ], [ 6.79401462882561, 53.091323332806667 ], [ 6.794710076656799, 53.091517782997371 ], [ 6.7951971351504, 53.090864669491907 ], [ 6.793179077725331, 53.090300815536395 ], [ 6.793660984106222, 53.089638601754203 ], [ 6.794915584620902, 53.089849155440568 ], [ 6.79604721003876, 53.088714168479775 ], [ 6.789377618309236, 53.086592944509199 ], [ 6.776509375691286, 53.094760663499123 ], [ 6.771848886169043, 53.093523789837661 ], [ 6.749906910761111, 53.087163227908789 ], [ 6.752832594501386, 53.083833106684544 ], [ 6.763018731690773, 53.078364870390921 ], [ 6.762258308654407, 53.077881023142957 ], [ 6.756881145373187, 53.076182850845505 ], [ 6.750521965041168, 53.078861497210042 ], [ 6.748433880433229, 53.080286680679222 ], [ 6.747983073407893, 53.081223916491012 ], [ 6.743651411249752, 53.079824029995677 ], [ 6.733655873385907, 53.07551511001693 ], [ 6.727173662929847, 53.073221172869879 ], [ 6.726138503570842, 53.073665914473878 ], [ 6.715487305055631, 53.069431748964874 ], [ 6.719078302683783, 53.062769177825487 ], [ 6.720728585526572, 53.061323541196941 ], [ 6.721879860945918, 53.061649969025666 ], [ 6.723919582630103, 53.06068569277231 ], [ 6.722163894857865, 53.059605329673033 ], [ 6.722713407924533, 53.059156941402591 ], [ 6.720483303299145, 53.058135113065781 ], [ 6.720501272913087, 53.057664864184126 ], [ 6.719030517842136, 53.057604947999288 ], [ 6.71692878620561, 53.059528434657004 ], [ 6.715368054753319, 53.05914087315206 ], [ 6.71394606115709, 53.059423462157419 ], [ 6.713304755512671, 53.060892348793693 ], [ 6.714109119521306, 53.061320838630316 ], [ 6.715160986004192, 53.060363584513034 ], [ 6.715876514415882, 53.060827524533835 ], [ 6.715032977952939, 53.061471939934229 ], [ 6.714193730371611, 53.06136817626377 ], [ 6.714423324242911, 53.061710417966289 ], [ 6.710668821496305, 53.060280500689608 ], [ 6.711966541169832, 53.058950994818332 ], [ 6.711574147856926, 53.058753620690894 ], [ 6.709913531891697, 53.060334491949334 ], [ 6.709363991643205, 53.061763717952914 ], [ 6.698798927447273, 53.060500368422836 ], [ 6.696398811031893, 53.060884248969003 ], [ 6.674382842261571, 53.049321011416872 ], [ 6.661395738643033, 53.052406345365405 ], [ 6.662259449085189, 53.053147585644702 ], [ 6.6613952674531, 53.053285729411613 ], [ 6.662141794904085, 53.056178329379172 ], [ 6.66448779225786, 53.057561213197943 ], [ 6.666175705564884, 53.057526424270669 ], [ 6.666920306782777, 53.058262614091369 ], [ 6.665297235634043, 53.058891920295785 ], [ 6.66417476071367, 53.060054324968164 ], [ 6.662807993680743, 53.060292184852564 ], [ 6.654880753796485, 53.065654956491358 ], [ 6.653417475993145, 53.065390832730841 ], [ 6.652728777884158, 53.065697223529433 ], [ 6.650580420124024, 53.069164670110865 ], [ 6.651423456726322, 53.069269228664936 ], [ 6.650910048833419, 53.070429592525635 ], [ 6.652085810904604, 53.071039448495952 ], [ 6.653222769331071, 53.070392772142952 ], [ 6.657840524453119, 53.070377412219571 ], [ 6.65863022451837, 53.069578074821116 ], [ 6.659533011304466, 53.070359583988392 ], [ 6.661782629299467, 53.070735780893422 ], [ 6.662677516564983, 53.069627962928408 ], [ 6.663933177957213, 53.069578241190086 ], [ 6.664360456978857, 53.069141761214766 ], [ 6.666390855697359, 53.072064379511204 ], [ 6.663305944753068, 53.071392173944155 ], [ 6.661239289339987, 53.073091297886748 ], [ 6.662144993197788, 53.075042282219407 ], [ 6.66107842068902, 53.074349214105531 ], [ 6.660035850800978, 53.074389188866796 ], [ 6.659379046653419, 53.075163134536865 ], [ 6.659673785257615, 53.076364601717465 ], [ 6.657635077146003, 53.07642981577019 ], [ 6.655508842143545, 53.078042329780239 ], [ 6.655292661823637, 53.076886924334374 ], [ 6.654450387605163, 53.076867571091775 ], [ 6.653831170392444, 53.077661837601894 ], [ 6.65476500604412, 53.078121906118895 ], [ 6.653988563090484, 53.080095842900072 ], [ 6.651248532676176, 53.080047213510746 ], [ 6.64964391473788, 53.079577208347466 ], [ 6.647915884669105, 53.083768981570849 ], [ 6.648840957541155, 53.085859923992331 ], [ 6.647974847974358, 53.08708340127253 ], [ 6.646983814904794, 53.086881517189319 ], [ 6.647343148650035, 53.086001303755594 ], [ 6.645465605005187, 53.087582311838318 ], [ 6.646258455158812, 53.08852925446385 ], [ 6.644140578716302, 53.089182935906209 ], [ 6.644639753847751, 53.089791008271902 ], [ 6.642564841566332, 53.0904715711549 ], [ 6.64121517944726, 53.089790916244212 ], [ 6.640352167431807, 53.090309839860801 ], [ 6.642030193450361, 53.091083226617343 ], [ 6.639961881036468, 53.09183282180949 ], [ 6.639713476355398, 53.093201353107453 ], [ 6.642886012220112, 53.095484558010362 ], [ 6.642271603266238, 53.095816772953185 ], [ 6.641359258304636, 53.095369703777919 ], [ 6.641858175137934, 53.09597612785447 ], [ 6.640779690212026, 53.096580555387042 ], [ 6.64246531107489, 53.097141988297814 ], [ 6.641530164316032, 53.097903873538897 ], [ 6.643512388126892, 53.099376595585596 ], [ 6.642231639632672, 53.100140312489742 ], [ 6.642482078613367, 53.100922465295781 ], [ 6.641447490164743, 53.101136633745234 ], [ 6.638761886050833, 53.100384561818267 ], [ 6.638778475518687, 53.102504589121665 ], [ 6.636859712869167, 53.102875782558201 ], [ 6.637868613081086, 53.103890660886179 ], [ 6.637937036228463, 53.105073632302535 ], [ 6.636204434320903, 53.105004092801821 ], [ 6.634646987455191, 53.105678449758727 ], [ 6.63710277427459, 53.108648696057863 ], [ 6.635781527295586, 53.113396275238216 ], [ 6.633862114800892, 53.114203115530017 ], [ 6.629830294210839, 53.11468334098668 ], [ 6.628067782634543, 53.115874611911885 ], [ 6.627937744421941, 53.117179113170259 ], [ 6.630575689852058, 53.119385297180756 ], [ 6.633160094771799, 53.120432803923407 ], [ 6.63516735830914, 53.124147988244232 ], [ 6.637585111794367, 53.123475748411963 ], [ 6.641690150190887, 53.126454229751658 ], [ 6.645084446543111, 53.127543504601697 ], [ 6.646658204199762, 53.128805258128494 ], [ 6.649743187377292, 53.129497346882843 ], [ 6.651406232026767, 53.128564360818352 ], [ 6.649045787453849, 53.127163322127046 ], [ 6.652387696306559, 53.125145660480378 ], [ 6.653507292147816, 53.123868008680645 ], [ 6.656691630407876, 53.125169443020944 ], [ 6.65830518933993, 53.12520310747135 ], [ 6.661942739652042, 53.122309212340078 ], [ 6.658598359151798, 53.121412278427599 ], [ 6.659149240334576, 53.120659288719288 ], [ 6.656595277394461, 53.120050391902716 ], [ 6.657150673141327, 53.119207313701473 ], [ 6.661337418004456, 53.120154729712667 ], [ 6.661922333051964, 53.119373774941259 ], [ 6.662791907223178, 53.119598132551936 ], [ 6.665285909034827, 53.116297743680775 ], [ 6.668951579133772, 53.117084708978311 ], [ 6.670608643805176, 53.116327822890327 ], [ 6.674926989096312, 53.117524735807095 ], [ 6.695366928276107, 53.121176015112837 ], [ 6.689572283025348, 53.143306126263674 ], [ 6.686274685881272, 53.147847586326165 ], [ 6.686986517211124, 53.148965372224403 ], [ 6.69021555013816, 53.150393212788266 ], [ 6.690194549421108, 53.151378715136261 ], [ 6.688714246532125, 53.154611126925701 ], [ 6.685722699632105, 53.157455744342045 ], [ 6.684491234629522, 53.159637040731944 ], [ 6.679982370673922, 53.16225812352296 ], [ 6.678330360364578, 53.164637458342867 ], [ 6.672348258257426, 53.166667641833342 ], [ 6.669590128506139, 53.168939321142332 ], [ 6.665004619579559, 53.169600275391282 ], [ 6.662331054798421, 53.171296263202564 ], [ 6.66026489905046, 53.176622417193613 ], [ 6.6568808484523, 53.181149211594096 ], [ 6.639468069394166, 53.185980746387074 ], [ 6.643992998958356, 53.187365715419872 ], [ 6.641261514936011, 53.188398845168464 ], [ 6.641955937938949, 53.189526011059499 ], [ 6.636787470539295, 53.191589951503062 ], [ 6.633101839026347, 53.193792875653941 ], [ 6.631548973552264, 53.194016778301396 ], [ 6.629320280509454, 53.192914070055572 ], [ 6.627258737621227, 53.193693365409729 ], [ 6.609080402128869, 53.202943569593309 ], [ 6.610616307978363, 53.203440394556331 ], [ 6.61163651452281, 53.204843052282818 ], [ 6.612539221452804, 53.204195378360872 ], [ 6.613884457114914, 53.204771271031468 ], [ 6.614500439893281, 53.203954075295115 ], [ 6.619817868061041, 53.205033596918874 ], [ 6.624673539234608, 53.205178384299849 ], [ 6.625763951454522, 53.203794769138227 ], [ 6.626173214591183, 53.201481231285463 ], [ 6.627622169332809, 53.202394690162976 ], [ 6.628221683884448, 53.201277976914589 ], [ 6.631338231692476, 53.202394023289763 ], [ 6.631769416827175, 53.203256711393458 ], [ 6.628085089425604, 53.203727565861925 ], [ 6.625726037167593, 53.20517711657368 ], [ 6.63048755602202, 53.205703179774616 ], [ 6.632124905034414, 53.204891591602724 ], [ 6.632692872875883, 53.206231199320975 ], [ 6.633710490361536, 53.203677990802035 ], [ 6.638634252714, 53.201629914922776 ], [ 6.643686272898392, 53.204550255801259 ], [ 6.644548060484682, 53.20631879728267 ], [ 6.647127053756726, 53.206867037899933 ], [ 6.646859981062759, 53.208286340978042 ], [ 6.64748256583117, 53.208398681596343 ], [ 6.648161811214091, 53.207527314453024 ], [ 6.648604775956382, 53.207805395933086 ], [ 6.650292783375527, 53.20685082440145 ], [ 6.660795995219453, 53.205750276452306 ], [ 6.662564721378185, 53.205014539352739 ], [ 6.648720864987967, 53.217334053798439 ], [ 6.644117195537009, 53.225612643190985 ], [ 6.64891672383694, 53.217328318910553 ], [ 6.653792497343401, 53.213151098825961 ], [ 6.657386317414495, 53.212201535393021 ], [ 6.66381564566891, 53.222637772522312 ], [ 6.666790155444548, 53.222100317738523 ], [ 6.667488476334325, 53.223792203916197 ], [ 6.666466417273951, 53.224000966731381 ], [ 6.666673158437643, 53.224597213893752 ], [ 6.667479360987117, 53.224471360863795 ], [ 6.66719118858972, 53.231013364303351 ], [ 6.668428674533925, 53.231021159281013 ], [ 6.668913439563911, 53.231641630930035 ], [ 6.671690298325688, 53.231698003997522 ], [ 6.67157606006301, 53.232144695105859 ], [ 6.668096051578119, 53.232041973278619 ], [ 6.667887626241064, 53.23166558445952 ], [ 6.665998379376354, 53.233783537350988 ], [ 6.661639737309007, 53.233397815570058 ], [ 6.661757570448955, 53.235455706392273 ], [ 6.735022483494939, 53.235409406236464 ], [ 6.740249490976733, 53.234738435608492 ], [ 6.738312241255639, 53.237774197230905 ], [ 6.739300081219831, 53.237647190965177 ], [ 6.740245112673179, 53.238612288754346 ], [ 6.74137979374093, 53.238682609463069 ], [ 6.741785481038517, 53.239365677587905 ], [ 6.745277907727578, 53.240643415810126 ], [ 6.745584877730837, 53.24098009420026 ], [ 6.743734700167716, 53.242274967266226 ], [ 6.747765953830369, 53.24458676045036 ], [ 6.749094375502854, 53.243811591752234 ], [ 6.747290778677835, 53.243009425671502 ], [ 6.753669996286694, 53.240117622455855 ], [ 6.7562187437095, 53.242585044627148 ], [ 6.755210168991526, 53.243045685304914 ], [ 6.755712906010054, 53.243555516756551 ], [ 6.753299547484582, 53.244446304981018 ], [ 6.755695095326219, 53.248675442681396 ], [ 6.749171049946137, 53.252413169373355 ], [ 6.752346654222739, 53.254525234234649 ], [ 6.753005453613908, 53.254307978626343 ], [ 6.754575808724338, 53.254723675642325 ], [ 6.760746248211343, 53.256804855103496 ], [ 6.764028392693359, 53.26301100625605 ], [ 6.767719751964364, 53.263250312908959 ], [ 6.771839155735102, 53.260340501160215 ], [ 6.775245880834309, 53.26060947187684 ], [ 6.776996763293544, 53.25960608908354 ], [ 6.778007841066333, 53.259928416343911 ], [ 6.779842417414446, 53.258536924313468 ], [ 6.778371007215777, 53.257247764965769 ], [ 6.777130697779655, 53.257036416801391 ], [ 6.778949139401486, 53.254315096406842 ], [ 6.777132614896812, 53.249297200597944 ], [ 6.778350760785697, 53.245641655726963 ], [ 6.801825103014679, 53.232938572681157 ], [ 6.800728375441833, 53.233456712986552 ], [ 6.799688356482718, 53.232763437281889 ], [ 6.802482710833916, 53.231235682121302 ], [ 6.798150367504568, 53.227880995742311 ], [ 6.796149343893697, 53.228758155096003 ], [ 6.793757565020099, 53.226775298628169 ], [ 6.797683625226811, 53.225107752647496 ], [ 6.804674323206737, 53.229064936196856 ], [ 6.809249780461399, 53.230648496184791 ], [ 6.809951872087723, 53.229627721745047 ], [ 6.809276230899553, 53.228781591675137 ], [ 6.806494427119238, 53.228065653789159 ], [ 6.805278612240392, 53.226756796125485 ], [ 6.80345477456822, 53.227207173944777 ], [ 6.802277451666721, 53.226234117056272 ], [ 6.800355381638385, 53.226343731654254 ], [ 6.800382974615554, 53.225138797786741 ], [ 6.803767090884435, 53.223654465180381 ], [ 6.803145773369947, 53.223017797613693 ], [ 6.801171543195927, 53.222882040560776 ], [ 6.801321196356588, 53.221835186802835 ], [ 6.799695156092806, 53.222301440384314 ], [ 6.7993139533953, 53.221022114738062 ], [ 6.802821836456034, 53.220719963689938 ], [ 6.803707804394006, 53.22029388097625 ], [ 6.803107395397267, 53.219461255024619 ], [ 6.80700543382075, 53.217882157474889 ], [ 6.805693143570211, 53.21711036368778 ], [ 6.804728413688362, 53.217262538568193 ], [ 6.803939410037271, 53.216809143840244 ], [ 6.799681986248931, 53.212957044604082 ], [ 6.79799741512182, 53.214879347146045 ], [ 6.794180009005761, 53.213976024664682 ], [ 6.798755451793459, 53.2121306385732 ], [ 6.796622167457422, 53.210386580929665 ], [ 6.797588030488636, 53.209876834684408 ], [ 6.797552086215058, 53.20929196506966 ], [ 6.800299984720125, 53.211314598080264 ], [ 6.800774149009946, 53.211111417913784 ], [ 6.800351486311755, 53.210762231623498 ], [ 6.804002114899983, 53.209278899055839 ], [ 6.812759553102164, 53.216148076579088 ], [ 6.81339349017804, 53.218160620316034 ], [ 6.814381727961162, 53.218951308886602 ], [ 6.818332034718736, 53.217225954950138 ], [ 6.817842516277906, 53.216716600343929 ], [ 6.824689647046904, 53.213920156310024 ], [ 6.826548601999078, 53.215787698307416 ], [ 6.841134708703279, 53.208563610127115 ], [ 6.847751887357094, 53.209419168110799 ], [ 6.847483286701167, 53.210800531390795 ], [ 6.84893582408498, 53.205824421848646 ], [ 6.849840620857455, 53.205154116982698 ], [ 6.867826148045133, 53.207180307807135 ], [ 6.864965266083475, 53.206759416329568 ], [ 6.867231640734142, 53.198812851610619 ], [ 6.86223074540403, 53.197696546110109 ], [ 6.857784757512663, 53.19474026879756 ], [ 6.859906591732681, 53.193462487820597 ], [ 6.860780010861118, 53.193813027654173 ], [ 6.865759319154904, 53.193796190498396 ], [ 6.866559197137812, 53.193198397798312 ], [ 6.866407698978681, 53.192249820374251 ], [ 6.868586610464979, 53.192204375729411 ], [ 6.87280103473807, 53.187978604836417 ], [ 6.872683355941063, 53.185026768633151 ], [ 6.862277283740065, 53.185144396345443 ], [ 6.850824935515005, 53.180453643506773 ], [ 6.850261953552697, 53.175879335085511 ], [ 6.834097467760284, 53.175654101540317 ], [ 6.832103045975556, 53.17258678661738 ], [ 6.83648359835857, 53.171503483618189 ], [ 6.838245551121821, 53.169733599699128 ], [ 6.841361293875789, 53.169427313816399 ], [ 6.843457856394283, 53.168278723549697 ], [ 6.855029999588944, 53.168857316245713 ], [ 6.855818907997868, 53.164405339895275 ], [ 6.850048209083532, 53.164000754925972 ], [ 6.850352889627246, 53.161334454264228 ], [ 6.845519196704205, 53.161526005355114 ], [ 6.840480001935886, 53.162527187928347 ], [ 6.830419430152755, 53.157721751395655 ], [ 6.816035038390472, 53.158218063633782 ], [ 6.836868855513537, 53.1574257435446 ], [ 6.837876222985585, 53.153576102217215 ], [ 6.840970585728535, 53.153565570624032 ], [ 6.841460918894546, 53.152139672282416 ], [ 6.833570491398997, 53.15133645135802 ], [ 6.836459400835589, 53.145190373355497 ], [ 6.835099134837193, 53.145188841789597 ], [ 6.833059766861858, 53.138275468252637 ], [ 6.844635605487033, 53.137191587342841 ], [ 6.844574700088506, 53.134226726026299 ], [ 6.845981215596327, 53.134101630898961 ], [ 6.845493633800233, 53.130270078671842 ], [ 6.851817454520888, 53.129923326078234 ], [ 6.85079073185859, 53.121580776868534 ], [ 6.844234072820955, 53.121852567700387 ], [ 6.843039227144888, 53.110781470127726 ], [ 6.83951193999548, 53.110839459077397 ], [ 6.837904608613856, 53.110340492981805 ], [ 6.836725440091945, 53.109203291937341 ], [ 6.83689091375044, 53.108107758079008 ], [ 6.830714100699975, 53.10839129044242 ], [ 6.827291647120753, 53.112794166799709 ], [ 6.825708252635566, 53.112863467936492 ], [ 6.822842098309758, 53.111941480164433 ], [ 6.812241735602552, 53.126479172888523 ], [ 6.803239535972122, 53.124089683709613 ], [ 6.8059880982851, 53.120325947397895 ], [ 6.801673952818215, 53.119171677341605 ], [ 6.804178904868094, 53.109307634282054 ], [ 6.799972525313553, 53.108176826169974 ], [ 6.793341729974299, 53.112807341552632 ], [ 6.791534076233459, 53.113014236324169 ], [ 6.791320609911938, 53.119776942996083 ], [ 6.783952865126771, 53.122351492472333 ], [ 6.783120176961411, 53.122020432561229 ], [ 6.78040568329359, 53.125758904479767 ], [ 6.779672103414605, 53.125608349104709 ], [ 6.779508489252962, 53.126462468339867 ], [ 6.767480790737028, 53.14281885148462 ], [ 6.773840124660907, 53.134063747510204 ], [ 6.766507653077098, 53.132097924785413 ], [ 6.767439956294156, 53.130838040067452 ], [ 6.76644348421074, 53.13057738133832 ], [ 6.77037071481953, 53.125263231830587 ], [ 6.771802267891421, 53.125639410864068 ], [ 6.772392319016782, 53.124840732465493 ], [ 6.772142877082498, 53.123561734421948 ], [ 6.77149426523169, 53.12338844171537 ], [ 6.77893283208056, 53.113310250423368 ], [ 6.771254107309288, 53.123310233962584 ], [ 6.770407803285101, 53.122949778120912 ] ] ], [ [ [ 6.543102878310862, 53.215031816820456 ], [ 6.543267724543492, 53.214809116308125 ], [ 6.542855953003301, 53.214701218169616 ], [ 6.542543785612639, 53.215094889772146 ], [ 6.543102878310862, 53.215031816820456 ] ] ], [ [ [ 6.845926935098443, 53.173524164580073 ], [ 6.846102856798279, 53.173203656005697 ], [ 6.850359745730492, 53.173156844119831 ], [ 6.850387033791462, 53.171963207616372 ], [ 6.837729220792113, 53.172116204074456 ], [ 6.838013313557852, 53.173235387369402 ], [ 6.840392406974264, 53.173297603122293 ], [ 6.840536283153273, 53.174583311715971 ], [ 6.84584204603202, 53.174550080653177 ], [ 6.845926935098443, 53.173524164580073 ] ] ], [ [ [ 6.801804143487701, 53.221599290437162 ], [ 6.801822127033882, 53.221870406563966 ], [ 6.80235587373865, 53.221643578812191 ], [ 6.802078925640703, 53.221509704127499 ], [ 6.801804143487701, 53.221599290437162 ] ] ], [ [ [ 6.805119115215564, 53.22232011065514 ], [ 6.805730019660556, 53.222247980709319 ], [ 6.805372046219218, 53.22192384027074 ], [ 6.804894910371445, 53.222127487375602 ], [ 6.805119115215564, 53.22232011065514 ] ] ], [ [ [ 6.804039506867317, 53.222295575234732 ], [ 6.802782744876292, 53.222672780936762 ], [ 6.803042853920881, 53.222925414971755 ], [ 6.803835976870706, 53.223068855067574 ], [ 6.804973210129972, 53.22257633160639 ], [ 6.804039506867317, 53.222295575234732 ] ] ], [ [ [ 6.8127288713346, 53.231100571589735 ], [ 6.811281582159675, 53.231118624082121 ], [ 6.809949435815768, 53.230470586057464 ], [ 6.809496576392018, 53.230759539631109 ], [ 6.811614547607216, 53.231628918379585 ], [ 6.812755507519846, 53.231529592535452 ], [ 6.8127288713346, 53.231100571589735 ] ] ], [ [ [ 6.813413727698604, 53.232451711614708 ], [ 6.813696862084804, 53.232686636422109 ], [ 6.813914046434077, 53.232528789870891 ], [ 6.813546104444136, 53.232413990130439 ], [ 6.813413727698604, 53.232451711614708 ] ] ], [ [ [ 6.814725058980883, 53.232915083081807 ], [ 6.814355252063406, 53.23295647423754 ], [ 6.81524891069474, 53.233108431312466 ], [ 6.815168229538473, 53.23291826028543 ], [ 6.814725058980883, 53.232915083081807 ] ] ], [ [ [ 6.787935871239795, 53.262259001153964 ], [ 6.792631471179735, 53.262587164671046 ], [ 6.794356808283104, 53.262032180116343 ], [ 6.792728347307427, 53.260043531760424 ], [ 6.79014436371425, 53.259108426701488 ], [ 6.786885481593138, 53.259817240286168 ], [ 6.784068065062555, 53.258910554104325 ], [ 6.780635142667975, 53.258658735578685 ], [ 6.780863382004349, 53.260159408610939 ], [ 6.778523702655417, 53.26018428068047 ], [ 6.783777810926341, 53.263305337312879 ], [ 6.785505662853856, 53.261640550195665 ], [ 6.787935871239795, 53.262259001153964 ] ] ] ] } },
{ "type": "Feature", "properties": { "label": "MEE Meeden", "gid": "MEE Meeden" }, "geometry": { "type": "MultiPolygon", "coordinates": [ [ [ [ 6.90437588615249, 53.018138963592179 ], [ 6.90483122450255, 53.018713806831407 ], [ 6.904170919669833, 53.018904925007305 ], [ 6.903852086472107, 53.019918011488912 ], [ 6.905394034107276, 53.019288916151993 ], [ 6.905401106326909, 53.018715895135649 ], [ 6.90437588615249, 53.018138963592179 ] ] ], [ [ [ 7.217445356723031, 53.00703714058411 ], [ 7.216102664360152, 53.005922031672753 ], [ 7.216487731406369, 53.00564991052304 ], [ 7.209562334254537, 53.000506673039197 ], [ 7.18231262826276, 52.943260325633993 ], [ 7.16366465844149, 52.944415277664639 ], [ 7.16760201261912, 52.965736467444849 ], [ 7.165673171257122, 52.975027176522367 ], [ 7.160166821791377, 52.975936601024493 ], [ 7.159520843678762, 52.980405367596724 ], [ 7.156454415882568, 52.980791939748208 ], [ 7.153338779386329, 52.97777598015093 ], [ 7.151498810031195, 52.976947573202537 ], [ 7.154688024519761, 52.981015288440808 ], [ 7.151576557940722, 52.98142162792351 ], [ 7.150413439080246, 52.984186041406922 ], [ 7.149485392682013, 52.98249207399661 ], [ 7.147334948438803, 52.982528641994548 ], [ 7.147585548164515, 52.983152588240827 ], [ 7.147069542011327, 52.983185145976648 ], [ 7.140606810228991, 52.982160905947701 ], [ 7.137077816010865, 52.985925262999203 ], [ 7.124868545560517, 52.985713525494546 ], [ 7.103709545480231, 52.977725803101421 ], [ 7.070455993601565, 52.96678755976582 ], [ 7.071118315675564, 52.983092819504385 ], [ 7.061950255480923, 52.983254598712762 ], [ 7.061843777524754, 52.984814181090591 ], [ 7.055731960639125, 52.985500668493252 ], [ 7.058771487782476, 52.982121192106 ], [ 7.052102264501224, 52.981380186150027 ], [ 7.052297465962292, 52.974216219466115 ], [ 7.054348739668041, 52.973515441023793 ], [ 7.053979527726795, 52.972307685451163 ], [ 7.047662266900685, 52.97247000326113 ], [ 7.048319330161886, 52.97483292202611 ], [ 7.045070428590899, 52.974809830634555 ], [ 7.046046696514885, 52.977827291135249 ], [ 7.045233710659213, 52.977969503786078 ], [ 7.044668025158206, 52.977142137144327 ], [ 7.042734776155078, 52.977013198716094 ], [ 7.042083751356916, 52.977465283649515 ], [ 7.047189301346488, 52.986055632932739 ], [ 7.034489432019943, 52.980692655201665 ], [ 7.021701944607567, 52.992266392023467 ], [ 7.010599456466537, 52.987539666624045 ], [ 7.008973947377214, 52.988859294568535 ], [ 7.008430965586075, 52.999896402660568 ], [ 7.022300815137861, 53.004861570833654 ], [ 7.019148601828227, 53.006031599595396 ], [ 7.014136779685207, 53.006317204986551 ], [ 7.013187009605581, 53.006777285715906 ], [ 7.011999812427913, 53.00668437880389 ], [ 7.010853948954002, 53.005929045784264 ], [ 7.008884685725751, 53.005762637063491 ], [ 7.009377963450017, 53.009332033497749 ], [ 7.014653284335417, 53.011323137403771 ], [ 7.016523052741325, 53.010665942942126 ], [ 7.022538960432094, 53.012209495211614 ], [ 7.022996778545284, 53.012818079665237 ], [ 7.023316511822818, 53.019646799866464 ], [ 7.020840230667797, 53.022622995781681 ], [ 7.020304752004751, 53.024682896431209 ], [ 7.015053659466652, 53.028312099518828 ], [ 7.011625437922597, 53.028192505183561 ], [ 7.015579434642971, 53.030620463233149 ], [ 7.022612171780647, 53.032423537978282 ], [ 7.022144840209079, 53.033578320714369 ], [ 7.020679397140252, 53.034300989151753 ], [ 7.014654980641359, 53.034679527581375 ], [ 7.014625531065442, 53.036897284547493 ], [ 7.006498763610185, 53.033458815790958 ], [ 7.002193092922576, 53.03080542988743 ], [ 7.006442330785821, 53.033582715241998 ], [ 7.003200851341671, 53.035107305986791 ], [ 7.00036654912886, 53.037515270770321 ], [ 7.001063138975694, 53.038061555571154 ], [ 6.998567849907052, 53.039320341755371 ], [ 6.997732366375148, 53.040306504491539 ], [ 6.992741490047129, 53.040895325084058 ], [ 6.988255342029482, 53.038206157207213 ], [ 6.98038786863148, 53.040908788346769 ], [ 6.96011498919402, 53.018605592585168 ], [ 6.95953115424733, 53.017030049106275 ], [ 6.95860093236205, 53.016941912770115 ], [ 6.955790045078971, 53.013860657076549 ], [ 6.941662907325543, 53.017419260681969 ], [ 6.93612562615801, 53.019479637990671 ], [ 6.914600189418977, 53.032963921239592 ], [ 6.918777372624317, 53.034829047117128 ], [ 6.921751072066295, 53.037057016846148 ], [ 6.921789701997766, 53.040640309430984 ], [ 6.923065174430326, 53.041845601472275 ], [ 6.918938503897515, 53.044786397296626 ], [ 6.916792411930015, 53.044878053978522 ], [ 6.920775943837477, 53.04528136589083 ], [ 6.919904950627583, 53.049312169092147 ], [ 6.933343544227773, 53.049612794481313 ], [ 6.933021907856139, 53.053587785133502 ], [ 6.934063606208281, 53.055159342856157 ], [ 6.925004200904589, 53.059397939503079 ], [ 6.929570294930386, 53.073307361834857 ], [ 6.922951829186745, 53.077516305106975 ], [ 6.928992897681078, 53.079864506294982 ], [ 6.927146164698422, 53.081674523376165 ], [ 6.928668852009665, 53.083819769379872 ], [ 6.920697308634845, 53.086816268296268 ], [ 6.917522931951603, 53.088681383276707 ], [ 6.918218382794455, 53.089400759825118 ], [ 6.914509698714217, 53.090476002802241 ], [ 6.914260443412875, 53.091138796545451 ], [ 6.915188784225179, 53.092066766860484 ], [ 6.914785654866701, 53.09260630723734 ], [ 6.91366226674802, 53.092729324487848 ], [ 6.913711026599233, 53.093486831248882 ], [ 6.910727108226195, 53.094031739022178 ], [ 6.911653136176346, 53.094843751574196 ], [ 6.913117711901486, 53.094618458827924 ], [ 6.913554664447654, 53.095562473396676 ], [ 6.905324631770388, 53.095365078090367 ], [ 6.908215511493581, 53.096815791511403 ], [ 6.915791680735341, 53.097964058580118 ], [ 6.924368099246116, 53.098924322403199 ], [ 6.932957750833091, 53.099118204109772 ], [ 6.933108887583556, 53.106995366002401 ], [ 6.922673221152023, 53.107453102851167 ], [ 6.918862782373753, 53.109462231679061 ], [ 6.915158870661395, 53.11272637587615 ], [ 6.912222215259932, 53.120022004150762 ], [ 6.913554938494527, 53.122566588802592 ], [ 6.923588658436438, 53.123311817256528 ], [ 6.923693534912386, 53.125341554231667 ], [ 6.932916466840215, 53.124403032667594 ], [ 6.929013085230355, 53.125976516181588 ], [ 6.926708854538376, 53.126561392031178 ], [ 6.924382737307779, 53.126581027743065 ], [ 6.924570562246678, 53.127824603556242 ], [ 6.923470510389615, 53.129049395556414 ], [ 6.920090360329389, 53.129066685379151 ], [ 6.919110784763552, 53.128466570368253 ], [ 6.912996169314721, 53.128030440542162 ], [ 6.910082405345491, 53.128207343764807 ], [ 6.909724169999119, 53.131018375871498 ], [ 6.906748723713432, 53.129466632564167 ], [ 6.902681822065803, 53.129091419665443 ], [ 6.9036295556709, 53.127545526080539 ], [ 6.896989944377539, 53.128506555403852 ], [ 6.897099756959061, 53.127578097293075 ], [ 6.894377150249974, 53.127892635616504 ], [ 6.893422670672728, 53.121704884722242 ], [ 6.892336476991814, 53.12166520724012 ], [ 6.88980308750883, 53.122080738129675 ], [ 6.890321344056109, 53.128343334267505 ], [ 6.886253554478045, 53.128599503892282 ], [ 6.884268755802014, 53.125616368635427 ], [ 6.883026935129988, 53.125817250103736 ], [ 6.882814998656233, 53.125195431188281 ], [ 6.880017350265296, 53.12564761795101 ], [ 6.881690928097931, 53.129939802598727 ], [ 6.881770657946586, 53.132326116487796 ], [ 6.879034850373545, 53.132936405500594 ], [ 6.878555541584477, 53.132305844246297 ], [ 6.87962227194804, 53.132147176308344 ], [ 6.879640241531188, 53.130765543293442 ], [ 6.877256796206191, 53.129744287893615 ], [ 6.876441386644124, 53.129637714778887 ], [ 6.87451598521248, 53.130605490838967 ], [ 6.869326597485892, 53.130514776012255 ], [ 6.869619070950622, 53.129335964038596 ], [ 6.867049950430038, 53.129746924924639 ], [ 6.866259427354978, 53.127135391068116 ], [ 6.873671882457785, 53.126668511410124 ], [ 6.871503597934273, 53.125362539289412 ], [ 6.86856356306777, 53.124496422332157 ], [ 6.867939388888049, 53.123835957626184 ], [ 6.865958020922251, 53.123928106123728 ], [ 6.865928939202781, 53.124387295044727 ], [ 6.851428011970998, 53.125030108990799 ], [ 6.851817454520888, 53.129923326078234 ], [ 6.845493633800233, 53.130270078671842 ], [ 6.845981215596327, 53.134101630898961 ], [ 6.844574700088506, 53.134226726026299 ], [ 6.844635605487033, 53.137191587342841 ], [ 6.833059766861858, 53.138275468252637 ], [ 6.835099134837193, 53.145188841789597 ], [ 6.836459400835589, 53.145190373355497 ], [ 6.833570491398997, 53.15133645135802 ], [ 6.841460918894546, 53.152139672282416 ], [ 6.84084151484752, 53.153728902485661 ], [ 6.837876222985585, 53.153576102217215 ], [ 6.836868855513537, 53.1574257435446 ], [ 6.816044238245574, 53.158092087931763 ], [ 6.830419430152755, 53.157721751395655 ], [ 6.840480001935886, 53.162527187928347 ], [ 6.845519196704205, 53.161526005355114 ], [ 6.850352889627246, 53.161334454264228 ], [ 6.850048209083532, 53.164000754925972 ], [ 6.855818907997868, 53.164405339895275 ], [ 6.855029999588944, 53.168857316245713 ], [ 6.843444104179207, 53.168280080475476 ], [ 6.841361293875789, 53.169427313816399 ], [ 6.838233834548096, 53.169737656232741 ], [ 6.836459423554194, 53.171513337975995 ], [ 6.832103045975556, 53.17258678661738 ], [ 6.834120816512335, 53.175664867429305 ], [ 6.850261953552697, 53.175879335085511 ], [ 6.850806416387599, 53.180442037316858 ], [ 6.860714737545554, 53.1847056567292 ], [ 6.862277283740065, 53.185144396345443 ], [ 6.872683355941063, 53.185026768633151 ], [ 6.87280103473807, 53.187978604836417 ], [ 6.868586610464979, 53.192204375729411 ], [ 6.866407698978681, 53.192249820374251 ], [ 6.866559197137812, 53.193198397798312 ], [ 6.865759319154904, 53.193796190498396 ], [ 6.860780010861118, 53.193813027654173 ], [ 6.859895193479119, 53.193465211527077 ], [ 6.857971383738572, 53.194911686134532 ], [ 6.860771189283936, 53.196742316055563 ], [ 6.862134118897544, 53.195830185270736 ], [ 6.864845113153424, 53.195760020604411 ], [ 6.866058043840984, 53.196660733987208 ], [ 6.867790695147052, 53.196640925480992 ], [ 6.86768839765949, 53.195690551348662 ], [ 6.873073141044263, 53.195516253508863 ], [ 6.873237852777215, 53.194757545803057 ], [ 6.872579148967793, 53.194646585034199 ], [ 6.873314914748314, 53.194447416995871 ], [ 6.872967270345964, 53.193564338724599 ], [ 6.873671972617279, 53.192663744578603 ], [ 6.874580255906506, 53.192607157944494 ], [ 6.874111891206579, 53.193245628399268 ], [ 6.874576455989739, 53.194533415122251 ], [ 6.878196265482949, 53.194780776705962 ], [ 6.881230235328924, 53.194529853269692 ], [ 6.881140008826399, 53.193060622009476 ], [ 6.885557083907067, 53.192937420145519 ], [ 6.885577249537581, 53.192376276648545 ], [ 6.89407769634554, 53.19211054305422 ], [ 6.892603409491672, 53.196245728676253 ], [ 6.886778392751824, 53.204624217378232 ], [ 6.892214784806786, 53.205224243098357 ], [ 6.893780957563856, 53.200376139850391 ], [ 6.897005614616598, 53.200307062999677 ], [ 6.899637355486128, 53.201729463745373 ], [ 6.91230839510288, 53.198702063507874 ], [ 6.914653911846734, 53.199575695371372 ], [ 6.918286074177278, 53.198525343668862 ], [ 6.918858122370901, 53.199270213555181 ], [ 6.924964176622011, 53.197715357064524 ], [ 6.922718167501786, 53.19464785686435 ], [ 6.925298922090422, 53.194180936162454 ], [ 6.923871954768127, 53.191395154840166 ], [ 6.92301583715424, 53.190533637241671 ], [ 6.918587859798958, 53.191264511093365 ], [ 6.918136100125902, 53.189461789794329 ], [ 6.91579568472592, 53.188278570876378 ], [ 6.915775762912304, 53.186681374604689 ], [ 6.913820199897544, 53.182953107049769 ], [ 6.911580120102121, 53.181283677718348 ], [ 6.911498062691181, 53.17870354300954 ], [ 6.913063760877407, 53.17669433750843 ], [ 6.911829403724085, 53.175077085865524 ], [ 6.90815787038557, 53.17424415135288 ], [ 6.907636170768077, 53.172877990878959 ], [ 6.908474017038558, 53.172063557286997 ], [ 6.914071584785657, 53.172739246451037 ], [ 6.952520009180764, 53.175194154731535 ], [ 6.951030314458238, 53.179759375693159 ], [ 6.952772287054091, 53.179437527217303 ], [ 6.951610300705505, 53.182029319743698 ], [ 6.951218296323422, 53.185639068032209 ], [ 6.951777104397543, 53.184362920578749 ], [ 6.955910234149819, 53.183838979512473 ], [ 6.95627073423367, 53.184350234882551 ], [ 6.957985315214798, 53.183304895954166 ], [ 6.964608357368016, 53.181256670750471 ], [ 6.966770362364581, 53.18156926695714 ], [ 6.975694470202339, 53.185365823105087 ], [ 6.969539574376331, 53.187349668681115 ], [ 6.969174544706704, 53.187813835633321 ], [ 6.9607128515512, 53.188662928539088 ], [ 6.951048174066374, 53.199429230663334 ], [ 6.969069859027444, 53.204040481269843 ], [ 6.956977102490889, 53.221330709367983 ], [ 6.963827063950853, 53.223265824687196 ], [ 6.964189731298494, 53.222876854435562 ], [ 6.967346264011396, 53.223524014556411 ], [ 6.96769983116261, 53.223124869402092 ], [ 6.971724726684834, 53.224267793832048 ], [ 6.983076288545069, 53.191242141969845 ], [ 6.994250013735622, 53.19592487093098 ], [ 6.994701929183987, 53.19268327766617 ], [ 6.993918019742297, 53.192383711388111 ], [ 6.993742947223449, 53.191152420729033 ], [ 6.984120564938274, 53.188736013901831 ], [ 6.985438214213535, 53.184832171802398 ], [ 6.987251678477754, 53.185030059320454 ], [ 6.988305577813525, 53.184343218898249 ], [ 6.989281574070332, 53.180913868136763 ], [ 6.99191599416995, 53.179183469538941 ], [ 6.99127285474951, 53.176447168840483 ], [ 6.991670638752171, 53.17614973504125 ], [ 6.993824970041216, 53.176639540308081 ], [ 6.997423321581496, 53.176572171057551 ], [ 6.998512489500822, 53.175818336229 ], [ 6.998528156673393, 53.174795264498584 ], [ 6.995647858697309, 53.172248951513282 ], [ 6.992894369780894, 53.172254612068109 ], [ 6.993155134758111, 53.171778756422015 ], [ 6.992042119709735, 53.170517987901476 ], [ 6.99246414012828, 53.168641771708678 ], [ 6.990842879639932, 53.167772488960324 ], [ 6.995947261369693, 53.165359029548554 ], [ 6.995123425125898, 53.165726202610706 ], [ 6.995478068930951, 53.165027076400293 ], [ 6.992271375594177, 53.164308646156947 ], [ 6.987291053106632, 53.164275820950749 ], [ 6.986344000791863, 53.163328961062319 ], [ 6.986536928015889, 53.162649919148542 ], [ 6.988502061215074, 53.162645605692397 ], [ 6.98987528480099, 53.161215337931388 ], [ 6.991200717781058, 53.162298269662386 ], [ 6.99194920971699, 53.16216468463103 ], [ 6.992496278435071, 53.161268932477412 ], [ 6.991558287446747, 53.160580406062998 ], [ 6.993739760245089, 53.159404230271072 ], [ 6.991974587427043, 53.158661776811257 ], [ 6.990606591317368, 53.159695075163782 ], [ 6.989693260258485, 53.159130415113374 ], [ 6.990753131401468, 53.158563652848159 ], [ 6.979736657030231, 53.155760701975808 ], [ 6.97723510181273, 53.159284962050592 ], [ 6.972373184237535, 53.159739811793855 ], [ 6.972190919267518, 53.164336390632684 ], [ 6.958686463250451, 53.164078842224285 ], [ 6.957940874981612, 53.163532250147419 ], [ 6.958827353651448, 53.154862178099833 ], [ 6.968351379048189, 53.14146992349459 ], [ 6.975241477316112, 53.144573053663287 ], [ 6.976669781300774, 53.14404324687262 ], [ 6.977582480613758, 53.141600931803914 ], [ 6.974827162545163, 53.141143867195012 ], [ 6.977004040265452, 53.138390268333104 ], [ 6.980326575665003, 53.139239646132438 ], [ 6.984962611263843, 53.137931005384054 ], [ 6.987618473842812, 53.133395850116891 ], [ 6.987288972251236, 53.131499676129117 ], [ 6.99935843012655, 53.132389696096332 ], [ 6.998567513409557, 53.133682022975272 ], [ 6.999654876301603, 53.135028700877221 ], [ 6.997037662642481, 53.136840933486297 ], [ 6.998983514643215, 53.138647928427901 ], [ 7.000103550120848, 53.141048475237291 ], [ 7.001501865686182, 53.141575454937183 ], [ 7.005144164505503, 53.140120770102236 ], [ 6.998913915929553, 53.131452109597049 ], [ 6.999377779673398, 53.131928368756661 ], [ 7.022986295612014, 53.133185653978785 ], [ 7.024331894834456, 53.122937628328756 ], [ 7.023481948263734, 53.120526614589437 ], [ 7.019412580801569, 53.120406503870306 ], [ 7.018781349209265, 53.119506861105727 ], [ 7.016708551443556, 53.118592961795088 ], [ 7.017426247365128, 53.117964837733886 ], [ 7.007714974195844, 53.117999103567797 ], [ 7.006277783233271, 53.116121589278634 ], [ 7.028027221345398, 53.116112128774333 ], [ 7.029754349437201, 53.115097082694604 ], [ 7.025904466201852, 53.112455566701691 ], [ 7.02829151420116, 53.111570149680354 ], [ 7.029885649901327, 53.108315625917982 ], [ 7.032396045063043, 53.107222732853593 ], [ 7.033081465712381, 53.107976371184392 ], [ 7.035441188320481, 53.108204113996521 ], [ 7.042978793405172, 53.102752541554409 ], [ 7.044671563046996, 53.104245167174952 ], [ 7.037053038362283, 53.109718114261049 ], [ 7.038369919119821, 53.109597947649014 ], [ 7.038844821094757, 53.108878313966216 ], [ 7.043386163144889, 53.10878458494458 ], [ 7.046195367572266, 53.107355013814285 ], [ 7.05030039475003, 53.106386868257843 ], [ 7.051795108575812, 53.107072267231338 ], [ 7.054327490451065, 53.110643416640123 ], [ 7.053700968072567, 53.11138619321175 ], [ 7.056560827464989, 53.115267212824399 ], [ 7.057194535576794, 53.115393304347712 ], [ 7.0555464048728, 53.116278447014658 ], [ 7.050033569455707, 53.116592037116959 ], [ 7.044770472141342, 53.119956630210652 ], [ 7.052577103278447, 53.121469918452625 ], [ 7.055049848804579, 53.117689161317507 ], [ 7.058457461369676, 53.118505945420679 ], [ 7.066563603178555, 53.114236946567381 ], [ 7.079913327505313, 53.114925312414172 ], [ 7.08426894044034, 53.114766498642759 ], [ 7.092106923627671, 53.113671041346173 ], [ 7.097937047073888, 53.110757364529391 ], [ 7.097975393788985, 53.108226666514923 ], [ 7.113301638920928, 53.108245124929276 ], [ 7.115241225297954, 53.110308963772383 ], [ 7.119569823209731, 53.111217099301513 ], [ 7.119549424905585, 53.112832929348926 ], [ 7.12073359196396, 53.11394037913665 ], [ 7.113769899450594, 53.116648513317102 ], [ 7.114597450809943, 53.118780504011042 ], [ 7.11940697452298, 53.118147535422196 ], [ 7.129965863272827, 53.115565683393463 ], [ 7.135267192920121, 53.112554515151658 ], [ 7.128057935567925, 53.105168448464511 ], [ 7.1364226361622, 53.103078128773454 ], [ 7.13921040651918, 53.102974996459622 ], [ 7.150469271270786, 53.109337667206475 ], [ 7.155140727351634, 53.112948723492302 ], [ 7.160651961366579, 53.118376740421041 ], [ 7.163992648284226, 53.122725613567958 ], [ 7.157620817136777, 53.125764562609412 ], [ 7.162119920499658, 53.1309468185854 ], [ 7.165025409736367, 53.129908347739921 ], [ 7.167153017437472, 53.131649585017982 ], [ 7.169048850687131, 53.130873175374752 ], [ 7.170848698350308, 53.132804033231004 ], [ 7.173843709475673, 53.131684810917392 ], [ 7.174843807127644, 53.133038275609316 ], [ 7.180076627830448, 53.131319793498861 ], [ 7.181018536571425, 53.127678641332096 ], [ 7.183641193867937, 53.124867887042775 ], [ 7.185872814784526, 53.12422574662299 ], [ 7.183101072513982, 53.121679982102826 ], [ 7.202793505122833, 53.113410573469423 ], [ 7.199219323274687, 53.0813861843925 ], [ 7.212932052445017, 53.011060834621404 ], [ 7.217445356723031, 53.00703714058411 ] ] ], [ [ [ 6.885463363128292, 53.100300372302392 ], [ 6.884386388801147, 53.100900399569774 ], [ 6.884459497551707, 53.101457011191115 ], [ 6.886318566697851, 53.100321690749034 ], [ 6.885463363128292, 53.100300372302392 ] ] ], [ [ [ 6.899238953056056, 53.111145768364473 ], [ 6.896935709287527, 53.110563040323697 ], [ 6.894553828746485, 53.109106772471605 ], [ 6.89172077221933, 53.109960366926416 ], [ 6.890770665844542, 53.109108883843753 ], [ 6.893026975821599, 53.114402003361036 ], [ 6.899466672515347, 53.115956023571187 ], [ 6.899238953056056, 53.111145768364473 ] ] ], [ [ [ 6.889749046560428, 53.121205961118591 ], [ 6.88976723444623, 53.121501194408701 ], [ 6.8908427068831, 53.121440136672582 ], [ 6.890753430948377, 53.119274086969568 ], [ 6.889717131258062, 53.119294820873762 ], [ 6.889749046560428, 53.121205961118591 ] ] ], [ [ [ 7.060615789679402, 52.953583772535694 ], [ 7.062974562260124, 52.955407762563084 ], [ 7.065335861685539, 52.951414165517569 ], [ 7.064653759115382, 52.950773906969154 ], [ 7.062515878592817, 52.950727494734743 ], [ 7.060320872968329, 52.95323910878875 ], [ 7.060615789679402, 52.953583772535694 ] ] ], [ [ [ 7.061051308881746, 52.956931147466797 ], [ 7.060099252381527, 52.956560430196234 ], [ 7.057180424451643, 52.956831963313086 ], [ 7.054078230576152, 52.960380390866376 ], [ 7.054935307260664, 52.962438838847838 ], [ 7.057175046597822, 52.961772311316267 ], [ 7.061051308881746, 52.956931147466797 ] ] ], [ [ [ 7.058251055960992, 52.965665020338818 ], [ 7.057910288107422, 52.968109879209962 ], [ 7.060468414807934, 52.969775894978696 ], [ 7.061736991030036, 52.970268233966898 ], [ 7.063410766874753, 52.970550757254713 ], [ 7.062193073195601, 52.970149438199826 ], [ 7.060016904876753, 52.967555822872313 ], [ 7.059370469756917, 52.965813213521912 ], [ 7.058251055960992, 52.965665020338818 ] ] ], [ [ [ 7.148076057464894, 52.929041020512123 ], [ 7.147571920725103, 52.930981629548924 ], [ 7.151746978127073, 52.930124044826769 ], [ 7.148368866432822, 52.928660329862787 ], [ 7.148076057464894, 52.929041020512123 ] ] ], [ [ [ 7.156934516348356, 52.937055474681202 ], [ 7.159897805606154, 52.94188192357143 ], [ 7.16306387435915, 52.942800700996031 ], [ 7.160660507643795, 52.937252117118902 ], [ 7.156934516348356, 52.937055474681202 ] ] ] ] } },
{ "type": "Feature", "properties": { "label": "WS Winschoten", "gid": "WS Winschoten" }, "geometry": { "type": "MultiPolygon", "coordinates": [ [ [ [ 7.034424007511196, 53.106233016550178 ], [ 7.042651305363694, 53.101822225679562 ], [ 7.041687246877795, 53.100725650645451 ], [ 7.039805262945626, 53.10071212021262 ], [ 7.038273292662917, 53.099569351260129 ], [ 7.037493996658083, 53.099572138148083 ], [ 7.036629918322883, 53.100420444215196 ], [ 7.03550746675673, 53.100281658596664 ], [ 7.034323825765337, 53.101745194254519 ], [ 7.035820001712652, 53.101905540519994 ], [ 7.035672633221036, 53.102531184747413 ], [ 7.033988945995455, 53.103554773987412 ], [ 7.033724412971728, 53.104456100926299 ], [ 7.031009153881349, 53.105609370436582 ], [ 7.032396045063043, 53.107222732853593 ], [ 7.034424007511196, 53.106233016550178 ] ] ], [ [ [ 7.028102867342721, 53.107918870000503 ], [ 7.031419345275448, 53.104439650643279 ], [ 7.029792209834848, 53.103273042745315 ], [ 7.027710411844432, 53.105569934008159 ], [ 7.027597224967772, 53.10719837800697 ], [ 7.027090185748249, 53.107390334336898 ], [ 7.024723845880904, 53.106093514275727 ], [ 7.023051508987012, 53.108001064784098 ], [ 7.024547139878981, 53.108719852284693 ], [ 7.024624291895612, 53.109788471939133 ], [ 7.027053913353071, 53.107594072629134 ], [ 7.028102867342721, 53.107918870000503 ] ] ], [ [ [ 7.077672710623833, 53.11258629433987 ], [ 7.078226325372477, 53.111642204440919 ], [ 7.077448889064222, 53.11162067061769 ], [ 7.076904440928947, 53.110675908818017 ], [ 7.075133150145702, 53.110554660444812 ], [ 7.073409827830544, 53.108223274408417 ], [ 7.074936520989569, 53.108113143250826 ], [ 7.074779173420019, 53.10866076222338 ], [ 7.076345614748833, 53.110217917844977 ], [ 7.077041835109454, 53.110047417013405 ], [ 7.075122929074593, 53.107241394411119 ], [ 7.074299459140058, 53.107387953889983 ], [ 7.073775279611091, 53.106965488064162 ], [ 7.074833358675406, 53.106767787896288 ], [ 7.074728227918023, 53.106451762496874 ], [ 7.072930394550085, 53.106954108573568 ], [ 7.072382323257528, 53.105810541144471 ], [ 7.070722268398858, 53.105089684133596 ], [ 7.068981300323661, 53.106113347410066 ], [ 7.069452961291331, 53.106845204532092 ], [ 7.068186675455152, 53.106627538508839 ], [ 7.067278838577311, 53.107059323360801 ], [ 7.067224732173321, 53.107799140560438 ], [ 7.068764274635026, 53.107993740731054 ], [ 7.069664671259869, 53.10901752183976 ], [ 7.069624454050704, 53.109325821757245 ], [ 7.068459983868029, 53.10933250478994 ], [ 7.068105843235008, 53.111030787053181 ], [ 7.068700391783399, 53.111782600593003 ], [ 7.071424312678781, 53.111542729759883 ], [ 7.073217822207305, 53.112374679804581 ], [ 7.074517093123369, 53.112443232317972 ], [ 7.075408017994175, 53.111897761141385 ], [ 7.07610359748932, 53.112534820126882 ], [ 7.077672710623833, 53.11258629433987 ] ] ], [ [ [ 7.165827140276003, 53.130691860869035 ], [ 7.165025409736367, 53.129908347739921 ], [ 7.162119920499658, 53.1309468185854 ], [ 7.157620817136777, 53.125764562609412 ], [ 7.163992648284226, 53.122725613567958 ], [ 7.15731910717323, 53.114900595380377 ], [ 7.150469271270786, 53.109337667206475 ], [ 7.13921040651918, 53.102974996459622 ], [ 7.1364226361622, 53.103078128773454 ], [ 7.128057935567925, 53.105168448464511 ], [ 7.135267192920121, 53.112554515151658 ], [ 7.129965863272827, 53.115565683393463 ], [ 7.11940697452298, 53.118147535422196 ], [ 7.114597450809943, 53.118780504011042 ], [ 7.113769899450594, 53.116648513317102 ], [ 7.12073359196396, 53.11394037913665 ], [ 7.119549424905585, 53.112832929348926 ], [ 7.119569823209731, 53.111217099301513 ], [ 7.115241225297954, 53.110308963772383 ], [ 7.113301638920928, 53.108245124929276 ], [ 7.097975393788985, 53.108226666514923 ], [ 7.097937047073888, 53.110757364529391 ], [ 7.092106923627671, 53.113671041346173 ], [ 7.08426894044034, 53.114766498642759 ], [ 7.079913327505313, 53.114925312414172 ], [ 7.066563603178555, 53.114236946567381 ], [ 7.058457461369676, 53.118505945420679 ], [ 7.055049848804579, 53.117689161317507 ], [ 7.052577103278447, 53.121469918452625 ], [ 7.044770472141342, 53.119956630210652 ], [ 7.050033569455707, 53.116592037116959 ], [ 7.0555464048728, 53.116278447014658 ], [ 7.057194535576794, 53.115393304347712 ], [ 7.056560827464989, 53.115267212824399 ], [ 7.053700968072567, 53.11138619321175 ], [ 7.054327490451065, 53.110643416640123 ], [ 7.051795108575812, 53.107072267231338 ], [ 7.05030039475003, 53.106386868257843 ], [ 7.046195367572266, 53.107355013814285 ], [ 7.043386163144889, 53.10878458494458 ], [ 7.038844821094757, 53.108878313966216 ], [ 7.038369919119821, 53.109597947649014 ], [ 7.037053038362283, 53.109718114261049 ], [ 7.044671563046996, 53.104245167174952 ], [ 7.043059768808309, 53.102743356459769 ], [ 7.035441188320481, 53.108204113996521 ], [ 7.033081465712381, 53.107976371184392 ], [ 7.032396045063043, 53.107222732853593 ], [ 7.029885649901327, 53.108315625917982 ], [ 7.02829151420116, 53.111570149680354 ], [ 7.025904466201852, 53.112455566701691 ], [ 7.029754349437201, 53.115097082694604 ], [ 7.028027221345398, 53.116112128774333 ], [ 7.006277783233271, 53.116121589278634 ], [ 7.007714974195844, 53.117999103567797 ], [ 7.017426247365128, 53.117964837733886 ], [ 7.016708551443556, 53.118592961795088 ], [ 7.018781349209265, 53.119506861105727 ], [ 7.019412580801569, 53.120406503870306 ], [ 7.023481948263734, 53.120526614589437 ], [ 7.024331894834456, 53.122937628328756 ], [ 7.022986295612014, 53.133185653978785 ], [ 6.999377779673398, 53.131928368756661 ], [ 6.998913915929553, 53.131452109597049 ], [ 7.005144164505503, 53.140120770102236 ], [ 7.001501865686182, 53.141575454937183 ], [ 7.000103550120848, 53.141048475237291 ], [ 6.998983514643215, 53.138647928427901 ], [ 6.997037662642481, 53.136840933486297 ], [ 6.999654876301603, 53.135028700877221 ], [ 6.998567513409557, 53.133682022975272 ], [ 6.99935843012655, 53.132389696096332 ], [ 6.987288972251236, 53.131499676129117 ], [ 6.987618473842812, 53.133395850116891 ], [ 6.984962611263843, 53.137931005384054 ], [ 6.980326575665003, 53.139239646132438 ], [ 6.977004040265452, 53.138390268333104 ], [ 6.974827162545163, 53.141143867195012 ], [ 6.977582480613758, 53.141600931803914 ], [ 6.976669781300774, 53.14404324687262 ], [ 6.975241477316112, 53.144573053663287 ], [ 6.968351379048189, 53.14146992349459 ], [ 6.958818407739592, 53.154879010765555 ], [ 6.958070384532995, 53.163819181822205 ], [ 6.972190919267518, 53.164336390632684 ], [ 6.972373184237535, 53.159739811793855 ], [ 6.97723510181273, 53.159284962050592 ], [ 6.979736657030231, 53.155760701975808 ], [ 6.990753131401468, 53.158563652848159 ], [ 6.989693260258485, 53.159130415113374 ], [ 6.990606591317368, 53.159695075163782 ], [ 6.991974587427043, 53.158661776811257 ], [ 6.993739760245089, 53.159404230271072 ], [ 6.991553340649583, 53.160588066528604 ], [ 6.992496278435071, 53.161268932477412 ], [ 6.991975885343919, 53.16214655875779 ], [ 6.991212140821411, 53.162303391442393 ], [ 6.98987528480099, 53.161215337931388 ], [ 6.988502061215074, 53.162645605692397 ], [ 6.986536928015889, 53.162649919148542 ], [ 6.986347291822556, 53.163337412821448 ], [ 6.987291053106632, 53.164275820950749 ], [ 6.992271375594177, 53.164308646156947 ], [ 6.995478068930951, 53.165027076400293 ], [ 6.995123425125898, 53.165726202610706 ], [ 6.995947261369693, 53.165359029548554 ], [ 6.990842879639932, 53.167772488960324 ], [ 6.99246414012828, 53.168641771708678 ], [ 6.992042119709735, 53.170517987901476 ], [ 6.993155134758111, 53.171778756422015 ], [ 6.992894369780894, 53.172254612068109 ], [ 6.995647858697309, 53.172248951513282 ], [ 6.998619901462023, 53.175325964728621 ], [ 6.997423321581496, 53.176572171057551 ], [ 6.993824970041216, 53.176639540308081 ], [ 6.991670638752171, 53.17614973504125 ], [ 6.99127285474951, 53.176447168840483 ], [ 6.991921267266648, 53.17917555760738 ], [ 6.989281574070332, 53.180913868136763 ], [ 6.988305577813525, 53.184343218898249 ], [ 6.987251678477754, 53.185030059320454 ], [ 6.985447446979463, 53.1848179136746 ], [ 6.984120564938274, 53.188736013901831 ], [ 6.993742947223449, 53.191152420729033 ], [ 6.993918019742297, 53.192383711388111 ], [ 6.994701929183987, 53.19268327766617 ], [ 6.994250013735622, 53.19592487093098 ], [ 6.983076288545069, 53.191242141969845 ], [ 6.975379933840181, 53.213969724637785 ], [ 6.978353600294252, 53.215188525765569 ], [ 6.984559648220293, 53.21971410830276 ], [ 6.993495636906719, 53.223516085717648 ], [ 6.993427429532161, 53.22460141247938 ], [ 7.00066237148207, 53.233306361571323 ], [ 7.000647666489996, 53.234232300588801 ], [ 7.001656467354495, 53.235057265665027 ], [ 7.006061821646383, 53.235370582774109 ], [ 7.022812919818763, 53.201889849340546 ], [ 7.028419891953183, 53.201669006880898 ], [ 7.031381436026674, 53.204531327330443 ], [ 7.033771751249411, 53.204961944636047 ], [ 7.03584678555026, 53.204618327289545 ], [ 7.037571243744196, 53.207517716454582 ], [ 7.040123435732847, 53.208619819358589 ], [ 7.031951509523029, 53.214292270054003 ], [ 7.032127921590547, 53.215890910904207 ], [ 7.036734919044011, 53.216612990175761 ], [ 7.039858271749867, 53.218925356577209 ], [ 7.0399883420149, 53.219658780845094 ], [ 7.027699553821874, 53.233799441990406 ], [ 7.046935821559155, 53.241973308245022 ], [ 7.052664400728771, 53.245091037087612 ], [ 7.047844242755701, 53.249055345821006 ], [ 7.037910443339817, 53.248075394519759 ], [ 7.039622900909912, 53.254559401768553 ], [ 7.044175946283639, 53.257354146548643 ], [ 7.057141594788097, 53.247326371223252 ], [ 7.065300077625184, 53.25098139257468 ], [ 7.073310347989344, 53.245202615804743 ], [ 7.079430773837935, 53.248177208835727 ], [ 7.076632565374205, 53.249699439112639 ], [ 7.084371064329956, 53.254627701065225 ], [ 7.09324967824094, 53.257144300464958 ], [ 7.093694726453903, 53.256093128337355 ], [ 7.095500542589621, 53.255282748207158 ], [ 7.097721762739714, 53.256122198750475 ], [ 7.103612944301759, 53.252277348890544 ], [ 7.105275507953903, 53.252740555918777 ], [ 7.106550663707837, 53.251903096450896 ], [ 7.108283510384981, 53.252646050553672 ], [ 7.111828028894684, 53.25069169353506 ], [ 7.115096121192128, 53.25221512051931 ], [ 7.116611260375383, 53.250646820888463 ], [ 7.119241001892025, 53.25119030869724 ], [ 7.120937865926682, 53.249894258273969 ], [ 7.124026773096984, 53.250413831664524 ], [ 7.133975641159874, 53.250153480534074 ], [ 7.135451923134585, 53.248401764611629 ], [ 7.139681505470538, 53.247508564220148 ], [ 7.143046904062167, 53.24570694478718 ], [ 7.147100753840895, 53.24633995219309 ], [ 7.155845603658784, 53.243402491862426 ], [ 7.15615762911743, 53.244916515224638 ], [ 7.158630818057472, 53.245032577125812 ], [ 7.159369324379854, 53.246093434378551 ], [ 7.163173131161247, 53.245357515689065 ], [ 7.166545361904895, 53.243880708128195 ], [ 7.167750276721112, 53.242756111503247 ], [ 7.170409024379741, 53.242671897798381 ], [ 7.173066057313938, 53.240498206639373 ], [ 7.173759640172045, 53.241505351602491 ], [ 7.17563707986574, 53.240774978393723 ], [ 7.177485135107783, 53.241233173556161 ], [ 7.183217450105228, 53.239129202487931 ], [ 7.183579957463173, 53.239875933936027 ], [ 7.186215066867828, 53.238738372932723 ], [ 7.187489864304233, 53.239113076801232 ], [ 7.189847095828763, 53.238200318313289 ], [ 7.194570634094567, 53.238022235726127 ], [ 7.205660261884749, 53.23631953276751 ], [ 7.20702766222553, 53.232383612985601 ], [ 7.207665806963599, 53.23242888838486 ], [ 7.208056575256686, 53.231661145077695 ], [ 7.209134704292351, 53.232214306349043 ], [ 7.206589057683931, 53.236816204830994 ], [ 7.208480990709032, 53.239244880004726 ], [ 7.209806212230881, 53.239407878721394 ], [ 7.2125045662325, 53.228188665734329 ], [ 7.210491716870421, 53.228397130405035 ], [ 7.217025367786983, 53.214766599857661 ], [ 7.21762276371518, 53.197817332613944 ], [ 7.216551685823117, 53.195548023726332 ], [ 7.211453258126981, 53.192508586028644 ], [ 7.208190393767202, 53.188651017979375 ], [ 7.227498373224413, 53.18027850960182 ], [ 7.214002285876, 53.177204114306413 ], [ 7.203654868749203, 53.17656421046987 ], [ 7.19090042586307, 53.161839742271631 ], [ 7.191179341762865, 53.159571812578996 ], [ 7.189323465443018, 53.157322875542853 ], [ 7.189601260096542, 53.147961573591601 ], [ 7.185865202509548, 53.14466808817037 ], [ 7.183123402811399, 53.14014913130805 ], [ 7.180263661294363, 53.138032485066539 ], [ 7.178961564790036, 53.138545489468399 ], [ 7.180076627830448, 53.131319793498861 ], [ 7.174843807127644, 53.133038275609316 ], [ 7.173843709475673, 53.131684810917392 ], [ 7.170848698350308, 53.132804033231004 ], [ 7.169048850687131, 53.130873175374752 ], [ 7.167153017437472, 53.131649585017982 ], [ 7.16639507871194, 53.130614335479059 ], [ 7.165827140276003, 53.130691860869035 ] ] ], [ [ [ 7.169889921419128, 53.129044528268565 ], [ 7.168014023448136, 53.129842416541877 ], [ 7.170981627891699, 53.130390170219826 ], [ 7.172063154753628, 53.128141070590843 ], [ 7.169889921419128, 53.129044528268565 ] ] ] ] } },
{ "type": "Feature", "properties": { "label": "KZVZ Klazienaveen ZWET", "gid": "KZVZ Klazienaveen ZWET" }, "geometry": { "type": "MultiPolygon", "coordinates": [ [ [ [ 6.977514551812298, 52.69646932130123 ], [ 6.97697074766543, 52.690576103804695 ], [ 6.968183601678173, 52.690908652914068 ], [ 6.967798504804159, 52.691685650080764 ], [ 6.970847401189802, 52.694281982937333 ], [ 6.97076643547443, 52.696798264523387 ], [ 6.977514551812298, 52.69646932130123 ] ] ], [ [ [ 7.029981830107521, 52.785527692072286 ], [ 7.030491963749064, 52.785494435335359 ], [ 7.030758031755092, 52.779677043533184 ], [ 7.0408536541513, 52.779850716835888 ], [ 7.041596552677102, 52.789026066242378 ], [ 7.044576165061, 52.788952227383277 ], [ 7.044705101712104, 52.783874647006776 ], [ 7.045979308896244, 52.784325944177894 ], [ 7.046044520823138, 52.785295493726636 ], [ 7.047351631936117, 52.785315395442311 ], [ 7.047369652640237, 52.785784932054831 ], [ 7.060537130328494, 52.785969641063048 ], [ 7.060023554286494, 52.780187801885575 ], [ 7.069074765659255, 52.78032347723498 ], [ 7.064150889284267, 52.723202628487599 ], [ 7.056048023462364, 52.65539490106805 ], [ 7.039426991781789, 52.656333100603831 ], [ 7.03920086417101, 52.655747846850666 ], [ 7.03377902337385, 52.655943967644106 ], [ 7.023297525126371, 52.655188838422035 ], [ 7.017940717215142, 52.65576395417721 ], [ 7.018337044976716, 52.656566999805008 ], [ 7.016806234066074, 52.657300485460887 ], [ 7.011925804546969, 52.657861920040055 ], [ 7.015361571750793, 52.666209420188096 ], [ 7.016282791833205, 52.667138499025285 ], [ 7.015807798071419, 52.667252316316635 ], [ 7.016135963107435, 52.667973654115556 ], [ 7.017222873343941, 52.669160126488983 ], [ 7.01746494992063, 52.668684694641385 ], [ 7.021758194447029, 52.668499012406137 ], [ 7.021959839797336, 52.669058592609865 ], [ 7.025882638476602, 52.668890051849353 ], [ 7.02621052557767, 52.669875085907975 ], [ 7.017947177435811, 52.670531578661468 ], [ 7.018012134495737, 52.671247121473961 ], [ 7.015802977138422, 52.671339771762348 ], [ 7.015696860949462, 52.670464633610813 ], [ 7.010633235693565, 52.670698439403246 ], [ 7.011556992281772, 52.678783694076586 ], [ 7.01704789938569, 52.678540821018878 ], [ 7.017151296594684, 52.68065214450943 ], [ 7.022719373564247, 52.686202336551432 ], [ 7.023453531256958, 52.686570776619909 ], [ 7.025545928419914, 52.686433366767844 ], [ 7.02646498221442, 52.694532659421142 ], [ 7.024989738434968, 52.694597060590731 ], [ 7.025062228586424, 52.695215792703678 ], [ 7.023916225212117, 52.695228774014339 ], [ 7.023715276787996, 52.694723248504765 ], [ 7.008764719691013, 52.695113007416545 ], [ 6.995752322474153, 52.696531090813707 ], [ 6.991315017093789, 52.695738205158378 ], [ 6.985168789929704, 52.698859476396706 ], [ 6.981657977551992, 52.701330690469696 ], [ 6.978849348485872, 52.699204773513415 ], [ 6.977703979623946, 52.696602801618404 ], [ 6.978451583694875, 52.698892055505198 ], [ 6.982203533984582, 52.701952729012255 ], [ 6.9831243073171, 52.704322461929287 ], [ 6.979243269050873, 52.707614391363286 ], [ 6.974138631835877, 52.708346108997517 ], [ 6.973212575069295, 52.710096560257654 ], [ 6.973827078236198, 52.711502821249837 ], [ 6.978707805683769, 52.713100065961051 ], [ 6.977545877444787, 52.714998505393979 ], [ 6.972876137654239, 52.715522935199601 ], [ 6.971506955572266, 52.716539916433419 ], [ 6.971571257993967, 52.717581193947829 ], [ 6.969806135615955, 52.717655277304011 ], [ 6.976562832769194, 52.717942071999772 ], [ 6.974300658459311, 52.718603866614224 ], [ 6.974549433639949, 52.720180003535624 ], [ 6.971969998774722, 52.720289993762151 ], [ 6.974572851449435, 52.721534942516961 ], [ 6.973390674667588, 52.721594471773102 ], [ 6.971137574928896, 52.720493928185029 ], [ 6.970489187406159, 52.720514817664991 ], [ 6.969994619929952, 52.721310137260154 ], [ 6.971221038211192, 52.7217252460296 ], [ 6.972222597761284, 52.721482098514201 ], [ 6.97449362687731, 52.722773978911285 ], [ 6.973072542325729, 52.723009940795336 ], [ 6.968972623119522, 52.721665028313431 ], [ 6.969020782813952, 52.720695798007192 ], [ 6.970069256432038, 52.719989293283625 ], [ 6.969958479541492, 52.719038710055621 ], [ 6.969056966989448, 52.718565322046267 ], [ 6.967994828619451, 52.71902357223815 ], [ 6.965436144341457, 52.71767918779571 ], [ 6.964913423386955, 52.71555131959321 ], [ 6.958647765603533, 52.716089636723581 ], [ 6.968211532194822, 52.721241081786488 ], [ 6.967937613805992, 52.721820641512942 ], [ 6.969332075133295, 52.722615195665306 ], [ 6.966321153043188, 52.722881578092831 ], [ 6.964916266223607, 52.723803591762412 ], [ 6.967237059119262, 52.725150676115327 ], [ 6.963216766663092, 52.72785122849222 ], [ 6.964328508371898, 52.728360569076962 ], [ 6.957899953461967, 52.732670389149064 ], [ 6.964692773819912, 52.734269703235775 ], [ 6.969798341580266, 52.734865249770749 ], [ 6.971930262762731, 52.734666079507114 ], [ 6.97681947025731, 52.733057010436838 ], [ 6.977867692791643, 52.733411151315195 ], [ 6.978703691346834, 52.732816723720617 ], [ 6.979472920732498, 52.733154903394734 ], [ 6.976355657653627, 52.735254403244809 ], [ 6.977135600285743, 52.736249909105858 ], [ 6.975137027622507, 52.736815885308793 ], [ 6.974344123587084, 52.736614659156395 ], [ 6.959922452000555, 52.746363530225089 ], [ 6.959508692072223, 52.746213698567921 ], [ 6.959906602659248, 52.746374240614671 ], [ 6.955634130092204, 52.749261218753695 ], [ 6.963148994807407, 52.752197253041274 ], [ 6.963106025725911, 52.759732553294519 ], [ 6.958389847893617, 52.764022437740984 ], [ 6.962702484464722, 52.764641394942814 ], [ 6.961978466123133, 52.76544363136648 ], [ 6.966681259424257, 52.769108742068504 ], [ 6.9660680045728, 52.769899489048036 ], [ 6.969561936016227, 52.771111509501345 ], [ 6.967903887245935, 52.77301988194597 ], [ 6.984964975989318, 52.772890833182906 ], [ 6.98554892613693, 52.77664475860324 ], [ 6.984096238819917, 52.780748374608166 ], [ 6.990384443293856, 52.783012707911929 ], [ 6.990512740887168, 52.784797550173757 ], [ 7.015757251567161, 52.785232522974404 ], [ 7.016550967311924, 52.789487207805436 ], [ 7.018846767181322, 52.789236094879541 ], [ 7.019749450811644, 52.792106482644996 ], [ 7.022501842991234, 52.791508052954676 ], [ 7.020540165212662, 52.787354372664637 ], [ 7.021560843505498, 52.787143943655231 ], [ 7.020559360568515, 52.785371386975072 ], [ 7.029981830107521, 52.785527692072286 ] ] ], [ [ [ 6.969975511416136, 52.773750523647912 ], [ 6.962746386912499, 52.773519655918882 ], [ 6.961762793086627, 52.774333851076285 ], [ 6.961199757197068, 52.776862407053173 ], [ 6.961664143842389, 52.776223150094047 ], [ 6.96790402835506, 52.776393279860088 ], [ 6.969975511416136, 52.773750523647912 ] ] ] ] } },
{ "type": "Feature", "properties": { "label": "WEW Weiwerd", "gid": "WEW Weiwerd" }, "geometry": { "type": "MultiPolygon", "coordinates": [ [ [ [ 6.652902509730969, 53.235443324869223 ], [ 6.651847518509542, 53.235101359248389 ], [ 6.6496212642076, 53.235848528438545 ], [ 6.651219020809332, 53.236406784151605 ], [ 6.653087489122961, 53.235664710268708 ], [ 6.655032975687096, 53.235649896099758 ], [ 6.652902509730969, 53.235443324869223 ] ] ], [ [ [ 6.710340960354973, 53.241734884638937 ], [ 6.715989092515883, 53.242811373918755 ], [ 6.717685704221499, 53.24187250043655 ], [ 6.711633683990831, 53.23819548006464 ], [ 6.712026251792169, 53.238000821365958 ], [ 6.708870566693803, 53.235177235262867 ], [ 6.657882459315511, 53.235477788587197 ], [ 6.66141574016792, 53.23562135143402 ], [ 6.661924970165955, 53.236790299422459 ], [ 6.665220582431429, 53.236985423927308 ], [ 6.669586613549033, 53.239639868277877 ], [ 6.663979736440774, 53.242706516041231 ], [ 6.697722346285881, 53.255113248539814 ], [ 6.698906849787655, 53.252051381685426 ], [ 6.696672301307254, 53.250041915273968 ], [ 6.697165781527182, 53.245758475119317 ], [ 6.704088492866941, 53.242168143827051 ], [ 6.710340960354973, 53.241734884638937 ] ] ], [ [ [ 6.779232229692445, 53.25999295475588 ], [ 6.780868540838019, 53.260155285887315 ], [ 6.780635142667975, 53.258658735578685 ], [ 6.784068065062555, 53.258910554104325 ], [ 6.786885481593138, 53.259817240286168 ], [ 6.789645881200796, 53.259126579872166 ], [ 6.790749814695046, 53.259242207111228 ], [ 6.792728347307427, 53.260043531760424 ], [ 6.794719579801877, 53.262799589775028 ], [ 6.797831795578727, 53.264796175102056 ], [ 6.80457521272315, 53.267129974065739 ], [ 6.809576012854825, 53.270104425362121 ], [ 6.814425617262419, 53.272072204576716 ], [ 6.818201377986634, 53.272246160540107 ], [ 6.828901463322606, 53.271006266033297 ], [ 6.833723466965557, 53.271864480301616 ], [ 6.835217795139008, 53.27293647508894 ], [ 6.832484954291846, 53.272612315952799 ], [ 6.829233901070154, 53.273442301351217 ], [ 6.823752024748188, 53.276769123099193 ], [ 6.827377860931251, 53.280035677773022 ], [ 6.827995730449068, 53.283331750432666 ], [ 6.825561908385947, 53.285391609629023 ], [ 6.812798298445358, 53.282284578708392 ], [ 6.812675249862314, 53.281472022421333 ], [ 6.811296848627902, 53.281148673522054 ], [ 6.811146691092527, 53.280715019921566 ], [ 6.805255046944906, 53.280851094398791 ], [ 6.799103026752188, 53.286747223791046 ], [ 6.799718392800722, 53.287184601107683 ], [ 6.796412682635786, 53.291471107784233 ], [ 6.76817216780742, 53.281528759580254 ], [ 6.764946800988035, 53.284732594760555 ], [ 6.76100025382163, 53.286053021873073 ], [ 6.755628825556892, 53.290388985917211 ], [ 6.752132795779802, 53.289393792496732 ], [ 6.743813761350804, 53.293504035605913 ], [ 6.739067971467922, 53.29192429274201 ], [ 6.734883804217217, 53.294357905390491 ], [ 6.737235543822902, 53.296178376558281 ], [ 6.734409887342027, 53.297849117448941 ], [ 6.735057817716911, 53.298516431796358 ], [ 6.733054236562048, 53.299440523347933 ], [ 6.732672166375882, 53.300704827574819 ], [ 6.73752386540355, 53.3029525685142 ], [ 6.73717955130821, 53.303586868573042 ], [ 6.739341428456063, 53.304910096701725 ], [ 6.738773326424838, 53.305017333438457 ], [ 6.748880571131429, 53.309718415114055 ], [ 6.75073483190021, 53.309221325025206 ], [ 6.758314354811445, 53.310144874169971 ], [ 6.75947255744552, 53.307923004358969 ], [ 6.762149859383405, 53.308026792536026 ], [ 6.762007230737505, 53.309054328473259 ], [ 6.760768087757507, 53.30950114098647 ], [ 6.760310792490957, 53.310418549880957 ], [ 6.761870630035781, 53.310258670132768 ], [ 6.761855457131927, 53.310580527041708 ], [ 6.760447971381109, 53.310472593024919 ], [ 6.758656298139387, 53.310201894743592 ], [ 6.758486176744291, 53.310677694338267 ], [ 6.758944337317151, 53.310899911582545 ], [ 6.759589704675261, 53.310400331908077 ], [ 6.762177734131935, 53.311087970620889 ], [ 6.758637177593142, 53.311428290418952 ], [ 6.757453768422346, 53.310977700906562 ], [ 6.757511656683854, 53.310525542755514 ], [ 6.755046667885275, 53.310408547087995 ], [ 6.755135779398974, 53.309930536744254 ], [ 6.749806961841164, 53.309637427748896 ], [ 6.749054787557017, 53.310699988989903 ], [ 6.747579976570958, 53.311143463450854 ], [ 6.747948338340215, 53.311781044708809 ], [ 6.749337160309988, 53.311469432034826 ], [ 6.750256424220463, 53.312161587103603 ], [ 6.75183608813895, 53.314368286239386 ], [ 6.747620262709717, 53.315517198663969 ], [ 6.744619284747452, 53.315366116007141 ], [ 6.740431985189677, 53.317227967955318 ], [ 6.745296227854103, 53.320405508044267 ], [ 6.744181703864605, 53.32113066971764 ], [ 6.739736520227955, 53.322071677438508 ], [ 6.736435887543873, 53.321845234490432 ], [ 6.734285411025543, 53.322274807981785 ], [ 6.7319864457741, 53.319171594926104 ], [ 6.730858972618856, 53.318552793670698 ], [ 6.73227467239866, 53.317781541697485 ], [ 6.730000792795014, 53.315222468049456 ], [ 6.724279317226515, 53.317050797291024 ], [ 6.72160555827177, 53.316803172623217 ], [ 6.718499473512662, 53.319411010680454 ], [ 6.71621744567125, 53.320525421961975 ], [ 6.71457284590021, 53.322906205752702 ], [ 6.713268991707084, 53.323578257235326 ], [ 6.712980879863934, 53.32437660873736 ], [ 6.713183487191185, 53.323594440380205 ], [ 6.714524887891401, 53.322843229139146 ], [ 6.715364877407927, 53.321517374384193 ], [ 6.711277816564471, 53.321475813223643 ], [ 6.707441875482076, 53.323754825218053 ], [ 6.704970422872139, 53.32558056196266 ], [ 6.707775193096402, 53.327951650540513 ], [ 6.708918199031172, 53.32755749491286 ], [ 6.705419512146785, 53.329566502066164 ], [ 6.703338690319478, 53.329578976806367 ], [ 6.711017910165671, 53.331257013118275 ], [ 6.714418934968967, 53.333622139662118 ], [ 6.714178807697345, 53.3347829183352 ], [ 6.715345138823533, 53.335890817086621 ], [ 6.714801145973306, 53.338494722987143 ], [ 6.716055197150274, 53.339475044640153 ], [ 6.717938988244106, 53.339738698066917 ], [ 6.723083792355008, 53.339245900560883 ], [ 6.726246007627688, 53.340291280540541 ], [ 6.726966339798017, 53.341329472541936 ], [ 6.727677439417057, 53.340680641422772 ], [ 6.734015561225267, 53.340402026509651 ], [ 6.736559109962494, 53.341719860544558 ], [ 6.73751560898763, 53.352096680623447 ], [ 6.744116660170933, 53.348434336653355 ], [ 6.749122565555849, 53.351408709476644 ], [ 6.746495703192074, 53.355252777826585 ], [ 6.751710188822717, 53.357550385983224 ], [ 6.751824723678833, 53.358253060929648 ], [ 6.754191350408693, 53.360268398181319 ], [ 6.751386164294042, 53.362705910604397 ], [ 6.750455045869987, 53.367266971490587 ], [ 6.749865766793854, 53.367288233191459 ], [ 6.751125991855454, 53.36875397072329 ], [ 6.754444686821359, 53.369957587207523 ], [ 6.764139562009821, 53.360673718499967 ], [ 6.76765213191104, 53.361620894519589 ], [ 6.778465012389632, 53.351163947683425 ], [ 6.785790953821945, 53.354352975296962 ], [ 6.787738052291783, 53.35288040115929 ], [ 6.788988368665736, 53.353358749091271 ], [ 6.792752189598273, 53.350031679538141 ], [ 6.788138324367138, 53.354979260440729 ], [ 6.786610654603271, 53.354531851489945 ], [ 6.780586210558345, 53.360488110551991 ], [ 6.780366007127531, 53.361355178285692 ], [ 6.783195267437228, 53.361892596070248 ], [ 6.787155348741827, 53.358111763932371 ], [ 6.791507604188721, 53.359757821059446 ], [ 6.791149574629882, 53.360211577476505 ], [ 6.793173891876561, 53.361364056311011 ], [ 6.794185084181274, 53.362683457419763 ], [ 6.792599474386921, 53.362909917796138 ], [ 6.797882309991699, 53.365743936867084 ], [ 6.794779386288145, 53.36693425078218 ], [ 6.792403522284944, 53.368661978937737 ], [ 6.797887509047298, 53.371636384484106 ], [ 6.803524074880116, 53.368483122366797 ], [ 6.800842044401499, 53.366088591893302 ], [ 6.808731122036701, 53.361738417322279 ], [ 6.810785730561946, 53.362764247243696 ], [ 6.809254754622549, 53.367541265257813 ], [ 6.809761865918202, 53.371790723286892 ], [ 6.811182678675448, 53.372549275639336 ], [ 6.812551710299478, 53.371153657853803 ], [ 6.813955978160112, 53.37073593570662 ], [ 6.813833204007096, 53.370197398134877 ], [ 6.812792603450017, 53.370306607459092 ], [ 6.812163916109774, 53.369483495402974 ], [ 6.813068163316864, 53.36917456630669 ], [ 6.813862946329108, 53.370077384368912 ], [ 6.815651692927581, 53.370220821117265 ], [ 6.815761390508666, 53.370820813449072 ], [ 6.818118760078367, 53.37106227896129 ], [ 6.819685829277813, 53.369418053785274 ], [ 6.820802688451425, 53.369557552155733 ], [ 6.820031368337729, 53.369851042934002 ], [ 6.82023992566367, 53.371190204235511 ], [ 6.817563501512278, 53.372710765520146 ], [ 6.817431073157429, 53.373535847637399 ], [ 6.824209688843899, 53.371974654788673 ], [ 6.831743400682317, 53.372293013281613 ], [ 6.83275253310329, 53.36919863410651 ], [ 6.83254775909931, 53.364578710093447 ], [ 6.834518022824535, 53.363659761675876 ], [ 6.836626458014807, 53.363644954642702 ], [ 6.842858005538358, 53.365428693439931 ], [ 6.843853854870308, 53.365178041523194 ], [ 6.844201269426287, 53.367310384517999 ], [ 6.836928336953334, 53.36854746843472 ], [ 6.838960042150186, 53.370524181699416 ], [ 6.841372041156301, 53.369253341144557 ], [ 6.843785041521779, 53.368998947628683 ], [ 6.843183632864484, 53.370432573793067 ], [ 6.845063552011164, 53.370782356136552 ], [ 6.847567518989123, 53.369674879980366 ], [ 6.851370833590353, 53.368985994966891 ], [ 6.846006845406096, 53.37061535622999 ], [ 6.843111522524211, 53.373218758597119 ], [ 6.841041369338646, 53.372780820963733 ], [ 6.837846582436046, 53.372802685980524 ], [ 6.838514801622879, 53.373223504740501 ], [ 6.838005317867195, 53.373751013630574 ], [ 6.839137372112525, 53.374030137615698 ], [ 6.836956108176383, 53.375997354374547 ], [ 6.834926048482752, 53.376576795069177 ], [ 6.833155522921751, 53.378424720407232 ], [ 6.833062276220289, 53.380861624664988 ], [ 6.834614743995219, 53.382297470503431 ], [ 6.834519097657282, 53.383000457485508 ], [ 6.833041716852473, 53.383910769056207 ], [ 6.833867621089328, 53.384333267718659 ], [ 6.834642653008093, 53.384375845348501 ], [ 6.835396850206087, 53.382098585156541 ], [ 6.840283537663253, 53.376677748532273 ], [ 6.841860900238228, 53.377491316037784 ], [ 6.845153658709156, 53.37739905148959 ], [ 6.844824051088913, 53.379128603758431 ], [ 6.849963734522383, 53.379964012328472 ], [ 6.853302730481459, 53.379458837681454 ], [ 6.856087077830532, 53.380514208644328 ], [ 6.856411650918994, 53.379938325907794 ], [ 6.856967657544606, 53.380091671960578 ], [ 6.856885904609801, 53.379378441793541 ], [ 6.858003714353787, 53.379717112272964 ], [ 6.857595155267513, 53.379077373319554 ], [ 6.862073994720187, 53.379896489803791 ], [ 6.863016375914805, 53.378341820089943 ], [ 6.86242732644555, 53.376732338990529 ], [ 6.866927220131462, 53.374199753296551 ], [ 6.871506793369381, 53.375518073840553 ], [ 6.869949725631709, 53.376976014338823 ], [ 6.871715867571703, 53.377603555695302 ], [ 6.870743118912319, 53.379599436235587 ], [ 6.866436405058248, 53.378842966406665 ], [ 6.865942357955308, 53.37889929985915 ], [ 6.866447871462483, 53.378919651897213 ], [ 6.865977884915394, 53.379860295585637 ], [ 6.885457255935248, 53.383168879281698 ], [ 6.885691305505022, 53.382744145769614 ], [ 6.886960800132178, 53.382701030883538 ], [ 6.886988841185305, 53.383423766277708 ], [ 6.888666873496496, 53.383715103896087 ], [ 6.889000969634917, 53.38028017592444 ], [ 6.893177872128142, 53.371363223980303 ], [ 6.895669199195006, 53.369597831327894 ], [ 6.894518413905926, 53.365130548795037 ], [ 6.895018599054962, 53.363291455783688 ], [ 6.896444858580393, 53.361886077883575 ], [ 6.896181061564291, 53.359040174806978 ], [ 6.897126101216174, 53.355583422256565 ], [ 6.902086486212983, 53.347522834867974 ], [ 6.908526288342935, 53.347248024417539 ], [ 6.913038982377807, 53.344601514078761 ], [ 6.918886535561621, 53.342172191781742 ], [ 6.928329282086035, 53.33645950092059 ], [ 6.929503805590891, 53.336556608378217 ], [ 6.929345200764694, 53.335844606531147 ], [ 6.930484518253134, 53.334862078524665 ], [ 6.936316019707192, 53.334029491476109 ], [ 6.944317391650058, 53.329693283260063 ], [ 6.943558853782092, 53.327278378765641 ], [ 6.953221398698216, 53.32446757673349 ], [ 6.970271001301871, 53.321776952247347 ], [ 6.986988473796198, 53.317550923181713 ], [ 6.996464486297123, 53.31671528422774 ], [ 7.004972945974037, 53.317117092272539 ], [ 7.005072775938052, 53.316846131228054 ], [ 7.003603762860684, 53.316122450304462 ], [ 6.992912755646441, 53.315756504227053 ], [ 6.987633129484739, 53.316400044094806 ], [ 6.970371253775981, 53.320801627832836 ], [ 6.95215931594764, 53.323297659399174 ], [ 6.946087213252159, 53.32486064335432 ], [ 6.940522424327957, 53.328305350179797 ], [ 6.93968388422635, 53.328167602596608 ], [ 6.934314148179755, 53.333074908035051 ], [ 6.931165620011105, 53.332122009935354 ], [ 6.928121644150274, 53.327689964322431 ], [ 6.93047122630969, 53.327151565887576 ], [ 6.931804275385061, 53.326226737081967 ], [ 6.935927174702341, 53.326329949543627 ], [ 6.949875203516465, 53.322065783199626 ], [ 6.958122598525856, 53.320604722533858 ], [ 6.962911233988009, 53.318858767369875 ], [ 6.968314825735738, 53.319004824505079 ], [ 6.975046201703332, 53.316960607710627 ], [ 6.979354740000232, 53.316332927698859 ], [ 6.996249791255106, 53.311672004617691 ], [ 7.000589690119272, 53.309424439749343 ], [ 7.010688470581396, 53.313794463494368 ], [ 7.009246009389369, 53.315409314309399 ], [ 7.01022639644343, 53.315776377783607 ], [ 7.01290373444816, 53.311244646365402 ], [ 7.009785066066393, 53.306526527866964 ], [ 7.010292990998879, 53.306123734249297 ], [ 7.027010421640322, 53.302461827864256 ], [ 7.031000000662726, 53.302597390566532 ], [ 7.037946440173211, 53.304685496345428 ], [ 7.039185220250839, 53.30239969514637 ], [ 7.044783942915737, 53.30135003180829 ], [ 7.047502913743315, 53.299567344685158 ], [ 7.068193462430617, 53.299757062232814 ], [ 7.069921146045865, 53.300190994687483 ], [ 7.076718264911982, 53.300277677863832 ], [ 7.080722674661552, 53.30369604754781 ], [ 7.086251092330641, 53.30415844030162 ], [ 7.09098895982186, 53.30513224062959 ], [ 7.095384101272297, 53.308047036856728 ], [ 7.098378794405073, 53.308725801403604 ], [ 7.09996626466708, 53.307900486174105 ], [ 7.098375655655169, 53.305050538116745 ], [ 7.095629778043137, 53.30473745356862 ], [ 7.090353600898131, 53.30053372627372 ], [ 7.085497989027672, 53.297750221531722 ], [ 7.084900068162389, 53.298018057073072 ], [ 7.084166652578767, 53.297553062006152 ], [ 7.082508877803081, 53.291234381067184 ], [ 7.085242536000872, 53.282508279882023 ], [ 7.080908550513887, 53.277396810682284 ], [ 7.078238062938098, 53.270769675287447 ], [ 7.078331384226033, 53.266581296124905 ], [ 7.084623065150569, 53.261565832722347 ], [ 7.09324967824094, 53.257144300464958 ], [ 7.084371064329956, 53.254627701065225 ], [ 7.076632565374205, 53.249699439112639 ], [ 7.079430773837935, 53.248177208835727 ], [ 7.073310347989344, 53.245202615804743 ], [ 7.065300077625184, 53.25098139257468 ], [ 7.057141594788097, 53.247326371223252 ], [ 7.044175946283639, 53.257354146548643 ], [ 7.039622900909912, 53.254559401768553 ], [ 7.037910443339817, 53.248075394519759 ], [ 7.047844242755701, 53.249055345821006 ], [ 7.052667520725988, 53.245097308178103 ], [ 7.046935821559155, 53.241973308245022 ], [ 7.027699553821874, 53.233799441990406 ], [ 7.0399883420149, 53.219658780845094 ], [ 7.039858271749867, 53.218925356577209 ], [ 7.036734919044011, 53.216612990175761 ], [ 7.032127921590547, 53.215890910904207 ], [ 7.031951509523029, 53.214292270054003 ], [ 7.040123435732847, 53.208619819358589 ], [ 7.037571243744196, 53.207517716454582 ], [ 7.03584678555026, 53.204618327289545 ], [ 7.033771751249411, 53.204961944636047 ], [ 7.031381436026674, 53.204531327330443 ], [ 7.028419891953183, 53.201669006880898 ], [ 7.022812919818763, 53.201889849340546 ], [ 7.006061821646383, 53.235370582774109 ], [ 7.001656467354495, 53.235057265665027 ], [ 7.000647666489996, 53.234232300588801 ], [ 7.00066237148207, 53.233306361571323 ], [ 6.993427429532161, 53.22460141247938 ], [ 6.993495636906719, 53.223516085717648 ], [ 6.984559648220293, 53.21971410830276 ], [ 6.976199185423732, 53.214151954796804 ], [ 6.975379933840181, 53.213969724637785 ], [ 6.971724726684834, 53.224267793832048 ], [ 6.96769983116261, 53.223124869402092 ], [ 6.967346264011396, 53.223524014556411 ], [ 6.964189731298494, 53.222876854435562 ], [ 6.963827063950853, 53.223265824687196 ], [ 6.956977102490889, 53.221330709367983 ], [ 6.969072163552339, 53.20404676702411 ], [ 6.951048174066374, 53.199429230663334 ], [ 6.9607128515512, 53.188662928539088 ], [ 6.969174544706704, 53.187813835633321 ], [ 6.969539574376331, 53.187349668681115 ], [ 6.975694470202339, 53.185365823105087 ], [ 6.966770362364581, 53.18156926695714 ], [ 6.964608357368016, 53.181256670750471 ], [ 6.957985315214798, 53.183304895954166 ], [ 6.95627073423367, 53.184350234882551 ], [ 6.955910234149819, 53.183838979512473 ], [ 6.951777104397543, 53.184362920578749 ], [ 6.951218296323422, 53.185639068032209 ], [ 6.951610300705505, 53.182029319743698 ], [ 6.952772287054091, 53.179437527217303 ], [ 6.951030314458238, 53.179759375693159 ], [ 6.952520009180764, 53.175194154731535 ], [ 6.914071584785657, 53.172739246451037 ], [ 6.908474017038558, 53.172063557286997 ], [ 6.907636170768077, 53.172877990878959 ], [ 6.90815787038557, 53.17424415135288 ], [ 6.911829403724085, 53.175077085865524 ], [ 6.913063760877407, 53.17669433750843 ], [ 6.911498062691181, 53.17870354300954 ], [ 6.911580120102121, 53.181283677718348 ], [ 6.913820199897544, 53.182953107049769 ], [ 6.915775762912304, 53.186681374604689 ], [ 6.91579568472592, 53.188278570876378 ], [ 6.918136100125902, 53.189461789794329 ], [ 6.918587859798958, 53.191264511093365 ], [ 6.92301583715424, 53.190533637241671 ], [ 6.923871954768127, 53.191395154840166 ], [ 6.925298922090422, 53.194180936162454 ], [ 6.922718167501786, 53.19464785686435 ], [ 6.924964176622011, 53.197715357064524 ], [ 6.918858122370901, 53.199270213555181 ], [ 6.918286074177278, 53.198525343668862 ], [ 6.914653911846734, 53.199575695371372 ], [ 6.91230839510288, 53.198702063507874 ], [ 6.899637355486128, 53.201729463745373 ], [ 6.897005614616598, 53.200307062999677 ], [ 6.893780957563856, 53.200376139850391 ], [ 6.892214784806786, 53.205224243098357 ], [ 6.886778392751824, 53.204624217378232 ], [ 6.892603409491672, 53.196245728676253 ], [ 6.89407769634554, 53.19211054305422 ], [ 6.885577249537581, 53.192376276648545 ], [ 6.885557083907067, 53.192937420145519 ], [ 6.881140008826399, 53.193060622009476 ], [ 6.881230235328924, 53.194529853269692 ], [ 6.878196265482949, 53.194780776705962 ], [ 6.8745672640233, 53.194528519780121 ], [ 6.874238191575254, 53.192611560517939 ], [ 6.872968424586885, 53.193561347044309 ], [ 6.873314914748314, 53.194447416995871 ], [ 6.872573046622192, 53.19471156803575 ], [ 6.873237852777215, 53.194757545803057 ], [ 6.873073141044263, 53.195516253508863 ], [ 6.86768839765949, 53.195690551348662 ], [ 6.867790695147052, 53.196640925480992 ], [ 6.866058043840984, 53.196660733987208 ], [ 6.864897801742234, 53.195762821562028 ], [ 6.862134118897544, 53.195830185270736 ], [ 6.860771189283936, 53.196742316055563 ], [ 6.86223074540403, 53.197696546110109 ], [ 6.867231640734142, 53.198812851610619 ], [ 6.864965266083475, 53.206759416329568 ], [ 6.867826148045133, 53.207180307807135 ], [ 6.849840620857455, 53.205154116982698 ], [ 6.84893582408498, 53.205824421848646 ], [ 6.847483286701167, 53.210800531390795 ], [ 6.847751887357094, 53.209419168110799 ], [ 6.841134708703279, 53.208563610127115 ], [ 6.826548601999078, 53.215787698307416 ], [ 6.824689647046904, 53.213920156310024 ], [ 6.817842516277906, 53.216716600343929 ], [ 6.818332034718736, 53.217225954950138 ], [ 6.814381727961162, 53.218951308886602 ], [ 6.81339349017804, 53.218160620316034 ], [ 6.812759553102164, 53.216148076579088 ], [ 6.804002114899983, 53.209278899055839 ], [ 6.800351486311755, 53.210762231623498 ], [ 6.800774149009946, 53.211111417913784 ], [ 6.800299984720125, 53.211314598080264 ], [ 6.797552086215058, 53.20929196506966 ], [ 6.797588030488636, 53.209876834684408 ], [ 6.796622167457422, 53.210386580929665 ], [ 6.798755451793459, 53.2121306385732 ], [ 6.794180009005761, 53.213976024664682 ], [ 6.79799741512182, 53.214879347146045 ], [ 6.799681986248931, 53.212957044604082 ], [ 6.803939410037271, 53.216809143840244 ], [ 6.804728413688362, 53.217262538568193 ], [ 6.805693143570211, 53.21711036368778 ], [ 6.80700543382075, 53.217882157474889 ], [ 6.803107395397267, 53.219461255024619 ], [ 6.803707804394006, 53.22029388097625 ], [ 6.802821836456034, 53.220719963689938 ], [ 6.7993139533953, 53.221022114738062 ], [ 6.799695156092806, 53.222301440384314 ], [ 6.801321196356588, 53.221835186802835 ], [ 6.801171543195927, 53.222882040560776 ], [ 6.803145773369947, 53.223017797613693 ], [ 6.803767090884435, 53.223654465180381 ], [ 6.800382974615554, 53.225138797786741 ], [ 6.800355381638385, 53.226343731654254 ], [ 6.802277451666721, 53.226234117056272 ], [ 6.80345477456822, 53.227207173944777 ], [ 6.805278612240392, 53.226756796125485 ], [ 6.806494427119238, 53.228065653789159 ], [ 6.809276230899553, 53.228781591675137 ], [ 6.809951872087723, 53.229627721745047 ], [ 6.809249780461399, 53.230648496184791 ], [ 6.804674323206737, 53.229064936196856 ], [ 6.797683625226811, 53.225107752647496 ], [ 6.793757565020099, 53.226775298628169 ], [ 6.796149343893697, 53.228758155096003 ], [ 6.798150367504568, 53.227880995742311 ], [ 6.802482710833916, 53.231235682121302 ], [ 6.799688356482718, 53.232763437281889 ], [ 6.800728375441833, 53.233456712986552 ], [ 6.801825103014679, 53.232938572681157 ], [ 6.778336524027236, 53.245656420418563 ], [ 6.777132614896812, 53.249297200597944 ], [ 6.778949139401486, 53.254315096406842 ], [ 6.777130697779655, 53.257036416801391 ], [ 6.778371007215777, 53.257247764965769 ], [ 6.779842417414446, 53.258536924313468 ], [ 6.778007841066333, 53.259928416343911 ], [ 6.779232229692445, 53.25999295475588 ] ] ], [ [ [ 6.703920174628794, 53.271435540138619 ], [ 6.709456676498639, 53.270564297012712 ], [ 6.710649196277801, 53.268660691941633 ], [ 6.717657610336737, 53.2631677151765 ], [ 6.732291767293922, 53.269208620722203 ], [ 6.762064235782359, 53.279328501883548 ], [ 6.766141344643291, 53.278315209973712 ], [ 6.765630305436109, 53.276409756523016 ], [ 6.762930931242345, 53.274597389199613 ], [ 6.764107643955793, 53.271195306772483 ], [ 6.778007841066333, 53.259928416343911 ], [ 6.776996763293544, 53.25960608908354 ], [ 6.775219509854795, 53.26061377486338 ], [ 6.771839155735102, 53.260340501160215 ], [ 6.767773922596938, 53.263246211395014 ], [ 6.764028392693359, 53.26301100625605 ], [ 6.762716894886112, 53.26385061107699 ], [ 6.764219991439129, 53.26893891269296 ], [ 6.763184858511201, 53.269732159110468 ], [ 6.75532535208758, 53.272156249205118 ], [ 6.754531652862457, 53.271926121041844 ], [ 6.753273484357544, 53.27316773490395 ], [ 6.754279796437877, 53.27377100709581 ], [ 6.753147000852586, 53.274794764486195 ], [ 6.732740074550443, 53.268567630265771 ], [ 6.713283772144765, 53.260696571421008 ], [ 6.70881451205512, 53.259104458875477 ], [ 6.707515571733497, 53.259430396277821 ], [ 6.689046203104206, 53.252819015727887 ], [ 6.687879222140951, 53.253427033431279 ], [ 6.687489334036272, 53.257055448193334 ], [ 6.700605592158925, 53.265415185697343 ], [ 6.70043894260827, 53.267427010156027 ], [ 6.698784719053288, 53.26969601181667 ], [ 6.701823342104287, 53.271895340700837 ], [ 6.702662705829397, 53.270565418472387 ], [ 6.702916015057778, 53.271579704023644 ], [ 6.703920174628794, 53.271435540138619 ] ] ], [ [ [ 6.797320784180119, 53.286067879470352 ], [ 6.798694309315438, 53.286603868388852 ], [ 6.800792412681034, 53.284768945840796 ], [ 6.793077302262516, 53.283787305192725 ], [ 6.793243495292177, 53.28348664677862 ], [ 6.791549495571577, 53.282776180684678 ], [ 6.791380953600851, 53.283431004563624 ], [ 6.789180917111928, 53.282954118518525 ], [ 6.789515397634607, 53.282481346016155 ], [ 6.788191241646976, 53.282197105395745 ], [ 6.788362496921548, 53.281881462702358 ], [ 6.784925967145679, 53.28167261555226 ], [ 6.784502977645186, 53.280655973955703 ], [ 6.784190663251225, 53.281741308684907 ], [ 6.786983188859773, 53.282490647230006 ], [ 6.785866199853595, 53.28311213812875 ], [ 6.785071155030177, 53.284893195016927 ], [ 6.787260716443788, 53.285378399688277 ], [ 6.785950456217841, 53.286836900175004 ], [ 6.79051660291795, 53.287889094689298 ], [ 6.791553327304398, 53.28688093774069 ], [ 6.795555433676126, 53.285988625401806 ], [ 6.797320784180119, 53.286067879470352 ] ] ], [ [ [ 6.778974068732381, 53.368971589172759 ], [ 6.778872319777903, 53.368154747955472 ], [ 6.77844877347318, 53.368483696823859 ], [ 6.778072034697995, 53.368143790435447 ], [ 6.77772699935656, 53.369390179603641 ], [ 6.778974068732381, 53.368971589172759 ] ] ], [ [ [ 6.771469259157083, 53.380641676937394 ], [ 6.775551680219571, 53.378272359964512 ], [ 6.776365221466547, 53.376754219179617 ], [ 6.779194380408121, 53.374800688273453 ], [ 6.777771657763447, 53.372192650954752 ], [ 6.776602469979217, 53.371405077970017 ], [ 6.777664873743174, 53.369546824728346 ], [ 6.776842662083033, 53.369940974899542 ], [ 6.775576251423084, 53.369439318502451 ], [ 6.776073540485422, 53.368748936858168 ], [ 6.774266616926578, 53.367914425952939 ], [ 6.7727154574673, 53.370045267778586 ], [ 6.773347376756878, 53.370343060351324 ], [ 6.771820787774283, 53.371542523314389 ], [ 6.77367140439909, 53.372242715194368 ], [ 6.773177748569507, 53.372712273923923 ], [ 6.771476501141142, 53.372163701547287 ], [ 6.771012746804687, 53.372949721659268 ], [ 6.769888211649874, 53.373024493638823 ], [ 6.770246430298816, 53.372647937392628 ], [ 6.76815628807617, 53.371611964644352 ], [ 6.769058739814989, 53.37080263429953 ], [ 6.768318993757814, 53.370501824048901 ], [ 6.76995423930433, 53.367663590342239 ], [ 6.771302500771584, 53.367954642159283 ], [ 6.772401499627927, 53.366162247418785 ], [ 6.770317375749136, 53.366042946023967 ], [ 6.770941520232784, 53.365074336762369 ], [ 6.766785313391583, 53.362572795465766 ], [ 6.758431862380172, 53.370773066655673 ], [ 6.761118682356689, 53.371812393038169 ], [ 6.760956775653045, 53.376478187773174 ], [ 6.758489401585254, 53.377744529799045 ], [ 6.763618308909296, 53.379768332843426 ], [ 6.760006124263568, 53.382539820850162 ], [ 6.762413417911052, 53.380793166299675 ], [ 6.763281748066407, 53.381165078934671 ], [ 6.764088750458942, 53.380634524089558 ], [ 6.768942844198908, 53.382898174438871 ], [ 6.771469259157083, 53.380641676937394 ] ] ], [ [ [ 6.930723789027913, 53.330946370226876 ], [ 6.931489679881114, 53.331414080398652 ], [ 6.932223370102944, 53.330983533265773 ], [ 6.931457479035731, 53.330515827699038 ], [ 6.930723789027913, 53.330946370226876 ] ] ] ] } },
{ "type": "Feature", "properties": { "label": "WSMR Winsum Ranum", "gid": "WSMR Winsum Ranum" }, "geometry": { "type": "MultiPolygon", "coordinates": [ [ [ [ 6.281774527745926, 53.318236102724654 ], [ 6.280503416685083, 53.312581484699457 ], [ 6.284027779511328, 53.311792166201855 ], [ 6.286763298904986, 53.312010364674762 ], [ 6.292779334993118, 53.309892156266322 ], [ 6.294016443954919, 53.308368577244288 ], [ 6.290250171491194, 53.305377683856257 ], [ 6.279478633872878, 53.303324380651553 ], [ 6.277615314001484, 53.304310740405178 ], [ 6.281072534268123, 53.3063774221323 ], [ 6.284927664619874, 53.304888804923088 ], [ 6.283082666193404, 53.307659005679639 ], [ 6.281959823157523, 53.311238153830189 ], [ 6.276695479487607, 53.312639164789204 ], [ 6.276071093630973, 53.319016005498661 ], [ 6.27482865500296, 53.321666411055283 ], [ 6.283369378400953, 53.327577821821961 ], [ 6.28381398459464, 53.327305569782354 ], [ 6.281774527745926, 53.318236102724654 ] ] ], [ [ [ 6.669381523805731, 53.305211665341268 ], [ 6.665086348740308, 53.303994459902022 ], [ 6.659089433433723, 53.303533838982659 ], [ 6.652323292120341, 53.305244470241007 ], [ 6.650582166982405, 53.301678199451644 ], [ 6.635859600480598, 53.302928635606378 ], [ 6.625100115197314, 53.301952546202408 ], [ 6.633951600513028, 53.289539849404541 ], [ 6.630504972468825, 53.286663536849623 ], [ 6.639292378419515, 53.285882510352664 ], [ 6.642989497550228, 53.290925042247423 ], [ 6.632416984402083, 53.275377822339188 ], [ 6.629412099803885, 53.273099036619016 ], [ 6.625379043765286, 53.271632669355455 ], [ 6.620775071457689, 53.271042377277425 ], [ 6.605424535425673, 53.270281008627812 ], [ 6.601952078051369, 53.270936124643946 ], [ 6.600653136650915, 53.269705981191834 ], [ 6.594320460560874, 53.269270901754851 ], [ 6.599580647267, 53.275725790752709 ], [ 6.597467594347811, 53.275991595161997 ], [ 6.596247101356723, 53.278242867216449 ], [ 6.596967563414782, 53.281959392269655 ], [ 6.598679158134176, 53.283691774396466 ], [ 6.600501918867384, 53.283570042306138 ], [ 6.601795765493134, 53.277748482577962 ], [ 6.602113691739194, 53.278154203315182 ], [ 6.598772969892693, 53.293495967329193 ], [ 6.598118042695232, 53.293569717071534 ], [ 6.597873413223088, 53.294558930434874 ], [ 6.592876898251669, 53.294352836194925 ], [ 6.592799674608095, 53.292990312297412 ], [ 6.591999539458867, 53.2929980703572 ], [ 6.591994535631795, 53.289736958395174 ], [ 6.584407282152234, 53.289970701846073 ], [ 6.584421626325885, 53.287583337120843 ], [ 6.58384449419983, 53.287618354753029 ], [ 6.584607827071904, 53.284116243627039 ], [ 6.57886360673182, 53.278498630061662 ], [ 6.579612525088421, 53.275199928269181 ], [ 6.575373967014072, 53.268982172271805 ], [ 6.56526982836823, 53.268217514344606 ], [ 6.564990484598608, 53.271496502877191 ], [ 6.552788720055566, 53.270560206855592 ], [ 6.550375148202615, 53.265016203824736 ], [ 6.546318464134742, 53.264270230087313 ], [ 6.540976280084863, 53.274114306791652 ], [ 6.541818672290498, 53.272410767474298 ], [ 6.537502845065788, 53.272319567737313 ], [ 6.538589370848539, 53.268492181107042 ], [ 6.536437371762234, 53.268419440622679 ], [ 6.536927593030343, 53.265300948460649 ], [ 6.539116339967942, 53.260337005307335 ], [ 6.534266288192136, 53.260060422763289 ], [ 6.534267637444263, 53.259641355394848 ], [ 6.531785098095592, 53.258703664076826 ], [ 6.531410023350211, 53.259041508383298 ], [ 6.530309638882531, 53.25823808053854 ], [ 6.526594031251206, 53.25826577692856 ], [ 6.524290665504216, 53.256419917611076 ], [ 6.522477706617839, 53.257707185137278 ], [ 6.519403921541668, 53.258006604272019 ], [ 6.519054356303949, 53.25848922422459 ], [ 6.510825282044064, 53.256787850142466 ], [ 6.508240358007289, 53.257574051199896 ], [ 6.506475111873129, 53.268130203814742 ], [ 6.503948812053352, 53.265231090105424 ], [ 6.501598494845437, 53.265326736870705 ], [ 6.495910462344165, 53.264511801173363 ], [ 6.49392869545541, 53.261208196763022 ], [ 6.487537138754242, 53.26279566580407 ], [ 6.486525640517457, 53.264340547491194 ], [ 6.484646665856069, 53.263496844192971 ], [ 6.483927538958619, 53.26216199972523 ], [ 6.482956350260964, 53.261869097961245 ], [ 6.484204399901001, 53.272024505409469 ], [ 6.47886146709505, 53.271803652246234 ], [ 6.47535596966654, 53.271141423686736 ], [ 6.472123388784575, 53.275270099996334 ], [ 6.471497338274744, 53.278924786532805 ], [ 6.462233714545071, 53.279348996560877 ], [ 6.460825344023355, 53.27995946324954 ], [ 6.461952642519709, 53.280846532009548 ], [ 6.460160824968224, 53.282366484417565 ], [ 6.460226339079529, 53.282916519522502 ], [ 6.458879441259068, 53.282524575969312 ], [ 6.458168027521941, 53.283409720574525 ], [ 6.453469927901783, 53.282234105017039 ], [ 6.452741048816377, 53.281495405242374 ], [ 6.449378732411728, 53.280194648574536 ], [ 6.446808965517726, 53.280752087157978 ], [ 6.447268348487117, 53.281886582872062 ], [ 6.444600746526563, 53.280689756065158 ], [ 6.442768198052468, 53.282904981081536 ], [ 6.441967647917988, 53.28305030835061 ], [ 6.4402002908303, 53.281888087935648 ], [ 6.430797926196341, 53.278130607029361 ], [ 6.429168205796794, 53.280679757705123 ], [ 6.423064322970841, 53.281855174422084 ], [ 6.42471045509182, 53.284622458969736 ], [ 6.42443175913079, 53.287159556330096 ], [ 6.421307267376147, 53.286330000596536 ], [ 6.420463103636775, 53.287778618743857 ], [ 6.410492125402717, 53.290020692255233 ], [ 6.409915832581755, 53.291207099266614 ], [ 6.410985263534574, 53.29536185782662 ], [ 6.410023628943942, 53.297801788783858 ], [ 6.398534739303493, 53.301247605993055 ], [ 6.39630805435223, 53.300044284788456 ], [ 6.397904483584695, 53.298999264040731 ], [ 6.392904584714742, 53.297848966264908 ], [ 6.392116190984962, 53.298033853402387 ], [ 6.392787233872675, 53.298876558147114 ], [ 6.392240488597973, 53.299043108418147 ], [ 6.39139820477691, 53.298448812651486 ], [ 6.390960085913241, 53.298855924076051 ], [ 6.389491545834371, 53.301672909992035 ], [ 6.386931635216242, 53.301691677086602 ], [ 6.380948314636038, 53.300101845674135 ], [ 6.375405459153563, 53.302920253188795 ], [ 6.373779513195583, 53.302257826447928 ], [ 6.374979514214232, 53.303461758134304 ], [ 6.373479543178586, 53.305429378835782 ], [ 6.371444754991268, 53.306656642380837 ], [ 6.372459915598684, 53.307282848556859 ], [ 6.383184650174374, 53.307144443016043 ], [ 6.39094433030261, 53.305167432330279 ], [ 6.391150951058887, 53.307023156619046 ], [ 6.389106678099191, 53.309880183917777 ], [ 6.390518724334806, 53.311525836519948 ], [ 6.384806780355536, 53.314226347349432 ], [ 6.378948155166086, 53.313148280126093 ], [ 6.372681531610689, 53.315836430232707 ], [ 6.368763994016472, 53.321506284199302 ], [ 6.367009097382826, 53.321571689450074 ], [ 6.365353089030021, 53.321080956340367 ], [ 6.360396270246194, 53.315294959326799 ], [ 6.357127497764662, 53.313883445235135 ], [ 6.354542858274058, 53.314168594822618 ], [ 6.34925695773714, 53.317818019022425 ], [ 6.344743974737104, 53.319057706133073 ], [ 6.341227850989843, 53.318734142721929 ], [ 6.331640509489818, 53.315299203487974 ], [ 6.329198929066686, 53.315143771390737 ], [ 6.324353947274959, 53.315647741178822 ], [ 6.318763420917497, 53.317430669897171 ], [ 6.316531492622863, 53.319394984161029 ], [ 6.315948071449117, 53.325071390875337 ], [ 6.313234952936384, 53.328813474098865 ], [ 6.30970630901425, 53.326400056501839 ], [ 6.308754405922245, 53.32267622451883 ], [ 6.303438970015997, 53.321026769847691 ], [ 6.294410949417192, 53.321940697167193 ], [ 6.283967665826222, 53.326810327500674 ], [ 6.286901048804506, 53.34102626580524 ], [ 6.290521643845993, 53.33942031562038 ], [ 6.292838064159903, 53.334926074604539 ], [ 6.293584138040671, 53.335117166841357 ], [ 6.292242289720915, 53.338469885236265 ], [ 6.294687146575426, 53.338162445741744 ], [ 6.29695959625275, 53.337122251039204 ], [ 6.297343271333435, 53.337389000406546 ], [ 6.296304663845595, 53.338336442545447 ], [ 6.295255873393066, 53.338406285852663 ], [ 6.295267947449511, 53.338978963372426 ], [ 6.29612531895392, 53.339103833952656 ], [ 6.296008415301094, 53.338606679223027 ], [ 6.298718184043135, 53.338095862157054 ], [ 6.299848413596338, 53.339330322607459 ], [ 6.299864925366093, 53.339792114285309 ], [ 6.299109273183893, 53.33984708401865 ], [ 6.29310024286685, 53.339318545703357 ], [ 6.297408347007083, 53.340286870425849 ], [ 6.296928692073885, 53.341177341678431 ], [ 6.292273749437833, 53.340205079321521 ], [ 6.292361795223693, 53.33974085472471 ], [ 6.28745700749336, 53.341905416451056 ], [ 6.283014992540045, 53.342517014027216 ], [ 6.274191543478115, 53.345659658142139 ], [ 6.265588580027198, 53.346824249883703 ], [ 6.258572545789351, 53.348805234394632 ], [ 6.249844539076095, 53.349301726971582 ], [ 6.239833551641929, 53.344306969762563 ], [ 6.234845240683142, 53.343763338494917 ], [ 6.233055094060401, 53.344159115816922 ], [ 6.232093662574852, 53.345178166861672 ], [ 6.233252052555306, 53.347879167348026 ], [ 6.2322935004058, 53.352151917308674 ], [ 6.246224678005253, 53.354302562505531 ], [ 6.251876343419521, 53.358171882270646 ], [ 6.25643144661698, 53.357241900477561 ], [ 6.257407240963322, 53.358923224852781 ], [ 6.248376352955137, 53.36165208622797 ], [ 6.245203570740903, 53.359673911718595 ], [ 6.240965692336226, 53.358606240920295 ], [ 6.238140796391298, 53.35871414845699 ], [ 6.233911414637479, 53.360228841376895 ], [ 6.234487143490332, 53.361422802515605 ], [ 6.2382587753975, 53.363830866953663 ], [ 6.241836759556494, 53.364955712262201 ], [ 6.239692499876718, 53.36583803162064 ], [ 6.237697114652371, 53.369236519993557 ], [ 6.232374928306387, 53.366887958381824 ], [ 6.223136734416794, 53.365766672877925 ], [ 6.217586117927293, 53.364128296896176 ], [ 6.213442158434561, 53.366280378158024 ], [ 6.209684127259474, 53.367188887521714 ], [ 6.209884781597909, 53.369011152155991 ], [ 6.213443360475073, 53.371916909320063 ], [ 6.223327022604274, 53.371978980792669 ], [ 6.231980903677611, 53.372551379167049 ], [ 6.233707682882573, 53.373218652748321 ], [ 6.225957994222111, 53.374392751687424 ], [ 6.222103760491384, 53.37394635276452 ], [ 6.218880821488314, 53.374318619404917 ], [ 6.207378284034564, 53.376381019283919 ], [ 6.205604238606638, 53.375813988204122 ], [ 6.20090705716691, 53.375665222510221 ], [ 6.191368199115543, 53.378005484213119 ], [ 6.18575970417643, 53.378005417102585 ], [ 6.184454453128131, 53.378534921741604 ], [ 6.183454887702955, 53.381240991380061 ], [ 6.185033463841019, 53.382821367765587 ], [ 6.192066548039429, 53.382367710747438 ], [ 6.199570572546527, 53.382779597739109 ], [ 6.200870944953623, 53.383265411686395 ], [ 6.201686886054365, 53.385588792806267 ], [ 6.196796361643773, 53.390291811857118 ], [ 6.193894199617736, 53.390876951588666 ], [ 6.192284227285655, 53.390333976454535 ], [ 6.191470191898275, 53.390799762879411 ], [ 6.193504605611055, 53.391979317803127 ], [ 6.191535131686639, 53.392780081547549 ], [ 6.180667398126816, 53.39398503929246 ], [ 6.179445276155922, 53.394549845981828 ], [ 6.179691318000276, 53.395925097831409 ], [ 6.181438852394685, 53.397287171925385 ], [ 6.181400265128548, 53.400003854795109 ], [ 6.182527504603382, 53.401775640632351 ], [ 6.184821501098567, 53.403277701059778 ], [ 6.198489812097948, 53.402857688427325 ], [ 6.202386428193987, 53.399397356315134 ], [ 6.210568672777302, 53.395751923816967 ], [ 6.216689710456012, 53.389998797956174 ], [ 6.221605296753784, 53.388167870891905 ], [ 6.224021002937964, 53.387735574320452 ], [ 6.225963650243376, 53.388783803389188 ], [ 6.233509754178296, 53.388964310675831 ], [ 6.236430717044952, 53.391477352691645 ], [ 6.233772854262664, 53.392494601861181 ], [ 6.232761058486347, 53.395455526765147 ], [ 6.223905073758887, 53.396500078481751 ], [ 6.222346900774035, 53.397375082816559 ], [ 6.221034609268852, 53.396435771532992 ], [ 6.21899631935151, 53.397160807049609 ], [ 6.218107620209707, 53.39833720395648 ], [ 6.21327907077773, 53.399870400514068 ], [ 6.213713538213281, 53.400323785107233 ], [ 6.212887556850362, 53.400846219847807 ], [ 6.211667619428385, 53.400958056840565 ], [ 6.211524379550745, 53.400539506379353 ], [ 6.21114131350647, 53.401733884340963 ], [ 6.209578611400553, 53.402106669669728 ], [ 6.209244192451919, 53.401322241270172 ], [ 6.208952487980152, 53.401846844982977 ], [ 6.210662026092677, 53.404319658429237 ], [ 6.209691684119926, 53.405146845913286 ], [ 6.208048526441693, 53.404837019891026 ], [ 6.207892936945798, 53.404421296846408 ], [ 6.203978912478251, 53.404058533256332 ], [ 6.202431300818743, 53.404505744999341 ], [ 6.202375339980106, 53.405184345184097 ], [ 6.207155031232329, 53.405331819967763 ], [ 6.206942915415265, 53.40657640980826 ], [ 6.201927357588942, 53.406375455023792 ], [ 6.200684781114238, 53.405108745877058 ], [ 6.1962701523902, 53.406963171769725 ], [ 6.196327272455676, 53.407855105593136 ], [ 6.194793817787625, 53.40767382243812 ], [ 6.192687685592086, 53.408506864822172 ], [ 6.192203088761906, 53.410201957412433 ], [ 6.191013178844617, 53.410692167531792 ], [ 6.191470882240154, 53.4110874457606 ], [ 6.193476431088198, 53.410335807156848 ], [ 6.197013793943266, 53.411711890685574 ], [ 6.199907238008246, 53.411633863193209 ], [ 6.199166282627525, 53.411097222123921 ], [ 6.197668553208448, 53.411113814363219 ], [ 6.196757637480933, 53.408904935967435 ], [ 6.197536803240283, 53.408581425721088 ], [ 6.198438615750779, 53.40911140054525 ], [ 6.199082385204342, 53.40787737476554 ], [ 6.203053482565514, 53.407948600023133 ], [ 6.212273508207055, 53.409599291818971 ], [ 6.21131339256763, 53.411185953723127 ], [ 6.202409622623123, 53.409404358237609 ], [ 6.200149330773244, 53.409356648109316 ], [ 6.201791195627002, 53.41008586084493 ], [ 6.201240489275828, 53.411130841996538 ], [ 6.202419682124392, 53.4099687680961 ], [ 6.213053136046852, 53.411598304195181 ], [ 6.214725608422765, 53.409215586987706 ], [ 6.244304873610743, 53.415108014944295 ], [ 6.249335290413199, 53.415513906500919 ], [ 6.255062162196504, 53.4151632292347 ], [ 6.26065863333699, 53.413916203698683 ], [ 6.298261962921305, 53.399990637947958 ], [ 6.306040621339061, 53.392730794941521 ], [ 6.309199813592879, 53.392988262635903 ], [ 6.310777160457016, 53.394180590518587 ], [ 6.321453844114825, 53.398495983171649 ], [ 6.334823747056368, 53.402599679951159 ], [ 6.338386126962806, 53.405221414065402 ], [ 6.34048708254908, 53.408018558866772 ], [ 6.348838603384395, 53.41007687366146 ], [ 6.351075805972662, 53.411764597665716 ], [ 6.354869245996582, 53.411543389811001 ], [ 6.357924290346133, 53.412237526843263 ], [ 6.367733670202409, 53.415758591894075 ], [ 6.396404711791547, 53.419928349788293 ], [ 6.404519136461514, 53.419849150934553 ], [ 6.410675910146518, 53.420756844447233 ], [ 6.415369961545779, 53.422336639051444 ], [ 6.419475668881394, 53.421456163568159 ], [ 6.42346061683535, 53.422163783888955 ], [ 6.467883334585735, 53.424992487870405 ], [ 6.485366914202626, 53.427981619899647 ], [ 6.491496253806238, 53.428523351780903 ], [ 6.5018898580164, 53.42840151776614 ], [ 6.521449244895013, 53.430027267692672 ], [ 6.521985522155485, 53.42957480935759 ], [ 6.537654223823352, 53.430616782209952 ], [ 6.537055434176414, 53.427967674246027 ], [ 6.546867544128762, 53.428914494370808 ], [ 6.566346331065895, 53.432148437350413 ], [ 6.567566430090543, 53.431731011876394 ], [ 6.568107274607571, 53.432546330495065 ], [ 6.579474561277372, 53.433739560458932 ], [ 6.582340120267588, 53.4348765476728 ], [ 6.599397537668755, 53.438266614167588 ], [ 6.610524978633645, 53.441706012499523 ], [ 6.615511957743139, 53.445085231282867 ], [ 6.62304434614447, 53.447094048590266 ], [ 6.633811290804263, 53.451207875902362 ], [ 6.637640828243107, 53.451787015291814 ], [ 6.638414685572114, 53.449301872573272 ], [ 6.638863016115407, 53.448601189288794 ], [ 6.639597863751016, 53.448656707690283 ], [ 6.642640853794745, 53.440570714041392 ], [ 6.641146706654234, 53.439998665733505 ], [ 6.646747087932201, 53.424466885349922 ], [ 6.643911495819776, 53.423993049947704 ], [ 6.643430167291666, 53.424917251152827 ], [ 6.624330762720288, 53.421303695285843 ], [ 6.628955169190541, 53.409520685429143 ], [ 6.626608741108789, 53.408231802854871 ], [ 6.625557848741094, 53.406442534711204 ], [ 6.622771471366383, 53.405934283968122 ], [ 6.622324095850197, 53.406944381167705 ], [ 6.620578649518253, 53.40704269800878 ], [ 6.620211202797324, 53.408278738061604 ], [ 6.618532214383261, 53.408076045573416 ], [ 6.61866030591819, 53.407430995219038 ], [ 6.613145609746427, 53.406942647020898 ], [ 6.615783570861694, 53.405580030043843 ], [ 6.615102437286343, 53.4047217946896 ], [ 6.613391686057554, 53.404049827408599 ], [ 6.613388347476969, 53.403207584062358 ], [ 6.61426013959642, 53.402724528142905 ], [ 6.61531800424849, 53.403432126148594 ], [ 6.617875980724074, 53.403765401309023 ], [ 6.618131700954609, 53.401986699455122 ], [ 6.618874679029513, 53.401643974613471 ], [ 6.618163253613517, 53.401555646354758 ], [ 6.618221635224192, 53.40080036329644 ], [ 6.621507204964543, 53.40090558428421 ], [ 6.62548157553679, 53.401829865506734 ], [ 6.636130576881417, 53.405890375732668 ], [ 6.635992918927657, 53.402803223047911 ], [ 6.630290603911378, 53.402139038821709 ], [ 6.629934170382457, 53.399949907450122 ], [ 6.631384308796683, 53.399835650412633 ], [ 6.631782769912296, 53.398073774693628 ], [ 6.634224514142375, 53.398094852265828 ], [ 6.634827117733628, 53.399232165793705 ], [ 6.644618229337935, 53.397855565376091 ], [ 6.644863522462321, 53.39818294694301 ], [ 6.654798199689157, 53.395542809520435 ], [ 6.652320841616933, 53.394128117999067 ], [ 6.654851387737264, 53.395406961722628 ], [ 6.656336119101351, 53.398572323127432 ], [ 6.656776957982463, 53.40251781487116 ], [ 6.658030837745883, 53.403264978033768 ], [ 6.657453663534753, 53.402639108642745 ], [ 6.658814110254237, 53.40199133128823 ], [ 6.659519740618292, 53.399497571325249 ], [ 6.658730502347511, 53.3987879757697 ], [ 6.660593075722084, 53.397105907635634 ], [ 6.661632697324828, 53.393160843862937 ], [ 6.660996322666018, 53.392702954992629 ], [ 6.659521128661939, 53.393321881626932 ], [ 6.659070496545992, 53.392682990779434 ], [ 6.659805838230573, 53.391920164457431 ], [ 6.661884247201312, 53.392346904509324 ], [ 6.662458151107496, 53.389677750423083 ], [ 6.657213317408718, 53.388780858911012 ], [ 6.658603638116715, 53.38625907844235 ], [ 6.658301801670326, 53.385683172412563 ], [ 6.656697589820383, 53.385499556654231 ], [ 6.657314314864041, 53.383423496646877 ], [ 6.65495818228012, 53.381143751501298 ], [ 6.65869418783059, 53.381144456621854 ], [ 6.6629775243444, 53.379260444095472 ], [ 6.666399279440579, 53.379118793275516 ], [ 6.666844812016092, 53.377660223991604 ], [ 6.665893564072934, 53.377375345520854 ], [ 6.667079239974546, 53.376899228752407 ], [ 6.666251486530807, 53.373355854026762 ], [ 6.667772822743183, 53.372825755813281 ], [ 6.671406242625161, 53.372703913151767 ], [ 6.672569019238966, 53.37059085349798 ], [ 6.671707816397286, 53.370164163425258 ], [ 6.675910449337326, 53.366968481335256 ], [ 6.67858547312541, 53.367131079787505 ], [ 6.681029847855564, 53.365820876475624 ], [ 6.682677322487454, 53.366708945101585 ], [ 6.684659497731772, 53.366930745341804 ], [ 6.689649086279644, 53.365431133825375 ], [ 6.691647336697411, 53.365549528886035 ], [ 6.697033379751705, 53.362902942707841 ], [ 6.692519000548942, 53.359157590328884 ], [ 6.697566997869596, 53.35754558650234 ], [ 6.700913880797795, 53.360283917652225 ], [ 6.704313691224596, 53.359208991314524 ], [ 6.708842281337591, 53.36291283519472 ], [ 6.717226325925734, 53.3604658735741 ], [ 6.719388019720658, 53.362463657750872 ], [ 6.716326655576144, 53.363747895144954 ], [ 6.713679753692097, 53.363320262134543 ], [ 6.712499520880793, 53.364684610418365 ], [ 6.714667099778073, 53.36656702468995 ], [ 6.717770380945352, 53.367632139643263 ], [ 6.716005994078637, 53.368912152771856 ], [ 6.715072421726848, 53.368318571094747 ], [ 6.713531928334078, 53.368843775403789 ], [ 6.715657669330106, 53.37102393669619 ], [ 6.722444453484011, 53.370463074381348 ], [ 6.725317545664458, 53.368587482089687 ], [ 6.7260726648308, 53.366886023263135 ], [ 6.728501158162386, 53.369520688214926 ], [ 6.728560640946906, 53.371880885621714 ], [ 6.730862382429452, 53.374065223241622 ], [ 6.72732599572143, 53.378219527593238 ], [ 6.724246015039093, 53.378177557491561 ], [ 6.731599389411198, 53.382640223453159 ], [ 6.742167766661993, 53.390607561099877 ], [ 6.740242865035446, 53.388902210978081 ], [ 6.743435934341505, 53.385620403748476 ], [ 6.742659389773864, 53.384617867199736 ], [ 6.743223462355466, 53.383134305938498 ], [ 6.744954692987329, 53.382130035540904 ], [ 6.741604958483022, 53.381152433977974 ], [ 6.745112265681295, 53.375070372516262 ], [ 6.746259490845538, 53.374951830024763 ], [ 6.750755691514059, 53.369695127952774 ], [ 6.750773388533188, 53.368164460550624 ], [ 6.749852883489263, 53.367183662651975 ], [ 6.750452048794483, 53.367274852230381 ], [ 6.751382136784585, 53.362714206553214 ], [ 6.754191350408693, 53.360268398181319 ], [ 6.751824723678833, 53.358253060929648 ], [ 6.751710188822717, 53.357550385983224 ], [ 6.746499675634239, 53.35525937826452 ], [ 6.749122565555849, 53.351408709476644 ], [ 6.744116660170933, 53.348434336653355 ], [ 6.73751560898763, 53.352096680623447 ], [ 6.736548870431076, 53.341713611373024 ], [ 6.734015561225267, 53.340402026509651 ], [ 6.727677439417057, 53.340680641422772 ], [ 6.726966339798017, 53.341329472541936 ], [ 6.726246007627688, 53.340291280540541 ], [ 6.723083792355008, 53.339245900560883 ], [ 6.717938988244106, 53.339738698066917 ], [ 6.716055197150274, 53.339475044640153 ], [ 6.714801145973306, 53.338494722987143 ], [ 6.715345138823533, 53.335890817086621 ], [ 6.714178807697345, 53.3347829183352 ], [ 6.714418934968967, 53.333622139662118 ], [ 6.711017910165671, 53.331257013118275 ], [ 6.703338690319478, 53.329578976806367 ], [ 6.705419512146785, 53.329566502066164 ], [ 6.708918199031172, 53.32755749491286 ], [ 6.707775193096402, 53.327951650540513 ], [ 6.704970422872139, 53.32558056196266 ], [ 6.711277816564471, 53.321475813223643 ], [ 6.706063837588889, 53.314747577542072 ], [ 6.704004996114648, 53.313627894116536 ], [ 6.703783361991849, 53.309968050472747 ], [ 6.702780996090198, 53.308325328979528 ], [ 6.705347010054701, 53.307422085816945 ], [ 6.6895916338221, 53.297449277124628 ], [ 6.686870595699157, 53.298518488446859 ], [ 6.679976256826251, 53.302751582552922 ], [ 6.673245505427049, 53.304813538083053 ], [ 6.669381523805731, 53.305211665341268 ] ] ], [ [ [ 6.722085345219787, 53.31673630980648 ], [ 6.724279317226515, 53.317050797291024 ], [ 6.737785269735649, 53.312921588209875 ], [ 6.736135209723028, 53.311898049268748 ], [ 6.734579811329503, 53.312080757497533 ], [ 6.732900784685023, 53.311408788402893 ], [ 6.732080483436677, 53.310158621265607 ], [ 6.732142110912918, 53.308695399026796 ], [ 6.730406187339954, 53.308262441003265 ], [ 6.72928109652105, 53.305246512316465 ], [ 6.726495142282614, 53.304889833910401 ], [ 6.722493354139124, 53.305977444614868 ], [ 6.719388882363316, 53.307414424565671 ], [ 6.710096825766096, 53.309861029227022 ], [ 6.7150366040551, 53.314342882908441 ], [ 6.715183290438089, 53.315448803078247 ], [ 6.718787863547625, 53.318881141040301 ], [ 6.716167810206579, 53.320451598250798 ], [ 6.715691062392095, 53.321013811628546 ], [ 6.714532184659056, 53.322835711495891 ], [ 6.71358497255556, 53.323270444341873 ], [ 6.713177158349149, 53.323602208760434 ], [ 6.712980879863934, 53.32437660873736 ], [ 6.713268991707084, 53.323578257235326 ], [ 6.71457284590021, 53.322906205752702 ], [ 6.716234226445213, 53.320510790908536 ], [ 6.718499473512662, 53.319411010680454 ], [ 6.72082348558297, 53.317202211572365 ], [ 6.722085345219787, 53.31673630980648 ] ] ], [ [ [ 6.761300789136138, 53.350448507803307 ], [ 6.7627675585552, 53.349511815264556 ], [ 6.762795448865877, 53.348821879176853 ], [ 6.765268729973584, 53.348703494437665 ], [ 6.762596045431394, 53.347818037978207 ], [ 6.760227211714082, 53.350580164236014 ], [ 6.761472901904686, 53.350867264135374 ], [ 6.761300789136138, 53.350448507803307 ] ] ], [ [ [ 6.773694241705092, 53.366181594484907 ], [ 6.774347050592442, 53.36595539241975 ], [ 6.776971999187222, 53.36131943169277 ], [ 6.775809260762472, 53.360796954268913 ], [ 6.774373401615689, 53.362226256256804 ], [ 6.775548211710876, 53.36259843655327 ], [ 6.774997860487091, 53.363539137431239 ], [ 6.774094488188943, 53.364547481493517 ], [ 6.772803641634041, 53.364374864480745 ], [ 6.773928806743319, 53.365326987489489 ], [ 6.773121692976358, 53.365923471668033 ], [ 6.773089277921566, 53.366262213208742 ], [ 6.773694241705092, 53.366181594484907 ] ] ], [ [ [ 6.712945997189219, 53.368380993377208 ], [ 6.71343993715834, 53.368788414092741 ], [ 6.713651081686411, 53.368660125163558 ], [ 6.713471221208827, 53.368356753212616 ], [ 6.712945997189219, 53.368380993377208 ] ] ] ] } },
{ "type": "Feature", "properties": { "label": "SKN Stadskanaal", "gid": "SKN Stadskanaal" }, "geometry": { "type": "MultiPolygon", "coordinates": [ [ [ [ 7.001088331791886, 53.038023224026745 ], [ 7.00036654912886, 53.037515270770321 ], [ 7.003165300688888, 53.035136003900043 ], [ 7.006442330785821, 53.033582715241998 ], [ 7.002193092922576, 53.03080542988743 ], [ 7.006498763610185, 53.033458815790958 ], [ 7.014625531065442, 53.036897284547493 ], [ 7.014654980641359, 53.034679527581375 ], [ 7.020679397140252, 53.034300989151753 ], [ 7.022152395746367, 53.033570653396545 ], [ 7.022639435133804, 53.032295595603813 ], [ 7.015604055281394, 53.03062991203636 ], [ 7.011625437922597, 53.028192505183561 ], [ 7.015053659466652, 53.028312099518828 ], [ 7.020304752004751, 53.024682896431209 ], [ 7.020840230667797, 53.022622995781681 ], [ 7.023316511822818, 53.019646799866464 ], [ 7.022996778545284, 53.012818079665237 ], [ 7.022538960432094, 53.012209495211614 ], [ 7.016523052741325, 53.010665942942126 ], [ 7.014653284335417, 53.011323137403771 ], [ 7.009377963450017, 53.009332033497749 ], [ 7.008859544744503, 53.005790531792918 ], [ 7.010840100448331, 53.005925882320668 ], [ 7.011999812427913, 53.00668437880389 ], [ 7.013187009605581, 53.006777285715906 ], [ 7.014136779685207, 53.006317204986551 ], [ 7.019148601828227, 53.006031599595396 ], [ 7.022298301983885, 53.004850165568861 ], [ 7.005135291560833, 52.99873467028425 ], [ 7.002254361013277, 52.998485371362086 ], [ 6.990424379442715, 52.994821266139553 ], [ 6.991690396382442, 52.993290961032159 ], [ 6.990280850676638, 52.992849956718764 ], [ 6.98963350112225, 52.993290908203079 ], [ 6.988017843339318, 52.992650263463148 ], [ 6.989109650216703, 52.990747997319268 ], [ 6.991571957194825, 52.988492972316095 ], [ 6.991233892741111, 52.98825156157298 ], [ 6.99606050751143, 52.981661374707194 ], [ 6.995542670374884, 52.981391288306931 ], [ 7.004108397615491, 52.971696450067626 ], [ 7.003453099897714, 52.971373490517159 ], [ 7.007050276852805, 52.966596623761419 ], [ 7.00855907416479, 52.966546938567838 ], [ 7.011966347401499, 52.962640079782396 ], [ 7.011666448245047, 52.961860749795107 ], [ 7.01262130301216, 52.961872480293557 ], [ 7.014760237681594, 52.959169775426126 ], [ 7.007325806352909, 52.9576244540781 ], [ 6.993966700564872, 52.952003823591006 ], [ 6.992106941064994, 52.951680690350891 ], [ 6.991433629272723, 52.94992114681417 ], [ 6.99191172320948, 52.949703824013071 ], [ 7.008903149981178, 52.956927206786915 ], [ 7.009916501309917, 52.956332933930739 ], [ 7.01368578681036, 52.957095766293051 ], [ 7.01743566406591, 52.952135313077548 ], [ 7.011990595793205, 52.951757915932681 ], [ 7.007454278290271, 52.953759550900422 ], [ 7.003431112889242, 52.95383842409737 ], [ 6.99968896094566, 52.950044247848311 ], [ 7.003975787867359, 52.944816228527543 ], [ 7.001459453257872, 52.943713955357993 ], [ 7.007298700957126, 52.938687388505123 ], [ 7.009303909928588, 52.939419781595618 ], [ 7.008512496146966, 52.938249654573653 ], [ 7.009544257197513, 52.93739333112562 ], [ 7.008063984767332, 52.937376106967037 ], [ 7.00969968089218, 52.935762875810724 ], [ 7.009476779340159, 52.934935890667205 ], [ 7.008446125629574, 52.934613470246063 ], [ 7.012330890373764, 52.931268650345359 ], [ 7.011934385001251, 52.931096381283531 ], [ 7.007772367384925, 52.934758759091515 ], [ 7.006036259471585, 52.9332852447397 ], [ 7.010035008779737, 52.92968369424019 ], [ 7.002957955526464, 52.935764381566948 ], [ 7.003371335472937, 52.934912725857927 ], [ 6.986313103931211, 52.92798643029041 ], [ 6.987339967835202, 52.927038767000482 ], [ 6.98628792803401, 52.926618745160688 ], [ 6.984453779044106, 52.926910468889048 ], [ 6.97177879627576, 52.921899011839031 ], [ 6.972250369436342, 52.921448589736521 ], [ 6.967244800725432, 52.919140357789722 ], [ 6.966232261511796, 52.92004537597591 ], [ 6.949531886416993, 52.913149277803456 ], [ 6.952081425050826, 52.910789355793952 ], [ 6.94717282460685, 52.908815445103713 ], [ 6.945122148281701, 52.911393632583085 ], [ 6.940750539211841, 52.909675263912838 ], [ 6.941944396992332, 52.906924325395082 ], [ 6.941447355196174, 52.906714914326777 ], [ 6.939023245667671, 52.908996226480546 ], [ 6.939455168712705, 52.909465753645939 ], [ 6.936918264043083, 52.909870781342185 ], [ 6.936095971465562, 52.910457218905073 ], [ 6.936168610587154, 52.911152385945471 ], [ 6.920935254125473, 52.905060468572181 ], [ 6.920361675340359, 52.905539446785397 ], [ 6.920148799205953, 52.905131112609276 ], [ 6.918827770253522, 52.906297198795649 ], [ 6.917898980988598, 52.905927516927981 ], [ 6.915315232207326, 52.908279818790788 ], [ 6.917202612026857, 52.912491801001487 ], [ 6.912860985221118, 52.91075231079521 ], [ 6.91014997597685, 52.908902402342562 ], [ 6.902861945142836, 52.915423258776642 ], [ 6.905911057569645, 52.916721701214058 ], [ 6.898837253336789, 52.923153919956384 ], [ 6.899622110571983, 52.923468716966298 ], [ 6.895243417811626, 52.927502185327761 ], [ 6.922601439432903, 52.938745073644291 ], [ 6.912746469887759, 52.947502522545982 ], [ 6.904005969601022, 52.944069718400549 ], [ 6.903514589731151, 52.944529724142903 ], [ 6.899288220556436, 52.944023616959207 ], [ 6.898728286926486, 52.943155702987006 ], [ 6.898113255787326, 52.943775599754304 ], [ 6.888940508118564, 52.940065720257223 ], [ 6.889688703534772, 52.939390025878055 ], [ 6.883938388794425, 52.937150013718437 ], [ 6.877725027910362, 52.942976349316531 ], [ 6.884303973171322, 52.945641100629437 ], [ 6.875764694500876, 52.95344531509172 ], [ 6.882247351274785, 52.956140737955998 ], [ 6.877073879516916, 52.963187118361219 ], [ 6.868927072954568, 52.960963241950232 ], [ 6.854636287121374, 52.980641845981999 ], [ 6.927946226945892, 52.992141613696091 ], [ 6.925523342195999, 52.997860019790352 ], [ 6.906273600095411, 52.9947132167229 ], [ 6.905362661917145, 52.995983885992317 ], [ 6.896092153149051, 52.994439883440343 ], [ 6.895772624517804, 52.995240133697394 ], [ 6.897604985262982, 52.995032578123563 ], [ 6.901131155279182, 52.996167170232553 ], [ 6.902707234826051, 52.998229899020892 ], [ 6.922171262907534, 53.002004665028245 ], [ 6.886249069437199, 53.025111226390486 ], [ 6.890293150973085, 53.022546821371677 ], [ 6.89359885583929, 53.025875603985646 ], [ 6.89503281802736, 53.024993001434943 ], [ 6.897547614322185, 53.026402367780356 ], [ 6.900317807889052, 53.025956081677926 ], [ 6.90997115620822, 53.025868206701425 ], [ 6.910733566364958, 53.024886845723934 ], [ 6.906634360002875, 53.019953410993594 ], [ 6.905394034107276, 53.019288916151993 ], [ 6.903852086472107, 53.019918011488912 ], [ 6.904170919669833, 53.018904925007305 ], [ 6.90483122450255, 53.018713806831407 ], [ 6.904250628109241, 53.018044264992 ], [ 6.904653885570892, 53.017782519229463 ], [ 6.92266228842242, 53.027861577367126 ], [ 6.937383056711616, 53.018892580284756 ], [ 6.941662907325543, 53.017419260681969 ], [ 6.955790045078971, 53.013860657076549 ], [ 6.95860093236205, 53.016941912770115 ], [ 6.95953115424733, 53.017030049106275 ], [ 6.96011498919402, 53.018605592585168 ], [ 6.98038786863148, 53.040908788346769 ], [ 6.988255342029482, 53.038206157207213 ], [ 6.992741490047129, 53.040895325084058 ], [ 6.997666703764598, 53.040321597924383 ], [ 7.001088331791886, 53.038023224026745 ] ] ] ] } },
{ "type": "Feature", "properties": { "label": "VO Veenoord", "gid": "VO Veenoord" }, "geometry": { "type": "MultiPolygon", "coordinates": [ [ [ [ 6.809958592591101, 52.688171645581171 ], [ 6.809341669619792, 52.689018589725649 ], [ 6.809302828723509, 52.690257363658127 ], [ 6.810304747091152, 52.689907840829868 ], [ 6.810949743115928, 52.688663979978372 ], [ 6.809958592591101, 52.688171645581171 ] ] ], [ [ [ 6.874671741654578, 52.749163920691487 ], [ 6.875139961605137, 52.74716703334559 ], [ 6.87492907418455, 52.747550018431212 ], [ 6.87324594096529, 52.747280317433017 ], [ 6.872335550436972, 52.745936702711894 ], [ 6.874817359522462, 52.744966025239023 ], [ 6.873661374400069, 52.74309313764833 ], [ 6.873919330610565, 52.741734778907421 ], [ 6.873301773378943, 52.740741241105333 ], [ 6.87638123697686, 52.741108851048367 ], [ 6.876429493694662, 52.735251978291373 ], [ 6.878325166503592, 52.735447042058205 ], [ 6.878540347011373, 52.737491327110106 ], [ 6.880594207695141, 52.738028236249875 ], [ 6.881836719615815, 52.736599154450602 ], [ 6.886656621757399, 52.736918681964141 ], [ 6.889503804843736, 52.73168612132293 ], [ 6.895259429988395, 52.734533285585428 ], [ 6.895180501365792, 52.72900951897001 ], [ 6.900082708662441, 52.72634212606954 ], [ 6.90448435304055, 52.726331005844287 ], [ 6.908456074004968, 52.727463439391663 ], [ 6.910375986396557, 52.728565503077853 ], [ 6.911439435853879, 52.730386159370987 ], [ 6.916162428063396, 52.729523296861892 ], [ 6.918497461307613, 52.730175413298582 ], [ 6.919154511144464, 52.73079965765556 ], [ 6.920700760714324, 52.728815433760168 ], [ 6.941442776859784, 52.734156745081236 ], [ 6.952586676650355, 52.718314332576092 ], [ 6.954803879062802, 52.719518434869947 ], [ 6.955792407799359, 52.718849709329305 ], [ 6.964916266223607, 52.723803591762412 ], [ 6.966321153043188, 52.722881578092831 ], [ 6.969129350112562, 52.722847420921546 ], [ 6.967937613805992, 52.721820641512942 ], [ 6.968211532194822, 52.721241081786488 ], [ 6.958742258206647, 52.716056667102315 ], [ 6.964913423386955, 52.71555131959321 ], [ 6.965436144341457, 52.71767918779571 ], [ 6.967994828619451, 52.71902357223815 ], [ 6.969056966989448, 52.718565322046267 ], [ 6.969958479541492, 52.719038710055621 ], [ 6.970069256432038, 52.719989293283625 ], [ 6.969020782813952, 52.720695798007192 ], [ 6.968972623119522, 52.721665028313431 ], [ 6.973072542325729, 52.723009940795336 ], [ 6.974476756253278, 52.722784608863861 ], [ 6.972222597761284, 52.721482098514201 ], [ 6.971221038211192, 52.7217252460296 ], [ 6.969994619929952, 52.721310137260154 ], [ 6.970489187406159, 52.720514817664991 ], [ 6.971137574928896, 52.720493928185029 ], [ 6.973390674667588, 52.721594471773102 ], [ 6.974572851449435, 52.721534942516961 ], [ 6.971969998774722, 52.720289993762151 ], [ 6.974549433639949, 52.720180003535624 ], [ 6.974300658459311, 52.718603866614224 ], [ 6.976562832769194, 52.717942071999772 ], [ 6.969806135615955, 52.717655277304011 ], [ 6.971571257993967, 52.717581193947829 ], [ 6.971506955572266, 52.716539916433419 ], [ 6.972876137654239, 52.715522935199601 ], [ 6.977545877444787, 52.714998505393979 ], [ 6.978707805683769, 52.713100065961051 ], [ 6.973827078236198, 52.711502821249837 ], [ 6.973212575069295, 52.710096560257654 ], [ 6.974138631835877, 52.708346108997517 ], [ 6.979243269050873, 52.707614391363286 ], [ 6.9831243073171, 52.704322461929287 ], [ 6.982203533984582, 52.701952729012255 ], [ 6.979281084177546, 52.699742946235752 ], [ 6.978451583694875, 52.698892055505198 ], [ 6.977864853348066, 52.697768579328667 ], [ 6.977703979623946, 52.696602801618404 ], [ 6.978849348485872, 52.699204773513415 ], [ 6.981657977551992, 52.701330690469696 ], [ 6.985168789929704, 52.698859476396706 ], [ 6.991315017093789, 52.695738205158378 ], [ 6.995752322474153, 52.696531090813707 ], [ 7.008764719691013, 52.695113007416545 ], [ 7.023715276787996, 52.694723248504765 ], [ 7.023916225212117, 52.695228774014339 ], [ 7.025062228586424, 52.695215792703678 ], [ 7.024989738434968, 52.694597060590731 ], [ 7.02646498221442, 52.694532659421142 ], [ 7.025545928419914, 52.686433366767844 ], [ 7.023453531256958, 52.686570776619909 ], [ 7.022719373564247, 52.686202336551432 ], [ 7.017151296594684, 52.68065214450943 ], [ 7.01704789938569, 52.678540821018878 ], [ 7.011556992281772, 52.678783694076586 ], [ 7.010633235693565, 52.670698439403246 ], [ 7.015696860949462, 52.670464633610813 ], [ 7.015802977138422, 52.671339771762348 ], [ 7.018012134495737, 52.671247121473961 ], [ 7.017947177435811, 52.670531578661468 ], [ 7.02621052557767, 52.669875085907975 ], [ 7.025882638476602, 52.668890051849353 ], [ 7.021959839797336, 52.669058592609865 ], [ 7.021758194447029, 52.668499012406137 ], [ 7.01746494992063, 52.668684694641385 ], [ 7.017222873343941, 52.669160126488983 ], [ 7.016135963107435, 52.667973654115556 ], [ 7.015807798071419, 52.667252316316635 ], [ 7.016282791833205, 52.667138499025285 ], [ 7.015361571750793, 52.666209420188096 ], [ 7.011925804546969, 52.657861920040055 ], [ 7.016806234066074, 52.657300485460887 ], [ 7.018337044976716, 52.656566999805008 ], [ 7.017940717215142, 52.65576395417721 ], [ 7.023297525126371, 52.655188838422035 ], [ 7.03377902337385, 52.655943967644106 ], [ 7.03920086417101, 52.655747846850666 ], [ 7.039426991781789, 52.656333100603831 ], [ 7.056048023462364, 52.65539490106805 ], [ 7.054755244770925, 52.644422721381325 ], [ 7.055640554879536, 52.644359600486979 ], [ 7.055721111421922, 52.643499535487258 ], [ 7.041732810282881, 52.632710083742957 ], [ 7.038605806860724, 52.632870883894938 ], [ 7.035467010525831, 52.634854489834026 ], [ 7.028762285140389, 52.634640783627873 ], [ 7.012491632419332, 52.636776581964114 ], [ 7.006597479085362, 52.638521918416551 ], [ 7.004490662586282, 52.640876949735365 ], [ 7.001877323680271, 52.641918937302691 ], [ 6.999232760383999, 52.642152765710684 ], [ 6.992459051167798, 52.641332377908761 ], [ 6.984270793167008, 52.643636801380424 ], [ 6.981924583325049, 52.645012723268231 ], [ 6.975984696361597, 52.646254670525629 ], [ 6.974929570014993, 52.646107875062675 ], [ 6.968319155173482, 52.641830356645656 ], [ 6.9592328150757, 52.641730671373587 ], [ 6.953558168903777, 52.638990394404544 ], [ 6.945427157220302, 52.639342308891727 ], [ 6.938603103939059, 52.637885297268227 ], [ 6.934645074356288, 52.638323495138636 ], [ 6.928521878620972, 52.640184850053409 ], [ 6.91925732587342, 52.639845331148223 ], [ 6.916339744394046, 52.641333100713588 ], [ 6.914463774802339, 52.646481614910194 ], [ 6.902938061153971, 52.648593837975469 ], [ 6.898683851924231, 52.650645895740176 ], [ 6.897199201582032, 52.653282291191637 ], [ 6.894857683592501, 52.654918357328626 ], [ 6.892075464502228, 52.655844075033201 ], [ 6.890427629962441, 52.658278136931912 ], [ 6.88960538440852, 52.657356484864479 ], [ 6.888699165403548, 52.657694813510354 ], [ 6.886902230602047, 52.655793215913917 ], [ 6.884317129217153, 52.65542217846869 ], [ 6.875725458520848, 52.656742128396615 ], [ 6.872207098092352, 52.653015289429497 ], [ 6.864744662892525, 52.649858933719763 ], [ 6.853493236754093, 52.649524611719713 ], [ 6.850838565339166, 52.648615175495017 ], [ 6.837460139207165, 52.651943336201818 ], [ 6.831704772774613, 52.651497982067525 ], [ 6.827944131369102, 52.649181741082572 ], [ 6.821640041639339, 52.647693404676765 ], [ 6.818269911349404, 52.647727667560829 ], [ 6.816152107266172, 52.648615711986317 ], [ 6.808472882109987, 52.649022215960748 ], [ 6.807290379382429, 52.649419984633248 ], [ 6.805408792593986, 52.651373154381844 ], [ 6.803210496360872, 52.651870154903058 ], [ 6.794289951224295, 52.650656965712543 ], [ 6.789897459935787, 52.652791614158311 ], [ 6.7869976799391, 52.652377285645528 ], [ 6.783126074546524, 52.660759036933072 ], [ 6.784315931711586, 52.661133236520115 ], [ 6.784277678969683, 52.664159042979136 ], [ 6.780509144378791, 52.664197929065871 ], [ 6.778778103056767, 52.664286578546808 ], [ 6.819135456376619, 52.663384752655467 ], [ 6.818895426547293, 52.669036785173134 ], [ 6.854680143581952, 52.676263583308391 ], [ 6.853007243340327, 52.684173428719376 ], [ 6.853753440562664, 52.684675962005734 ], [ 6.852912658032508, 52.688015964546409 ], [ 6.852151475676818, 52.687641325068775 ], [ 6.849529125669582, 52.699354248416718 ], [ 6.832026151836644, 52.699805221665251 ], [ 6.831974598567452, 52.690206357297093 ], [ 6.81374957903879, 52.690937309066236 ], [ 6.813924133536175, 52.691974236829154 ], [ 6.813103464461946, 52.691934642696459 ], [ 6.81294333477336, 52.693794298166999 ], [ 6.813566608726102, 52.69385423709965 ], [ 6.813756703566352, 52.695336966669167 ], [ 6.816213843451583, 52.695420668228309 ], [ 6.816440393125797, 52.696834421278965 ], [ 6.812111210990783, 52.697012559343456 ], [ 6.810976396197448, 52.696095447962321 ], [ 6.810733976008846, 52.695003873682701 ], [ 6.809335737782227, 52.694524467910249 ], [ 6.809346995645119, 52.692864104158758 ], [ 6.810076643259457, 52.693077844606634 ], [ 6.811726094391081, 52.692622434127259 ], [ 6.811001556425001, 52.691541123725585 ], [ 6.809829102755608, 52.691184430165478 ], [ 6.8015730010504, 52.691567076190367 ], [ 6.799035340293966, 52.691278561560814 ], [ 6.798615203943168, 52.697057011677977 ], [ 6.796396229424388, 52.699650991798116 ], [ 6.79189518653807, 52.702929535256118 ], [ 6.790688637812269, 52.70512845004685 ], [ 6.785966032019011, 52.709212363820463 ], [ 6.778633269815509, 52.708006656756531 ], [ 6.778424870515042, 52.709144431250358 ], [ 6.769005994302645, 52.711241388862085 ], [ 6.764156753682553, 52.705188661938607 ], [ 6.759047995238358, 52.707133715175956 ], [ 6.761702843824221, 52.710500500920929 ], [ 6.757553334054715, 52.711515761880683 ], [ 6.755567906826696, 52.710493607599886 ], [ 6.781556964877385, 52.723867357440675 ], [ 6.779987863424233, 52.725176940717404 ], [ 6.781434859457923, 52.726015304452062 ], [ 6.780113638303329, 52.727973793182443 ], [ 6.778733541206301, 52.728672596227852 ], [ 6.77882001559221, 52.729828657051009 ], [ 6.778008996518127, 52.729955679103433 ], [ 6.778019798888006, 52.731670229399597 ], [ 6.777127823213061, 52.732716848953125 ], [ 6.779712837568043, 52.73488745306782 ], [ 6.778429473229417, 52.736958707190219 ], [ 6.778210797989788, 52.741866427636744 ], [ 6.783417448501906, 52.743055523594961 ], [ 6.785115831591972, 52.742372318318466 ], [ 6.792659900374383, 52.743365212426482 ], [ 6.806007170955434, 52.736011321408789 ], [ 6.802062243147049, 52.733486911400391 ], [ 6.803346118684654, 52.732801473316556 ], [ 6.800614910374652, 52.731212159136071 ], [ 6.813506190672555, 52.724056676825327 ], [ 6.815878110658407, 52.725792697428496 ], [ 6.816402858081907, 52.726135326553653 ], [ 6.822289195664272, 52.726766184562827 ], [ 6.828134113574257, 52.726735578146808 ], [ 6.831120292411117, 52.72813115402964 ], [ 6.833554409624839, 52.726329897138797 ], [ 6.836205568076388, 52.726347797939304 ], [ 6.838670715490268, 52.727294306363639 ], [ 6.840932358239805, 52.727531256288927 ], [ 6.835841141527546, 52.736982081942088 ], [ 6.82967977341767, 52.742779595404834 ], [ 6.831440218869633, 52.743864146319176 ], [ 6.829850080843624, 52.745127902226351 ], [ 6.83121688483431, 52.745266316206425 ], [ 6.831816189471132, 52.745836921619784 ], [ 6.833218843125205, 52.745823150469377 ], [ 6.83276206054157, 52.744036091911795 ], [ 6.830565884062763, 52.742287121350635 ], [ 6.834850799927599, 52.738106862985376 ], [ 6.839111020408816, 52.739806546342805 ], [ 6.839646486421281, 52.73919129733455 ], [ 6.84072181724025, 52.739332055150165 ], [ 6.842053915074391, 52.735792246340637 ], [ 6.842778760426233, 52.738788473188649 ], [ 6.848345899915932, 52.738700289665033 ], [ 6.846516249582981, 52.742015906387309 ], [ 6.846943760191606, 52.742185747526811 ], [ 6.847534135047296, 52.741475408166188 ], [ 6.848657976847792, 52.741903257157873 ], [ 6.86498689376092, 52.743540152502177 ], [ 6.874671741654578, 52.749163920691487 ] ] ], [ [ [ 6.976319958687313, 52.723663211018682 ], [ 6.974909792888016, 52.722977511172104 ], [ 6.974604182043775, 52.723185189850156 ], [ 6.975855107054372, 52.724028543057649 ], [ 6.976507378954055, 52.724009247483934 ], [ 6.976319958687313, 52.723663211018682 ] ] ] ] } },
{ "type": "Feature", "properties": { "label": "DDV Dedemsvaart", "gid": "DDV Dedemsvaart" }, "geometry": { "type": "MultiPolygon", "coordinates": [ [ [ [ 6.601959439835959, 52.609885125683903 ], [ 6.601289463854012, 52.60982861320069 ], [ 6.601096614041505, 52.610759007343333 ], [ 6.602319808596863, 52.61060934618866 ], [ 6.603894400519989, 52.609583508579725 ], [ 6.601959439835959, 52.609885125683903 ] ] ], [ [ [ 6.483984215094078, 52.671094116566138 ], [ 6.484304026139011, 52.671908643035863 ], [ 6.490721393263213, 52.671716234830086 ], [ 6.492843607439204, 52.668411933473955 ], [ 6.491590118161469, 52.666487096237013 ], [ 6.492324580209901, 52.666313036083508 ], [ 6.49448870909407, 52.666992928727524 ], [ 6.495855367897149, 52.666861777189141 ], [ 6.496397429821294, 52.666334812521214 ], [ 6.499618230120896, 52.666311183552423 ], [ 6.499603929408945, 52.666677005059334 ], [ 6.503291794107567, 52.666608699608105 ], [ 6.504575351887572, 52.667374178576864 ], [ 6.507309742413186, 52.666950508996464 ], [ 6.507415845987616, 52.667717229218361 ], [ 6.510950911266046, 52.667591220625852 ], [ 6.511257332703674, 52.665146888538445 ], [ 6.512740448700825, 52.663491928924628 ], [ 6.509744296472457, 52.658348029714325 ], [ 6.511171684392545, 52.654904939862895 ], [ 6.507430521501989, 52.650384338448006 ], [ 6.507976635338606, 52.649006492998183 ], [ 6.507021659616698, 52.648384919796001 ], [ 6.503732388376848, 52.648493132151643 ], [ 6.503174429488229, 52.64803880688266 ], [ 6.514307260335685, 52.646529693941119 ], [ 6.514224859492738, 52.643995787536618 ], [ 6.51760729526936, 52.644358777486403 ], [ 6.52071894684023, 52.643466961566176 ], [ 6.520121338234948, 52.641408053620829 ], [ 6.517846268783817, 52.641145836541824 ], [ 6.515892041837263, 52.639590457365721 ], [ 6.514833507760049, 52.639666270760792 ], [ 6.516177264221146, 52.630491568627953 ], [ 6.516184641675971, 52.630785791121347 ], [ 6.517388163010159, 52.63077405521507 ], [ 6.51988361924283, 52.628187034493891 ], [ 6.516809811700975, 52.626192212907782 ], [ 6.517075071256893, 52.624382774053551 ], [ 6.518484345960104, 52.624462865293815 ], [ 6.524641819087019, 52.620924364848605 ], [ 6.521595453146961, 52.61849169814198 ], [ 6.518141366595884, 52.617181550141432 ], [ 6.518331994875403, 52.615757852982107 ], [ 6.537315389711184, 52.617024465393719 ], [ 6.538288030548442, 52.617817507537261 ], [ 6.538250157682783, 52.621451484614127 ], [ 6.541760485750858, 52.622970184574491 ], [ 6.546507156602983, 52.623459959989496 ], [ 6.548229529915025, 52.624080628278641 ], [ 6.547682515301957, 52.624684852067695 ], [ 6.547995085341387, 52.626202062421392 ], [ 6.546800655272491, 52.62728495635659 ], [ 6.549153630481815, 52.627864413440982 ], [ 6.548028415492097, 52.629087883041535 ], [ 6.550508835238771, 52.630355544143548 ], [ 6.547938593103242, 52.630812814010476 ], [ 6.546284289060665, 52.63205452213807 ], [ 6.542704024759463, 52.632621860525582 ], [ 6.54225022299524, 52.633463432661081 ], [ 6.539570526407268, 52.634678269528912 ], [ 6.539294207011241, 52.635703495042982 ], [ 6.540337253552869, 52.636219109951782 ], [ 6.539673513668242, 52.638209293866105 ], [ 6.540575658613892, 52.638578015138151 ], [ 6.544005906694584, 52.637214110404848 ], [ 6.545106900472554, 52.637280664273455 ], [ 6.548048635309597, 52.63637887287009 ], [ 6.552404994981203, 52.63723255821381 ], [ 6.554187614997497, 52.638584448775511 ], [ 6.557382178123279, 52.638446270369187 ], [ 6.557688429988319, 52.637763368056092 ], [ 6.562536010049065, 52.640217496283022 ], [ 6.560213782132189, 52.640585492974466 ], [ 6.559964854204708, 52.641882281511492 ], [ 6.555849597878036, 52.644623415608848 ], [ 6.556231746213492, 52.646411802469508 ], [ 6.556953987850765, 52.646390488098803 ], [ 6.557003406205455, 52.645817519476147 ], [ 6.558491069456447, 52.644888516846656 ], [ 6.55997662033614, 52.644964471346874 ], [ 6.56278064812115, 52.646843827591297 ], [ 6.566185267860778, 52.64589814531341 ], [ 6.567450472310822, 52.644881927777071 ], [ 6.568569030345716, 52.642821944441259 ], [ 6.567292415730298, 52.640967677231579 ], [ 6.568917025906823, 52.639770199438352 ], [ 6.57104822672475, 52.643498369859103 ], [ 6.60435917498824, 52.659794271571087 ], [ 6.613035859279976, 52.653366535230148 ], [ 6.613606347840146, 52.651116940074871 ], [ 6.615401980481254, 52.651239885079136 ], [ 6.61236288031421, 52.650738856676966 ], [ 6.610391121143608, 52.647733839884076 ], [ 6.620972952155185, 52.63995135195848 ], [ 6.622835120233866, 52.640199623511464 ], [ 6.626067406046087, 52.63836714544189 ], [ 6.627704588402167, 52.638765512315061 ], [ 6.628398727860807, 52.641785020628383 ], [ 6.629156070612924, 52.642337875791654 ], [ 6.630961042214603, 52.641002288014057 ], [ 6.633344903132034, 52.64014878824743 ], [ 6.630326298913585, 52.63861426457796 ], [ 6.633742030920116, 52.636093843842218 ], [ 6.631004563095776, 52.634902156822001 ], [ 6.630302048074694, 52.635219772123676 ], [ 6.62896218943009, 52.634557884441762 ], [ 6.628380961185998, 52.63487976923691 ], [ 6.62642233850085, 52.63337805551577 ], [ 6.623747972792828, 52.632647030588181 ], [ 6.624680817667127, 52.630130085464202 ], [ 6.620128296151925, 52.633393272176335 ], [ 6.619705542790355, 52.631201711615127 ], [ 6.618157696624579, 52.629728468767183 ], [ 6.615346783311773, 52.629087661900115 ], [ 6.613494770861337, 52.627211067775661 ], [ 6.613309931522145, 52.625416846461206 ], [ 6.612383660031475, 52.624858033402944 ], [ 6.613026537731641, 52.622583280689028 ], [ 6.609728854194342, 52.624123336019814 ], [ 6.60907192699299, 52.624015025764507 ], [ 6.608009615880575, 52.6233954791782 ], [ 6.609425956021188, 52.621598126507784 ], [ 6.607371866278454, 52.61938389690247 ], [ 6.605288344819244, 52.618780733644719 ], [ 6.603655670897355, 52.618810749974728 ], [ 6.60416779646872, 52.618204039590708 ], [ 6.600634360636468, 52.616169281211498 ], [ 6.60103744688397, 52.61133994863836 ], [ 6.60083666359568, 52.612782102148536 ], [ 6.599612353512129, 52.612761212985461 ], [ 6.599246103669568, 52.613154731616611 ], [ 6.599240214709386, 52.615502485202747 ], [ 6.598206495576783, 52.61545206138215 ], [ 6.598301456391136, 52.614666830403166 ], [ 6.590179034715496, 52.614212935714967 ], [ 6.588946130943297, 52.614761122684001 ], [ 6.584613890715657, 52.614987528527564 ], [ 6.585160667558858, 52.61108960416739 ], [ 6.584236367403044, 52.610794517392428 ], [ 6.583996811939113, 52.611443182890611 ], [ 6.5804006497988, 52.610970954269987 ], [ 6.579519363862884, 52.614486709788416 ], [ 6.571607223973511, 52.613514185375621 ], [ 6.570937604040041, 52.615198739349417 ], [ 6.573030762411006, 52.616343728718213 ], [ 6.573816973649869, 52.617965463475649 ], [ 6.572429037212597, 52.618350163732124 ], [ 6.571453607158383, 52.618032953991865 ], [ 6.5702466537921, 52.618999491776719 ], [ 6.5686820309116, 52.617874999614976 ], [ 6.567316539487851, 52.617985364350382 ], [ 6.566614307686663, 52.618505434109132 ], [ 6.567336479019326, 52.618944136302694 ], [ 6.566772877945108, 52.620101497149626 ], [ 6.565544029757505, 52.61956818764348 ], [ 6.564688024208801, 52.619685167236682 ], [ 6.566616132066385, 52.618289166801496 ], [ 6.565111131789331, 52.617635648351332 ], [ 6.562782975871087, 52.616907498268411 ], [ 6.56121002763804, 52.618056193531181 ], [ 6.558747545464528, 52.616861557856737 ], [ 6.560934707029699, 52.615271169994159 ], [ 6.560372990250324, 52.614388168729349 ], [ 6.56381254753316, 52.612547405076725 ], [ 6.567200574621572, 52.611896757058808 ], [ 6.568641863856644, 52.611913080949726 ], [ 6.569263506773012, 52.612430259751413 ], [ 6.56995408262114, 52.610836307128416 ], [ 6.572312308196689, 52.610367063077653 ], [ 6.577087296464017, 52.610961291238212 ], [ 6.577402549501318, 52.610215691106362 ], [ 6.57274830317435, 52.610037932609323 ], [ 6.573120188624636, 52.608975717047031 ], [ 6.575892822916448, 52.608541612129208 ], [ 6.578098322504976, 52.606793587939372 ], [ 6.570341067126063, 52.606486856761471 ], [ 6.56258570994089, 52.602965492255692 ], [ 6.559720438716197, 52.605373060860522 ], [ 6.557972464200385, 52.604814742198528 ], [ 6.570589948375948, 52.594061969616988 ], [ 6.572424625380427, 52.593052083950646 ], [ 6.570179930668522, 52.594074473490203 ], [ 6.563571508823278, 52.591185963947829 ], [ 6.564693994295146, 52.588118883525432 ], [ 6.564238848427567, 52.587432260003254 ], [ 6.560428780793928, 52.585969133542363 ], [ 6.561203679392935, 52.58397429633601 ], [ 6.559270894207567, 52.582478208349976 ], [ 6.557373843104694, 52.582096543914041 ], [ 6.555016267520648, 52.582927329009308 ], [ 6.558834681873119, 52.579837101605683 ], [ 6.558061085572096, 52.579505689737374 ], [ 6.558639176082082, 52.579891178897903 ], [ 6.545741890225272, 52.590012938746582 ], [ 6.548350326176535, 52.590938486531279 ], [ 6.545690197592283, 52.593095413281141 ], [ 6.534105329298849, 52.588832267973942 ], [ 6.535372511183582, 52.587766976853423 ], [ 6.536422613984027, 52.587823074488853 ], [ 6.540625593114441, 52.584659726423837 ], [ 6.541032650009158, 52.584176860602632 ], [ 6.540251687211389, 52.583531493701436 ], [ 6.54833472875316, 52.578060415285464 ], [ 6.546525497205538, 52.577370100651798 ], [ 6.542941641962607, 52.576964655254464 ], [ 6.541018685985513, 52.577257497315159 ], [ 6.540808385374055, 52.578381053392313 ], [ 6.534707287115583, 52.580184461168699 ], [ 6.531982007575773, 52.582750561874846 ], [ 6.52538900772825, 52.581554959009829 ], [ 6.524322909636942, 52.577947749531909 ], [ 6.52061916376111, 52.576089051940755 ], [ 6.518343630227103, 52.574230162070002 ], [ 6.51044163188914, 52.57090697547082 ], [ 6.504938665696925, 52.575885375459038 ], [ 6.499883227838317, 52.573637132388875 ], [ 6.496768924997808, 52.571621582545248 ], [ 6.493274582013987, 52.570481306646151 ], [ 6.487138456983904, 52.57309382143935 ], [ 6.478586290684815, 52.570910817773793 ], [ 6.478476931291017, 52.569389365489897 ], [ 6.476144153076752, 52.568871027346027 ], [ 6.474137729829156, 52.576069928495585 ], [ 6.472386830348163, 52.576303840447594 ], [ 6.468851332793582, 52.576062174566005 ], [ 6.469420869541522, 52.572112413359648 ], [ 6.46507788404729, 52.569012490489847 ], [ 6.438071391031881, 52.569374509768281 ], [ 6.431720686145374, 52.571020782660234 ], [ 6.42738151970933, 52.57118401437976 ], [ 6.426669415959167, 52.575493495191743 ], [ 6.427532477127371, 52.57554370328431 ], [ 6.427327449303584, 52.576519653070861 ], [ 6.428572086861586, 52.576600346754653 ], [ 6.42832916865466, 52.577951278496691 ], [ 6.426273153855568, 52.577718115924505 ], [ 6.42619285645129, 52.577970531247466 ], [ 6.428311108565793, 52.578051740855123 ], [ 6.425642535461337, 52.593210600325278 ], [ 6.423148768919054, 52.593177958470314 ], [ 6.418892036191029, 52.592156074210976 ], [ 6.419080394171376, 52.591613562579653 ], [ 6.418393593134368, 52.592845053865744 ], [ 6.415594607615988, 52.592799496543286 ], [ 6.414517099735574, 52.594194567279274 ], [ 6.408907375173911, 52.595836766808176 ], [ 6.407373302657531, 52.600980089297138 ], [ 6.406157976074446, 52.602254976476807 ], [ 6.407499919599006, 52.602522294216399 ], [ 6.407504194862025, 52.609127459004547 ], [ 6.410448659962221, 52.609118841625218 ], [ 6.411370116743498, 52.609504688173374 ], [ 6.414331152695163, 52.6092656147529 ], [ 6.418079981093604, 52.614172145225133 ], [ 6.417849951028957, 52.615658949629406 ], [ 6.416309846939106, 52.615852096906103 ], [ 6.41632967444754, 52.617285502860319 ], [ 6.415047063265289, 52.61738520876353 ], [ 6.41484666113294, 52.618049436525091 ], [ 6.412573653383364, 52.618145497747264 ], [ 6.412266770880602, 52.617448667506601 ], [ 6.410674327522349, 52.61699527722017 ], [ 6.413860877944053, 52.619338042500679 ], [ 6.412049107736529, 52.619868522530346 ], [ 6.409975445473497, 52.621603608264138 ], [ 6.406217656433067, 52.620419096981202 ], [ 6.405928618777033, 52.619943726732359 ], [ 6.398957606853704, 52.620548190619346 ], [ 6.398508916531966, 52.618694600496362 ], [ 6.392980372883367, 52.617615683662763 ], [ 6.388628140389457, 52.617906800270667 ], [ 6.387071695127936, 52.619716726323603 ], [ 6.387810979711282, 52.621068722512184 ], [ 6.390065338316806, 52.621651955668867 ], [ 6.390214171452255, 52.625123105557776 ], [ 6.388382024068489, 52.62554707872421 ], [ 6.389973326041854, 52.627977938602896 ], [ 6.386250566306468, 52.630847191356679 ], [ 6.390466683859447, 52.633544852917801 ], [ 6.388917256691174, 52.634640808903285 ], [ 6.390762239547118, 52.634683529842718 ], [ 6.402169834667522, 52.628857141054326 ], [ 6.39727679868924, 52.62701432953115 ], [ 6.396899345741728, 52.625476964126968 ], [ 6.3986192595898, 52.623564033099498 ], [ 6.404111586519988, 52.628362583482918 ], [ 6.401896735122127, 52.633141973240484 ], [ 6.408283313185034, 52.633573934488552 ], [ 6.408563769767375, 52.634647919213329 ], [ 6.41021519771609, 52.634855013702278 ], [ 6.410120528239326, 52.635526927977487 ], [ 6.413175625036726, 52.635719667896737 ], [ 6.413079443697024, 52.637039158401464 ], [ 6.414738146761583, 52.640642927517362 ], [ 6.41805313311537, 52.639832778988406 ], [ 6.422422485399724, 52.641600403083508 ], [ 6.426185144730491, 52.641131592141612 ], [ 6.429012772494789, 52.64447416034109 ], [ 6.430004938525686, 52.647544034526987 ], [ 6.432000004431798, 52.646929759047701 ], [ 6.435000590116103, 52.646964980486999 ], [ 6.436574970649557, 52.646553530009271 ], [ 6.432307348972849, 52.633724953719941 ], [ 6.434473146285246, 52.634651301933602 ], [ 6.439112236469079, 52.633900865541335 ], [ 6.442954076100729, 52.635880880511408 ], [ 6.448556459177198, 52.636229293369979 ], [ 6.45175170552319, 52.633929860778395 ], [ 6.453396669345342, 52.633916932246947 ], [ 6.452341912326546, 52.631639733752507 ], [ 6.453440637480687, 52.631693229746624 ], [ 6.454491101406844, 52.631125401027901 ], [ 6.452085828960425, 52.628441201274711 ], [ 6.452505645307226, 52.627252820266165 ], [ 6.453185296077597, 52.62707225151042 ], [ 6.453572115211456, 52.62442930760831 ], [ 6.45055266415235, 52.624759471037457 ], [ 6.451496953766552, 52.623204711965798 ], [ 6.446797698574324, 52.621581323243056 ], [ 6.44752521008858, 52.620316031726652 ], [ 6.445623390227014, 52.615639635690499 ], [ 6.453476975385101, 52.61395567145393 ], [ 6.460707527145394, 52.616991427603772 ], [ 6.462444326486762, 52.620502453797997 ], [ 6.457294431036302, 52.620945266611784 ], [ 6.455665554597541, 52.622749624249153 ], [ 6.456198815472938, 52.623786066133682 ], [ 6.455720359296951, 52.624319475922604 ], [ 6.459750394224598, 52.624605061489376 ], [ 6.458684360729044, 52.626257354494911 ], [ 6.456653657368042, 52.627493315659045 ], [ 6.455917709509682, 52.627430894898467 ], [ 6.457045398490033, 52.631057313261891 ], [ 6.448663336073592, 52.638411920837903 ], [ 6.449647419520304, 52.63937525649375 ], [ 6.451073597605235, 52.639535694705891 ], [ 6.452335233519351, 52.640530097179962 ], [ 6.451770795166243, 52.641678038495698 ], [ 6.452075877087662, 52.643461502474068 ], [ 6.456654924586831, 52.642841963916332 ], [ 6.456664283702303, 52.647155679698372 ], [ 6.459877438078675, 52.649251623899197 ], [ 6.46130932307923, 52.651514422121984 ], [ 6.461063912822934, 52.655875929564928 ], [ 6.462646924504626, 52.663851768879077 ], [ 6.472393593270639, 52.663753277809896 ], [ 6.473588228977183, 52.66565384405375 ], [ 6.477059878848123, 52.66552511941655 ], [ 6.478774208671093, 52.668449092457053 ], [ 6.482563911648506, 52.668647991285795 ], [ 6.481967450862906, 52.671934085394859 ], [ 6.482849025188026, 52.671902931429663 ], [ 6.483040312444038, 52.671088462008619 ], [ 6.483984215094078, 52.671094116566138 ] ] ], [ [ [ 6.380816032035618, 52.63068577758677 ], [ 6.384172369552937, 52.627703024898089 ], [ 6.383745840007594, 52.626935348774161 ], [ 6.380828829589663, 52.627506148541215 ], [ 6.379507566647413, 52.629608476403583 ], [ 6.375100757123198, 52.629449957230307 ], [ 6.374301033049948, 52.630448587405034 ], [ 6.373521466372056, 52.62920592544102 ], [ 6.369515611594512, 52.631901198470956 ], [ 6.368619661547617, 52.633541589580148 ], [ 6.3690515471056, 52.635639309893577 ], [ 6.366385809737713, 52.637490489666042 ], [ 6.36768918581685, 52.637999659321487 ], [ 6.37103394674811, 52.637756919277869 ], [ 6.371051108482238, 52.639193900411563 ], [ 6.370186123590572, 52.639957337322237 ], [ 6.380816032035618, 52.63068577758677 ] ] ] ] } },
{ "type": "Feature", "properties": { "label": "MSKZ Musselkanaal-Zandberg", "gid": "MSKZ Musselkanaal-Zandberg" }, "geometry": { "type": "MultiPolygon", "coordinates": [ [ [ [ 7.023664665744681, 52.853697590943611 ], [ 7.021000152026834, 52.856195682347433 ], [ 7.020853275041278, 52.856313589260445 ], [ 7.025776248234651, 52.856167161392641 ], [ 7.027780614375581, 52.852221823194739 ], [ 7.026047307873696, 52.851537067824033 ], [ 7.023664665744681, 52.853697590943611 ] ] ], [ [ [ 7.010735840396388, 52.987599119872527 ], [ 7.021701944607567, 52.992266392023467 ], [ 7.034489432019943, 52.980692655201665 ], [ 7.047189301346488, 52.986055632932739 ], [ 7.042083751356916, 52.977465283649515 ], [ 7.042734776155078, 52.977013198716094 ], [ 7.044668025158206, 52.977142137144327 ], [ 7.045233710659213, 52.977969503786078 ], [ 7.046046696514885, 52.977827291135249 ], [ 7.045070428590899, 52.974809830634555 ], [ 7.048319330161886, 52.97483292202611 ], [ 7.047662266900685, 52.97247000326113 ], [ 7.053979527726795, 52.972307685451163 ], [ 7.054348739668041, 52.973515441023793 ], [ 7.052297465962292, 52.974216219466115 ], [ 7.052102264501224, 52.981380186150027 ], [ 7.058771487782476, 52.982121192106 ], [ 7.055731960639125, 52.985500668493252 ], [ 7.061843777524754, 52.984814181090591 ], [ 7.061950255480923, 52.983254598712762 ], [ 7.071118315675564, 52.983092819504385 ], [ 7.070455993601565, 52.96678755976582 ], [ 7.103709545480231, 52.977725803101421 ], [ 7.124868545560517, 52.985713525494546 ], [ 7.137077816010865, 52.985925262999203 ], [ 7.140606810228991, 52.982160905947701 ], [ 7.147069542011327, 52.983185145976648 ], [ 7.147585548164515, 52.983152588240827 ], [ 7.147334948438803, 52.982528641994548 ], [ 7.149485392682013, 52.98249207399661 ], [ 7.150413439080246, 52.984186041406922 ], [ 7.151576557940722, 52.98142162792351 ], [ 7.154688024519761, 52.981015288440808 ], [ 7.151498810031195, 52.976947573202537 ], [ 7.153338779386329, 52.97777598015093 ], [ 7.156454415882568, 52.980791939748208 ], [ 7.159520843678762, 52.980405367596724 ], [ 7.160166821791377, 52.975936601024493 ], [ 7.165673171257122, 52.975027176522367 ], [ 7.16760201261912, 52.965736467444849 ], [ 7.16366465844149, 52.944415277664639 ], [ 7.18231262826276, 52.943260325633993 ], [ 7.181515491515221, 52.941584240571885 ], [ 7.104370693708488, 52.863931188063297 ], [ 7.087257914784638, 52.849887140883972 ], [ 7.08957399918871, 52.844948732014828 ], [ 7.08281363049409, 52.844883952985199 ], [ 7.082019914140436, 52.849852725770788 ], [ 7.081520458508749, 52.849854654857239 ], [ 7.082299022938096, 52.846119558824959 ], [ 7.075202881734814, 52.845373095152119 ], [ 7.0763170619437, 52.848746765189219 ], [ 7.072192957146661, 52.845210934661722 ], [ 7.070973846468947, 52.837823941800295 ], [ 7.046948380426437, 52.829272298581344 ], [ 7.041118038882947, 52.83480522242133 ], [ 7.039812211399863, 52.833960890398821 ], [ 7.037801911114963, 52.836045444628745 ], [ 7.034624250570833, 52.834896927847929 ], [ 7.033770899102779, 52.83573110275875 ], [ 7.024647806485104, 52.832431574051498 ], [ 7.032115326413511, 52.824659100374795 ], [ 7.032590899664265, 52.823166784231574 ], [ 7.031410555110389, 52.822801750533586 ], [ 7.031235405698747, 52.823638453500571 ], [ 7.023316400452902, 52.831939827419248 ], [ 7.021616983456904, 52.831387426229256 ], [ 7.006105830922501, 52.847520532710412 ], [ 7.007714023796015, 52.848159585115837 ], [ 7.010105814085641, 52.845734007467499 ], [ 7.016797588935295, 52.848102218979982 ], [ 7.017555552535893, 52.847391809524446 ], [ 7.01215456320412, 52.845427799090395 ], [ 7.012739637669261, 52.844819370978307 ], [ 7.044913997340818, 52.856545747877981 ], [ 7.048231742078721, 52.858863017677606 ], [ 7.049298160339172, 52.862093131985688 ], [ 7.050469325402065, 52.862104194876494 ], [ 7.047884925139496, 52.864506271861529 ], [ 7.047370695333408, 52.864371280326189 ], [ 7.047809509002006, 52.862836129601497 ], [ 7.046272860839387, 52.864279083639552 ], [ 7.042804320329007, 52.86329410529784 ], [ 7.041296229692658, 52.86469739950271 ], [ 7.034190363355268, 52.863215591573017 ], [ 7.036428638341812, 52.860699527458962 ], [ 7.034544814349276, 52.859921425981788 ], [ 7.031924468028379, 52.862387770119831 ], [ 7.031516640522367, 52.861739082546293 ], [ 7.030816146453308, 52.861467776824973 ], [ 7.030520936800084, 52.861744050640958 ], [ 7.026523907964379, 52.860213148866521 ], [ 7.028035123670384, 52.85881070091763 ], [ 7.027241217171558, 52.858497804224619 ], [ 7.025747159893986, 52.859900015359244 ], [ 7.019451893592985, 52.857360086187413 ], [ 7.008885435391442, 52.866908430600382 ], [ 7.003998692217273, 52.863848537475178 ], [ 7.002746913297975, 52.864463822038083 ], [ 6.998070804276084, 52.861576354261288 ], [ 6.997814609327116, 52.861836652179171 ], [ 7.001923134169913, 52.864359412169861 ], [ 7.001235070509468, 52.865084365872306 ], [ 6.999927515057802, 52.865336686323779 ], [ 6.99648880399558, 52.863183630423045 ], [ 6.994805466209579, 52.864942151777527 ], [ 6.986848124198242, 52.861837750060047 ], [ 6.986256141540362, 52.8623924766394 ], [ 6.984779516397824, 52.861821406395769 ], [ 6.982755652763128, 52.863721085951575 ], [ 6.981331082787123, 52.863187085130996 ], [ 6.979214960795308, 52.865197345364891 ], [ 6.966607076854786, 52.862157728221241 ], [ 6.962902889646568, 52.864669447243664 ], [ 6.958560434922657, 52.862733931655967 ], [ 6.956491718992095, 52.859663378087554 ], [ 6.955475135556646, 52.859315125571911 ], [ 6.955883670349992, 52.858793526704005 ], [ 6.954405856266225, 52.858170841764689 ], [ 6.954587332523641, 52.85705396143846 ], [ 6.953771927936252, 52.856917423924486 ], [ 6.953897374068929, 52.856286696056316 ], [ 6.952075435142146, 52.855316046961498 ], [ 6.952148352854094, 52.854124735451407 ], [ 6.951356052479089, 52.853983142029712 ], [ 6.9517371174944, 52.853274058327358 ], [ 6.950948407002365, 52.85252026833151 ], [ 6.951855312151253, 52.852238283303258 ], [ 6.952275212436945, 52.85130830147358 ], [ 6.950458335184704, 52.851094101938394 ], [ 6.950356139002626, 52.850626167967064 ], [ 6.951238566106847, 52.850246969969689 ], [ 6.95038905429888, 52.849880216006227 ], [ 6.950462413620598, 52.849192470450575 ], [ 6.945919084518071, 52.847739279980125 ], [ 6.946513011034606, 52.849357033565632 ], [ 6.943085107078883, 52.854861740473979 ], [ 6.930518120179431, 52.85172223306548 ], [ 6.922656532202525, 52.850415359484892 ], [ 6.914567485522093, 52.856711196870727 ], [ 6.929969049037402, 52.863531610752617 ], [ 6.930726182429406, 52.862966583876094 ], [ 6.931777503346898, 52.863464353425584 ], [ 6.931186028419287, 52.863900269057531 ], [ 6.944080421883902, 52.869868249441986 ], [ 6.943821770206912, 52.870179354643291 ], [ 6.955419312033531, 52.875973996417017 ], [ 6.956949942726958, 52.876877911231219 ], [ 6.956430684373629, 52.877450848432602 ], [ 6.957739782520233, 52.878525590955562 ], [ 6.957574859921546, 52.879240874239954 ], [ 6.955210793720232, 52.878492703325882 ], [ 6.953093318142717, 52.877308022162438 ], [ 6.9527374498387, 52.875998953363791 ], [ 6.951240065319264, 52.87692571629286 ], [ 6.949757638948986, 52.876285120150868 ], [ 6.948469283653064, 52.875590264004103 ], [ 6.949436663116912, 52.874974518263777 ], [ 6.948531224989602, 52.874361892396429 ], [ 6.948354995384975, 52.874918957036279 ], [ 6.947135270430571, 52.874437906507083 ], [ 6.947653178993912, 52.875701789624038 ], [ 6.946670314068871, 52.875225462721687 ], [ 6.944305371925182, 52.875173025334206 ], [ 6.943868032100042, 52.874766679101995 ], [ 6.943125899375043, 52.874506747811722 ], [ 6.943572951383008, 52.874947583496123 ], [ 6.94039909315339, 52.877324367115556 ], [ 6.943525341542172, 52.878848099684994 ], [ 6.934383049436116, 52.88532173845455 ], [ 6.935500322487139, 52.885835223846371 ], [ 6.933179291611463, 52.887948152396589 ], [ 6.936232753396002, 52.890584495019645 ], [ 6.935168311367404, 52.891406864695298 ], [ 6.935215665544698, 52.892172942760133 ], [ 6.933181590051674, 52.893417318818884 ], [ 6.932201492061297, 52.893208965331212 ], [ 6.928542876360045, 52.896634486008494 ], [ 6.930291626470495, 52.897277047999765 ], [ 6.9268348276327, 52.900447031584378 ], [ 6.924753690135386, 52.899988922988911 ], [ 6.926687364085758, 52.900764562909551 ], [ 6.925279913370107, 52.902045953574003 ], [ 6.927569219704172, 52.902860828301399 ], [ 6.930800774875536, 52.90278212793455 ], [ 6.936241956075384, 52.901430424539562 ], [ 6.932446348054189, 52.90641027794387 ], [ 6.939023245667671, 52.908996226480546 ], [ 6.941440420644214, 52.906717931070503 ], [ 6.941868385791015, 52.906868555248288 ], [ 6.940750539211841, 52.909675263912838 ], [ 6.945122148281701, 52.911393632583085 ], [ 6.947118309924468, 52.908804802239132 ], [ 6.952015202803335, 52.910750520852183 ], [ 6.949531886416993, 52.913149277803456 ], [ 6.966232261511796, 52.92004537597591 ], [ 6.967244800725432, 52.919140357789722 ], [ 6.972250369436342, 52.921448589736521 ], [ 6.97177879627576, 52.921899011839031 ], [ 6.984453779044106, 52.926910468889048 ], [ 6.98628792803401, 52.926618745160688 ], [ 6.987339967835202, 52.927038767000482 ], [ 6.986313103931211, 52.92798643029041 ], [ 7.003371335472937, 52.934912725857927 ], [ 7.002957955526464, 52.935764381566948 ], [ 7.010035008779737, 52.92968369424019 ], [ 7.006036259471585, 52.9332852447397 ], [ 7.007772367384925, 52.934758759091515 ], [ 7.011934385001251, 52.931096381283531 ], [ 7.012330890373764, 52.931268650345359 ], [ 7.008446125629574, 52.934613470246063 ], [ 7.009476779340159, 52.934935890667205 ], [ 7.00969968089218, 52.935762875810724 ], [ 7.008063984767332, 52.937376106967037 ], [ 7.009544257197513, 52.93739333112562 ], [ 7.008512496146966, 52.938249654573653 ], [ 7.009303909928588, 52.939419781595618 ], [ 7.007298700957126, 52.938687388505123 ], [ 7.001459453257872, 52.943713955357993 ], [ 7.003975787867359, 52.944816228527543 ], [ 6.99968896094566, 52.950044247848311 ], [ 7.003431112889242, 52.95383842409737 ], [ 7.007454278290271, 52.953759550900422 ], [ 7.011990595793205, 52.951757915932681 ], [ 7.01743566406591, 52.952135313077548 ], [ 7.01368578681036, 52.957095766293051 ], [ 7.009916501309917, 52.956332933930739 ], [ 7.008903149981178, 52.956927206786915 ], [ 6.99191172320948, 52.949703824013071 ], [ 6.991433629272723, 52.94992114681417 ], [ 6.992106941064994, 52.951680690350891 ], [ 6.993966700564872, 52.952003823591006 ], [ 7.007325806352909, 52.9576244540781 ], [ 7.014760237681594, 52.959169775426126 ], [ 7.01262130301216, 52.961872480293557 ], [ 7.011666448245047, 52.961860749795107 ], [ 7.011966347401499, 52.962640079782396 ], [ 7.00855907416479, 52.966546938567838 ], [ 7.007050276852805, 52.966596623761419 ], [ 7.003453099897714, 52.971373490517159 ], [ 7.004108397615491, 52.971696450067626 ], [ 6.995542670374884, 52.981391288306931 ], [ 6.99606050751143, 52.981661374707194 ], [ 6.991233892741111, 52.98825156157298 ], [ 6.991571957194825, 52.988492972316095 ], [ 6.989109650216703, 52.990747997319268 ], [ 6.988017843339318, 52.992650263463148 ], [ 6.98963350112225, 52.993290908203079 ], [ 6.990280850676638, 52.992849956718764 ], [ 6.991690396382442, 52.993290961032159 ], [ 6.990424379442715, 52.994821266139553 ], [ 7.001686496963241, 52.998330777103078 ], [ 7.005135291560833, 52.99873467028425 ], [ 7.008438670442281, 52.999883917536046 ], [ 7.008973947377214, 52.988859294568535 ], [ 7.010735840396388, 52.987599119872527 ] ] ], [ [ [ 7.007571533951651, 52.937712493411155 ], [ 7.00718719768238, 52.938200273159197 ], [ 7.007399116166321, 52.938266986358904 ], [ 7.008210496173675, 52.937919545644469 ], [ 7.007571533951651, 52.937712493411155 ] ] ] ] } },
{ "type": "Feature", "properties": { "label": "CVD Coevorden", "gid": "CVD Coevorden" }, "geometry": { "type": "MultiPolygon", "coordinates": [ [ [ [ 6.641763103053655, 52.624381306866333 ], [ 6.645357576044137, 52.621752773350529 ], [ 6.64711594863028, 52.622782065970732 ], [ 6.646417358115261, 52.622318184702259 ], [ 6.647215151260646, 52.621871161751102 ], [ 6.645113672782721, 52.619920699760108 ], [ 6.646287864574484, 52.618383455701903 ], [ 6.642717098358157, 52.617457088101446 ], [ 6.641760892898777, 52.617580464331681 ], [ 6.641263046690465, 52.616814704150066 ], [ 6.642568253149027, 52.615581547939371 ], [ 6.642184561451722, 52.615203359621376 ], [ 6.640994841150019, 52.614446987313151 ], [ 6.638005451901483, 52.614141473010001 ], [ 6.637042186228958, 52.613489668860964 ], [ 6.629826506575851, 52.616663206519419 ], [ 6.635626117470881, 52.620883297051407 ], [ 6.640856777952112, 52.622654877043828 ], [ 6.641763103053655, 52.624381306866333 ] ] ], [ [ [ 6.730624678094685, 52.778759823276609 ], [ 6.731219054200136, 52.778779990114586 ], [ 6.731141680167382, 52.777838388182694 ], [ 6.732853160446101, 52.77510767342276 ], [ 6.735008203883056, 52.773128617642037 ], [ 6.734882933321336, 52.770770208994904 ], [ 6.742122029967372, 52.767572822219513 ], [ 6.744959402166161, 52.765570012511958 ], [ 6.748562142447778, 52.76458165947907 ], [ 6.749312451982738, 52.763683445436541 ], [ 6.750617707733838, 52.764112519813843 ], [ 6.755367534435668, 52.757915275193049 ], [ 6.76418226458568, 52.752638111036383 ], [ 6.766612693993236, 52.751847790141838 ], [ 6.77177026158436, 52.745287954420085 ], [ 6.777229971297646, 52.743199891818008 ], [ 6.778071720456839, 52.742390944778315 ], [ 6.778802692094997, 52.738531086161785 ], [ 6.778431165969703, 52.736950871458156 ], [ 6.779712837568043, 52.73488745306782 ], [ 6.777127823213061, 52.732716848953125 ], [ 6.778019798888006, 52.731670229399597 ], [ 6.778008996518127, 52.729955679103433 ], [ 6.77882001559221, 52.729828657051009 ], [ 6.778733541206301, 52.728672596227852 ], [ 6.780113638303329, 52.727973793182443 ], [ 6.781434859457923, 52.726015304452062 ], [ 6.779987863424233, 52.725176940717404 ], [ 6.781556964877385, 52.723867357440675 ], [ 6.755567906826696, 52.710493607599886 ], [ 6.757553334054715, 52.711515761880683 ], [ 6.761702843824221, 52.710500500920929 ], [ 6.759047995238358, 52.707133715175956 ], [ 6.764156753682553, 52.705188661938607 ], [ 6.769005994302645, 52.711241388862085 ], [ 6.778424870515042, 52.709144431250358 ], [ 6.778633269815509, 52.708006656756531 ], [ 6.785966032019011, 52.709212363820463 ], [ 6.790688637812269, 52.70512845004685 ], [ 6.79189518653807, 52.702929535256118 ], [ 6.796396229424388, 52.699650991798116 ], [ 6.798615203943168, 52.697057011677977 ], [ 6.799035340293966, 52.691278561560814 ], [ 6.8015730010504, 52.691567076190367 ], [ 6.809829102755608, 52.691184430165478 ], [ 6.811001556425001, 52.691541123725585 ], [ 6.811726094391081, 52.692622434127259 ], [ 6.810076643259457, 52.693077844606634 ], [ 6.809346995645119, 52.692864104158758 ], [ 6.809335737782227, 52.694524467910249 ], [ 6.810733976008846, 52.695003873682701 ], [ 6.810976396197448, 52.696095447962321 ], [ 6.812111210990783, 52.697012559343456 ], [ 6.816440393125797, 52.696834421278965 ], [ 6.816213843451583, 52.695420668228309 ], [ 6.813756703566352, 52.695336966669167 ], [ 6.813566608726102, 52.69385423709965 ], [ 6.81294333477336, 52.693794298166999 ], [ 6.813103464461946, 52.691934642696459 ], [ 6.813924133536175, 52.691974236829154 ], [ 6.81374957903879, 52.690937309066236 ], [ 6.831974598567452, 52.690206357297093 ], [ 6.832026151836644, 52.699805221665251 ], [ 6.849529125669582, 52.699354248416718 ], [ 6.852151475676818, 52.687641325068775 ], [ 6.852912658032508, 52.688015964546409 ], [ 6.853753440562664, 52.684675962005734 ], [ 6.853007243340327, 52.684173428719376 ], [ 6.854680143581952, 52.676263583308391 ], [ 6.818895426547293, 52.669036785173134 ], [ 6.819135456376619, 52.663384752655467 ], [ 6.778778103056767, 52.664286578546808 ], [ 6.784277678969683, 52.664159042979136 ], [ 6.784315931711586, 52.661133236520115 ], [ 6.783126074546524, 52.660759036933072 ], [ 6.7869976799391, 52.652377285645528 ], [ 6.78381709244266, 52.652532495514407 ], [ 6.777430906111108, 52.651660828077581 ], [ 6.774175323015271, 52.650199272880698 ], [ 6.77208922726794, 52.650051130551233 ], [ 6.767879219689403, 52.646851074059484 ], [ 6.75884835539793, 52.648825444602672 ], [ 6.753451558114358, 52.645806266427556 ], [ 6.751908011993184, 52.647030485582391 ], [ 6.753329736717093, 52.647579552567457 ], [ 6.753535263940832, 52.64800989714157 ], [ 6.752598241588136, 52.648110770471035 ], [ 6.750490168465302, 52.646886668255014 ], [ 6.741984042736107, 52.645332887387887 ], [ 6.735726237645577, 52.640375296465351 ], [ 6.730692406546995, 52.637524918938574 ], [ 6.726398097357315, 52.633220350361114 ], [ 6.720786344524451, 52.631432175497594 ], [ 6.718200839842641, 52.631306872802845 ], [ 6.715015666272588, 52.630265514504359 ], [ 6.7100531117449, 52.627820281038389 ], [ 6.710145316298433, 52.627314922639876 ], [ 6.71301238482592, 52.62678866597394 ], [ 6.722969639591722, 52.620316385100018 ], [ 6.727288774745397, 52.614927882040377 ], [ 6.720973400515871, 52.598351607392907 ], [ 6.720717382497575, 52.596281850112241 ], [ 6.72157386518776, 52.594874251117709 ], [ 6.71993789430437, 52.593215737970425 ], [ 6.719247065964182, 52.590503255413189 ], [ 6.714375390852579, 52.590015279833899 ], [ 6.708379187812374, 52.590902786930101 ], [ 6.706733118747551, 52.591862248105386 ], [ 6.701551910084256, 52.590803961092469 ], [ 6.701948077942314, 52.589683299946955 ], [ 6.693921250087032, 52.592784688082411 ], [ 6.691903703620876, 52.591882213681984 ], [ 6.692070682283404, 52.590707647278606 ], [ 6.688299208592818, 52.592132159051424 ], [ 6.686086996998863, 52.592111279868 ], [ 6.683132033132853, 52.593039054513625 ], [ 6.680068998826863, 52.595175560400435 ], [ 6.684405491234783, 52.597771815925526 ], [ 6.68364432224297, 52.599154619833172 ], [ 6.681341938457617, 52.600643648177758 ], [ 6.681225562065396, 52.602563132865306 ], [ 6.678384893402279, 52.603602300620231 ], [ 6.675717680692974, 52.603769442060837 ], [ 6.6748860369505, 52.602781284225721 ], [ 6.673174122841168, 52.603039229036668 ], [ 6.67249441977655, 52.602732622517209 ], [ 6.67111548367106, 52.599593362576627 ], [ 6.663022474885693, 52.601007277776304 ], [ 6.663859547345608, 52.598930548426729 ], [ 6.657211188535785, 52.598765806590642 ], [ 6.656712095002243, 52.596104609426753 ], [ 6.653269735925937, 52.593580217009368 ], [ 6.647271740045175, 52.592857505613935 ], [ 6.6417108308974, 52.593478123905292 ], [ 6.638893392578777, 52.593328863523737 ], [ 6.635976467187202, 52.592406035740709 ], [ 6.632686375945267, 52.590081308359025 ], [ 6.638793276591199, 52.595259785886341 ], [ 6.634955574483673, 52.595454425823647 ], [ 6.634436380323272, 52.594149504349666 ], [ 6.63207119830662, 52.594445141757802 ], [ 6.633298322450517, 52.595516736155659 ], [ 6.632547232707644, 52.596078968056069 ], [ 6.62835555134726, 52.595633105013214 ], [ 6.626470348999185, 52.596112668438884 ], [ 6.622366189576341, 52.599606480418053 ], [ 6.624447149021378, 52.598051050322226 ], [ 6.630109331081387, 52.599066614325785 ], [ 6.635161654577653, 52.598637207129116 ], [ 6.637653598358457, 52.600176519325153 ], [ 6.641286202705067, 52.600977668566358 ], [ 6.640561799135946, 52.602126492683368 ], [ 6.640843461874891, 52.602301223065091 ], [ 6.641731857333568, 52.600688391300153 ], [ 6.644693564614725, 52.60077690988772 ], [ 6.646064726974264, 52.602762301710996 ], [ 6.64760453896045, 52.602885374388414 ], [ 6.653562167431961, 52.605637612571286 ], [ 6.653578973175701, 52.607996216608178 ], [ 6.654409127455054, 52.609700901957787 ], [ 6.656576328001687, 52.611150376949112 ], [ 6.657002684249961, 52.612135001474087 ], [ 6.656426606340914, 52.612415176661507 ], [ 6.663092956556864, 52.618730684560219 ], [ 6.680194238102499, 52.626628399314512 ], [ 6.675619373492358, 52.630240803939131 ], [ 6.671476201837454, 52.62879103788714 ], [ 6.665961497027928, 52.62624023622601 ], [ 6.663818009922052, 52.624740008393211 ], [ 6.66040476615258, 52.624184571307389 ], [ 6.655999267298827, 52.62163324713228 ], [ 6.659132769265405, 52.618320977060691 ], [ 6.657342541402077, 52.617046883826454 ], [ 6.656098298631371, 52.616884543904398 ], [ 6.655686287230413, 52.615662293294683 ], [ 6.653915961272376, 52.614604825541583 ], [ 6.653231413175549, 52.614687403740511 ], [ 6.653216519890259, 52.615152118736574 ], [ 6.651229167710202, 52.61523422821805 ], [ 6.651504426471545, 52.616518171411407 ], [ 6.649968169987515, 52.617203060213868 ], [ 6.650995939040262, 52.617313383196048 ], [ 6.652104640750442, 52.616747285430364 ], [ 6.652919415738122, 52.617013375057383 ], [ 6.652138567876953, 52.618221537363588 ], [ 6.653652855252531, 52.619275010949046 ], [ 6.651350901204263, 52.622134892126475 ], [ 6.64940085666194, 52.622059811380431 ], [ 6.649022131186003, 52.625109526577575 ], [ 6.644555208464327, 52.62495539277225 ], [ 6.643637068997327, 52.625740728049678 ], [ 6.64335230614382, 52.630388989066319 ], [ 6.647014195985916, 52.627862205917346 ], [ 6.646934145870098, 52.627069708804136 ], [ 6.647763388472939, 52.627258501769532 ], [ 6.648808545573603, 52.626800218976733 ], [ 6.650131099341984, 52.627684655865892 ], [ 6.64921116564664, 52.630576865427663 ], [ 6.645735876018422, 52.634332411276759 ], [ 6.647094886436022, 52.635364751598772 ], [ 6.651741015915984, 52.635080857601523 ], [ 6.65691502083277, 52.637654159704766 ], [ 6.654946000126689, 52.639070843856167 ], [ 6.653091164117895, 52.639582714715914 ], [ 6.647653452877928, 52.643569249317835 ], [ 6.639961717581732, 52.639837719264676 ], [ 6.638050042526698, 52.641245012702782 ], [ 6.633344903132034, 52.64014878824743 ], [ 6.630961042214603, 52.641002288014057 ], [ 6.629156070612924, 52.642337875791654 ], [ 6.628398727860807, 52.641785020628383 ], [ 6.627720788951964, 52.638789621492066 ], [ 6.626817452469197, 52.638373375458301 ], [ 6.626031916245386, 52.63838108450183 ], [ 6.622822585511945, 52.640203421809893 ], [ 6.620972952155185, 52.63995135195848 ], [ 6.610391121143608, 52.647733839884076 ], [ 6.61236288031421, 52.650738856676966 ], [ 6.615401980481254, 52.651239885079136 ], [ 6.613606347840146, 52.651116940074871 ], [ 6.61302791357292, 52.653373678962112 ], [ 6.593930993369866, 52.667568042507753 ], [ 6.581395897959282, 52.661251366882787 ], [ 6.57955088406335, 52.658270642399245 ], [ 6.575682538910662, 52.656213990346174 ], [ 6.571901826067372, 52.658928047132434 ], [ 6.573653256482588, 52.65916318543546 ], [ 6.574991123440501, 52.660093035261227 ], [ 6.575677535235262, 52.662406857606967 ], [ 6.575134487511923, 52.664711028671512 ], [ 6.578788419023718, 52.669155072888785 ], [ 6.608679925356664, 52.673251420143849 ], [ 6.608101231776859, 52.673173452393954 ], [ 6.608616235863805, 52.681323637748179 ], [ 6.604462098145261, 52.6815155636668 ], [ 6.605400693703658, 52.685251036743274 ], [ 6.606513258288985, 52.685143791038399 ], [ 6.607571498066347, 52.686666631890205 ], [ 6.60596198125203, 52.68974936084237 ], [ 6.60861411721601, 52.690036634237842 ], [ 6.609622134323425, 52.691574919706206 ], [ 6.607438533023182, 52.693058696078076 ], [ 6.603938621937322, 52.693593865484203 ], [ 6.604059424765016, 52.694624509485266 ], [ 6.605992850461792, 52.694553926674125 ], [ 6.607335884315874, 52.695638279759578 ], [ 6.610028856755068, 52.695830571212397 ], [ 6.610003053391512, 52.699977662120652 ], [ 6.6118323545335, 52.700192156227423 ], [ 6.611761228290705, 52.699003849866067 ], [ 6.621989878601813, 52.698762734462825 ], [ 6.621934882333722, 52.697683167084449 ], [ 6.62897646484326, 52.698025014931986 ], [ 6.629483298631889, 52.706854986551605 ], [ 6.621119549196943, 52.705371337516048 ], [ 6.620600670677792, 52.710846112169925 ], [ 6.621918144571695, 52.712459625492613 ], [ 6.627803329670615, 52.712529824094645 ], [ 6.633674874553504, 52.713235235148268 ], [ 6.638725584456312, 52.714541361439345 ], [ 6.639487118839599, 52.715336469577515 ], [ 6.642397657103393, 52.715819436904127 ], [ 6.641775627812462, 52.716018859653083 ], [ 6.642353179688971, 52.716175888957935 ], [ 6.641848789462715, 52.716815275480144 ], [ 6.644435175099449, 52.717547503023354 ], [ 6.643197259783036, 52.719238217491714 ], [ 6.643299196604824, 52.720537506826403 ], [ 6.647126176272585, 52.721769269511476 ], [ 6.64966642093042, 52.723206452151381 ], [ 6.653735838201956, 52.724455479894416 ], [ 6.655537862366882, 52.724588271306459 ], [ 6.667200547016159, 52.712970217822608 ], [ 6.66762638678132, 52.713119078734238 ], [ 6.660667700006307, 52.720055159965874 ], [ 6.660763478195062, 52.720799275440378 ], [ 6.663191659025004, 52.72264670362555 ], [ 6.665414753027037, 52.721732563174143 ], [ 6.670605806069326, 52.722521399290706 ], [ 6.669947165645809, 52.722503816076355 ], [ 6.669232041711793, 52.723265262516044 ], [ 6.670025656734728, 52.723344964119278 ], [ 6.670552037347756, 52.724769391245701 ], [ 6.674459582962943, 52.724838091298913 ], [ 6.673036487077203, 52.727628838330233 ], [ 6.676239303081334, 52.727532793861634 ], [ 6.676398413958025, 52.727837456862133 ], [ 6.6408598752488, 52.72848459933688 ], [ 6.650248351349932, 52.728590845574139 ], [ 6.645341063870278, 52.733083329643591 ], [ 6.653025468928881, 52.736188317070436 ], [ 6.645775081382952, 52.742291218048649 ], [ 6.644588629368455, 52.742231853237413 ], [ 6.643256654639748, 52.743352530039864 ], [ 6.650320518288616, 52.745755478798571 ], [ 6.64775794785245, 52.750276637602468 ], [ 6.648611024565835, 52.75119334010526 ], [ 6.648678041616905, 52.755066344002849 ], [ 6.650083599104631, 52.75753607155476 ], [ 6.65093103704544, 52.757737089170632 ], [ 6.652920886557109, 52.760441484464287 ], [ 6.65388882139976, 52.760919812901435 ], [ 6.654466318241584, 52.762664981592486 ], [ 6.691966272655677, 52.762822125474003 ], [ 6.701982885361609, 52.769126300819273 ], [ 6.702939544672241, 52.768186365067507 ], [ 6.714313022139334, 52.773549747775348 ], [ 6.719376484892798, 52.774141702181723 ], [ 6.719409268207365, 52.775825584619582 ], [ 6.721052036557166, 52.775613876815527 ], [ 6.723206547819201, 52.776212285727219 ], [ 6.724578000262683, 52.775917406985236 ], [ 6.727058802293906, 52.779032807854897 ], [ 6.7304827826964, 52.779159389097885 ], [ 6.730624678094685, 52.778759823276609 ] ] ] ] } },
{ "type": "Feature", "properties": { "label": "MP Meppel", "gid": "MP Meppel" }, "geometry": { "type": "MultiPolygon", "coordinates": [ [ [ [ 6.198476550125345, 52.586467103628571 ], [ 6.195916676154771, 52.586628687341275 ], [ 6.197343432344026, 52.589584211990342 ], [ 6.203086388191476, 52.58862438250214 ], [ 6.198476550125345, 52.586467103628571 ] ] ], [ [ [ 6.224894654305375, 52.58912064732084 ], [ 6.224270826266501, 52.589417967847226 ], [ 6.219114518665898, 52.588247726929673 ], [ 6.217889731183515, 52.593423130399373 ], [ 6.228117666821648, 52.594358615198225 ], [ 6.230623095169226, 52.598220187240138 ], [ 6.224894654305375, 52.58912064732084 ] ] ], [ [ [ 6.238042208271018, 52.608703704295621 ], [ 6.232268612669668, 52.600067922981381 ], [ 6.228783828479419, 52.600372310517756 ], [ 6.225442064731021, 52.604276083227532 ], [ 6.224135775562547, 52.606097375436185 ], [ 6.224362238244188, 52.605785373921854 ], [ 6.230128941286468, 52.606764827245883 ], [ 6.235822422802281, 52.605754853922157 ], [ 6.239236181610459, 52.610789627459638 ], [ 6.238042208271018, 52.608703704295621 ] ] ], [ [ [ 6.31395409515193, 52.748801551625945 ], [ 6.319138360762939, 52.745470904506185 ], [ 6.319375552102342, 52.744636558778687 ], [ 6.316619972197483, 52.74111862991424 ], [ 6.321255489055561, 52.740027423918939 ], [ 6.324489718619454, 52.741001856738173 ], [ 6.32818585126671, 52.73865228021257 ], [ 6.329496317140069, 52.735192541894122 ], [ 6.327334351964153, 52.731384481015013 ], [ 6.328931570578389, 52.728418733468075 ], [ 6.330979057905576, 52.726485533938863 ], [ 6.329383317404321, 52.723922866721651 ], [ 6.328364904972488, 52.723621509166612 ], [ 6.334407737604947, 52.716219524340431 ], [ 6.337680435923375, 52.717014792459537 ], [ 6.340487732352121, 52.715409727392043 ], [ 6.343809246183808, 52.717023252266607 ], [ 6.344651092275042, 52.718072271424283 ], [ 6.344972962376445, 52.719245826321789 ], [ 6.344009563252496, 52.720270381103731 ], [ 6.346326614714929, 52.723469415678025 ], [ 6.34622622845166, 52.72438896385399 ], [ 6.341981256861132, 52.727786486816576 ], [ 6.346387068489918, 52.729367075725783 ], [ 6.359603071809035, 52.730022770480304 ], [ 6.3592039837146, 52.73066912875472 ], [ 6.364102804727974, 52.731944213797597 ], [ 6.367405891455062, 52.726577049017969 ], [ 6.370544939255876, 52.727418219984543 ], [ 6.371584484516568, 52.726609284563779 ], [ 6.368095180852843, 52.725514937182886 ], [ 6.375453011969731, 52.71252165970985 ], [ 6.355463998563602, 52.705570093899091 ], [ 6.374338286637481, 52.68550036552444 ], [ 6.353059241657384, 52.682932206778254 ], [ 6.342132697107593, 52.678780675778093 ], [ 6.348711021661138, 52.67314075710636 ], [ 6.35021314655869, 52.673277631096205 ], [ 6.356533138848754, 52.67225374941777 ], [ 6.35838077077581, 52.665823547280652 ], [ 6.363759813827826, 52.661671687382722 ], [ 6.34329373059018, 52.653849343406186 ], [ 6.342993603259218, 52.653864493096428 ], [ 6.347593744602339, 52.655516491337885 ], [ 6.345804653804406, 52.657516318720852 ], [ 6.348603155067603, 52.663166933223259 ], [ 6.346022533937841, 52.664297009689982 ], [ 6.340439642281644, 52.663035090029226 ], [ 6.34009670858107, 52.66035727643353 ], [ 6.333059654024103, 52.658659344580997 ], [ 6.332516713565037, 52.659279463895096 ], [ 6.3332202339223, 52.662225892352197 ], [ 6.331686805429913, 52.667024287807003 ], [ 6.331992742508758, 52.668942017879715 ], [ 6.331265919047194, 52.670025482820932 ], [ 6.328642326723977, 52.67024014744436 ], [ 6.326828054749441, 52.669237691174672 ], [ 6.328711465218053, 52.666738531138684 ], [ 6.328004446000209, 52.666131656029435 ], [ 6.329290121716737, 52.665398458295158 ], [ 6.328516813302954, 52.665378105782878 ], [ 6.327620350646534, 52.663717666444178 ], [ 6.325905633559731, 52.662915627284185 ], [ 6.32587133546825, 52.661154530180696 ], [ 6.327224595200477, 52.660446807063785 ], [ 6.325883635161657, 52.659708768908381 ], [ 6.326340171654619, 52.658958165972237 ], [ 6.327797712082438, 52.658692745940002 ], [ 6.326241575437501, 52.657353198537081 ], [ 6.32417714608725, 52.652020551584656 ], [ 6.324557619842548, 52.652574330485663 ], [ 6.331704831919111, 52.650799385684152 ], [ 6.331209924313344, 52.650097462350921 ], [ 6.332238533577622, 52.649786588724396 ], [ 6.331593540264095, 52.64908486233886 ], [ 6.333837730621903, 52.648596522244766 ], [ 6.333677306595761, 52.648095890000434 ], [ 6.336585094806575, 52.647108633171037 ], [ 6.336105371524399, 52.646165714612572 ], [ 6.3378896959865, 52.645657623502387 ], [ 6.335947252206607, 52.642488980987295 ], [ 6.333132971774489, 52.642683683007419 ], [ 6.33128519851781, 52.643558865653148 ], [ 6.331917268508315, 52.641300584728128 ], [ 6.331055278808282, 52.640212481937375 ], [ 6.328467474203029, 52.640016422408173 ], [ 6.320084432927517, 52.641348043256741 ], [ 6.316250090724743, 52.63151670525226 ], [ 6.317881837858352, 52.630680673032415 ], [ 6.319771911196606, 52.626388318697735 ], [ 6.328542771397613, 52.624428421726662 ], [ 6.330536548701336, 52.621161029328043 ], [ 6.333022943243506, 52.619127344913537 ], [ 6.332677642575696, 52.616897815258419 ], [ 6.330259528302048, 52.615980070914652 ], [ 6.328842492058046, 52.616635223778324 ], [ 6.325617554388485, 52.61461309383175 ], [ 6.323156427098064, 52.615474428439484 ], [ 6.322523037419778, 52.61437391918146 ], [ 6.32465064235296, 52.613599401186264 ], [ 6.323171153544585, 52.612965222951132 ], [ 6.31595853624685, 52.614058996139427 ], [ 6.315519551388634, 52.613302216105801 ], [ 6.314234618087816, 52.613608171132412 ], [ 6.312103314119727, 52.615718169144081 ], [ 6.310373876056399, 52.616379979055708 ], [ 6.314314019103372, 52.626637772245985 ], [ 6.311956104525887, 52.620726293568026 ], [ 6.308272890928568, 52.621226618657559 ], [ 6.307424161239557, 52.616888757234953 ], [ 6.303843823704297, 52.617767643587605 ], [ 6.303843160326142, 52.618583191728391 ], [ 6.301574754804808, 52.618549893258582 ], [ 6.300400821543519, 52.619005579559122 ], [ 6.300458389591673, 52.61853042047197 ], [ 6.297906732966151, 52.618483892547715 ], [ 6.295966820418047, 52.621536272547054 ], [ 6.292076472012401, 52.620951324776584 ], [ 6.291688357479406, 52.621895309974413 ], [ 6.289239276507859, 52.621452077520914 ], [ 6.288574087985722, 52.622862063193836 ], [ 6.288030842605163, 52.622762214176724 ], [ 6.288287708572911, 52.625039280459305 ], [ 6.28700707998154, 52.62539460583438 ], [ 6.287578053955542, 52.626224025758866 ], [ 6.281090067821228, 52.628235444601174 ], [ 6.281306122685178, 52.628926403021104 ], [ 6.28390325353389, 52.629243804638129 ], [ 6.281352835494303, 52.629288549308889 ], [ 6.278144234863213, 52.63062835974403 ], [ 6.274307596060804, 52.629926622528522 ], [ 6.274855545870979, 52.632961590904181 ], [ 6.274694475714504, 52.632485493770524 ], [ 6.273145566830262, 52.632704015768446 ], [ 6.271211823601085, 52.631926534449946 ], [ 6.272680289571567, 52.630665567008791 ], [ 6.271074034514134, 52.630054236131556 ], [ 6.271062869563915, 52.629648254903799 ], [ 6.268688853696661, 52.629263018137472 ], [ 6.266070062182878, 52.63116460606264 ], [ 6.263319375948871, 52.630181869277592 ], [ 6.263647459242262, 52.629516039386459 ], [ 6.262361730947341, 52.630008855727873 ], [ 6.259533381573974, 52.628822069634126 ], [ 6.258104116372143, 52.62932466618998 ], [ 6.256370429564965, 52.628112301292887 ], [ 6.253756002385267, 52.628996357820732 ], [ 6.253472115176114, 52.629901270910189 ], [ 6.252358098477473, 52.629489124940001 ], [ 6.249137978909804, 52.627869880333037 ], [ 6.245700502224067, 52.625194353476552 ], [ 6.237597179408207, 52.622275476739844 ], [ 6.238825088318098, 52.621930124225337 ], [ 6.239391207363432, 52.62016864455952 ], [ 6.238034357397042, 52.619580829985246 ], [ 6.234897292540615, 52.616146660671809 ], [ 6.228844495005486, 52.616368427240069 ], [ 6.224780811919042, 52.615707692118711 ], [ 6.224328217493695, 52.615232608535202 ], [ 6.222019824562719, 52.615927024409842 ], [ 6.219630752175365, 52.612977829336934 ], [ 6.219575213719315, 52.611757517602207 ], [ 6.222956420272661, 52.607851652178397 ], [ 6.217184847180878, 52.606241151175418 ], [ 6.207924428141458, 52.610888377569523 ], [ 6.216109338168515, 52.617540769473138 ], [ 6.213867966768553, 52.618198712960357 ], [ 6.210125113769848, 52.62138826526612 ], [ 6.206537780097475, 52.621465431068124 ], [ 6.205483287876169, 52.622001615248031 ], [ 6.196870173449774, 52.616314150670583 ], [ 6.193002893581171, 52.618330232365167 ], [ 6.193123448606579, 52.617665661482455 ], [ 6.190124401629082, 52.616232926191245 ], [ 6.18759314915709, 52.616287506593515 ], [ 6.186548438431807, 52.615651242738927 ], [ 6.193877194424895, 52.613332571963937 ], [ 6.199999076077026, 52.610317343049445 ], [ 6.199562793436722, 52.608243980432505 ], [ 6.201697803121364, 52.606151678365933 ], [ 6.205739873898727, 52.604121599272112 ], [ 6.193585648313971, 52.584284116996308 ], [ 6.187702474183013, 52.586158716777945 ], [ 6.188446139674161, 52.588444829516433 ], [ 6.187274130846664, 52.593954455112467 ], [ 6.189196252183077, 52.596491383248434 ], [ 6.189089427749623, 52.597970962879536 ], [ 6.175391114901164, 52.597613664030057 ], [ 6.176818463383135, 52.587852108594539 ], [ 6.159386086772431, 52.586357548188566 ], [ 6.160690121941799, 52.590369058748188 ], [ 6.156644951821941, 52.592869147268601 ], [ 6.154248904686646, 52.59101719700579 ], [ 6.145305558814139, 52.610263629967427 ], [ 6.128846224054318, 52.609969769811052 ], [ 6.127973849899389, 52.619788433079243 ], [ 6.136782578251305, 52.621575922281906 ], [ 6.143623384007227, 52.622423395141624 ], [ 6.141221851524998, 52.639739160134894 ], [ 6.14703190546162, 52.640124771158611 ], [ 6.146574670339749, 52.643138167279403 ], [ 6.151976509329673, 52.65243829968567 ], [ 6.136505930519357, 52.65546674259992 ], [ 6.134415490256871, 52.657689177085558 ], [ 6.134362051891681, 52.658799745854012 ], [ 6.136129022452741, 52.660777167212743 ], [ 6.141894765766211, 52.664242942827954 ], [ 6.1427214804377, 52.666759048728366 ], [ 6.142119234059575, 52.668189927742318 ], [ 6.142961478922923, 52.668962258186788 ], [ 6.147223659740598, 52.671185199143885 ], [ 6.149354559166013, 52.672974795945066 ], [ 6.152802908089902, 52.674459918076394 ], [ 6.158520576218892, 52.678333869161364 ], [ 6.161271967895748, 52.678959536171632 ], [ 6.152839233668272, 52.681221017828129 ], [ 6.152049728723382, 52.680796973657131 ], [ 6.148087692864915, 52.681796480616832 ], [ 6.152088563257479, 52.68424500102833 ], [ 6.153338173089547, 52.685749104188986 ], [ 6.154790092137817, 52.688206184676417 ], [ 6.154498489224371, 52.690410577290542 ], [ 6.158976041701883, 52.692154178243577 ], [ 6.158802689982932, 52.692480210676429 ], [ 6.156606681442307, 52.691957347156226 ], [ 6.151974193518632, 52.700464728026901 ], [ 6.157365265458498, 52.702367408816421 ], [ 6.159349590251589, 52.703750304640664 ], [ 6.164516732389214, 52.70353231404998 ], [ 6.166936597163089, 52.700284180649675 ], [ 6.168493953333316, 52.701110516243943 ], [ 6.165151296024637, 52.706482391675571 ], [ 6.166176825875395, 52.707406536485031 ], [ 6.164328936364862, 52.710383189663915 ], [ 6.175116078145819, 52.712853038253243 ], [ 6.169850120197749, 52.72187094802171 ], [ 6.173917610884554, 52.723499039348972 ], [ 6.176357034187983, 52.725439581403364 ], [ 6.174437467592763, 52.729334499216414 ], [ 6.181065137152093, 52.730665090108801 ], [ 6.17842258804068, 52.734538415678941 ], [ 6.195226655933798, 52.739526704104847 ], [ 6.19898894388213, 52.732828307343688 ], [ 6.199932157983808, 52.728955828288221 ], [ 6.200853692271305, 52.728444731161233 ], [ 6.198195809542606, 52.722643458113659 ], [ 6.200231392392464, 52.719427141290012 ], [ 6.203012966556412, 52.720851373028182 ], [ 6.205576312639929, 52.720283313888757 ], [ 6.205855661571164, 52.71555655455883 ], [ 6.211154074655841, 52.715366864645119 ], [ 6.211974503111229, 52.716325833999882 ], [ 6.216430139920988, 52.715428993289578 ], [ 6.216319806899402, 52.718604034636151 ], [ 6.217623491702048, 52.721299679847206 ], [ 6.224263936660278, 52.729213387279863 ], [ 6.229236470080852, 52.729302369998237 ], [ 6.23469303689536, 52.726475018880294 ], [ 6.236901791512144, 52.725847552769807 ], [ 6.237546069708924, 52.723913026711337 ], [ 6.2379507013431, 52.724268366876515 ], [ 6.241632030246732, 52.724501502211339 ], [ 6.240426174764029, 52.726955814636426 ], [ 6.241026437913263, 52.727128513377011 ], [ 6.244978407582358, 52.725920198477908 ], [ 6.243796697633496, 52.727457213309755 ], [ 6.244077224285333, 52.727142471865825 ], [ 6.249326947203245, 52.72844029524731 ], [ 6.253359429934561, 52.729942225875547 ], [ 6.269462424006056, 52.737232848334457 ], [ 6.26843449094707, 52.73810717211768 ], [ 6.270816413783018, 52.738959597132137 ], [ 6.271608653550594, 52.73822742948451 ], [ 6.27797269836551, 52.741653562671388 ], [ 6.27953696397091, 52.743570180603491 ], [ 6.28390905005559, 52.745293480875866 ], [ 6.283993507311461, 52.743595049864062 ], [ 6.281906317460479, 52.742581016693585 ], [ 6.285108279581444, 52.739260663583096 ], [ 6.284714359518487, 52.738288418576325 ], [ 6.285525543700327, 52.736830299744504 ], [ 6.286597601208256, 52.73769140303795 ], [ 6.289095567932455, 52.736982136972223 ], [ 6.292246375263334, 52.735067235425809 ], [ 6.298340482102687, 52.733989723327383 ], [ 6.302341961230463, 52.738283463339393 ], [ 6.301905959670348, 52.739709307004517 ], [ 6.302782780607174, 52.740754996534278 ], [ 6.305948076878001, 52.742216949397609 ], [ 6.308828300300247, 52.744694442674458 ], [ 6.310035947070966, 52.748618187335438 ], [ 6.312925312058899, 52.7497566761594 ], [ 6.31395409515193, 52.748801551625945 ] ] ], [ [ [ 6.135540598724856, 52.668437853038661 ], [ 6.132135188467979, 52.668264104516247 ], [ 6.131631770442279, 52.670038482074432 ], [ 6.135945028154227, 52.672238442478161 ], [ 6.13748755905069, 52.670580533718486 ], [ 6.136450900630061, 52.668537383316213 ], [ 6.135540598724856, 52.668437853038661 ] ] ], [ [ [ 6.158611685220736, 52.736089247902115 ], [ 6.158436367029832, 52.735449033299844 ], [ 6.15997638084864, 52.733258646784144 ], [ 6.160795866413606, 52.733324942458275 ], [ 6.158994735034698, 52.73294657857204 ], [ 6.157201408206066, 52.73577367962357 ], [ 6.152735875715734, 52.734585870370836 ], [ 6.14600000602735, 52.731641888352037 ], [ 6.14155189076958, 52.738782105959778 ], [ 6.153291013647136, 52.743014559011577 ], [ 6.153180967130721, 52.741554793865454 ], [ 6.158179346012911, 52.73991412083123 ], [ 6.159201488211406, 52.738605701309616 ], [ 6.160461940511423, 52.736514256725336 ], [ 6.158611685220736, 52.736089247902115 ] ] ], [ [ [ 6.274948768135696, 52.748127854948322 ], [ 6.271143276031822, 52.752199402156805 ], [ 6.272442545143417, 52.754137634353498 ], [ 6.278041721213797, 52.754904015198413 ], [ 6.283532488369324, 52.754738336239058 ], [ 6.276359387978912, 52.746646067738268 ], [ 6.274948768135696, 52.748127854948322 ] ] ] ] } },
{ "type": "Feature", "properties": { "label": "MAK Marsdijk", "gid": "MAK Marsdijk" }, "geometry": { "type": "MultiPolygon", "coordinates": [ [ [ [ 6.537976389942232, 53.007636461565617 ], [ 6.5395124158168, 53.006992358598389 ], [ 6.539244162990815, 53.006734909895712 ], [ 6.538119730118306, 53.00742982018955 ], [ 6.537976389942232, 53.007636461565617 ] ] ], [ [ [ 6.538632202996601, 53.008928791323335 ], [ 6.538318716317536, 53.009039843449877 ], [ 6.538781047598287, 53.009408270506569 ], [ 6.539222165909663, 53.009139758657767 ], [ 6.538632202996601, 53.008928791323335 ] ] ], [ [ [ 6.476132231025708, 53.070064312611755 ], [ 6.476565935801651, 53.069868041097727 ], [ 6.472178350411611, 53.06875068196311 ], [ 6.470883792499238, 53.069129120557839 ], [ 6.474551974907921, 53.071097456971202 ], [ 6.476132231025708, 53.070064312611755 ] ] ], [ [ [ 6.476310238894745, 53.071966237313568 ], [ 6.476232336439237, 53.071325127103457 ], [ 6.47519143496989, 53.070872049386587 ], [ 6.474873749713961, 53.071295844096554 ], [ 6.476310238894745, 53.071966237313568 ] ] ], [ [ [ 6.484436808967923, 53.077914079665653 ], [ 6.484121902702978, 53.080286379269218 ], [ 6.485357250517848, 53.080089447295613 ], [ 6.487186178393074, 53.080503999369867 ], [ 6.487276492694498, 53.080868586476079 ], [ 6.489529748716723, 53.080246519868552 ], [ 6.484939129635304, 53.077467973281479 ], [ 6.484436808967923, 53.077914079665653 ] ] ], [ [ [ 6.504027873118432, 53.081205766937614 ], [ 6.503099244733979, 53.08018792769326 ], [ 6.502329707465167, 53.080513489807338 ], [ 6.50291529564215, 53.081349185443152 ], [ 6.504027873118432, 53.081205766937614 ] ] ], [ [ [ 6.548337247904402, 53.00274683480027 ], [ 6.547811266029516, 53.003032464660158 ], [ 6.548422514109498, 53.003271997713014 ], [ 6.548605923408057, 53.002738351290454 ], [ 6.548337247904402, 53.00274683480027 ] ] ], [ [ [ 6.544220253239844, 53.007074178955293 ], [ 6.545103625826485, 53.006553065715387 ], [ 6.544399793946179, 53.006032875741404 ], [ 6.543140577033741, 53.006444532532129 ], [ 6.544220253239844, 53.007074178955293 ] ] ], [ [ [ 6.540124320148825, 53.006962224820938 ], [ 6.54037046856687, 53.00706384623232 ], [ 6.540860689353514, 53.006897537399205 ], [ 6.540534841952371, 53.006698611238853 ], [ 6.540124320148825, 53.006962224820938 ] ] ], [ [ [ 6.524444783052862, 53.137883109505047 ], [ 6.526783381813888, 53.13618179897 ], [ 6.530007568521143, 53.13680086020041 ], [ 6.527839357248935, 53.131855863158101 ], [ 6.529463852987962, 53.132035440027721 ], [ 6.538385267569299, 53.130130753107181 ], [ 6.540566377125611, 53.12503329232171 ], [ 6.543864942514424, 53.121838669913537 ], [ 6.544801679710454, 53.119074117946766 ], [ 6.547801868153169, 53.116785880114122 ], [ 6.54793290295002, 53.11418454145236 ], [ 6.55027904287667, 53.111391448674652 ], [ 6.548576881133596, 53.110874203838243 ], [ 6.549986987385977, 53.110210541396164 ], [ 6.549585985715732, 53.108517635450461 ], [ 6.552951174857208, 53.104191196122713 ], [ 6.554526584395552, 53.105271633111379 ], [ 6.562142242504408, 53.1078663482986 ], [ 6.569874920529755, 53.096609864186618 ], [ 6.577127947102978, 53.098121446402033 ], [ 6.579685496524972, 53.095022656644311 ], [ 6.586143533621394, 53.096478848428553 ], [ 6.590603003747044, 53.096405702439611 ], [ 6.592332551892109, 53.095502458296572 ], [ 6.594497376115097, 53.097508081475034 ], [ 6.593494904666541, 53.097862278921873 ], [ 6.594785665298192, 53.098852848611791 ], [ 6.595589678630099, 53.101082150507615 ], [ 6.590637074858613, 53.110643575975025 ], [ 6.593316506505087, 53.111062656547766 ], [ 6.593460123946233, 53.111671574175858 ], [ 6.597625159772291, 53.111594342745541 ], [ 6.598975146107483, 53.110783051281096 ], [ 6.598969322548608, 53.11126846191668 ], [ 6.598548882948684, 53.112612825178779 ], [ 6.597496511095114, 53.112526985533357 ], [ 6.597038996686074, 53.114111175922737 ], [ 6.597969530563425, 53.114465172779155 ], [ 6.59761977302708, 53.115583369085485 ], [ 6.593466134993683, 53.114528688917325 ], [ 6.592673457536891, 53.114759538974326 ], [ 6.591580231982758, 53.116604363179903 ], [ 6.594228935856244, 53.116677689636958 ], [ 6.593776079142621, 53.11786549591065 ], [ 6.59539216664415, 53.119180415912986 ], [ 6.596530404295737, 53.11646273118911 ], [ 6.599037608394639, 53.117064407519308 ], [ 6.597526504232008, 53.120699473367644 ], [ 6.599005860754747, 53.122020457883032 ], [ 6.597926339579449, 53.123032352637878 ], [ 6.599026804522739, 53.122176816177195 ], [ 6.601049532084846, 53.123271231587026 ], [ 6.603541837632256, 53.123633953163463 ], [ 6.61401853418094, 53.128281381204957 ], [ 6.614542687749347, 53.127673373983171 ], [ 6.61445252648089, 53.121716187243379 ], [ 6.611393897382722, 53.120093209407919 ], [ 6.605956140121608, 53.118266296765455 ], [ 6.60603137936687, 53.115294655753125 ], [ 6.60962889278365, 53.114123597870474 ], [ 6.60916352814077, 53.112461724647119 ], [ 6.609735595071264, 53.111215435517153 ], [ 6.626469358474614, 53.100885193324416 ], [ 6.626276391362548, 53.10276660413993 ], [ 6.635563546228438, 53.105152316461897 ], [ 6.637664529343459, 53.105309011033533 ], [ 6.637868613081086, 53.103890660886179 ], [ 6.636859712869167, 53.102875782558201 ], [ 6.638778475518687, 53.102504589121665 ], [ 6.638761886050833, 53.100384561818267 ], [ 6.641447490164743, 53.101136633745234 ], [ 6.642482078613367, 53.100922465295781 ], [ 6.642231639632672, 53.100140312489742 ], [ 6.643512388126892, 53.099376595585596 ], [ 6.641530164316032, 53.097903873538897 ], [ 6.64246531107489, 53.097141988297814 ], [ 6.640779690212026, 53.096580555387042 ], [ 6.641858175137934, 53.09597612785447 ], [ 6.641359258304636, 53.095369703777919 ], [ 6.642271603266238, 53.095816772953185 ], [ 6.642886012220112, 53.095484558010362 ], [ 6.639713476355398, 53.093201353107453 ], [ 6.639961881036468, 53.09183282180949 ], [ 6.642030193450361, 53.091083226617343 ], [ 6.640352167431807, 53.090309839860801 ], [ 6.64121517944726, 53.089790916244212 ], [ 6.642564841566332, 53.0904715711549 ], [ 6.644639753847751, 53.089791008271902 ], [ 6.644140578716302, 53.089182935906209 ], [ 6.646258455158812, 53.08852925446385 ], [ 6.645465605005187, 53.087582311838318 ], [ 6.647343148650035, 53.086001303755594 ], [ 6.646983814904794, 53.086881517189319 ], [ 6.647974847974358, 53.08708340127253 ], [ 6.648840957541155, 53.085859923992331 ], [ 6.647915884669105, 53.083768981570849 ], [ 6.648836133852821, 53.082541001582506 ], [ 6.649251014126565, 53.079903046559835 ], [ 6.649732687516745, 53.079562944547391 ], [ 6.651248532676176, 53.080047213510746 ], [ 6.653988563090484, 53.080095842900072 ], [ 6.65476500604412, 53.078121906118895 ], [ 6.653831170392444, 53.077661837601894 ], [ 6.654450387605163, 53.076867571091775 ], [ 6.655292661823637, 53.076886924334374 ], [ 6.655508842143545, 53.078042329780239 ], [ 6.657635077146003, 53.07642981577019 ], [ 6.659673785257615, 53.076364601717465 ], [ 6.659379046653419, 53.075163134536865 ], [ 6.660035850800978, 53.074389188866796 ], [ 6.66107842068902, 53.074349214105531 ], [ 6.662144993197788, 53.075042282219407 ], [ 6.661239289339987, 53.073091297886748 ], [ 6.663305944753068, 53.071392173944155 ], [ 6.666390855697359, 53.072064379511204 ], [ 6.664360456978857, 53.069141761214766 ], [ 6.663933177957213, 53.069578241190086 ], [ 6.662677516564983, 53.069627962928408 ], [ 6.661782629299467, 53.070735780893422 ], [ 6.659533011304466, 53.070359583988392 ], [ 6.65863022451837, 53.069578074821116 ], [ 6.657840524453119, 53.070377412219571 ], [ 6.653222769331071, 53.070392772142952 ], [ 6.652085810904604, 53.071039448495952 ], [ 6.650910048833419, 53.070429592525635 ], [ 6.651423456726322, 53.069269228664936 ], [ 6.650580420124024, 53.069164670110865 ], [ 6.652728777884158, 53.065697223529433 ], [ 6.653417475993145, 53.065390832730841 ], [ 6.654880753796485, 53.065654956491358 ], [ 6.662807993680743, 53.060292184852564 ], [ 6.66417476071367, 53.060054324968164 ], [ 6.665297235634043, 53.058891920295785 ], [ 6.666920306782777, 53.058262614091369 ], [ 6.666175705564884, 53.057526424270669 ], [ 6.66448779225786, 53.057561213197943 ], [ 6.662141794904085, 53.056178329379172 ], [ 6.6613952674531, 53.053285729411613 ], [ 6.662259449085189, 53.053147585644702 ], [ 6.6613934071764, 53.052407658928864 ], [ 6.674382842261571, 53.049321011416872 ], [ 6.696355214922302, 53.0608727758326 ], [ 6.698798927447273, 53.060500368422836 ], [ 6.70319112148465, 53.061172671769356 ], [ 6.712531076575069, 53.049525121886262 ], [ 6.728478422217974, 53.035758445895503 ], [ 6.709875453924529, 53.02820003072717 ], [ 6.705444938149959, 53.025603880842141 ], [ 6.705685653773503, 53.025261081975167 ], [ 6.703504371510162, 53.024475248936952 ], [ 6.70379840929563, 53.023956208681305 ], [ 6.703106361507325, 53.02433953079786 ], [ 6.68986406130778, 53.02027047529829 ], [ 6.690211498464739, 53.020850918758825 ], [ 6.68029946322158, 53.024466905028667 ], [ 6.680078263913321, 53.020168774801789 ], [ 6.675350837247796, 53.018885452475544 ], [ 6.671198188017304, 53.01842466881228 ], [ 6.666836133329977, 53.0189049495863 ], [ 6.66701084197678, 53.01829910180485 ], [ 6.666161128988136, 53.018090765422997 ], [ 6.666884958513027, 53.017906557627285 ], [ 6.666093622645122, 53.015750596138574 ], [ 6.662530603060177, 53.017141214681423 ], [ 6.659884949973671, 53.010389182262202 ], [ 6.656700052760597, 53.007223276671624 ], [ 6.658046028015931, 53.002365823497961 ], [ 6.65684051127709, 53.001089960427016 ], [ 6.661640347758299, 52.995111596885451 ], [ 6.6617558415515, 52.990664383799853 ], [ 6.671390663312619, 52.991566806018497 ], [ 6.673832928041952, 52.988827333721019 ], [ 6.673951562455784, 52.987976014653704 ], [ 6.676980482875708, 52.988507906575336 ], [ 6.679779942191127, 52.987223088655746 ], [ 6.683717426599374, 52.987090010576104 ], [ 6.685495088290274, 52.986468571486562 ], [ 6.68737555835712, 52.987070494976777 ], [ 6.688738295921777, 52.984807734543587 ], [ 6.691651223405509, 52.982126430597063 ], [ 6.700079583639677, 52.980939945317267 ], [ 6.705251039102768, 52.981485170233967 ], [ 6.709123815130337, 52.979206272881584 ], [ 6.709350618371866, 52.979510702739802 ], [ 6.714206167259626, 52.979047698380036 ], [ 6.71779393620765, 52.976932225633384 ], [ 6.720168977935955, 52.978352175349912 ], [ 6.72536699748168, 52.97547871908872 ], [ 6.716754597975225, 52.97310552535059 ], [ 6.718099519078749, 52.971197102064281 ], [ 6.719129220813135, 52.970716085274034 ], [ 6.71397826460436, 52.969416552733243 ], [ 6.710377031572292, 52.967893926136966 ], [ 6.712121747963876, 52.964649020629153 ], [ 6.708650809664922, 52.963670207459081 ], [ 6.706571853398205, 52.961866511302546 ], [ 6.705230793498011, 52.961963322163356 ], [ 6.703482285933124, 52.961044547720171 ], [ 6.703304480229479, 52.960332015162315 ], [ 6.700602398380361, 52.960454993541504 ], [ 6.69778818410691, 52.961775635634012 ], [ 6.692182815292572, 52.959061542111982 ], [ 6.688041537594769, 52.959023465824345 ], [ 6.663291960286227, 52.956703978706784 ], [ 6.649689982141482, 52.948891835529757 ], [ 6.64433860507848, 52.94757490984987 ], [ 6.641568930080378, 52.948022191964455 ], [ 6.640232828639062, 52.946700833158005 ], [ 6.634961880259103, 52.948936913687071 ], [ 6.639197277078134, 52.950643328471877 ], [ 6.64298196932843, 52.953015818510103 ], [ 6.64454362886412, 52.953114471759726 ], [ 6.644756280397146, 52.957538349292832 ], [ 6.64752875969053, 52.958023696568141 ], [ 6.647969196484314, 52.95731475682026 ], [ 6.650174913940449, 52.959386390016384 ], [ 6.651771525471791, 52.961514263683057 ], [ 6.653521557310471, 52.966341358943325 ], [ 6.656776852480215, 52.966962490372438 ], [ 6.654488122101066, 52.971081150037691 ], [ 6.653184673856897, 52.970111974335332 ], [ 6.650620285117924, 52.969369404282489 ], [ 6.64650209439815, 52.970560926680584 ], [ 6.646500226527001, 52.969177072232291 ], [ 6.642633128404712, 52.9694597991111 ], [ 6.642813957861513, 52.970894806580752 ], [ 6.639109957965368, 52.970948140516377 ], [ 6.639441518251205, 52.972257493615203 ], [ 6.627560117039878, 52.971054866352183 ], [ 6.62887489948247, 52.974951815499033 ], [ 6.630170983799734, 52.975360147021256 ], [ 6.631289382536389, 52.976166062321177 ], [ 6.630227210518637, 52.975483083518299 ], [ 6.626997798514553, 52.978243902065586 ], [ 6.624498561857141, 52.977138474126889 ], [ 6.623793231734263, 52.978231766667093 ], [ 6.621056243132165, 52.977382124159021 ], [ 6.620883788925826, 52.976813220130261 ], [ 6.621590193180377, 52.97489671986753 ], [ 6.624152413493787, 52.97484045560519 ], [ 6.62470860196275, 52.974290974522908 ], [ 6.624162693095728, 52.973572599673531 ], [ 6.625349046371785, 52.973408092889827 ], [ 6.623290353446951, 52.97087574294715 ], [ 6.578115006626839, 52.967903387142329 ], [ 6.57019331909245, 52.968078548889501 ], [ 6.562587292397804, 52.968896649511095 ], [ 6.561495356902704, 52.96597549531738 ], [ 6.564690170130134, 52.961996944711679 ], [ 6.564812333566772, 52.957352091198572 ], [ 6.563351937819406, 52.95564407876445 ], [ 6.562153973536899, 52.955084201987141 ], [ 6.560975681120856, 52.955323002343164 ], [ 6.557026262453014, 52.952965130058864 ], [ 6.557110373498705, 52.953879418815568 ], [ 6.555512619926643, 52.949460647781869 ], [ 6.565071295981136, 52.944980770326403 ], [ 6.57530784571526, 52.931652212299994 ], [ 6.573187852399711, 52.930634244955741 ], [ 6.572196064182149, 52.930468864826203 ], [ 6.56913611962224, 52.931136715819868 ], [ 6.565704798491969, 52.929928008178948 ], [ 6.562493184145918, 52.930221761332206 ], [ 6.560240370807577, 52.930914770547545 ], [ 6.550142956583358, 52.931535031899976 ], [ 6.549215942299777, 52.932070377784576 ], [ 6.545566706913826, 52.922007891834141 ], [ 6.544816493315239, 52.922051913564687 ], [ 6.544155129216552, 52.927223165881493 ], [ 6.543333824840459, 52.926090062364899 ], [ 6.542038562639692, 52.926242143524242 ], [ 6.541080189860845, 52.923296880288028 ], [ 6.536751075539277, 52.92328190590748 ], [ 6.534622460365716, 52.925409847694723 ], [ 6.535892909856636, 52.931220480786656 ], [ 6.534602889730287, 52.932514816291423 ], [ 6.534435846910152, 52.933575374671342 ], [ 6.533160106819444, 52.933498605748483 ], [ 6.533071871680256, 52.934089906600882 ], [ 6.530398279922421, 52.933863584768005 ], [ 6.530906599267386, 52.935872327017627 ], [ 6.527723450167095, 52.935639655219163 ], [ 6.524357236422262, 52.946809968736666 ], [ 6.525325951020801, 52.950894690438439 ], [ 6.527875306888522, 52.950487236372503 ], [ 6.5330304604636, 52.953534053125566 ], [ 6.533427179780184, 52.955071641939021 ], [ 6.535303208648842, 52.955168585539226 ], [ 6.538192039725387, 52.954353265472108 ], [ 6.541071497323076, 52.954252757528408 ], [ 6.542460218993566, 52.956098630877335 ], [ 6.543865900672444, 52.956142715821699 ], [ 6.545669758547334, 52.961048223384992 ], [ 6.545794254601625, 52.966029652172189 ], [ 6.548250404640192, 52.970990402799266 ], [ 6.54812328598675, 52.972622798950226 ], [ 6.546000191819387, 52.972591335599525 ], [ 6.547923165285651, 52.973796121592471 ], [ 6.54838747272473, 52.977833843560781 ], [ 6.550192755543503, 52.979032254965389 ], [ 6.548923873302576, 52.979688255118077 ], [ 6.548226829474689, 52.982455777144686 ], [ 6.553526398790853, 52.984217979232497 ], [ 6.552527366413723, 52.985276581125731 ], [ 6.554426466903066, 52.985876487859464 ], [ 6.554718936957245, 52.987130700711731 ], [ 6.55942910798327, 52.987859297064844 ], [ 6.558623820814243, 52.9892377726025 ], [ 6.557175479205495, 52.988903625354467 ], [ 6.557451977216346, 52.990127447753572 ], [ 6.560070238876841, 52.991844743196125 ], [ 6.558505654538906, 52.992633852325156 ], [ 6.558801122415441, 52.993331974959865 ], [ 6.557572966270679, 52.993095627245751 ], [ 6.557399197415221, 52.993703898287009 ], [ 6.550395587483973, 52.993916801431318 ], [ 6.550406239815732, 52.994531560918645 ], [ 6.550782787087326, 52.994153746235071 ], [ 6.552445087062791, 52.994119797924149 ], [ 6.553848642199357, 52.995580287775496 ], [ 6.552985582956623, 52.994018136345247 ], [ 6.558202888220565, 52.993921138313283 ], [ 6.557805964866755, 52.99437812361635 ], [ 6.555907676177329, 52.994740886814725 ], [ 6.555811985799716, 52.995490905721205 ], [ 6.557794076547385, 52.995667154957445 ], [ 6.555784277659092, 52.996838193389053 ], [ 6.556967093840758, 52.997558104831612 ], [ 6.561626938298213, 52.998872136773571 ], [ 6.571022254018241, 52.999468515617082 ], [ 6.569698917158864, 53.00236834096836 ], [ 6.566867990695416, 53.002466322755915 ], [ 6.567498553019171, 53.002522779228954 ], [ 6.567540771589496, 53.003496078162115 ], [ 6.568241187467097, 53.003814106826127 ], [ 6.566458315521208, 53.00437444907935 ], [ 6.566675240838569, 53.004933278089041 ], [ 6.565627623462412, 53.004585044355309 ], [ 6.566137418213228, 53.003930333012775 ], [ 6.565286417054995, 53.003757251503792 ], [ 6.565006502321897, 53.002703805133741 ], [ 6.563245264264924, 53.002473820592265 ], [ 6.562664430453981, 53.003456275279554 ], [ 6.556733908659726, 53.004466879475849 ], [ 6.552001222410048, 53.006141383327538 ], [ 6.548377028758584, 53.003894254840375 ], [ 6.547149924530715, 53.00408773513368 ], [ 6.546528134896563, 53.003487988900488 ], [ 6.544181819655032, 53.004595240768531 ], [ 6.546383923294805, 53.005602567593783 ], [ 6.545776215497297, 53.005941591676972 ], [ 6.546544938393233, 53.006393289375112 ], [ 6.545147557045792, 53.007214628185913 ], [ 6.542204102700372, 53.007952530730542 ], [ 6.544402729761769, 53.010075418480909 ], [ 6.545611094839693, 53.010475040700442 ], [ 6.545805121040233, 53.009777618957436 ], [ 6.545664371124016, 53.010753721931096 ], [ 6.546506833941512, 53.011268335635087 ], [ 6.545709549756083, 53.011964400406562 ], [ 6.546241017592402, 53.012275284917052 ], [ 6.545419163534685, 53.012732774755406 ], [ 6.545407517126311, 53.013577435794389 ], [ 6.543464420027735, 53.01367336046345 ], [ 6.549590100431558, 53.018366294058865 ], [ 6.549303008355124, 53.019002635579632 ], [ 6.552263810712438, 53.021073222821045 ], [ 6.55185573044391, 53.021367583003915 ], [ 6.556081635335138, 53.023562394459297 ], [ 6.564064723193177, 53.026466910407585 ], [ 6.553163437747123, 53.033686459008031 ], [ 6.550867165845398, 53.033279749099805 ], [ 6.550769884585188, 53.038155431697476 ], [ 6.552315923198067, 53.042575586718407 ], [ 6.559792678005659, 53.039569562655423 ], [ 6.560806967439984, 53.040429025983002 ], [ 6.562854922109771, 53.040237493135862 ], [ 6.562360227127861, 53.038283013737427 ], [ 6.56669829978515, 53.03789031695667 ], [ 6.567712784359381, 53.038022896366591 ], [ 6.569217158863976, 53.041615453727644 ], [ 6.569116340054803, 53.043947543160854 ], [ 6.570524773614875, 53.043852917058395 ], [ 6.570737071703768, 53.045298463677142 ], [ 6.565917739141194, 53.04575721436715 ], [ 6.565975897816505, 53.047831396326444 ], [ 6.564883741626776, 53.050454734217119 ], [ 6.561837520048492, 53.052012074032135 ], [ 6.557824819596437, 53.055719813741057 ], [ 6.555838006562253, 53.056529506945822 ], [ 6.555213266672855, 53.058608083669405 ], [ 6.569720486772908, 53.059861782594304 ], [ 6.56587820976099, 53.060672912546941 ], [ 6.559097352481003, 53.065224216983914 ], [ 6.559013920959256, 53.067021527375026 ], [ 6.558252554592384, 53.066993079646082 ], [ 6.558057692990202, 53.06844688829478 ], [ 6.556742021414871, 53.069916771718361 ], [ 6.556512558234233, 53.069771835035816 ], [ 6.556335288767001, 53.069762431167888 ], [ 6.559614813426546, 53.071917850974678 ], [ 6.558649083704132, 53.072778096977501 ], [ 6.559031156429083, 53.074702906456984 ], [ 6.553531709409005, 53.075743057547186 ], [ 6.553777857190283, 53.077247392711222 ], [ 6.554777191465076, 53.077449434797089 ], [ 6.553890333798239, 53.079331818935799 ], [ 6.551350744535708, 53.081333260937058 ], [ 6.553286880541065, 53.082281481207815 ], [ 6.552933244434707, 53.082529763191623 ], [ 6.549330803382, 53.083858155205164 ], [ 6.543113572575128, 53.081030174801988 ], [ 6.515979408864609, 53.073024229186863 ], [ 6.511983240389212, 53.073899786440812 ], [ 6.503944725985133, 53.083452620405026 ], [ 6.494155251960595, 53.08133619632514 ], [ 6.492602368615045, 53.084633550415631 ], [ 6.491184560873438, 53.085376254787704 ], [ 6.48852114360556, 53.088457022085272 ], [ 6.487701474104531, 53.092138568859852 ], [ 6.484852105509319, 53.094080666922039 ], [ 6.490930417787357, 53.096696395618387 ], [ 6.489989541777407, 53.097887003843987 ], [ 6.485008411316634, 53.106022294922035 ], [ 6.490416126771172, 53.097397872925548 ], [ 6.497131018153266, 53.090334308897965 ], [ 6.511295574425038, 53.094864697967608 ], [ 6.523091334783036, 53.099489239713577 ], [ 6.519084178663216, 53.101882663275063 ], [ 6.515806940955152, 53.10266849739962 ], [ 6.514385468728696, 53.103757029546003 ], [ 6.511459821904958, 53.10997460114708 ], [ 6.518057531716695, 53.111646925942132 ], [ 6.505191191062344, 53.122435151596058 ], [ 6.512501764633502, 53.125604462790612 ], [ 6.51092997484128, 53.13069305298999 ], [ 6.514737122165543, 53.131152969235288 ], [ 6.513246451539654, 53.131417629842346 ], [ 6.512543484363802, 53.13227323378878 ], [ 6.514761338059192, 53.132627643730743 ], [ 6.516581811433414, 53.132315096061447 ], [ 6.517756484739458, 53.133923962749215 ], [ 6.516967669094702, 53.134861303798338 ], [ 6.51429713395181, 53.134990723012379 ], [ 6.513712989874517, 53.136188488654952 ], [ 6.519423349108433, 53.136984615443701 ], [ 6.519077679347244, 53.13774466702862 ], [ 6.522975266277425, 53.138237041129017 ], [ 6.523139987925719, 53.137839796033383 ], [ 6.524444783052862, 53.137883109505047 ] ] ], [ [ [ 6.717734003892146, 53.054738331206721 ], [ 6.718363536840953, 53.05419163521421 ], [ 6.719618470725424, 53.055122265058969 ], [ 6.721294781839918, 53.054452871052334 ], [ 6.722121293323314, 53.054727438853128 ], [ 6.72327132294009, 53.054393011268488 ], [ 6.723689852178668, 53.053382060095416 ], [ 6.724799937294834, 53.052830612413949 ], [ 6.72721064838436, 53.054663487698825 ], [ 6.73111457486781, 53.054702640910399 ], [ 6.730892454338981, 53.053118440386811 ], [ 6.729205247638174, 53.053653785043998 ], [ 6.727682637343952, 53.052441784098626 ], [ 6.725500460660597, 53.051985220784964 ], [ 6.72501409729947, 53.052524750668638 ], [ 6.72405865924695, 53.052194402699293 ], [ 6.725266300998667, 53.051223987563993 ], [ 6.723636335398392, 53.050569502999672 ], [ 6.718452303444989, 53.050232154332335 ], [ 6.723829698960325, 53.045350258304666 ], [ 6.722463643826212, 53.044107132546813 ], [ 6.719040129196485, 53.044179474946262 ], [ 6.714168306666739, 53.049056573812642 ], [ 6.717908019859515, 53.050539302687945 ], [ 6.716271559500898, 53.052118008387041 ], [ 6.716982408946043, 53.052439984427949 ], [ 6.717638424799442, 53.052052583883089 ], [ 6.718628135308814, 53.053018067057721 ], [ 6.717670453895567, 53.052637845589061 ], [ 6.716425103701308, 53.053153382426395 ], [ 6.716815068461091, 53.054155560538639 ], [ 6.715934793822205, 53.055071027254222 ], [ 6.717503405470806, 53.055372316879549 ], [ 6.717734003892146, 53.054738331206721 ] ] ] ] } },
{ "type": "Feature", "properties": { "label": "GNHU Groningen Hunze", "gid": "GNHU Groningen Hunze" }, "geometry": { "type": "MultiPolygon", "coordinates": [ [ [ [ 6.636958665077199, 53.186361364063337 ], [ 6.639711331391639, 53.186057900855843 ], [ 6.6568808484523, 53.181149211594096 ], [ 6.66026489905046, 53.176622417193613 ], [ 6.66133532176375, 53.17271505120997 ], [ 6.662725703195324, 53.170988369618605 ], [ 6.665244656622514, 53.169526937697903 ], [ 6.669332717047648, 53.169046256964286 ], [ 6.672348258257426, 53.166667641833342 ], [ 6.678059338932734, 53.164797428835449 ], [ 6.679659928233377, 53.16337126313006 ], [ 6.679982370673922, 53.16225812352296 ], [ 6.684491234629522, 53.159637040731944 ], [ 6.685722699632105, 53.157455744342045 ], [ 6.688714246532125, 53.154611126925701 ], [ 6.690269590896344, 53.151155000344936 ], [ 6.69021555013816, 53.150393212788266 ], [ 6.686986517211124, 53.148965372224403 ], [ 6.686274685881272, 53.147847586326165 ], [ 6.689572283025348, 53.143306126263674 ], [ 6.695366928276107, 53.121176015112837 ], [ 6.674926989096312, 53.117524735807095 ], [ 6.670608643805176, 53.116327822890327 ], [ 6.668951579133772, 53.117084708978311 ], [ 6.665285909034827, 53.116297743680775 ], [ 6.662791907223178, 53.119598132551936 ], [ 6.661922333051964, 53.119373774941259 ], [ 6.661337418004456, 53.120154729712667 ], [ 6.657150673141327, 53.119207313701473 ], [ 6.656595277394461, 53.120050391902716 ], [ 6.659149240334576, 53.120659288719288 ], [ 6.658598359151798, 53.121412278427599 ], [ 6.661942739652042, 53.122309212340078 ], [ 6.65830518933993, 53.12520310747135 ], [ 6.656691630407876, 53.125169443020944 ], [ 6.653507292147816, 53.123868008680645 ], [ 6.652387696306559, 53.125145660480378 ], [ 6.649045787453849, 53.127163322127046 ], [ 6.651406232026767, 53.128564360818352 ], [ 6.649743187377292, 53.129497346882843 ], [ 6.646658204199762, 53.128805258128494 ], [ 6.645084446543111, 53.127543504601697 ], [ 6.641690150190887, 53.126454229751658 ], [ 6.637585111794367, 53.123475748411963 ], [ 6.63516735830914, 53.124147988244232 ], [ 6.633160094771799, 53.120432803923407 ], [ 6.630575689852058, 53.119385297180756 ], [ 6.628648448049583, 53.119493050467845 ], [ 6.627335591206528, 53.122833222584376 ], [ 6.622834219460987, 53.125372975616365 ], [ 6.621763333467506, 53.12635071043676 ], [ 6.621320248265181, 53.128309099424428 ], [ 6.618978350384076, 53.129880078795466 ], [ 6.613720770503913, 53.128377832470974 ], [ 6.605605447373699, 53.124683491980626 ], [ 6.607624390323573, 53.132766707406404 ], [ 6.607159158507907, 53.135011232356327 ], [ 6.605990073272638, 53.13501859676694 ], [ 6.601912764165714, 53.133126480898966 ], [ 6.600533602906713, 53.130640356748877 ], [ 6.596614413012069, 53.12913595979186 ], [ 6.5909052884355, 53.131356913039433 ], [ 6.589691870267998, 53.130757113706906 ], [ 6.588096922679545, 53.132220911253114 ], [ 6.589246591849755, 53.132406937715587 ], [ 6.589557570388823, 53.133214828605361 ], [ 6.593407542631351, 53.134410884801312 ], [ 6.593020876789884, 53.135123600338822 ], [ 6.599173599739863, 53.137705293270493 ], [ 6.601323927416932, 53.135996837749317 ], [ 6.605347548315597, 53.136901272061181 ], [ 6.603819064875433, 53.139355613548091 ], [ 6.605877891632836, 53.13984361556841 ], [ 6.600456339416389, 53.144308814972511 ], [ 6.587794254699341, 53.145891802445277 ], [ 6.58738643800684, 53.148683236179629 ], [ 6.58464254982511, 53.15430518672305 ], [ 6.587089330693164, 53.156225957933366 ], [ 6.583455289430044, 53.158527459601608 ], [ 6.581098885720933, 53.162613219348295 ], [ 6.581496957638263, 53.163530689757692 ], [ 6.564233102801779, 53.157820082150899 ], [ 6.573939247073647, 53.161166681351148 ], [ 6.572104072743467, 53.164974344450812 ], [ 6.569942416131142, 53.166096539379133 ], [ 6.569028541515124, 53.167572727542954 ], [ 6.572915582371097, 53.171542875615643 ], [ 6.573921766322811, 53.174135222357997 ], [ 6.569192909245793, 53.17785559962671 ], [ 6.567963283223525, 53.179562146698785 ], [ 6.571802357673573, 53.182208227401205 ], [ 6.567502448686604, 53.183908855901244 ], [ 6.566619136452374, 53.184514161530835 ], [ 6.570721447750115, 53.182889093915854 ], [ 6.575390344003482, 53.182789211155892 ], [ 6.575789267650761, 53.182931500630573 ], [ 6.573529709680609, 53.184044550234645 ], [ 6.574058073775964, 53.184718999074839 ], [ 6.58318829081832, 53.186631410946418 ], [ 6.59711299737745, 53.190495554397366 ], [ 6.598713542864808, 53.19056076091676 ], [ 6.595892275524437, 53.194927248628709 ], [ 6.603271458394294, 53.196361274988597 ], [ 6.598974797305694, 53.198596190168502 ], [ 6.622130674599273, 53.191566354297727 ], [ 6.625457741743389, 53.189977312636564 ], [ 6.625707039555845, 53.190266199593047 ], [ 6.631908851507773, 53.188414601114438 ], [ 6.63340055859917, 53.187365392440967 ], [ 6.633953779419797, 53.187794512077922 ], [ 6.635456283211165, 53.187355866232615 ], [ 6.636573197983671, 53.186744965003733 ], [ 6.63605016516723, 53.186378161392732 ], [ 6.636958665077199, 53.186361364063337 ] ] ], [ [ [ 6.586642694477832, 53.20559743033764 ], [ 6.586668106880276, 53.205753284500965 ], [ 6.586809586988313, 53.205783380823924 ], [ 6.586601417232468, 53.205513909521251 ], [ 6.586642694477832, 53.20559743033764 ] ] ], [ [ [ 6.59286557870078, 53.208758171234365 ], [ 6.591528476409468, 53.208088372749707 ], [ 6.59326991968669, 53.206780011501493 ], [ 6.592700075305752, 53.205929039630789 ], [ 6.59427697901361, 53.205652485679252 ], [ 6.595886636619814, 53.206764766003701 ], [ 6.593914447404602, 53.204690171911452 ], [ 6.59376434455788, 53.202192143211292 ], [ 6.590852183123776, 53.202682091058016 ], [ 6.58857284987451, 53.203609570269457 ], [ 6.586778630898977, 53.205237182503019 ], [ 6.5881081797696, 53.20611499545813 ], [ 6.584492281262718, 53.208388333742867 ], [ 6.586837294078052, 53.20889519334736 ], [ 6.588315800410416, 53.208677227010078 ], [ 6.590179318866527, 53.210307355234889 ], [ 6.59286557870078, 53.208758171234365 ] ] ], [ [ [ 6.739634236747265, 53.322073849217659 ], [ 6.744181703864605, 53.32113066971764 ], [ 6.745296227854103, 53.320405508044267 ], [ 6.740431985189677, 53.317227967955318 ], [ 6.744619284747452, 53.315366116007141 ], [ 6.747620262709717, 53.315517198663969 ], [ 6.75183608813895, 53.314368286239386 ], [ 6.750256424220463, 53.312161587103603 ], [ 6.749337160309988, 53.311469432034826 ], [ 6.747948338340215, 53.311781044708809 ], [ 6.747579976570958, 53.311143463450854 ], [ 6.749054787557017, 53.310699988989903 ], [ 6.749741945107756, 53.309671581793154 ], [ 6.755135779398974, 53.309930536744254 ], [ 6.755046667885275, 53.310408547087995 ], [ 6.757511656683854, 53.310525542755514 ], [ 6.758237488225284, 53.311360248921304 ], [ 6.760630860758238, 53.311372989145021 ], [ 6.762177734131935, 53.311087970620889 ], [ 6.759589704675261, 53.310400331908077 ], [ 6.758653459109758, 53.310875476092498 ], [ 6.75859806163684, 53.310319185967472 ], [ 6.761855457131927, 53.310580527041708 ], [ 6.761870630035781, 53.310258670132768 ], [ 6.760310792490957, 53.310418549880957 ], [ 6.760768087757507, 53.30950114098647 ], [ 6.762007230737505, 53.309054328473259 ], [ 6.762149859383405, 53.308026792536026 ], [ 6.75947255744552, 53.307923004358969 ], [ 6.758314354811445, 53.310144874169971 ], [ 6.75073483190021, 53.309221325025206 ], [ 6.748880571131429, 53.309718415114055 ], [ 6.738773326424838, 53.305017333438457 ], [ 6.739341428456063, 53.304910096701725 ], [ 6.73717955130821, 53.303586868573042 ], [ 6.73752386540355, 53.3029525685142 ], [ 6.732561466462864, 53.300540062227732 ], [ 6.733054236562048, 53.299440523347933 ], [ 6.735057817716911, 53.298516431796358 ], [ 6.734409887342027, 53.297849117448941 ], [ 6.737235543822902, 53.296178376558281 ], [ 6.734883804217217, 53.294357905390491 ], [ 6.739067971467922, 53.29192429274201 ], [ 6.743813761350804, 53.293504035605913 ], [ 6.752132795779802, 53.289393792496732 ], [ 6.755628825556892, 53.290388985917211 ], [ 6.76100025382163, 53.286053021873073 ], [ 6.764946800988035, 53.284732594760555 ], [ 6.76817216780742, 53.281528759580254 ], [ 6.796412682635786, 53.291471107784233 ], [ 6.799718392800722, 53.287184601107683 ], [ 6.799103026752188, 53.286747223791046 ], [ 6.805255046944906, 53.280851094398791 ], [ 6.811146691092527, 53.280715019921566 ], [ 6.811296848627902, 53.281148673522054 ], [ 6.812675249862314, 53.281472022421333 ], [ 6.812798298445358, 53.282284578708392 ], [ 6.825561908385947, 53.285391609629023 ], [ 6.828028640643471, 53.283293412368437 ], [ 6.827851578297864, 53.281295036925876 ], [ 6.827367531521545, 53.280022292030644 ], [ 6.823756626232973, 53.276762147456324 ], [ 6.829233901070154, 53.273442301351217 ], [ 6.832484954291846, 53.272612315952799 ], [ 6.835217795139008, 53.27293647508894 ], [ 6.83298264940643, 53.271592576967592 ], [ 6.829529376861762, 53.271020698646225 ], [ 6.818201377986634, 53.272246160540107 ], [ 6.814425617262419, 53.272072204576716 ], [ 6.809576012854825, 53.270104425362121 ], [ 6.80457521272315, 53.267129974065739 ], [ 6.797831795578727, 53.264796175102056 ], [ 6.794719579801877, 53.262799589775028 ], [ 6.794356808283104, 53.262032180116343 ], [ 6.792602794567184, 53.262586605248984 ], [ 6.787977669195897, 53.262267176643888 ], [ 6.785516209271473, 53.26163919800932 ], [ 6.783777810926341, 53.263305337312879 ], [ 6.778007841066333, 53.259928416343911 ], [ 6.764107643955793, 53.271195306772483 ], [ 6.762930931242345, 53.274597389199613 ], [ 6.765630305436109, 53.276409756523016 ], [ 6.766141344643291, 53.278315209973712 ], [ 6.762064235782359, 53.279328501883548 ], [ 6.732291767293922, 53.269208620722203 ], [ 6.717657610336737, 53.2631677151765 ], [ 6.710649196277801, 53.268660691941633 ], [ 6.709446278312304, 53.270570142162619 ], [ 6.702916015057778, 53.271579704023644 ], [ 6.702662705829397, 53.270565418472387 ], [ 6.701823342104287, 53.271895340700837 ], [ 6.698784719053288, 53.26969601181667 ], [ 6.70043894260827, 53.267427010156027 ], [ 6.700613318024986, 53.265422499744659 ], [ 6.687489334036272, 53.257055448193334 ], [ 6.687879222140951, 53.253427033431279 ], [ 6.689046203104206, 53.252819015727887 ], [ 6.707515571733497, 53.259430396277821 ], [ 6.70881451205512, 53.259104458875477 ], [ 6.713283772144765, 53.260696571421008 ], [ 6.732740074550443, 53.268567630265771 ], [ 6.753119442661937, 53.274791218205102 ], [ 6.754274381219336, 53.273786711572704 ], [ 6.753259223070445, 53.273226794774558 ], [ 6.754531652862457, 53.271926121041844 ], [ 6.75532535208758, 53.272156249205118 ], [ 6.763184858511201, 53.269732159110468 ], [ 6.764213116006591, 53.268946304787029 ], [ 6.762716894886112, 53.26385061107699 ], [ 6.764028392693359, 53.26301100625605 ], [ 6.760772638938492, 53.256824708292889 ], [ 6.754575808724338, 53.254723675642325 ], [ 6.753005453613908, 53.254307978626343 ], [ 6.752346654222739, 53.254525234234649 ], [ 6.749171049946137, 53.252413169373355 ], [ 6.755695095326219, 53.248675442681396 ], [ 6.753299547484582, 53.244446304981018 ], [ 6.755712906010054, 53.243555516756551 ], [ 6.755210168991526, 53.243045685304914 ], [ 6.7562187437095, 53.242585044627148 ], [ 6.753669996286694, 53.240117622455855 ], [ 6.747290778677835, 53.243009425671502 ], [ 6.749094375502854, 53.243811591752234 ], [ 6.747765953830369, 53.24458676045036 ], [ 6.743734700167716, 53.242274967266226 ], [ 6.745584877730837, 53.24098009420026 ], [ 6.745277907727578, 53.240643415810126 ], [ 6.741785481038517, 53.239365677587905 ], [ 6.74137979374093, 53.238682609463069 ], [ 6.740245112673179, 53.238612288754346 ], [ 6.739300081219831, 53.237647190965177 ], [ 6.738312241255639, 53.237774197230905 ], [ 6.740249490976733, 53.234738435608492 ], [ 6.735022483494939, 53.235409406236464 ], [ 6.708849908295507, 53.23530844006504 ], [ 6.712026251792169, 53.238000821365958 ], [ 6.711633683990831, 53.23819548006464 ], [ 6.717685704221499, 53.24187250043655 ], [ 6.715989092515883, 53.242811373918755 ], [ 6.710399555258433, 53.2417404223715 ], [ 6.706146265765554, 53.241764620388992 ], [ 6.704077489983822, 53.242172872831055 ], [ 6.697165781527182, 53.245758475119317 ], [ 6.696672301307254, 53.250041915273968 ], [ 6.698906849787655, 53.252051381685426 ], [ 6.697722346285881, 53.255113248539814 ], [ 6.663979736440774, 53.242706516041231 ], [ 6.669586613549033, 53.239639868277877 ], [ 6.665220582431429, 53.236985423927308 ], [ 6.661924970165955, 53.236790299422459 ], [ 6.66141574016792, 53.23562135143402 ], [ 6.657882459315511, 53.235477788587197 ], [ 6.661757570448955, 53.235455706392273 ], [ 6.661639737309007, 53.233397815570058 ], [ 6.666143821965473, 53.233751755203535 ], [ 6.667937211733817, 53.231649773765049 ], [ 6.668096051578119, 53.232041973278619 ], [ 6.67157606006301, 53.232144695105859 ], [ 6.671690298325688, 53.231698003997522 ], [ 6.668913439563911, 53.231641630930035 ], [ 6.668428674533925, 53.231021159281013 ], [ 6.66719118858972, 53.231013364303351 ], [ 6.667479360987117, 53.224471360863795 ], [ 6.666673158437643, 53.224597213893752 ], [ 6.666466417273951, 53.224000966731381 ], [ 6.667488476334325, 53.223792203916197 ], [ 6.666790155444548, 53.222100317738523 ], [ 6.66381564566891, 53.222637772522312 ], [ 6.657386317414495, 53.212201535393021 ], [ 6.653782367308865, 53.21315724561935 ], [ 6.648722026501701, 53.217542949350317 ], [ 6.643731305539771, 53.226796977246032 ], [ 6.64072038409274, 53.228843503780638 ], [ 6.64331328313823, 53.230513204663659 ], [ 6.642748937885309, 53.231255494523211 ], [ 6.641088958760617, 53.231106142227503 ], [ 6.640048147333357, 53.232472717637087 ], [ 6.643656371084822, 53.233463998506345 ], [ 6.643581318744816, 53.23504456872675 ], [ 6.649099297312383, 53.23677039391481 ], [ 6.654715751667622, 53.239281795159449 ], [ 6.65286434858041, 53.240642246760579 ], [ 6.651059778350715, 53.241152223368616 ], [ 6.643082885910591, 53.235962951984298 ], [ 6.635043438083069, 53.251284742757782 ], [ 6.619296962522666, 53.249447892350368 ], [ 6.618345800872422, 53.251485928726559 ], [ 6.606407233979562, 53.251416587692027 ], [ 6.606351291294012, 53.253740845761257 ], [ 6.586557073871064, 53.25582763008083 ], [ 6.587771799509955, 53.260949677478031 ], [ 6.580463065217755, 53.26126561999601 ], [ 6.576459928213319, 53.256147853189098 ], [ 6.573634723465329, 53.249882620961174 ], [ 6.571567460597765, 53.250902338054374 ], [ 6.572229492060884, 53.25257918180273 ], [ 6.57132812366762, 53.253761165198881 ], [ 6.569262879950525, 53.254872824006362 ], [ 6.566599027004153, 53.263607220787165 ], [ 6.558268925802632, 53.262998300148901 ], [ 6.558134780664279, 53.262442721606462 ], [ 6.552573235506157, 53.262168307242924 ], [ 6.551387168162453, 53.26237503847895 ], [ 6.55175016316719, 53.263368568591169 ], [ 6.549551882511333, 53.264409014251569 ], [ 6.550329897248091, 53.264904889391204 ], [ 6.552788720055566, 53.270560206855592 ], [ 6.564990484598608, 53.271496502877191 ], [ 6.56526982836823, 53.268217514344606 ], [ 6.575373967014072, 53.268982172271805 ], [ 6.579612525088421, 53.275199928269181 ], [ 6.57886360673182, 53.278498630061662 ], [ 6.584607827071904, 53.284116243627039 ], [ 6.58384449419983, 53.287618354753029 ], [ 6.584421626325885, 53.287583337120843 ], [ 6.584407282152234, 53.289970701846073 ], [ 6.591994535631795, 53.289736958395174 ], [ 6.591999539458867, 53.2929980703572 ], [ 6.592799674608095, 53.292990312297412 ], [ 6.592876898251669, 53.294352836194925 ], [ 6.597873413223088, 53.294558930434874 ], [ 6.598118042695232, 53.293569717071534 ], [ 6.598772969892693, 53.293495967329193 ], [ 6.602113691739194, 53.278154203315182 ], [ 6.601795765493134, 53.277748482577962 ], [ 6.600501918867384, 53.283570042306138 ], [ 6.598679158134176, 53.283691774396466 ], [ 6.596967563414782, 53.281959392269655 ], [ 6.596247101356723, 53.278242867216449 ], [ 6.597467594347811, 53.275991595161997 ], [ 6.599580647267, 53.275725790752709 ], [ 6.594320460560874, 53.269270901754851 ], [ 6.600653136650915, 53.269705981191834 ], [ 6.601952078051369, 53.270936124643946 ], [ 6.605424535425673, 53.270281008627812 ], [ 6.624312050212036, 53.271403886041561 ], [ 6.628766138769403, 53.272775314382663 ], [ 6.631955397866243, 53.274887868924708 ], [ 6.642989497550228, 53.290925042247423 ], [ 6.639292378419515, 53.285882510352664 ], [ 6.630504972468825, 53.286663536849623 ], [ 6.633951600513028, 53.289539849404541 ], [ 6.625100115197314, 53.301952546202408 ], [ 6.635859600480598, 53.302928635606378 ], [ 6.650582166982405, 53.301678199451644 ], [ 6.652323292120341, 53.305244470241007 ], [ 6.659074827138145, 53.303533921699589 ], [ 6.665086348740308, 53.303994459902022 ], [ 6.669381842040275, 53.305213285767536 ], [ 6.671206889122821, 53.305107084733493 ], [ 6.680220136344347, 53.302655006518002 ], [ 6.686870595699157, 53.298518488446859 ], [ 6.6895916338221, 53.297449277124628 ], [ 6.705347010054701, 53.307422085816945 ], [ 6.702780996090198, 53.308325328979528 ], [ 6.703783361991849, 53.309968050472747 ], [ 6.704004996114648, 53.313627894116536 ], [ 6.706063837588889, 53.314747577542072 ], [ 6.711277816564471, 53.321475813223643 ], [ 6.715364877407927, 53.321517374384193 ], [ 6.716193033522042, 53.320430126928208 ], [ 6.718787863547625, 53.318881141040301 ], [ 6.715183290438089, 53.315448803078247 ], [ 6.7150366040551, 53.314342882908441 ], [ 6.710096825766096, 53.309861029227022 ], [ 6.719388882363316, 53.307414424565671 ], [ 6.722493354139124, 53.305977444614868 ], [ 6.726495142282614, 53.304889833910401 ], [ 6.729395939171163, 53.305292228374903 ], [ 6.730406187339954, 53.308262441003265 ], [ 6.732142110912918, 53.308695399026796 ], [ 6.732080483436677, 53.310158621265607 ], [ 6.732900784685023, 53.311408788402893 ], [ 6.734579811329503, 53.312080757497533 ], [ 6.736135209723028, 53.311898049268748 ], [ 6.737785269735649, 53.312921588209875 ], [ 6.730000792795014, 53.315222468049456 ], [ 6.73227467239866, 53.317781541697485 ], [ 6.730858972618856, 53.318552793670698 ], [ 6.7319864457741, 53.319171594926104 ], [ 6.734285411025543, 53.322274807981785 ], [ 6.736435887543873, 53.321845234490432 ], [ 6.739634236747265, 53.322073849217659 ] ] ], [ [ [ 6.756840645725624, 53.31165424984377 ], [ 6.757513906081941, 53.313833286648872 ], [ 6.756567992726195, 53.314480905106628 ], [ 6.758364296547327, 53.314678413540086 ], [ 6.760160000605396, 53.312925396808893 ], [ 6.759049166163786, 53.312170377830718 ], [ 6.759381068524458, 53.3116595149516 ], [ 6.756840645725624, 53.31165424984377 ] ] ] ] } },
{ "type": "Feature", "properties": { "label": "ZYV Zeijerveen", "gid": "ZYV Zeijerveen" }, "geometry": { "type": "MultiPolygon", "coordinates": [ [ [ [ 6.429333186877569, 52.93600048670281 ], [ 6.428013229594688, 52.935408668080115 ], [ 6.42666191388484, 52.935455381311719 ], [ 6.427898889070127, 52.936458194422137 ], [ 6.426122066365515, 52.937271557746463 ], [ 6.429333186877569, 52.93600048670281 ] ] ], [ [ [ 6.55850798246523, 52.994399344112935 ], [ 6.557959729493176, 52.994732158932969 ], [ 6.558771039505378, 52.994918612014303 ], [ 6.559513574538079, 52.994454894284736 ], [ 6.55850798246523, 52.994399344112935 ] ] ], [ [ [ 6.557925859039381, 52.995360281269349 ], [ 6.55804652547299, 52.995457515249669 ], [ 6.558121885347431, 52.995398962857337 ], [ 6.557909331546329, 52.995279782990714 ], [ 6.557925859039381, 52.995360281269349 ] ] ], [ [ [ 6.558618924410363, 53.006114417063444 ], [ 6.558761735896482, 53.005589602929234 ], [ 6.557650784038169, 53.005836937939812 ], [ 6.557922796620064, 53.006251710749638 ], [ 6.558618924410363, 53.006114417063444 ] ] ], [ [ [ 6.546659599629263, 53.008112772073197 ], [ 6.547001476374022, 53.00778253357349 ], [ 6.546032397610817, 53.00718564278413 ], [ 6.545569966950458, 53.007465547700939 ], [ 6.546659599629263, 53.008112772073197 ] ] ], [ [ [ 6.545847609770025, 53.009495949088809 ], [ 6.547010634990595, 53.010213579965587 ], [ 6.547986652390903, 53.009175365826856 ], [ 6.547276192621022, 53.008499221063587 ], [ 6.545847609770025, 53.009495949088809 ] ] ], [ [ [ 6.48158208032059, 53.092713806372082 ], [ 6.484774918697658, 53.094129299272929 ], [ 6.487572417573472, 53.09227064987369 ], [ 6.48852114360556, 53.088457022085272 ], [ 6.491184560873438, 53.085376254787704 ], [ 6.492602368615045, 53.084633550415631 ], [ 6.494155251960595, 53.08133619632514 ], [ 6.503944725985133, 53.083452620405026 ], [ 6.511983240389212, 53.073899786440812 ], [ 6.515979408864609, 53.073024229186863 ], [ 6.543113572575128, 53.081030174801988 ], [ 6.549330803382, 53.083858155205164 ], [ 6.550744510833206, 53.083392429790678 ], [ 6.553298950576074, 53.082303876372983 ], [ 6.551350744535708, 53.081333260937058 ], [ 6.553890333798239, 53.079331818935799 ], [ 6.554777191465076, 53.077449434797089 ], [ 6.553777857190283, 53.077247392711222 ], [ 6.553531709409005, 53.075743057547186 ], [ 6.55902934206301, 53.074707778882313 ], [ 6.558649083704132, 53.072778096977501 ], [ 6.559614813426546, 53.071917850974678 ], [ 6.556335288767001, 53.069762431167888 ], [ 6.556742021414871, 53.069916771718361 ], [ 6.558057692990202, 53.06844688829478 ], [ 6.558252554592384, 53.066993079646082 ], [ 6.559013920959256, 53.067021527375026 ], [ 6.559097352481003, 53.065224216983914 ], [ 6.56587820976099, 53.060672912546941 ], [ 6.569720486772908, 53.059861782594304 ], [ 6.555213266672855, 53.058608083669405 ], [ 6.555838006562253, 53.056529506945822 ], [ 6.557824819596437, 53.055719813741057 ], [ 6.561837520048492, 53.052012074032135 ], [ 6.564883741626776, 53.050454734217119 ], [ 6.565975897816505, 53.047831396326444 ], [ 6.565917739141194, 53.04575721436715 ], [ 6.570737071703768, 53.045298463677142 ], [ 6.570524773614875, 53.043852917058395 ], [ 6.569116340054803, 53.043947543160854 ], [ 6.569217158863976, 53.041615453727644 ], [ 6.567712784359381, 53.038022896366591 ], [ 6.56669829978515, 53.03789031695667 ], [ 6.562360227127861, 53.038283013737427 ], [ 6.562854922109771, 53.040237493135862 ], [ 6.560806967439984, 53.040429025983002 ], [ 6.559792678005659, 53.039569562655423 ], [ 6.552315923198067, 53.042575586718407 ], [ 6.550769884585188, 53.038155431697476 ], [ 6.550867165845398, 53.033279749099805 ], [ 6.553163437747123, 53.033686459008031 ], [ 6.564064723193177, 53.026466910407585 ], [ 6.556081635335138, 53.023562394459297 ], [ 6.55185573044391, 53.021367583003915 ], [ 6.552263810712438, 53.021073222821045 ], [ 6.549303008355124, 53.019002635579632 ], [ 6.549590100431558, 53.018366294058865 ], [ 6.543464420027735, 53.01367336046345 ], [ 6.545407517126311, 53.013577435794389 ], [ 6.545419163534685, 53.012732774755406 ], [ 6.546241017592402, 53.012275284917052 ], [ 6.545709549756083, 53.011964400406562 ], [ 6.546506833941512, 53.011268335635087 ], [ 6.545664371124016, 53.010753721931096 ], [ 6.545805121040233, 53.009777618957436 ], [ 6.545611094839693, 53.010475040700442 ], [ 6.544402729761769, 53.010075418480909 ], [ 6.542204102700372, 53.007952530730542 ], [ 6.545147557045792, 53.007214628185913 ], [ 6.546544938393233, 53.006393289375112 ], [ 6.545776215497297, 53.005941591676972 ], [ 6.546383923294805, 53.005602567593783 ], [ 6.544181819655032, 53.004595240768531 ], [ 6.546528134896563, 53.003487988900488 ], [ 6.547149924530715, 53.00408773513368 ], [ 6.548377028758584, 53.003894254840375 ], [ 6.552001222410048, 53.006141383327538 ], [ 6.556733908659726, 53.004466879475849 ], [ 6.562664430453981, 53.003456275279554 ], [ 6.563245264264924, 53.002473820592265 ], [ 6.565006502321897, 53.002703805133741 ], [ 6.565286417054995, 53.003757251503792 ], [ 6.566137418213228, 53.003930333012775 ], [ 6.565627623462412, 53.004585044355309 ], [ 6.566675240838569, 53.004933278089041 ], [ 6.566458315521208, 53.00437444907935 ], [ 6.568241187467097, 53.003814106826127 ], [ 6.567540771589496, 53.003496078162115 ], [ 6.567498553019171, 53.002522779228954 ], [ 6.566867990695416, 53.002466322755915 ], [ 6.569698917158864, 53.00236834096836 ], [ 6.571022254018241, 52.999468515617082 ], [ 6.561626938298213, 52.998872136773571 ], [ 6.556967093840758, 52.997558104831612 ], [ 6.555784277659092, 52.996838193389053 ], [ 6.557794076547385, 52.995667154957445 ], [ 6.555811985799716, 52.995490905721205 ], [ 6.555907676177329, 52.994740886814725 ], [ 6.557805964866755, 52.99437812361635 ], [ 6.558202888220565, 52.993921138313283 ], [ 6.552985582956623, 52.994018136345247 ], [ 6.553848642199357, 52.995580287775496 ], [ 6.552445087062791, 52.994119797924149 ], [ 6.550782787087326, 52.994153746235071 ], [ 6.550406239815732, 52.994531560918645 ], [ 6.550395587483973, 52.993916801431318 ], [ 6.557399197415221, 52.993703898287009 ], [ 6.557572966270679, 52.993095627245751 ], [ 6.558801122415441, 52.993331974959865 ], [ 6.558505654538906, 52.992633852325156 ], [ 6.560070238876841, 52.991844743196125 ], [ 6.557451977216346, 52.990127447753572 ], [ 6.557175479205495, 52.988903625354467 ], [ 6.558623820814243, 52.9892377726025 ], [ 6.55942910798327, 52.987859297064844 ], [ 6.554718936957245, 52.987130700711731 ], [ 6.554426466903066, 52.985876487859464 ], [ 6.552527366413723, 52.985276581125731 ], [ 6.553526398790853, 52.984217979232497 ], [ 6.548226829474689, 52.982455777144686 ], [ 6.548923873302576, 52.979688255118077 ], [ 6.550192755543503, 52.979032254965389 ], [ 6.54838747272473, 52.977833843560781 ], [ 6.547923165285651, 52.973796121592471 ], [ 6.546000191819387, 52.972591335599525 ], [ 6.54812328598675, 52.972622798950226 ], [ 6.548250404640192, 52.970990402799266 ], [ 6.545794254601625, 52.966029652172189 ], [ 6.545669758547334, 52.961048223384992 ], [ 6.543865900672444, 52.956142715821699 ], [ 6.542460218993566, 52.956098630877335 ], [ 6.541071497323076, 52.954252757528408 ], [ 6.538192039725387, 52.954353265472108 ], [ 6.535303208648842, 52.955168585539226 ], [ 6.533439867654951, 52.955076111697799 ], [ 6.5330304604636, 52.953534053125566 ], [ 6.527875306888522, 52.950487236372503 ], [ 6.525315926872357, 52.950882401758371 ], [ 6.52436871905118, 52.946494162133284 ], [ 6.525648427248235, 52.941420141260089 ], [ 6.527140883067032, 52.938518316241989 ], [ 6.528464996308725, 52.931778276674116 ], [ 6.527176113229817, 52.930840534993763 ], [ 6.519114249634473, 52.934205934889505 ], [ 6.510496845164236, 52.927366005554148 ], [ 6.505955300667789, 52.92922981581296 ], [ 6.50971563933564, 52.927439925609505 ], [ 6.506676585008922, 52.925580524503907 ], [ 6.505517909964663, 52.924157458545359 ], [ 6.502412749232649, 52.923417446503748 ], [ 6.499921936180864, 52.921465503783466 ], [ 6.487385844505573, 52.927162355817295 ], [ 6.499652001036456, 52.938441092298099 ], [ 6.495474110918478, 52.939467439516179 ], [ 6.491830128294933, 52.941241641061943 ], [ 6.479273539239549, 52.945030875430412 ], [ 6.477198513406045, 52.946090431575385 ], [ 6.47634411143262, 52.945404724855898 ], [ 6.4732563987342, 52.946604630132846 ], [ 6.471817973367092, 52.94537338258565 ], [ 6.468533553646607, 52.946607966557117 ], [ 6.466418219806133, 52.944656078018788 ], [ 6.476112652678233, 52.940774421938237 ], [ 6.469961435345709, 52.935098953106603 ], [ 6.465629806054556, 52.933432293529968 ], [ 6.463903402378379, 52.934055327966085 ], [ 6.463797595515909, 52.932314592854361 ], [ 6.464885954451232, 52.931514554832987 ], [ 6.450234809304201, 52.924439040735685 ], [ 6.440824014932353, 52.928387379589239 ], [ 6.450325664435843, 52.937854803766548 ], [ 6.452554643687466, 52.937079589857078 ], [ 6.456289471852707, 52.941140288941057 ], [ 6.457396093533067, 52.94085076035865 ], [ 6.458615516980096, 52.941973554743981 ], [ 6.457299070813911, 52.942271722800164 ], [ 6.457272104576797, 52.942726428079261 ], [ 6.459147268800768, 52.942873481019539 ], [ 6.459145339429997, 52.943880370561239 ], [ 6.457610656823115, 52.944370575793926 ], [ 6.458139479269711, 52.94581695141779 ], [ 6.456980535329939, 52.946530229931291 ], [ 6.452822942444635, 52.942654565103084 ], [ 6.443296456374615, 52.942542901348268 ], [ 6.442734349454353, 52.943490050927636 ], [ 6.439147043216852, 52.943508389807349 ], [ 6.44348716702485, 52.947521521809804 ], [ 6.444227867536819, 52.947213207741548 ], [ 6.445630557454455, 52.947861187503477 ], [ 6.44516362052368, 52.949053066298767 ], [ 6.448155926080255, 52.951789669514703 ], [ 6.447773087048188, 52.95193374198498 ], [ 6.444880097270043, 52.949270929961841 ], [ 6.442033933857608, 52.949687170779839 ], [ 6.440212631780718, 52.948016136874827 ], [ 6.443417277641425, 52.947907474133658 ], [ 6.44147069938903, 52.946095722300754 ], [ 6.439602421152268, 52.947456237137558 ], [ 6.431530385802176, 52.940030763042841 ], [ 6.433398514686338, 52.938626269741533 ], [ 6.430557118928891, 52.936057996291169 ], [ 6.42948405367791, 52.938144287625079 ], [ 6.42866177618952, 52.937386189153571 ], [ 6.426754427401852, 52.937928545327253 ], [ 6.426122066365515, 52.937271557746463 ], [ 6.414303836167158, 52.941542490440277 ], [ 6.412394720952554, 52.939708014079557 ], [ 6.407779316027503, 52.941452001231951 ], [ 6.40402082164703, 52.941033056272431 ], [ 6.401533925942745, 52.942084450804927 ], [ 6.404836455941759, 52.945845469962379 ], [ 6.40585181098863, 52.94569811734538 ], [ 6.414187300779503, 52.947266260126788 ], [ 6.415537000142223, 52.945703589084857 ], [ 6.421175535199864, 52.943485047247982 ], [ 6.425872358774222, 52.948127772852914 ], [ 6.411751002116689, 52.95373702604811 ], [ 6.41273698324897, 52.954861158851784 ], [ 6.422967137704489, 52.950472857467091 ], [ 6.431458550731518, 52.958305423416149 ], [ 6.42007076854818, 52.963220437105456 ], [ 6.427614708971869, 52.97181540007346 ], [ 6.413279837634503, 52.985522927333335 ], [ 6.466055429015488, 52.999517740217165 ], [ 6.459193712161411, 53.016637877059985 ], [ 6.4497257918667, 53.015089584692014 ], [ 6.427442866127236, 53.014319417811542 ], [ 6.424694950659828, 53.015422069244835 ], [ 6.423279148640896, 53.016914194615779 ], [ 6.422450819746218, 53.016374698943004 ], [ 6.423574158807883, 53.015851481440961 ], [ 6.424613442748548, 53.013292541349365 ], [ 6.421955671107067, 53.012437457284328 ], [ 6.422115523212933, 53.010713060144809 ], [ 6.423112992677864, 53.010043043603304 ], [ 6.421514626888198, 53.008760974702497 ], [ 6.420334652992093, 53.006239468487344 ], [ 6.423488809394153, 53.004976904028524 ], [ 6.423365281274024, 53.001065667492348 ], [ 6.421243523075028, 52.999881476339219 ], [ 6.402069670162703, 52.996252351659642 ], [ 6.402686463027243, 52.995653341261196 ], [ 6.363541738747397, 53.032996448199931 ], [ 6.371914561403951, 53.025140586797477 ], [ 6.377207586639981, 53.027153156452812 ], [ 6.381582903911206, 53.031758734610705 ], [ 6.383802689923675, 53.031066498368631 ], [ 6.385417043216806, 53.03278318064487 ], [ 6.373545364844023, 53.037226993257207 ], [ 6.363355496622555, 53.040281898086256 ], [ 6.367810520184596, 53.067359995389872 ], [ 6.305273761233351, 53.081189548535797 ], [ 6.30717812722405, 53.083668674942579 ], [ 6.312903073522791, 53.083590770461903 ], [ 6.316879742086283, 53.080714582822253 ], [ 6.322309578126148, 53.079637805185634 ], [ 6.326501034570074, 53.080925236894686 ], [ 6.330780619789584, 53.079413852645771 ], [ 6.333578051224513, 53.077107561584384 ], [ 6.340037398597624, 53.076134138175895 ], [ 6.342817626832363, 53.076667824975758 ], [ 6.344444214003691, 53.076233470487452 ], [ 6.34985727734321, 53.077667403349729 ], [ 6.352449283089423, 53.07772955571884 ], [ 6.353434299894543, 53.079215958776771 ], [ 6.351626548578552, 53.079377053050003 ], [ 6.35250921995757, 53.081450129177355 ], [ 6.349427027252543, 53.082017708682677 ], [ 6.347115387275171, 53.081734396458678 ], [ 6.341310752589987, 53.082362376272478 ], [ 6.339701756767925, 53.085177502621761 ], [ 6.341170593163168, 53.086340665354335 ], [ 6.344628282666726, 53.087454243705032 ], [ 6.353702409556854, 53.086563076473936 ], [ 6.353444630457763, 53.085597201777055 ], [ 6.354951453599068, 53.085701957255935 ], [ 6.354872566723333, 53.083684791718198 ], [ 6.356209355025483, 53.083525386615584 ], [ 6.361215660165482, 53.084139295742773 ], [ 6.381603798441402, 53.084219596184262 ], [ 6.387146705439545, 53.084833521756444 ], [ 6.390759825253292, 53.080353873221263 ], [ 6.389035388208144, 53.076494276773111 ], [ 6.393035693722445, 53.076337752384077 ], [ 6.392955769576329, 53.072155560622818 ], [ 6.399556690929638, 53.073915191997315 ], [ 6.408077959923418, 53.074644276278541 ], [ 6.408485613438877, 53.075800954552335 ], [ 6.409563807698245, 53.074622709095507 ], [ 6.41047984829934, 53.074614798208394 ], [ 6.416365006135168, 53.08715130560234 ], [ 6.416484497820511, 53.091948239356263 ], [ 6.418854935252191, 53.094195880550473 ], [ 6.422517721984971, 53.09623341969376 ], [ 6.424516135538178, 53.099392867783095 ], [ 6.42885310711927, 53.102592530714453 ], [ 6.43076314512625, 53.103388762092457 ], [ 6.43049449126693, 53.104858720511437 ], [ 6.42878884800357, 53.107030242346305 ], [ 6.427757389694463, 53.106644114961036 ], [ 6.426767207083316, 53.1071419678848 ], [ 6.425832761821142, 53.108952226657372 ], [ 6.424789329605523, 53.109066829777852 ], [ 6.424585726699407, 53.109577109561322 ], [ 6.425405490166276, 53.109740526443034 ], [ 6.424735282764698, 53.11096323760782 ], [ 6.422969162359426, 53.111203009009472 ], [ 6.424190701821157, 53.108976019456932 ], [ 6.422820612188779, 53.108463535419808 ], [ 6.421120155738114, 53.110487791181292 ], [ 6.418273113944013, 53.110683109679613 ], [ 6.412284080040099, 53.104024333806898 ], [ 6.407243292630473, 53.106192871152153 ], [ 6.413369352318105, 53.110206359298928 ], [ 6.410109118997458, 53.113234119790903 ], [ 6.410328024335442, 53.1138116077096 ], [ 6.412139452337073, 53.113484373009172 ], [ 6.413918321091932, 53.11248317316241 ], [ 6.414670621848039, 53.112584528593054 ], [ 6.416770514320448, 53.111421773147242 ], [ 6.418884886264544, 53.111654959876951 ], [ 6.418162846158045, 53.112877558356494 ], [ 6.420288924808253, 53.113848586321318 ], [ 6.420813527526841, 53.113521129972703 ], [ 6.422357348125113, 53.114611326061627 ], [ 6.423260912567557, 53.113400002877185 ], [ 6.424242667167533, 53.11418479815076 ], [ 6.425890061427979, 53.114303074824029 ], [ 6.425869469166028, 53.114817168755494 ], [ 6.426014028502611, 53.115425311064605 ], [ 6.426098723964234, 53.115575496628509 ], [ 6.425976529669904, 53.114817601806145 ], [ 6.42627203146165, 53.112828677929556 ], [ 6.426190282215518, 53.114047777881083 ], [ 6.427405653655448, 53.114305659836589 ], [ 6.430092528121993, 53.116083229901619 ], [ 6.432189344037639, 53.116463812725144 ], [ 6.432920951466264, 53.115690714907643 ], [ 6.437099022944062, 53.114886660789637 ], [ 6.439720670954782, 53.118354236613904 ], [ 6.438447030213152, 53.119721260851783 ], [ 6.43885643713529, 53.120149850595276 ], [ 6.439593730664065, 53.120164473259273 ], [ 6.440802773633604, 53.117243852370734 ], [ 6.441601641113721, 53.116840464985216 ], [ 6.442718422452518, 53.117109282359664 ], [ 6.443445673709335, 53.116390217895827 ], [ 6.443573368894199, 53.110124916261661 ], [ 6.442304974118001, 53.108509937395254 ], [ 6.446731495191591, 53.107155889920534 ], [ 6.454069811490586, 53.107801281217554 ], [ 6.459291672498138, 53.106692293107336 ], [ 6.465409483514342, 53.106715075278075 ], [ 6.471496490204495, 53.104949352125935 ], [ 6.474300073807077, 53.103280102096434 ], [ 6.476748485439257, 53.099909516313581 ], [ 6.479736290006825, 53.098078896701921 ], [ 6.480724308184051, 53.093280450690806 ], [ 6.48158208032059, 53.092713806372082 ] ], [ [ 6.489155374861335, 53.080468206186225 ], [ 6.487264997875254, 53.080868465639234 ], [ 6.487186178393074, 53.080503999369867 ], [ 6.485370547386398, 53.080091905392834 ], [ 6.484121902702978, 53.080286379269218 ], [ 6.484295790917052, 53.078058928002719 ], [ 6.484939129635304, 53.077467973281479 ], [ 6.489529748716723, 53.080246519868552 ], [ 6.489155374861335, 53.080468206186225 ] ], [ [ 6.47600973049776, 53.071990637225291 ], [ 6.474873749713961, 53.071295844096554 ], [ 6.475203510675989, 53.070868366515647 ], [ 6.476245168700544, 53.071339469924609 ], [ 6.476519477066173, 53.071955120145155 ], [ 6.47600973049776, 53.071990637225291 ] ], [ [ 6.474520034410769, 53.071077708621537 ], [ 6.472093780155114, 53.069595025906466 ], [ 6.470883792499238, 53.069129120557839 ], [ 6.472178350411611, 53.06875068196311 ], [ 6.476565935801651, 53.069868041097727 ], [ 6.474520034410769, 53.071077708621537 ] ], [ [ 6.504040023965198, 53.081189730956424 ], [ 6.50291529564215, 53.081349185443152 ], [ 6.502329707465167, 53.080513489807338 ], [ 6.503099244733979, 53.08018792769326 ], [ 6.504040023965198, 53.081189730956424 ] ] ], [ [ [ 6.423005608150288, 53.114999310687558 ], [ 6.423181780394271, 53.115085876332074 ], [ 6.423290253839096, 53.114695227118325 ], [ 6.42284628787044, 53.114915706613232 ], [ 6.423005608150288, 53.114999310687558 ] ] ], [ [ [ 6.423632563208271, 53.115042740802743 ], [ 6.423420103017802, 53.115200291517702 ], [ 6.424377820846194, 53.115701330157805 ], [ 6.42476329089114, 53.11515924612403 ], [ 6.423632563208271, 53.115042740802743 ] ] ], [ [ [ 6.425406260491036, 53.116076031709483 ], [ 6.425298271520473, 53.116243699426704 ], [ 6.426885112094273, 53.117025052780889 ], [ 6.426252190042931, 53.115847629049881 ], [ 6.425406260491036, 53.116076031709483 ] ] ] ] } },
{ "type": "Feature", "properties": { "label": "EMW Emmen Weerdinge", "gid": "EMW Emmen Weerdinge" }, "geometry": { "type": "MultiPolygon", "coordinates": [ [ [ [ 6.892026483855991, 52.784884111938261 ], [ 6.892570177263348, 52.785006387824403 ], [ 6.892120045758038, 52.783901018326084 ], [ 6.892092440065066, 52.784516078341476 ], [ 6.892026483855991, 52.784884111938261 ] ] ], [ [ [ 6.893830980248956, 52.785218214740787 ], [ 6.89465242003637, 52.785506829283307 ], [ 6.894993609513052, 52.785158202545865 ], [ 6.894013713589182, 52.784948851726725 ], [ 6.893830980248956, 52.785218214740787 ] ] ], [ [ [ 6.951048458091341, 52.785421403432451 ], [ 6.948980962693196, 52.784171103638919 ], [ 6.948352854903343, 52.784151100382289 ], [ 6.949052812050385, 52.785590714951773 ], [ 6.951048458091341, 52.785421403432451 ] ] ], [ [ [ 6.952894117770391, 52.784446837834622 ], [ 6.952571978662728, 52.785228827762012 ], [ 6.95904232641899, 52.78491362055874 ], [ 6.958560717732502, 52.784348129181126 ], [ 6.952894117770391, 52.784446837834622 ] ] ], [ [ [ 7.045495434465002, 52.784344839646501 ], [ 7.044705101712104, 52.783874647006776 ], [ 7.044745732095313, 52.785760563732268 ], [ 7.047369652640237, 52.785784932054831 ], [ 7.047351631936117, 52.785315395442311 ], [ 7.046044520823138, 52.785295493726636 ], [ 7.045979308896244, 52.784325944177894 ], [ 7.045495434465002, 52.784344839646501 ] ] ], [ [ [ 7.044566913747573, 52.788952587987005 ], [ 7.041596552677102, 52.789026066242378 ], [ 7.0408536541513, 52.779850716835888 ], [ 7.030758031755092, 52.779677043533184 ], [ 7.030474661849087, 52.785526842349682 ], [ 7.020559360568515, 52.785371386975072 ], [ 7.021560843505498, 52.787143943655231 ], [ 7.020540165212662, 52.787354372664637 ], [ 7.022501842991234, 52.791508052954676 ], [ 7.019749450811644, 52.792106482644996 ], [ 7.018846767181322, 52.789236094879541 ], [ 7.016550967311924, 52.789487207805436 ], [ 7.015757251567161, 52.785232522974404 ], [ 6.990512740887168, 52.784797550173757 ], [ 6.990384443293856, 52.783012707911929 ], [ 6.984096238819917, 52.780748374608166 ], [ 6.98554892613693, 52.77664475860324 ], [ 6.984964975989318, 52.772890833182906 ], [ 6.975197503409994, 52.77301216330526 ], [ 6.965681162738795, 52.784577588834566 ], [ 6.966982572531532, 52.784643873746518 ], [ 6.966582951451866, 52.794934153264222 ], [ 6.960455435943788, 52.795357869278639 ], [ 6.959979387194298, 52.802874614765209 ], [ 6.948899623336498, 52.802534501708216 ], [ 6.949884914085229, 52.791449688004882 ], [ 6.948852331594145, 52.785690793003191 ], [ 6.948278368962438, 52.785718188551627 ], [ 6.948529843974748, 52.786237923637103 ], [ 6.944458263801107, 52.785944282760639 ], [ 6.94296651165793, 52.786262540175869 ], [ 6.936138721361367, 52.785686268275434 ], [ 6.935559337738401, 52.784664127637512 ], [ 6.937253623492133, 52.784751015051015 ], [ 6.937929620517668, 52.782990340872161 ], [ 6.936437410210288, 52.782156313416785 ], [ 6.933462235369724, 52.782261755511826 ], [ 6.933300472234446, 52.781888650134725 ], [ 6.932907011170647, 52.782354410770033 ], [ 6.93168539452841, 52.782248828802778 ], [ 6.930922240101707, 52.78190583113772 ], [ 6.931109019954067, 52.780754526226183 ], [ 6.924670176545953, 52.780097411997751 ], [ 6.922901090953071, 52.779242243450092 ], [ 6.919953492920412, 52.779150025550422 ], [ 6.918971057204896, 52.7796704872923 ], [ 6.917133116848714, 52.779522558670806 ], [ 6.917050559636301, 52.778903101053807 ], [ 6.913719121163309, 52.778794096800908 ], [ 6.905029916507406, 52.779185675388462 ], [ 6.904565883516965, 52.782127963617228 ], [ 6.902079595945729, 52.783330858749778 ], [ 6.901457813939992, 52.783214503839709 ], [ 6.902148641743889, 52.782385327631253 ], [ 6.901428389944627, 52.781924416111835 ], [ 6.90080955875171, 52.785073970257358 ], [ 6.900129287920362, 52.784728489233828 ], [ 6.898052801909087, 52.785022702824683 ], [ 6.897977130205204, 52.785544574756784 ], [ 6.895620512938025, 52.786478824015184 ], [ 6.894442087713058, 52.78590506377904 ], [ 6.893383882375669, 52.786266063895326 ], [ 6.893364159739471, 52.785640244771329 ], [ 6.891844443916291, 52.785472824390155 ], [ 6.891705885118679, 52.786225077039191 ], [ 6.890453897432127, 52.786110657453087 ], [ 6.890308794324944, 52.783536219052486 ], [ 6.891543065673607, 52.783203339108795 ], [ 6.890723825361555, 52.782098370000369 ], [ 6.88995724221552, 52.782051054233115 ], [ 6.889944974997404, 52.78131540935339 ], [ 6.889263657788486, 52.781265023595871 ], [ 6.888519774553196, 52.78319284094502 ], [ 6.887383734800618, 52.782411245358858 ], [ 6.881566348651266, 52.780818879570347 ], [ 6.882678601316951, 52.776681916821779 ], [ 6.879265242242284, 52.776001146365225 ], [ 6.879531710071896, 52.775439325485678 ], [ 6.877560815777967, 52.774959754180557 ], [ 6.874749487952569, 52.777238029915111 ], [ 6.875741257784704, 52.778368352772432 ], [ 6.876956125905899, 52.778740569827839 ], [ 6.875693591417813, 52.779596914313139 ], [ 6.875940538012956, 52.780378721526382 ], [ 6.869188535485828, 52.779547938946649 ], [ 6.867044350573051, 52.776871456731904 ], [ 6.863912638886483, 52.776575194811002 ], [ 6.865485349051136, 52.775115835267023 ], [ 6.863711243823719, 52.773410879980609 ], [ 6.861962237086153, 52.773108135427499 ], [ 6.857843658956946, 52.77510474041047 ], [ 6.855318334068046, 52.773405403624899 ], [ 6.854244283281764, 52.773885820099103 ], [ 6.84998811289418, 52.772489472785814 ], [ 6.846376712836424, 52.773771280245107 ], [ 6.846101682616508, 52.772448360817151 ], [ 6.845313652018592, 52.772234428491529 ], [ 6.84428118006562, 52.770389284260766 ], [ 6.843205147768178, 52.76531720526782 ], [ 6.842106504471857, 52.763090006723814 ], [ 6.841223410779091, 52.762046568377279 ], [ 6.84338236682719, 52.766526209165605 ], [ 6.84613913504894, 52.785351956369716 ], [ 6.846763389268944, 52.788047805387258 ], [ 6.848056134550982, 52.789738483260059 ], [ 6.84812637954876, 52.790797834798127 ], [ 6.847410861036652, 52.79113183011976 ], [ 6.849784373800566, 52.796202513646001 ], [ 6.854661136590314, 52.802882028557725 ], [ 6.851961432817481, 52.80351333214432 ], [ 6.84994601250971, 52.804712652452942 ], [ 6.849491339575144, 52.804457443719457 ], [ 6.844059050879214, 52.807634916193265 ], [ 6.840429062232938, 52.810079181242337 ], [ 6.838683454659627, 52.812199580880339 ], [ 6.833813965608832, 52.815195845226683 ], [ 6.834511087708042, 52.814090571070196 ], [ 6.830867792675324, 52.813906506051445 ], [ 6.83076617904069, 52.81307467155716 ], [ 6.828219253720024, 52.812985841721385 ], [ 6.828237028474302, 52.814109673633979 ], [ 6.826865682888561, 52.814116845826909 ], [ 6.826488358693141, 52.815139658146492 ], [ 6.828264699211364, 52.81514370176501 ], [ 6.82814322252564, 52.816126720035555 ], [ 6.818359604537672, 52.815643784681988 ], [ 6.816372970336584, 52.816809515951263 ], [ 6.826940729476197, 52.819752258847558 ], [ 6.823852739631674, 52.821682303246327 ], [ 6.823469805048263, 52.821270681102405 ], [ 6.816375760668881, 52.825682426111356 ], [ 6.767422024119624, 52.849059925318358 ], [ 6.758981509276996, 52.845248121328417 ], [ 6.760819436598152, 52.842966865351563 ], [ 6.759342701404958, 52.842522637562062 ], [ 6.75968861552774, 52.842075038890201 ], [ 6.75823527672947, 52.840139935822869 ], [ 6.755521854328177, 52.839291953090793 ], [ 6.755954943633443, 52.838902758869978 ], [ 6.753215338988354, 52.837914634319624 ], [ 6.764794529839887, 52.822755352913532 ], [ 6.761301893568681, 52.823418516054474 ], [ 6.754142645455005, 52.825759387571459 ], [ 6.751164907524335, 52.82548277424317 ], [ 6.743418695269773, 52.826401866757941 ], [ 6.742716649024472, 52.824933374290687 ], [ 6.739571234271844, 52.82458243993937 ], [ 6.738972258336895, 52.825369117820557 ], [ 6.743244346304223, 52.831447014998204 ], [ 6.736933535274589, 52.832333296914527 ], [ 6.738464438885464, 52.835408653632101 ], [ 6.746294437713977, 52.835783621476935 ], [ 6.750400570479605, 52.841596862201655 ], [ 6.74797110693167, 52.841516872986588 ], [ 6.747696880650837, 52.843125628087996 ], [ 6.742687297697919, 52.841723665245247 ], [ 6.741402870809259, 52.845204690589696 ], [ 6.740761580236951, 52.845445669609589 ], [ 6.741104630592376, 52.846185155549385 ], [ 6.739595223061364, 52.846449198351664 ], [ 6.737469867886344, 52.847668268477705 ], [ 6.738851526124671, 52.847997894054629 ], [ 6.737939291663215, 52.848842227465589 ], [ 6.739180659421616, 52.849247307859905 ], [ 6.737222171553817, 52.850731249101642 ], [ 6.734420697921276, 52.849163831937766 ], [ 6.730376719214441, 52.849724566127762 ], [ 6.730252934943328, 52.850411587292946 ], [ 6.729471981981716, 52.850631419104609 ], [ 6.730862723127611, 52.85219752726271 ], [ 6.728348497614313, 52.853805752736115 ], [ 6.725984613535048, 52.857293126993518 ], [ 6.719881143817485, 52.861543260478918 ], [ 6.72186079270657, 52.866317319175806 ], [ 6.716033396731889, 52.867778705709235 ], [ 6.725747729568581, 52.872592375016403 ], [ 6.725492615103171, 52.873463178414028 ], [ 6.736337070820099, 52.878691288588158 ], [ 6.737492190954108, 52.874906385648821 ], [ 6.73983336587477, 52.871853353877043 ], [ 6.743796859384132, 52.875297281422071 ], [ 6.744071759598378, 52.876663890563293 ], [ 6.750406692285821, 52.87677152862004 ], [ 6.753557942453139, 52.880079296555408 ], [ 6.753309780634272, 52.881209903607335 ], [ 6.754358987089341, 52.881005939970777 ], [ 6.75663227874231, 52.881587487227662 ], [ 6.755297412714667, 52.883763543848403 ], [ 6.758117141847264, 52.888142417689437 ], [ 6.758601645944289, 52.887857715879782 ], [ 6.756054082867941, 52.883498668187222 ], [ 6.757083150520399, 52.88332314932893 ], [ 6.75763757824948, 52.882502991811762 ], [ 6.756669586237376, 52.881621843748853 ], [ 6.760887455335142, 52.875056690776859 ], [ 6.782583467726934, 52.880657599023934 ], [ 6.783196762647991, 52.879728756133325 ], [ 6.791840265343374, 52.878473568878128 ], [ 6.792054052553639, 52.875726153275068 ], [ 6.793047499778675, 52.874618491063202 ], [ 6.798205444722864, 52.876287430087281 ], [ 6.793466074626611, 52.883424738468413 ], [ 6.803149631604894, 52.885928142478974 ], [ 6.807638473932109, 52.879510386238174 ], [ 6.805270377907684, 52.878880431556453 ], [ 6.805893995132583, 52.878007098898507 ], [ 6.82407521827666, 52.882816302005281 ], [ 6.824607532980581, 52.883433727698311 ], [ 6.824828326169715, 52.883111770232297 ], [ 6.825463981613985, 52.883316642344155 ], [ 6.825749147385205, 52.883914337099995 ], [ 6.826780597707802, 52.881329481524432 ], [ 6.830172079315769, 52.879365349029825 ], [ 6.830931531355863, 52.879473712367862 ], [ 6.830945230961852, 52.880145463125857 ], [ 6.831891515849215, 52.880072301957647 ], [ 6.831642117335334, 52.881006550182128 ], [ 6.832794451201735, 52.881353057346651 ], [ 6.839557097680831, 52.88118284342525 ], [ 6.839593905376052, 52.883593401721242 ], [ 6.838388908567841, 52.88359300314842 ], [ 6.837100149245139, 52.884845479929488 ], [ 6.837807949416476, 52.885207071222474 ], [ 6.838064864622576, 52.887779234532069 ], [ 6.838814871546422, 52.887958877048341 ], [ 6.83885644369059, 52.890425623344903 ], [ 6.840362706486228, 52.890872360437527 ], [ 6.83950822115379, 52.891427650166932 ], [ 6.841412064923414, 52.894786271148249 ], [ 6.839657232136194, 52.896587679935358 ], [ 6.839240138444022, 52.896448646398966 ], [ 6.837564252240579, 52.897673705243093 ], [ 6.858053707320094, 52.906377676300274 ], [ 6.854860835345548, 52.909892953234575 ], [ 6.864264874741068, 52.913332013701684 ], [ 6.86725813683872, 52.910435863857757 ], [ 6.875535739638996, 52.914041055836485 ], [ 6.882917011749861, 52.907312260040186 ], [ 6.885346164039884, 52.90185011172948 ], [ 6.887048806763711, 52.895261577976207 ], [ 6.889778087039863, 52.893101964009553 ], [ 6.8893537860283, 52.892697778965641 ], [ 6.892940139623613, 52.894509735084895 ], [ 6.895861140979298, 52.897069852490993 ], [ 6.905306763070584, 52.898570241873514 ], [ 6.906831630888694, 52.899218524221219 ], [ 6.90851908184781, 52.902247432633544 ], [ 6.912889595274335, 52.904390318849295 ], [ 6.910572949323619, 52.906501080805434 ], [ 6.911925056428132, 52.907289843996971 ], [ 6.91014997597685, 52.908902402342562 ], [ 6.912860985221118, 52.91075231079521 ], [ 6.917202612026857, 52.912491801001487 ], [ 6.915315232207326, 52.908279818790788 ], [ 6.917898980988598, 52.905927516927981 ], [ 6.918827770253522, 52.906297198795649 ], [ 6.920148799205953, 52.905131112609276 ], [ 6.920361675340359, 52.905539446785397 ], [ 6.920935254125473, 52.905060468572181 ], [ 6.936168610587154, 52.911152385945471 ], [ 6.936095971465562, 52.910457218905073 ], [ 6.936918264043083, 52.909870781342185 ], [ 6.939681272946204, 52.909254916934266 ], [ 6.932446348054189, 52.90641027794387 ], [ 6.936241956075384, 52.901430424539562 ], [ 6.930843498755782, 52.90277717044799 ], [ 6.927569219704172, 52.902860828301399 ], [ 6.925279913370107, 52.902045953574003 ], [ 6.926687364085758, 52.900764562909551 ], [ 6.924753690135386, 52.899988922988911 ], [ 6.9268348276327, 52.900447031584378 ], [ 6.930291626470495, 52.897277047999765 ], [ 6.928542876360045, 52.896634486008494 ], [ 6.932201492061297, 52.893208965331212 ], [ 6.933181590051674, 52.893417318818884 ], [ 6.935215665544698, 52.892172942760133 ], [ 6.935168311367404, 52.891406864695298 ], [ 6.936232753396002, 52.890584495019645 ], [ 6.933179291611463, 52.887948152396589 ], [ 6.935500322487139, 52.885835223846371 ], [ 6.934383049436116, 52.88532173845455 ], [ 6.943525341542172, 52.878848099684994 ], [ 6.94039909315339, 52.877324367115556 ], [ 6.943572951383008, 52.874947583496123 ], [ 6.943128314472055, 52.874505487661445 ], [ 6.944305371925182, 52.875173025334206 ], [ 6.946670314068871, 52.875225462721687 ], [ 6.947653178993912, 52.875701789624038 ], [ 6.947135270430571, 52.874437906507083 ], [ 6.948354995384975, 52.874918957036279 ], [ 6.948531224989602, 52.874361892396429 ], [ 6.949436663116912, 52.874974518263777 ], [ 6.948469283653064, 52.875590264004103 ], [ 6.949757638948986, 52.876285120150868 ], [ 6.951240065319264, 52.87692571629286 ], [ 6.9527374498387, 52.875998953363791 ], [ 6.953093318142717, 52.877308022162438 ], [ 6.955210793720232, 52.878492703325882 ], [ 6.957574859921546, 52.879240874239954 ], [ 6.957741836632747, 52.878534292131135 ], [ 6.956430684373629, 52.877450848432602 ], [ 6.956949942726958, 52.876877911231219 ], [ 6.955419312033531, 52.875973996417017 ], [ 6.943821770206912, 52.870179354643291 ], [ 6.944080421883902, 52.869868249441986 ], [ 6.931186028419287, 52.863900269057531 ], [ 6.931777503346898, 52.863464353425584 ], [ 6.930726182429406, 52.862966583876094 ], [ 6.929969049037402, 52.863531610752617 ], [ 6.914567485522093, 52.856711196870727 ], [ 6.922656532202525, 52.850415359484892 ], [ 6.930518120179431, 52.85172223306548 ], [ 6.943075271120712, 52.854863063296413 ], [ 6.946513011034606, 52.849357033565632 ], [ 6.945919084518071, 52.847739279980125 ], [ 6.949912809355613, 52.848803284027227 ], [ 6.95038905429888, 52.849880216006227 ], [ 6.951238566106847, 52.850246969969689 ], [ 6.950356139002626, 52.850626167967064 ], [ 6.950458335184704, 52.851094101938394 ], [ 6.952266052209692, 52.851282194636241 ], [ 6.951855312151253, 52.852238283303258 ], [ 6.950971442121106, 52.852448250889935 ], [ 6.9517371174944, 52.853274058327358 ], [ 6.951345352289895, 52.853951761396509 ], [ 6.952148352854094, 52.854124735451407 ], [ 6.952576344557065, 52.855895375067369 ], [ 6.953818281934081, 52.856223542599615 ], [ 6.953716036534495, 52.856873532561607 ], [ 6.954638784867135, 52.857114817194486 ], [ 6.954405856266225, 52.858170841764689 ], [ 6.955883670349992, 52.858793526704005 ], [ 6.955475135556646, 52.859315125571911 ], [ 6.956491718992095, 52.859663378087554 ], [ 6.958724388275868, 52.862860614731176 ], [ 6.962902889646568, 52.864669447243664 ], [ 6.966607076854786, 52.862157728221241 ], [ 6.979214960795308, 52.865197345364891 ], [ 6.981331082787123, 52.863187085130996 ], [ 6.982755652763128, 52.863721085951575 ], [ 6.984779516397824, 52.861821406395769 ], [ 6.986256141540362, 52.8623924766394 ], [ 6.986848124198242, 52.861837750060047 ], [ 6.994805466209579, 52.864942151777527 ], [ 6.99648880399558, 52.863183630423045 ], [ 6.999927515057802, 52.865336686323779 ], [ 7.001235070509468, 52.865084365872306 ], [ 7.001923134169913, 52.864359412169861 ], [ 6.997814609327116, 52.861836652179171 ], [ 6.998070804276084, 52.861576354261288 ], [ 7.002746913297975, 52.864463822038083 ], [ 7.003998692217273, 52.863848537475178 ], [ 7.008885435391442, 52.866908430600382 ], [ 7.019451893592985, 52.857360086187413 ], [ 7.025747159893986, 52.859900015359244 ], [ 7.027241217171558, 52.858497804224619 ], [ 7.028035123670384, 52.85881070091763 ], [ 7.026523907964379, 52.860213148866521 ], [ 7.030520936800084, 52.861744050640958 ], [ 7.030816146453308, 52.861467776824973 ], [ 7.031516640522367, 52.861739082546293 ], [ 7.031924468028379, 52.862387770119831 ], [ 7.034544814349276, 52.859921425981788 ], [ 7.036428638341812, 52.860699527458962 ], [ 7.034190363355268, 52.863215591573017 ], [ 7.041296229692658, 52.86469739950271 ], [ 7.042804320329007, 52.86329410529784 ], [ 7.046272860839387, 52.864279083639552 ], [ 7.047809509002006, 52.862836129601497 ], [ 7.047370695333408, 52.864371280326189 ], [ 7.047884925139496, 52.864506271861529 ], [ 7.050469325402065, 52.862104194876494 ], [ 7.049298160339172, 52.862093131985688 ], [ 7.048231742078721, 52.858863017677606 ], [ 7.044913997340818, 52.856545747877981 ], [ 7.012739637669261, 52.844819370978307 ], [ 7.01215456320412, 52.845427799090395 ], [ 7.017555552535893, 52.847391809524446 ], [ 7.016797588935295, 52.848102218979982 ], [ 7.010105814085641, 52.845734007467499 ], [ 7.007714023796015, 52.848159585115837 ], [ 7.006105830922501, 52.847520532710412 ], [ 7.021616983456904, 52.831387426229256 ], [ 7.023316400452902, 52.831939827419248 ], [ 7.031235405698747, 52.823638453500571 ], [ 7.031398735688589, 52.822801838067122 ], [ 7.032590899664265, 52.823166784231574 ], [ 7.032115326413511, 52.824659100374795 ], [ 7.024647806485104, 52.832431574051498 ], [ 7.033770899102779, 52.83573110275875 ], [ 7.034624250570833, 52.834896927847929 ], [ 7.037801911114963, 52.836045444628745 ], [ 7.039812211399863, 52.833960890398821 ], [ 7.041118038882947, 52.83480522242133 ], [ 7.046948380426437, 52.829272298581344 ], [ 7.070973846468947, 52.837823941800295 ], [ 7.072192957146661, 52.845210934661722 ], [ 7.0763170619437, 52.848746765189219 ], [ 7.075202881734814, 52.845373095152119 ], [ 7.082299022938096, 52.846119558824959 ], [ 7.081520458508749, 52.849854654857239 ], [ 7.082019914140436, 52.849852725770788 ], [ 7.08281363049409, 52.844883952985199 ], [ 7.08957399918871, 52.844948732014828 ], [ 7.092739665529204, 52.838196135693046 ], [ 7.079512599100847, 52.821616890120239 ], [ 7.071551185505695, 52.810421153902738 ], [ 7.069074765659255, 52.78032347723498 ], [ 7.060023554286494, 52.780187801885575 ], [ 7.060546788458558, 52.785967763446997 ], [ 7.045909163490193, 52.78579751803332 ], [ 7.046578853083879, 52.793996841325715 ], [ 7.045226268287656, 52.794189690841655 ], [ 7.044566913747573, 52.788952587987005 ] ], [ [ 6.893540914182934, 52.786951515540665 ], [ 6.893611731031954, 52.787001117747501 ], [ 6.893618852515561, 52.787028035940835 ], [ 6.893516275480644, 52.787005708744822 ], [ 6.893540914182934, 52.786951515540665 ] ] ], [ [ [ 6.939522528060629, 52.910967124685875 ], [ 6.937528700359877, 52.910151428704786 ], [ 6.937147258266794, 52.9104202437195 ], [ 6.940362939060863, 52.911805723104393 ], [ 6.940780578811498, 52.91142221092506 ], [ 6.939522528060629, 52.910967124685875 ] ] ] ] } },
{ "type": "Feature", "properties": { "label": "VVL10 Vierverlaten", "gid": "VVL10 Vierverlaten" }, "geometry": { "type": "MultiPolygon", "coordinates": [ [ [ [ 6.435375022998541, 53.091717848317899 ], [ 6.437931136299611, 53.086146571669836 ], [ 6.441013930308597, 53.084383871475509 ], [ 6.440597617424938, 53.083718557287874 ], [ 6.442924119408795, 53.082871676465807 ], [ 6.446030831367923, 53.084309132958822 ], [ 6.442948537302252, 53.082849798917465 ], [ 6.42763288713132, 53.08846536422692 ], [ 6.426871560091576, 53.090576820879022 ], [ 6.435375022998541, 53.091717848317899 ] ] ], [ [ [ 6.313213049861873, 53.093386380948481 ], [ 6.313849472309351, 53.092504873120774 ], [ 6.310710951300765, 53.088926970393743 ], [ 6.303039573827048, 53.091572373368862 ], [ 6.303080743440971, 53.094000540193534 ], [ 6.299217418128952, 53.094865605350918 ], [ 6.29703228141784, 53.09609097094976 ], [ 6.298902631117642, 53.096781703819069 ], [ 6.313213049861873, 53.093386380948481 ] ] ], [ [ [ 6.427885635743904, 53.110372820694714 ], [ 6.429718620243843, 53.109477318685059 ], [ 6.427896816447937, 53.108791344081602 ], [ 6.426764925177975, 53.110954708006538 ], [ 6.427660430059344, 53.110923607766843 ], [ 6.427885635743904, 53.110372820694714 ] ] ], [ [ [ 6.594407257441077, 53.115182535094526 ], [ 6.594394291697399, 53.115370652838166 ], [ 6.5950028336103, 53.115315302453936 ], [ 6.594626179291021, 53.115152559530202 ], [ 6.594407257441077, 53.115182535094526 ] ] ], [ [ [ 6.626397684437, 53.123362444248087 ], [ 6.627335591206528, 53.122833222584376 ], [ 6.628648448049583, 53.119493050467845 ], [ 6.630575689852058, 53.119385297180756 ], [ 6.627937744421941, 53.117179113170259 ], [ 6.628067782634543, 53.115874611911885 ], [ 6.629830294210839, 53.11468334098668 ], [ 6.633862114800892, 53.114203115530017 ], [ 6.635781527295586, 53.113396275238216 ], [ 6.63710277427459, 53.108648696057863 ], [ 6.634836257816773, 53.106202076530856 ], [ 6.634646987455191, 53.105678449758727 ], [ 6.635563546228438, 53.105152316461897 ], [ 6.626276391362548, 53.10276660413993 ], [ 6.626469358474614, 53.100885193324416 ], [ 6.609865965433793, 53.111085403531291 ], [ 6.60916401999748, 53.112452890139579 ], [ 6.60962889278365, 53.114123597870474 ], [ 6.60603137936687, 53.115294655753125 ], [ 6.605956140121608, 53.118266296765455 ], [ 6.611393897382722, 53.120093209407919 ], [ 6.614457761507222, 53.121723065084907 ], [ 6.614484584590231, 53.127832098674126 ], [ 6.613980875712841, 53.128284980467974 ], [ 6.61073744301117, 53.126989152520643 ], [ 6.614253573972587, 53.128574408144431 ], [ 6.618978350384076, 53.129880078795466 ], [ 6.621320248265181, 53.128309099424428 ], [ 6.621763333467506, 53.12635071043676 ], [ 6.622834219460987, 53.125372975616365 ], [ 6.626397684437, 53.123362444248087 ] ] ], [ [ [ 6.31934052722395, 53.317159228156925 ], [ 6.324353947274959, 53.315647741178822 ], [ 6.330426269840649, 53.31515409371125 ], [ 6.333400752807548, 53.315763582071988 ], [ 6.341227850989843, 53.318734142721929 ], [ 6.345067015522773, 53.319035273489654 ], [ 6.34925695773714, 53.317818019022425 ], [ 6.354542858274058, 53.314168594822618 ], [ 6.356862113530966, 53.313854262140197 ], [ 6.360396270246194, 53.315294959326799 ], [ 6.365353089030021, 53.321080956340367 ], [ 6.367009097382826, 53.321571689450074 ], [ 6.368763994016472, 53.321506284199302 ], [ 6.372681531610689, 53.315836430232707 ], [ 6.378948155166086, 53.313148280126093 ], [ 6.384806780355536, 53.314226347349432 ], [ 6.390518724334806, 53.311525836519948 ], [ 6.389106678099191, 53.309880183917777 ], [ 6.391150951058887, 53.307023156619046 ], [ 6.39094433030261, 53.305167432330279 ], [ 6.383184650174374, 53.307144443016043 ], [ 6.372459915598684, 53.307282848556859 ], [ 6.371444754991268, 53.306656642380837 ], [ 6.373479543178586, 53.305429378835782 ], [ 6.374979514214232, 53.303461758134304 ], [ 6.373779513195583, 53.302257826447928 ], [ 6.375405459153563, 53.302920253188795 ], [ 6.380948314636038, 53.300101845674135 ], [ 6.386931635216242, 53.301691677086602 ], [ 6.389491545834371, 53.301672909992035 ], [ 6.390960085913241, 53.298855924076051 ], [ 6.39139820477691, 53.298448812651486 ], [ 6.392240488597973, 53.299043108418147 ], [ 6.392787233872675, 53.298876558147114 ], [ 6.392116190984962, 53.298033853402387 ], [ 6.392904584714742, 53.297848966264908 ], [ 6.397904483584695, 53.298999264040731 ], [ 6.39630805435223, 53.300044284788456 ], [ 6.398534739303493, 53.301247605993055 ], [ 6.410023628943942, 53.297801788783858 ], [ 6.410985263534574, 53.29536185782662 ], [ 6.409915832581755, 53.291207099266614 ], [ 6.410492125402717, 53.290020692255233 ], [ 6.420463103636775, 53.287778618743857 ], [ 6.421307267376147, 53.286330000596536 ], [ 6.42443175913079, 53.287159556330096 ], [ 6.42471045509182, 53.284622458969736 ], [ 6.423064322970841, 53.281855174422084 ], [ 6.429168205796794, 53.280679757705123 ], [ 6.430706653441309, 53.278156066683025 ], [ 6.4402002908303, 53.281888087935648 ], [ 6.441967647917988, 53.28305030835061 ], [ 6.442768198052468, 53.282904981081536 ], [ 6.444600746526563, 53.280689756065158 ], [ 6.447268348487117, 53.281886582872062 ], [ 6.446808965517726, 53.280752087157978 ], [ 6.449378732411728, 53.280194648574536 ], [ 6.452741048816377, 53.281495405242374 ], [ 6.453469927901783, 53.282234105017039 ], [ 6.45484721462171, 53.282297461732014 ], [ 6.457080988843635, 53.283342127499736 ], [ 6.458168027521941, 53.283409720574525 ], [ 6.458879441259068, 53.282524575969312 ], [ 6.460226339079529, 53.282916519522502 ], [ 6.460160824968224, 53.282366484417565 ], [ 6.461952642519709, 53.280846532009548 ], [ 6.460825344023355, 53.27995946324954 ], [ 6.462233714545071, 53.279348996560877 ], [ 6.471497338274744, 53.278924786532805 ], [ 6.472123388784575, 53.275270099996334 ], [ 6.47535596966654, 53.271141423686736 ], [ 6.47886146709505, 53.271803652246234 ], [ 6.484204399901001, 53.272024505409469 ], [ 6.482956350260964, 53.261869097961245 ], [ 6.483927538958619, 53.26216199972523 ], [ 6.484646665856069, 53.263496844192971 ], [ 6.486525640517457, 53.264340547491194 ], [ 6.487537138754242, 53.26279566580407 ], [ 6.49392869545541, 53.261208196763022 ], [ 6.495910462344165, 53.264511801173363 ], [ 6.501598494845437, 53.265326736870705 ], [ 6.503948812053352, 53.265231090105424 ], [ 6.506475111873129, 53.268130203814742 ], [ 6.508381165052365, 53.256092260863355 ], [ 6.511442422369409, 53.254114240168157 ], [ 6.509558136309, 53.252777864077814 ], [ 6.509005701843178, 53.253074422956992 ], [ 6.509111476322514, 53.252418241167028 ], [ 6.508034527399192, 53.251794598175181 ], [ 6.50173352637182, 53.252482068618022 ], [ 6.496548619254504, 53.251118274340079 ], [ 6.497521198783361, 53.247132142802606 ], [ 6.495988499710159, 53.245611407945447 ], [ 6.493682430056374, 53.245868555857712 ], [ 6.491985479788572, 53.245554696919676 ], [ 6.492435756644956, 53.246674690381219 ], [ 6.49042543590596, 53.24698039004921 ], [ 6.490427497496018, 53.247320921090648 ], [ 6.488725509121214, 53.24723139372869 ], [ 6.488601659710269, 53.249016352436961 ], [ 6.480920741035802, 53.250185288178244 ], [ 6.48019497258147, 53.244360582845268 ], [ 6.473804355103567, 53.231622111093174 ], [ 6.47435312177174, 53.230828159835255 ], [ 6.469767914927455, 53.220468633415756 ], [ 6.479075510947965, 53.215894156822088 ], [ 6.478644021838427, 53.214306170680693 ], [ 6.480774504222357, 53.210647646832477 ], [ 6.486164255590812, 53.211744457155469 ], [ 6.487218538651362, 53.211425388118109 ], [ 6.488302919254181, 53.209516953651161 ], [ 6.48884178623346, 53.209548435389543 ], [ 6.484413979976746, 53.208555497375656 ], [ 6.486147844978674, 53.207299854493591 ], [ 6.484270662145973, 53.203820044872174 ], [ 6.48571682935421, 53.203821257815669 ], [ 6.492725633380473, 53.200736374999515 ], [ 6.49350490587701, 53.198497018680527 ], [ 6.496427748927675, 53.198137433306705 ], [ 6.506844706842158, 53.200145038537755 ], [ 6.513385989039716, 53.19693701780399 ], [ 6.515715198228861, 53.198308149669629 ], [ 6.530062542403823, 53.195765436018903 ], [ 6.536690662196685, 53.195892564057708 ], [ 6.536783427666821, 53.193926995267759 ], [ 6.538173980939188, 53.192725118398371 ], [ 6.538603166282878, 53.191379920158141 ], [ 6.540405776304862, 53.191799399217537 ], [ 6.540801267568579, 53.191237299319489 ], [ 6.542089968426334, 53.191513001107253 ], [ 6.541632130644484, 53.19071855165344 ], [ 6.543739318522505, 53.191142224274337 ], [ 6.545122619702784, 53.189459887016653 ], [ 6.545020353886337, 53.188049270700049 ], [ 6.543210672801723, 53.185502007105889 ], [ 6.546900261879184, 53.1810194577711 ], [ 6.545457546341791, 53.180119089415228 ], [ 6.54483935224258, 53.180659555500696 ], [ 6.544215054749565, 53.180548428720506 ], [ 6.544492790473847, 53.179480716933895 ], [ 6.549274019437544, 53.181191875733994 ], [ 6.548852138615501, 53.181664266489655 ], [ 6.556935735590491, 53.183830481987378 ], [ 6.558187603525629, 53.182039839423489 ], [ 6.566619136452374, 53.184514161530835 ], [ 6.571786365261729, 53.182234869509024 ], [ 6.567963283223525, 53.179562146698785 ], [ 6.569192909245793, 53.17785559962671 ], [ 6.573921766322811, 53.174135222357997 ], [ 6.572915582371097, 53.171542875615643 ], [ 6.569028541515124, 53.167572727542954 ], [ 6.569942416131142, 53.166096539379133 ], [ 6.572104072743467, 53.164974344450812 ], [ 6.573939247073647, 53.161166681351148 ], [ 6.564233102801779, 53.157820082150899 ], [ 6.581496957638263, 53.163530689757692 ], [ 6.581098885720933, 53.162613219348295 ], [ 6.583455289430044, 53.158527459601608 ], [ 6.587089330693164, 53.156225957933366 ], [ 6.58464254982511, 53.15430518672305 ], [ 6.58738643800684, 53.148683236179629 ], [ 6.587794254699341, 53.145891802445277 ], [ 6.600456339416389, 53.144308814972511 ], [ 6.605877891632836, 53.13984361556841 ], [ 6.603819064875433, 53.139355613548091 ], [ 6.605347548315597, 53.136901272061181 ], [ 6.601323927416932, 53.135996837749317 ], [ 6.599173599739863, 53.137705293270493 ], [ 6.593020876789884, 53.135123600338822 ], [ 6.593407542631351, 53.134410884801312 ], [ 6.589557570388823, 53.133214828605361 ], [ 6.589246591849755, 53.132406937715587 ], [ 6.588096922679545, 53.132220911253114 ], [ 6.589691870267998, 53.130757113706906 ], [ 6.5909052884355, 53.131356913039433 ], [ 6.596601462966261, 53.129134443253996 ], [ 6.600524368929897, 53.13063379291733 ], [ 6.601512517056429, 53.132853753315366 ], [ 6.605977880013378, 53.135013831134785 ], [ 6.607159158507907, 53.135011232356327 ], [ 6.607597389430919, 53.133557250115992 ], [ 6.605884233513514, 53.124805362327862 ], [ 6.603541837632256, 53.123633953163463 ], [ 6.601049532084846, 53.123271231587026 ], [ 6.599038308081912, 53.122179297868939 ], [ 6.597926339579449, 53.123032352637878 ], [ 6.599005860754747, 53.122020457883032 ], [ 6.597526504232008, 53.120699473367644 ], [ 6.599037608394639, 53.117064407519308 ], [ 6.596530404295737, 53.11646273118911 ], [ 6.59539216664415, 53.119180415912986 ], [ 6.593776079142621, 53.11786549591065 ], [ 6.594228935856244, 53.116677689636958 ], [ 6.591580231982758, 53.116604363179903 ], [ 6.592673457536891, 53.114759538974326 ], [ 6.593466134993683, 53.114528688917325 ], [ 6.59761977302708, 53.115583369085485 ], [ 6.597969530563425, 53.114465172779155 ], [ 6.597038996686074, 53.114111175922737 ], [ 6.597496511095114, 53.112526985533357 ], [ 6.598548882948684, 53.112612825178779 ], [ 6.598969322548608, 53.11126846191668 ], [ 6.598975146107483, 53.110783051281096 ], [ 6.597625159772291, 53.111594342745541 ], [ 6.593460123946233, 53.111671574175858 ], [ 6.593316506505087, 53.111062656547766 ], [ 6.590637074858613, 53.110643575975025 ], [ 6.59559627495471, 53.101048311667249 ], [ 6.594785665298192, 53.098852848611791 ], [ 6.593494904666541, 53.097862278921873 ], [ 6.594497376115097, 53.097508081475034 ], [ 6.592332551892109, 53.095502458296572 ], [ 6.590603003747044, 53.096405702439611 ], [ 6.586143533621394, 53.096478848428553 ], [ 6.579685496524972, 53.095022656644311 ], [ 6.577116054461814, 53.098122625912787 ], [ 6.569874920529755, 53.096609864186618 ], [ 6.562142242504408, 53.1078663482986 ], [ 6.554526584395552, 53.105271633111379 ], [ 6.552951174857208, 53.104191196122713 ], [ 6.549585985715732, 53.108517635450461 ], [ 6.549986987385977, 53.110210541396164 ], [ 6.548576881133596, 53.110874203838243 ], [ 6.55027904287667, 53.111391448674652 ], [ 6.54793290295002, 53.11418454145236 ], [ 6.547801868153169, 53.116785880114122 ], [ 6.544801679710454, 53.119074117946766 ], [ 6.543864942514424, 53.121838669913537 ], [ 6.540566377125611, 53.12503329232171 ], [ 6.538385267569299, 53.130130753107181 ], [ 6.529463852987962, 53.132035440027721 ], [ 6.527839357248935, 53.131855863158101 ], [ 6.530007568521143, 53.13680086020041 ], [ 6.526783381813888, 53.13618179897 ], [ 6.524535729805349, 53.137868936326576 ], [ 6.523139987925719, 53.137839796033383 ], [ 6.52296307205002, 53.138236365892048 ], [ 6.519077679347244, 53.13774466702862 ], [ 6.519423349108433, 53.136984615443701 ], [ 6.513712989874517, 53.136188488654952 ], [ 6.51429713395181, 53.134990723012379 ], [ 6.516967669094702, 53.134861303798338 ], [ 6.517756484739458, 53.133923962749215 ], [ 6.516581811433414, 53.132315096061447 ], [ 6.514761338059192, 53.132627643730743 ], [ 6.512543484363802, 53.13227323378878 ], [ 6.513246451539654, 53.131417629842346 ], [ 6.514737122165543, 53.131152969235288 ], [ 6.51092997484128, 53.13069305298999 ], [ 6.512501764633502, 53.125604462790612 ], [ 6.505191191062344, 53.122435151596058 ], [ 6.518057531716695, 53.111646925942132 ], [ 6.511459821904958, 53.10997460114708 ], [ 6.514385468728696, 53.103757029546003 ], [ 6.515806940955152, 53.10266849739962 ], [ 6.519084178663216, 53.101882663275063 ], [ 6.523091334783036, 53.099489239713577 ], [ 6.5111106450012, 53.09480079796041 ], [ 6.497131018153266, 53.090334308897965 ], [ 6.490416126771172, 53.097397872925548 ], [ 6.485008411316634, 53.106022294922035 ], [ 6.489989541777407, 53.097887003843987 ], [ 6.490930417787357, 53.096696395618387 ], [ 6.48126136837926, 53.092634875262924 ], [ 6.47976690262286, 53.098041175570323 ], [ 6.476728749430851, 53.099928406888061 ], [ 6.474300073807077, 53.103280102096434 ], [ 6.471496490204495, 53.104949352125935 ], [ 6.465409483514342, 53.106715075278075 ], [ 6.459291672498138, 53.106692293107336 ], [ 6.454069811490586, 53.107801281217554 ], [ 6.446731495191591, 53.107155889920534 ], [ 6.442304974118001, 53.108509937395254 ], [ 6.443573368894199, 53.110124916261661 ], [ 6.443445673709335, 53.116390217895827 ], [ 6.442718422452518, 53.117109282359664 ], [ 6.441601641113721, 53.116840464985216 ], [ 6.440802773633604, 53.117243852370734 ], [ 6.439593730664065, 53.120164473259273 ], [ 6.43883099040319, 53.12014768537707 ], [ 6.438447030213152, 53.119721260851783 ], [ 6.439720670954782, 53.118354236613904 ], [ 6.437099022944062, 53.114886660789637 ], [ 6.432920951466264, 53.115690714907643 ], [ 6.432189344037639, 53.116463812725144 ], [ 6.430092528121993, 53.116083229901619 ], [ 6.427405653655448, 53.114305659836589 ], [ 6.426190282215518, 53.114047777881083 ], [ 6.42627203146165, 53.112828677929556 ], [ 6.425976529669904, 53.114817601806145 ], [ 6.426098723964234, 53.115575496628509 ], [ 6.425890061427979, 53.114303074824029 ], [ 6.424242667167533, 53.11418479815076 ], [ 6.423260912567557, 53.113400002877185 ], [ 6.422357348125113, 53.114611326061627 ], [ 6.420813527526841, 53.113521129972703 ], [ 6.420288924808253, 53.113848586321318 ], [ 6.418162846158045, 53.112877558356494 ], [ 6.418884886264544, 53.111654959876951 ], [ 6.416770514320448, 53.111421773147242 ], [ 6.414670621848039, 53.112584528593054 ], [ 6.413918321091932, 53.11248317316241 ], [ 6.412139452337073, 53.113484373009172 ], [ 6.410328024335442, 53.1138116077096 ], [ 6.410109118997458, 53.113234119790903 ], [ 6.413369352318105, 53.110206359298928 ], [ 6.407243292630473, 53.106192871152153 ], [ 6.412284080040099, 53.104024333806898 ], [ 6.418273113944013, 53.110683109679613 ], [ 6.421120155738114, 53.110487791181292 ], [ 6.422820612188779, 53.108463535419808 ], [ 6.424190701821157, 53.108976019456932 ], [ 6.422969162359426, 53.111203009009472 ], [ 6.424735282764698, 53.11096323760782 ], [ 6.425405490166276, 53.109740526443034 ], [ 6.424585726699407, 53.109577109561322 ], [ 6.424789329605523, 53.109066829777852 ], [ 6.425832761821142, 53.108952226657372 ], [ 6.426767207083316, 53.1071419678848 ], [ 6.427757389694463, 53.106644114961036 ], [ 6.42878884800357, 53.107030242346305 ], [ 6.43049449126693, 53.104858720511437 ], [ 6.43076314512625, 53.103388762092457 ], [ 6.42885310711927, 53.102592530714453 ], [ 6.424516135538178, 53.099392867783095 ], [ 6.422517721984971, 53.09623341969376 ], [ 6.418854935252191, 53.094195880550473 ], [ 6.416484497820511, 53.091948239356263 ], [ 6.416365006135168, 53.08715130560234 ], [ 6.41047984829934, 53.074614798208394 ], [ 6.409563807698245, 53.074622709095507 ], [ 6.408485613438877, 53.075800954552335 ], [ 6.408077959923418, 53.074644276278541 ], [ 6.399556690929638, 53.073915191997315 ], [ 6.392970265473407, 53.072149569688158 ], [ 6.393035693722445, 53.076337752384077 ], [ 6.389035388208144, 53.076494276773111 ], [ 6.390759825253292, 53.080353873221263 ], [ 6.387146705439545, 53.084833521756444 ], [ 6.381603798441402, 53.084219596184262 ], [ 6.361215660165482, 53.084139295742773 ], [ 6.356209355025483, 53.083525386615584 ], [ 6.354872566723333, 53.083684791718198 ], [ 6.354951453599068, 53.085701957255935 ], [ 6.353444630457763, 53.085597201777055 ], [ 6.353702409556854, 53.086563076473936 ], [ 6.344628282666726, 53.087454243705032 ], [ 6.341170593163168, 53.086340665354335 ], [ 6.339701756767925, 53.085177502621761 ], [ 6.341310752589987, 53.082362376272478 ], [ 6.347115387275171, 53.081734396458678 ], [ 6.349427027252543, 53.082017708682677 ], [ 6.35250921995757, 53.081450129177355 ], [ 6.351626548578552, 53.079377053050003 ], [ 6.353429552614715, 53.079198388031791 ], [ 6.352449283089423, 53.07772955571884 ], [ 6.34985727734321, 53.077667403349729 ], [ 6.344526929492918, 53.076239166063786 ], [ 6.342817626832363, 53.076667824975758 ], [ 6.340008143533441, 53.076136669785861 ], [ 6.333566692833764, 53.07711150029467 ], [ 6.330780619789584, 53.079413852645771 ], [ 6.326501034570074, 53.080925236894686 ], [ 6.322237001035782, 53.079641446358899 ], [ 6.316830296085858, 53.080729845685426 ], [ 6.312944260365956, 53.083583842454665 ], [ 6.30717812722405, 53.083668674942579 ], [ 6.315157448505333, 53.09405278464002 ], [ 6.290565601165271, 53.099829050814776 ], [ 6.283050305351932, 53.1068631379907 ], [ 6.274138824602124, 53.111161165463884 ], [ 6.261684591161825, 53.114292694744968 ], [ 6.239363959059856, 53.113388825749134 ], [ 6.225961810546482, 53.114300140074398 ], [ 6.222606765128025, 53.114914146198998 ], [ 6.20560981368221, 53.115466454684913 ], [ 6.202381526670758, 53.117220591237256 ], [ 6.192941189980495, 53.123356596762342 ], [ 6.192412834508871, 53.123784999237628 ], [ 6.19612646533378, 53.121391906379962 ], [ 6.198971860854944, 53.123725751169417 ], [ 6.201214437244159, 53.126586404642957 ], [ 6.198961520924113, 53.128804418974354 ], [ 6.194802999035036, 53.130963425210155 ], [ 6.189986519667571, 53.132272650830984 ], [ 6.189008875344337, 53.131773740692331 ], [ 6.188176990438691, 53.132452059778537 ], [ 6.183422756633925, 53.131187318399313 ], [ 6.185716695339529, 53.129213440409536 ], [ 6.179069281845288, 53.133992024650198 ], [ 6.175677576274707, 53.135076376686833 ], [ 6.175621043291914, 53.144202199176405 ], [ 6.177337001500714, 53.166982764664027 ], [ 6.181223876468429, 53.170348264829819 ], [ 6.188034205290857, 53.182486716518632 ], [ 6.193097426731806, 53.189277732384205 ], [ 6.195276796562855, 53.191498501997643 ], [ 6.197755220113752, 53.192073920228538 ], [ 6.199432031730903, 53.193253582919766 ], [ 6.199621421570665, 53.198355319732336 ], [ 6.204114562489356, 53.199758474899483 ], [ 6.20957817462376, 53.199960977454467 ], [ 6.219242358907384, 53.206129811353833 ], [ 6.224839620263427, 53.212003823994309 ], [ 6.224750136963308, 53.214578573340958 ], [ 6.229988418687429, 53.217818449798294 ], [ 6.230173320378412, 53.222440431547085 ], [ 6.225339457465566, 53.225455381547533 ], [ 6.224632096752958, 53.230073794901479 ], [ 6.221680492060703, 53.231667697143166 ], [ 6.214583935996608, 53.233710697402458 ], [ 6.215542522979687, 53.236985154815649 ], [ 6.220239054202342, 53.237347760674616 ], [ 6.224972056678056, 53.238592839103106 ], [ 6.22461591919349, 53.239700941216967 ], [ 6.222823443907461, 53.239497672818857 ], [ 6.217978238112256, 53.241932130491428 ], [ 6.219453490102477, 53.242866750526126 ], [ 6.223218346556733, 53.243381017301665 ], [ 6.224170060780754, 53.244303638735694 ], [ 6.227743333038978, 53.245239672885937 ], [ 6.229707212970529, 53.244751899703317 ], [ 6.23109486567494, 53.245105362359617 ], [ 6.232075255667231, 53.247124663756146 ], [ 6.229601568468714, 53.24891319721084 ], [ 6.230318479261669, 53.25042641878553 ], [ 6.233665183512858, 53.250398998324407 ], [ 6.235100679369488, 53.2533548436773 ], [ 6.232625266128729, 53.254563916707589 ], [ 6.231749084922097, 53.255946627939615 ], [ 6.23217304889278, 53.256747412369478 ], [ 6.23494482529533, 53.256703899413004 ], [ 6.237584186728117, 53.257547158904451 ], [ 6.238763027658524, 53.259681033480099 ], [ 6.237973446654099, 53.261582736068569 ], [ 6.239415661036728, 53.263143235721984 ], [ 6.241623516935731, 53.263951683190776 ], [ 6.243484499403226, 53.265459824726889 ], [ 6.243625014747727, 53.266459527736508 ], [ 6.246863172423753, 53.268295830926746 ], [ 6.249977289708139, 53.267219997278076 ], [ 6.253474138436325, 53.267724628615568 ], [ 6.254943464165557, 53.26852454772267 ], [ 6.255763293835007, 53.270836489669257 ], [ 6.252964937210829, 53.273467863068241 ], [ 6.251408724147525, 53.277254968970738 ], [ 6.254266057383526, 53.288642838282044 ], [ 6.259903656385464, 53.291075709876914 ], [ 6.267456569136935, 53.290854853328831 ], [ 6.26926786236765, 53.290278463828386 ], [ 6.270754922561464, 53.292060139806388 ], [ 6.270286679905855, 53.293159730748449 ], [ 6.274374946432758, 53.29648870729568 ], [ 6.274488006610113, 53.299147386101211 ], [ 6.278307175445253, 53.302730935686363 ], [ 6.279478633872878, 53.303324380651553 ], [ 6.290250171491194, 53.305377683856257 ], [ 6.294016443954919, 53.308368577244288 ], [ 6.292779334993118, 53.309892156266322 ], [ 6.286763298904986, 53.312010364674762 ], [ 6.284027779511328, 53.311792166201855 ], [ 6.280503416685083, 53.312581484699457 ], [ 6.28381398459464, 53.327305569782354 ], [ 6.284005355262295, 53.326785172102028 ], [ 6.29262052407943, 53.322486972786699 ], [ 6.300153008238778, 53.321110958934597 ], [ 6.303438970015997, 53.321026769847691 ], [ 6.308754405922245, 53.32267622451883 ], [ 6.30970630901425, 53.326400056501839 ], [ 6.313234952936384, 53.328813474098865 ], [ 6.315948071449117, 53.325071390875337 ], [ 6.316312386510712, 53.31976338702458 ], [ 6.31934052722395, 53.317159228156925 ] ] ], [ [ [ 6.517567983736853, 53.200132595801485 ], [ 6.517799805321439, 53.200941387256684 ], [ 6.519156648974986, 53.201463336834586 ], [ 6.519551400229354, 53.200857768425671 ], [ 6.517567983736853, 53.200132595801485 ] ] ], [ [ [ 6.497379975080249, 53.215337796917055 ], [ 6.498235422564354, 53.215520389109663 ], [ 6.498736565151398, 53.214689261747722 ], [ 6.49715676417089, 53.214343940524969 ], [ 6.496656703131495, 53.213178371471777 ], [ 6.497193386452173, 53.212362312135255 ], [ 6.489242806386422, 53.212980243205223 ], [ 6.489385294780233, 53.214296280513047 ], [ 6.491857123224431, 53.214112478477631 ], [ 6.495791155239857, 53.214976773789665 ], [ 6.496594120587257, 53.215539021542966 ], [ 6.497379975080249, 53.215337796917055 ] ] ], [ [ [ 6.394111773629804, 53.300910123062977 ], [ 6.39385783487992, 53.300399402352369 ], [ 6.391930720181545, 53.299835844008825 ], [ 6.391659868810332, 53.300484980947537 ], [ 6.392356749638438, 53.300883759968116 ], [ 6.393516966091168, 53.301208688400713 ], [ 6.394111773629804, 53.300910123062977 ] ] ], [ [ [ 6.391074361810165, 53.304830066928155 ], [ 6.39115143993215, 53.304585445103967 ], [ 6.391032648932113, 53.304497240828802 ], [ 6.390884457690097, 53.304909767674786 ], [ 6.391074361810165, 53.304830066928155 ] ] ] ] } }
]
}
