{
"type": "FeatureCollection",
"name": "gemeenten_grdr_simplified",
"crs": { "type": "name", "properties": { "name": "urn:ogc:def:crs:EPSG::28992" } },
"features": [
{ "type": "Feature", "properties": { "fid": 15, "identificatie": "GM0106", "naam": "Assen", "code": "0106", "ligt_in_provincie_code": "22", "ligt_in_provincie_naam": "Drenthe" }, "geometry": { "type": "MultiPolygon", "coordinates": [ [ [ [ 231873.371000000013737, 550255.255 ], [ 232041.69, 550281.48499999998603 ], [ 232048.666999999986729, 550215.785000000032596 ], [ 232134.301, 550225.689999999944121 ], [ 232147.408, 550107.85999999998603 ], [ 232235.471, 550117.691 ], [ 232417.114, 551356.702999999979511 ], [ 232351.514, 551385.011000000056811 ], [ 232450.87400000001071, 551635.861000000033528 ], [ 232671.12, 552656.439000000013039 ], [ 233930.497, 551710.01500000001397 ], [ 234018.845, 551766.998999999952503 ], [ 234016.47, 552010.721000000019558 ], [ 234192.873, 552120.753999999957159 ], [ 234312.861, 552373.290999999968335 ], [ 234511.098, 553043.270999999949709 ], [ 234560.905, 553061.665000000037253 ], [ 235220.316, 554045.892 ], [ 236203.378, 554642.025000000023283 ], [ 236151.394, 555018.37300000002142 ], [ 236202.272, 555342.853 ], [ 236404.568999999988591, 555626.150000000023283 ], [ 236769.488000000012107, 555834.927999999956228 ], [ 236943.07, 556302.290999999968335 ], [ 236986.606999999989057, 556722.02800000004936 ], [ 236931.883, 557100.508000000030734 ], [ 237050.541, 557265.513999999966472 ], [ 237039.388, 557359.0 ], [ 237104.747, 557393.343 ], [ 237079.231, 557434.562000000034459 ], [ 237144.981, 557608.224999999976717 ], [ 237256.824, 557607.484000000054948 ], [ 237149.106999999989057, 557664.304 ], [ 237239.31, 557799.674 ], [ 237172.432, 557855.775999999954365 ], [ 237239.185999999986961, 557888.716000000014901 ], [ 237179.854, 557976.018999999971129 ], [ 237233.077, 557966.783999999985099 ], [ 237300.283, 558086.011000000056811 ], [ 237347.752, 558078.615 ], [ 237297.351, 558185.305999999982305 ], [ 237172.872, 558266.79500000004191 ], [ 237221.938, 558292.199000000022352 ], [ 237292.359, 558250.699999999953434 ], [ 237352.511, 558374.86199999996461 ], [ 237458.856, 558398.871999999973923 ], [ 237416.288, 558436.427999999956228 ], [ 237446.530999999988126, 558543.787000000011176 ], [ 237503.176, 558575.096000000019558 ], [ 237473.0, 558618.584000000031665 ], [ 237621.246000000013737, 558700.067999999970198 ], [ 237623.961000000010245, 558749.799 ], [ 237654.821, 558716.716000000014901 ], [ 237703.619, 558767.116000000038184 ], [ 237725.412000000011176, 558713.297000000020489 ], [ 237794.12400000001071, 558734.498999999952503 ], [ 237878.772999999986496, 558845.403999999980442 ], [ 237830.133, 558975.606999999959953 ], [ 237893.643000000010943, 559034.964999999967404 ], [ 237815.090999999985797, 559018.429 ], [ 237821.206, 559061.11199999996461 ], [ 238133.522999999986496, 559291.194000000017695 ], [ 238128.435999999986961, 559370.782 ], [ 238384.051, 559450.810999999986961 ], [ 238442.301, 559641.001000000047497 ], [ 238549.181000000011409, 559629.278999999980442 ], [ 238529.097, 559710.26500000001397 ], [ 238461.606, 559702.680999999982305 ], [ 238439.272, 559762.069000000017695 ], [ 238516.66, 559845.221000000019558 ], [ 238483.951, 559911.628000000026077 ], [ 238543.033, 559979.947000000043772 ], [ 238566.957, 560179.966999999945983 ], [ 238364.351, 560349.351000000024214 ], [ 238463.71, 560629.305999999982305 ], [ 238390.4, 560646.623999999952503 ], [ 238323.739, 560590.576 ], [ 238239.638, 560704.393999999971129 ], [ 236558.278, 561373.947999999974854 ], [ 236775.364, 561908.513999999966472 ], [ 236870.087999999988824, 563097.143999999971129 ], [ 236658.950000000011642, 563975.714999999967404 ], [ 236375.777, 564580.135 ], [ 236316.157, 564450.650000000023283 ], [ 235510.157, 564129.180000000051223 ], [ 235396.725, 564317.050999999977648 ], [ 234985.297, 564230.493999999947846 ], [ 234685.201, 564247.773999999975786 ], [ 234630.86799999998766, 563734.167000000015832 ], [ 234369.033, 563735.087000000057742 ], [ 234310.285, 563776.170999999972992 ], [ 234276.674, 564316.170999999972992 ], [ 233305.892, 564160.728 ], [ 233368.935999999986961, 563841.020000000018626 ], [ 233145.66, 563772.871999999973923 ], [ 233232.18, 563505.028999999980442 ], [ 233057.873, 563218.326 ], [ 232976.812, 562871.73699999996461 ], [ 233155.268000000010943, 562440.643000000040047 ], [ 233044.74299999998766, 561880.069000000017695 ], [ 232944.272999999986496, 561899.591999999945983 ], [ 232945.13, 561982.400000000023283 ], [ 232818.00099999998929, 561532.662000000011176 ], [ 232412.043, 561592.057999999960884 ], [ 232438.019, 561762.88800000003539 ], [ 231898.742, 561861.804 ], [ 231916.01500000001397, 561944.560999999986961 ], [ 231661.26, 562075.432999999960884 ], [ 231703.521, 562195.861000000033528 ], [ 231618.932, 562370.621000000042841 ], [ 231311.587999999988824, 562755.861000000033528 ], [ 230351.332, 562522.788999999989755 ], [ 229969.532, 562744.015999999945052 ], [ 229635.842, 561856.854000000050291 ], [ 229843.901000000012573, 561168.057000000029802 ], [ 229352.060999999986961, 561014.101000000024214 ], [ 229937.473999999987427, 559369.643000000040047 ], [ 230345.454999999987194, 559487.038999999989755 ], [ 230561.894999999989523, 558768.878999999957159 ], [ 230086.044, 558713.993999999947846 ], [ 228904.617, 558169.946 ], [ 229219.255, 556800.60999999998603 ], [ 229585.6, 556886.60999999998603 ], [ 229292.54, 556719.897 ], [ 229655.066, 556490.88 ], [ 229211.428000000014435, 555814.63800000003539 ], [ 229288.22, 555767.29500000004191 ], [ 229323.388, 555823.52800000004936 ], [ 229505.24299999998766, 555712.106000000028871 ], [ 228777.653, 554559.636000000056811 ], [ 229472.392, 554125.724999999976717 ], [ 228935.753, 553250.988999999943189 ], [ 229361.443999999988591, 552983.971000000019558 ], [ 228711.829999999987194, 552019.756999999983236 ], [ 229091.12599999998929, 551790.194999999948777 ], [ 229160.032, 551897.425000000046566 ], [ 229332.526000000012573, 551786.917999999946915 ], [ 229584.744, 552188.145999999949709 ], [ 231118.957, 551253.669 ], [ 230993.108, 550896.34699999995064 ], [ 231673.182999999989988, 550441.716999999945983 ], [ 231892.973999999987427, 550477.506000000052154 ], [ 231873.371000000013737, 550255.255 ] ] ] ] } },
{ "type": "Feature", "properties": { "fid": 20, "identificatie": "GM0109", "naam": "Coevorden", "code": "0109", "ligt_in_provincie_code": "22", "ligt_in_provincie_naam": "Drenthe" }, "geometry": { "type": "MultiPolygon", "coordinates": [ [ [ [ 244554.745, 516404.804 ], [ 244895.10999999998603, 516686.94 ], [ 245113.829999999987194, 516810.659999999974389 ], [ 245283.37, 516823.93 ], [ 245659.57, 517029.900000000023283 ], [ 245941.35999999998603, 517514.210000000020955 ], [ 246357.85, 517931.32 ], [ 246689.356, 518397.169 ], [ 247261.730000000010477, 518580.85999999998603 ], [ 247413.729, 518724.025000000023283 ], [ 247472.452, 518679.479 ], [ 247357.37400000001071, 518598.670999999972992 ], [ 247464.4, 518464.44 ], [ 247823.239, 518807.261999999987893 ], [ 248438.528, 518599.231000000028871 ], [ 248716.6, 518960.710000000020955 ], [ 248857.44, 518979.897999999986496 ], [ 249074.602000000013504, 519146.738000000012107 ], [ 249493.446, 519250.117000000027474 ], [ 249750.682, 519239.793 ], [ 249905.397999999986496, 519289.228 ], [ 250217.503, 519057.120999999984633 ], [ 250826.384, 519202.023999999975786 ], [ 250996.454, 519130.316 ], [ 251142.842, 518904.467 ], [ 251697.114, 518860.125 ], [ 251876.943, 518758.62699999997858 ], [ 252117.451, 518770.818000000028405 ], [ 252468.314000000013039, 518921.341000000014901 ], [ 252752.589, 519202.881 ], [ 253142.644999999989523, 519258.637999999977183 ], [ 254048.39000000001397, 518905.93 ], [ 254246.13, 519016.210000000020955 ], [ 254792.759, 519040.782 ], [ 254307.74, 521600.63 ], [ 253845.579999999987194, 524549.185000000055879 ], [ 253259.884, 524561.493999999947846 ], [ 252460.603, 527484.991999999969266 ], [ 252360.193, 527490.015999999945052 ], [ 252209.791999999986729, 528026.150999999954365 ], [ 252953.011, 528444.040000000037253 ], [ 252839.299999999988358, 528729.518000000040047 ], [ 252468.47, 529300.050000000046566 ], [ 252613.674, 529499.626000000047497 ], [ 252660.665, 529862.38800000003539 ], [ 252971.847, 530310.640999999945052 ], [ 252952.799999999988358, 530541.158999999985099 ], [ 252994.53, 530667.643000000040047 ], [ 252956.43, 530816.966000000014901 ], [ 252732.891, 530842.533999999985099 ], [ 252920.586000000010245, 531081.841999999945983 ], [ 253042.980000000010477, 531393.957999999984168 ], [ 252973.196, 531515.34699999995064 ], [ 252801.704999999987194, 531576.020000000018626 ], [ 252662.375, 531692.246000000042841 ], [ 252443.468, 532054.924 ], [ 252444.991, 532195.123999999952503 ], [ 252610.24900000001071, 532407.140999999945052 ], [ 252650.465999999985797, 532561.976000000024214 ], [ 252617.472, 532700.473 ], [ 252432.135, 533009.028999999980442 ], [ 252421.185, 533292.158000000054017 ], [ 253226.869, 535128.758000000030734 ], [ 253505.086000000010245, 535912.099999999976717 ], [ 253548.199, 536153.003000000026077 ], [ 253627.139, 536262.834999999962747 ], [ 253001.687, 536867.109000000054948 ], [ 252889.513, 537089.944999999948777 ], [ 251839.481, 538124.525000000023283 ], [ 251814.582, 538078.214000000036322 ], [ 251326.721, 538559.584000000031665 ], [ 247853.284000000014203, 541190.427000000025146 ], [ 248088.358, 541367.054 ], [ 246985.871000000013737, 542188.446 ], [ 246960.763, 542434.12 ], [ 247006.961000000010245, 542471.927000000025146 ], [ 246577.469000000011874, 543434.517 ], [ 246426.912000000011176, 543603.718 ], [ 246115.008, 543501.429 ], [ 245907.946999999985565, 543934.11199999996461 ], [ 245822.314000000013039, 544353.783999999985099 ], [ 244378.231, 543154.716000000014901 ], [ 244873.318, 542958.881000000052154 ], [ 244748.39000000001397, 542419.157 ], [ 245169.606999999989057, 541959.951 ], [ 245354.555, 541593.113999999943189 ], [ 244761.888, 541010.413999999989755 ], [ 243713.527, 540785.060999999986961 ], [ 243877.284000000014203, 540281.712999999988824 ], [ 243973.866, 539611.621000000042841 ], [ 243213.81, 538509.631999999983236 ], [ 243077.218, 538642.804 ], [ 242874.68, 538424.189999999944121 ], [ 242809.22, 538429.660000000032596 ], [ 242801.828, 538211.746000000042841 ], [ 242745.299, 538095.044 ], [ 242829.855000000010477, 538063.76300000003539 ], [ 243102.851, 537159.400999999954365 ], [ 242945.044, 536809.062999999965541 ], [ 243005.416999999986729, 536759.991999999969266 ], [ 242972.926, 536655.92000000004191 ], [ 242823.37599999998929, 536658.95499999995809 ], [ 242251.185, 536390.567000000039116 ], [ 242116.318999999988591, 535836.481999999959953 ], [ 242017.846, 535823.01300000003539 ], [ 241890.41, 535559.241000000038184 ], [ 242058.663, 535428.763999999966472 ], [ 241865.0, 535203.15500000002794 ], [ 241361.163, 535480.973 ], [ 240894.984, 535643.060999999986961 ], [ 237951.480000000010477, 531327.62 ], [ 235344.299999999988358, 527091.90500000002794 ], [ 235341.071999999985565, 526982.256999999983236 ], [ 236717.174999999988358, 526925.108 ], [ 236669.856, 525774.775000000023283 ], [ 238580.609, 525718.625 ], [ 238977.843, 525759.25 ], [ 238936.280999999988126, 523922.093 ], [ 238982.468, 523484.0 ], [ 239194.921, 522869.686999999976251 ], [ 239181.992, 521487.957999999984168 ], [ 239027.427, 520970.177000000025146 ], [ 242646.864, 519307.559 ], [ 244419.657, 518731.617000000027474 ], [ 244223.636, 518405.938000000023749 ], [ 244236.13, 518145.398999999975786 ], [ 243999.022999999986496, 518032.12599999998929 ], [ 243933.446, 517945.977000000013504 ], [ 244003.635, 517874.657 ], [ 244103.23499999998603, 517902.577999999979511 ], [ 244230.509, 517865.993000000016764 ], [ 244301.522999999986496, 517708.521 ], [ 244206.008, 517451.224999999976717 ], [ 244092.755, 517292.696 ], [ 244088.810999999986961, 517130.528999999980442 ], [ 244185.986, 517045.276000000012573 ], [ 244161.928000000014435, 516922.541000000026543 ], [ 244058.646, 516696.036000000021886 ], [ 243947.852000000013504, 516585.027 ], [ 243934.526000000012573, 516475.306999999971595 ], [ 244020.36799999998766, 516337.24 ], [ 244212.647999999986496, 516346.262999999977183 ], [ 244371.171, 516287.246999999973923 ], [ 244424.854, 516427.777 ], [ 244554.745, 516404.804 ] ] ] ] } },
{ "type": "Feature", "properties": { "fid": 21, "identificatie": "GM1895", "naam": "Oldambt", "code": "1895", "ligt_in_provincie_code": "20", "ligt_in_provincie_naam": "Groningen" }, "geometry": { "type": "MultiPolygon", "coordinates": [ [ [ [ 264948.51, 571089.648000000044703 ], [ 265130.843999999982771, 571091.75 ], [ 265232.696, 571177.692000000039116 ], [ 265353.38, 571573.685999999986961 ], [ 266294.588999999978114, 572632.493999999947846 ], [ 266369.168, 572781.378000000026077 ], [ 267532.795999999972992, 573617.540999999968335 ], [ 268344.718, 574363.209999999962747 ], [ 268833.456, 574511.133999999961816 ], [ 269138.613000000012107, 574462.942999999970198 ], [ 269571.283, 574304.814999999944121 ], [ 269755.049, 574311.491000000038184 ], [ 269977.96999999997206, 574393.557999999960884 ], [ 271294.593999999982771, 575252.483 ], [ 271822.831, 575378.270000000018626 ], [ 272218.058000000019092, 575604.385 ], [ 272451.699000000022352, 575918.425999999977648 ], [ 272585.306999999971595, 576330.694999999948777 ], [ 274536.721000000019558, 574948.942999999970198 ], [ 274726.951, 575471.493999999947846 ], [ 275134.098999999987427, 575723.415000000037253 ], [ 275539.810999999986961, 575747.875 ], [ 275538.32, 576019.479999999981374 ], [ 275657.49, 576282.770000000018626 ], [ 275631.200000000011642, 576524.680000000051223 ], [ 276442.78000000002794, 578184.400000000023283 ], [ 277037.039999999979045, 578244.050000000046566 ], [ 278026.090000000025611, 578638.12 ], [ 276702.590000000025611, 579517.209999999962747 ], [ 276919.150000000023283, 579971.599999999976717 ], [ 277251.25, 580318.42000000004191 ], [ 277316.400000000023283, 580572.729999999981374 ], [ 277228.57, 582457.560000000055879 ], [ 276753.799999999988358, 583963.089999999967404 ], [ 276888.78000000002794, 583943.300000000046566 ], [ 274936.650000000023283, 595472.520000000018626 ], [ 273876.0, 595560.160000000032596 ], [ 271269.159999999974389, 595434.37 ], [ 269846.950000000011642, 595307.319999999948777 ], [ 269190.0, 595118.01 ], [ 269190.0, 592860.0 ], [ 271504.07, 590449.0 ], [ 271565.53000000002794, 589545.38 ], [ 270183.289999999979045, 587640.229999999981374 ], [ 268264.168, 586675.89000000001397 ], [ 267760.656000000017229, 586115.38 ], [ 267951.379000000015367, 585950.38800000003539 ], [ 267171.631999999983236, 585286.535000000032596 ], [ 266617.147, 585924.86199999996461 ], [ 266484.621999999973923, 585822.962000000057742 ], [ 265849.179, 586613.13 ], [ 265310.506999999983236, 587187.077999999979511 ], [ 265207.62599999998929, 587050.371000000042841 ], [ 265104.202, 587165.140999999945052 ], [ 264956.072999999974854, 587103.924 ], [ 264738.852000000013504, 586761.547000000020489 ], [ 264193.368000000016764, 586529.109000000054948 ], [ 264095.527, 586424.589999999967404 ], [ 263506.120999999984633, 587242.295999999972992 ], [ 263460.202999999979511, 587234.191 ], [ 263486.196999999985565, 587925.256000000052154 ], [ 262444.289999999979045, 587935.334999999962747 ], [ 262255.952999999979511, 587893.809 ], [ 260534.13, 587104.180000000051223 ], [ 259441.980000000010477, 586684.310000000055879 ], [ 259039.64000000001397, 585807.900000000023283 ], [ 258989.85999999998603, 585240.209999999962747 ], [ 258827.84, 585061.770000000018626 ], [ 258495.28, 585300.17000000004191 ], [ 257900.829999999987194, 584475.099999999976717 ], [ 257556.549999999988358, 584754.449999999953434 ], [ 257447.170000000012806, 584713.400000000023283 ], [ 257064.700000000011642, 585199.339999999967404 ], [ 256915.31, 585097.71999999997206 ], [ 256745.46, 585125.459999999962747 ], [ 256681.68, 584517.589999999967404 ], [ 256618.450000000011642, 584525.290000000037253 ], [ 256583.00700000001234, 584113.268999999971129 ], [ 256879.223, 583136.633999999961816 ], [ 257363.113000000012107, 583393.810999999986961 ], [ 257743.509, 582757.934 ], [ 257564.287000000011176, 582650.827000000048429 ], [ 257689.601, 582440.488999999943189 ], [ 257852.844000000011874, 581973.839000000036322 ], [ 258022.593, 581790.910999999963678 ], [ 257447.299999999988358, 581181.0 ], [ 257726.28, 580922.26 ], [ 257578.06, 580732.459999999962747 ], [ 257321.03, 580208.07999999995809 ], [ 257223.1, 579853.839999999967404 ], [ 257781.0, 579722.800000000046566 ], [ 257702.200000000011642, 579428.770000000018626 ], [ 257626.57, 579317.96999999997206 ], [ 257357.91, 579391.660000000032596 ], [ 257325.49, 579176.050000000046566 ], [ 257177.950000000011642, 579055.339999999967404 ], [ 257174.31, 578863.319999999948777 ], [ 257052.4, 578445.699999999953434 ], [ 256906.6, 578256.770000000018626 ], [ 256907.19, 577969.560000000055879 ], [ 257017.43, 577774.39000000001397 ], [ 256983.71, 577628.300000000046566 ], [ 256917.51, 577554.319999999948777 ], [ 256701.68, 577479.229999999981374 ], [ 256662.71, 577315.89000000001397 ], [ 256724.87, 577223.92000000004191 ], [ 256970.541, 577220.908999999985099 ], [ 256669.54, 576980.949000000022352 ], [ 256387.833000000013271, 576595.934 ], [ 258118.575000000011642, 576920.773999999975786 ], [ 258164.739, 576508.098 ], [ 258991.199, 576659.135 ], [ 259004.246000000013737, 576567.180999999982305 ], [ 259047.50700000001234, 576564.621000000042841 ], [ 259112.752, 575824.800000000046566 ], [ 259554.278, 575821.185999999986961 ], [ 259879.189000000013039, 574060.618000000016764 ], [ 259892.952, 573352.677000000025146 ], [ 259948.321999999985565, 573383.430000000051223 ], [ 259975.681000000011409, 573339.170999999972992 ], [ 260329.204, 572055.054 ], [ 260272.552, 572007.84499999997206 ], [ 260702.721, 570634.478 ], [ 260643.339, 570596.812000000034459 ], [ 260668.812, 570494.937999999965541 ], [ 260807.791, 570556.559 ], [ 261615.981999999989057, 571446.991000000038184 ], [ 261725.49, 571350.32999999995809 ], [ 261802.670000000012806, 571443.0 ], [ 261933.480000000010477, 571333.13 ], [ 261889.72, 571281.03000000002794 ], [ 262134.018000000010943, 571077.393000000040047 ], [ 262149.934, 571114.522 ], [ 264855.487000000022817, 571176.339000000036322 ], [ 264948.51, 571089.648000000044703 ] ] ] ] } },
{ "type": "Feature", "properties": { "fid": 23, "identificatie": "GM1966", "naam": "Het Hogeland", "code": "1966", "ligt_in_provincie_code": "20", "ligt_in_provincie_naam": "Groningen" }, "geometry": { "type": "MultiPolygon", "coordinates": [ [ [ [ 229893.092, 586212.064999999944121 ], [ 229986.264, 586166.523000000044703 ], [ 230528.535, 586364.785999999963678 ], [ 230556.606, 586311.116000000038184 ], [ 230762.247, 586281.025999999954365 ], [ 230885.516, 586141.496999999973923 ], [ 231035.950000000011642, 586347.525999999954365 ], [ 231283.942000000010012, 586348.373999999952503 ], [ 231355.950000000011642, 586438.947000000043772 ], [ 231381.576, 586401.748999999952503 ], [ 231545.571999999985565, 586508.733 ], [ 231544.739, 586555.366000000038184 ], [ 231880.628999999986263, 586594.047000000020489 ], [ 231781.775, 587008.425999999977648 ], [ 231985.478, 586959.028999999980442 ], [ 232603.381, 587116.263999999966472 ], [ 232556.892, 587055.640999999945052 ], [ 232705.435, 586942.229000000050291 ], [ 232683.003, 586831.275999999954365 ], [ 232750.737, 586810.508999999961816 ], [ 233133.105000000010477, 586846.109000000054948 ], [ 233141.049999999988358, 586908.07999999995809 ], [ 233695.889, 586984.930999999982305 ], [ 233741.706, 586750.451 ], [ 234977.51, 586775.959999999962747 ], [ 234977.51, 586881.88800000003539 ], [ 235171.869, 586891.736000000033528 ], [ 235101.192000000010012, 586708.844000000040978 ], [ 235026.452, 586142.993000000016764 ], [ 236366.658, 585931.162999999942258 ], [ 236374.771, 585672.582999999984168 ], [ 237171.416999999986729, 585693.856999999959953 ], [ 237238.778, 585468.150999999954365 ], [ 238351.187, 585704.204000000027008 ], [ 238300.693999999988591, 586127.430000000051223 ], [ 238163.652, 586631.974000000045635 ], [ 237643.945, 587339.503999999957159 ], [ 238793.486, 590284.767 ], [ 239137.411, 591382.07999999995809 ], [ 239442.590999999985797, 592095.810999999986961 ], [ 239180.87, 592152.479999999981374 ], [ 238704.04, 591999.42000000004191 ], [ 238339.35999999998603, 592743.699999999953434 ], [ 237152.693999999988591, 592699.849000000045635 ], [ 236679.101, 593670.128999999957159 ], [ 236763.923, 593892.601000000024214 ], [ 236478.678000000014435, 594434.486000000033528 ], [ 236150.279, 594458.839999999967404 ], [ 235914.902, 594345.26300000003539 ], [ 235648.465, 595037.834000000031665 ], [ 235389.266, 594995.812999999965541 ], [ 235293.192000000010012, 595071.388999999966472 ], [ 236143.11799999998766, 595252.643999999971129 ], [ 236092.211000000010245, 595617.885 ], [ 235876.746000000013737, 595571.82999999995809 ], [ 235490.046, 596313.104000000050291 ], [ 235971.105000000010477, 596630.734000000054948 ], [ 236146.248, 596655.402 ], [ 236169.981, 596522.53000000002794 ], [ 236764.182999999989988, 596567.831 ], [ 236928.636999999987893, 596521.783999999985099 ], [ 237024.843, 596664.859000000054948 ], [ 237241.511, 596662.802999999956228 ], [ 237298.659000000014203, 596774.21999999997206 ], [ 237490.538999999989755, 596749.572000000043772 ], [ 237501.529, 596840.63 ], [ 237602.791999999986729, 596916.773000000044703 ], [ 237611.426, 596996.055999999982305 ], [ 237551.768000000010943, 597083.189000000013039 ], [ 237561.973, 597284.143999999971129 ], [ 237450.962999999988824, 597695.538999999989755 ], [ 237459.775, 597887.734000000054948 ], [ 237553.337999999988824, 597881.515999999945052 ], [ 237762.143000000010943, 598072.267 ], [ 238042.6, 598090.53000000002794 ], [ 238136.480000000010477, 597825.26 ], [ 238196.511, 597846.503000000026077 ], [ 238108.931000000011409, 598103.785000000032596 ], [ 238375.806000000011409, 598126.566 ], [ 238529.419, 598191.192000000039116 ], [ 238526.169, 598399.954000000027008 ], [ 238690.045000000012806, 598506.474000000045635 ], [ 238735.424999999988358, 598515.927999999956228 ], [ 238888.842, 598312.491000000038184 ], [ 239197.557999999989988, 598312.491000000038184 ], [ 239295.123, 598352.682999999960884 ], [ 239406.054, 598482.522 ], [ 239499.829999999987194, 598423.35999999998603 ], [ 239508.049999999988358, 598523.76 ], [ 239634.75, 598497.550000000046566 ], [ 239668.82, 598446.88 ], [ 240012.730000000010477, 598601.839999999967404 ], [ 240438.85, 598382.689999999944121 ], [ 240708.549999999988358, 598460.150000000023283 ], [ 240730.39000000001397, 598552.810000000055879 ], [ 240811.75, 598622.71999999997206 ], [ 240975.299999999988358, 598627.92000000004191 ], [ 241126.19, 598490.46999999997206 ], [ 241234.07, 598591.270000000018626 ], [ 241357.97, 598620.17000000004191 ], [ 241700.69, 598457.449999999953434 ], [ 241833.46, 598473.035000000032596 ], [ 242197.329999999987194, 598185.03000000002794 ], [ 242524.769999999989523, 598611.28000000002794 ], [ 242803.66, 598759.12 ], [ 242919.519999999989523, 598903.319999999948777 ], [ 242966.420000000012806, 598890.699999999953434 ], [ 242951.34, 598929.12 ], [ 243282.46, 599278.069999999948777 ], [ 244332.980000000010477, 600249.680000000051223 ], [ 245567.693999999988591, 601846.694000000017695 ], [ 245924.24, 602138.300000000046566 ], [ 246661.193, 602558.587000000057742 ], [ 246995.793, 602809.064999999944121 ], [ 247524.768000000010943, 603615.741000000038184 ], [ 247782.942000000010012, 603583.273999999975786 ], [ 247892.269, 603445.04500000004191 ], [ 247873.407, 603278.324000000022352 ], [ 247906.282, 603239.185000000055879 ], [ 248153.693999999988591, 603309.400000000023283 ], [ 248460.703, 602833.243000000016764 ], [ 251827.369, 604995.77800000004936 ], [ 252729.01, 604102.82999999995809 ], [ 253098.950000000011642, 603818.484000000054948 ], [ 253797.718, 603425.839000000036322 ], [ 253814.412000000011176, 603465.066 ], [ 255000.0, 603436.400000000023283 ], [ 256264.68, 609207.910000000032596 ], [ 255981.29, 609435.290000000037253 ], [ 254866.200000000011642, 609813.819999999948777 ], [ 253760.88, 609728.979999999981374 ], [ 252644.78, 610169.849999999976717 ], [ 250099.68, 612901.35999999998603 ], [ 248136.63, 614284.99 ], [ 245332.32, 616364.569999999948777 ], [ 239736.549999999988358, 620219.57999999995809 ], [ 238429.4, 621278.699999999953434 ], [ 237796.75, 621876.300000000046566 ], [ 236195.37, 620500.0 ], [ 224000.0, 620500.0 ], [ 219000.0, 617500.0 ], [ 219000.0, 615500.0 ], [ 220000.0, 615750.0 ], [ 221000.0, 615500.0 ], [ 221727.908, 615534.711000000010245 ], [ 222471.824, 615452.054 ], [ 222920.536, 615080.096000000019558 ], [ 223251.165, 614584.152 ], [ 223440.096, 613769.386999999987893 ], [ 223386.959, 613173.072999999974854 ], [ 223209.836000000010245, 612860.155999999959022 ], [ 222814.261999999987893, 612559.047000000020489 ], [ 222365.551, 612458.677999999956228 ], [ 221149.693999999988591, 612599.795999999972992 ], [ 221000.0, 612500.0 ], [ 220000.0, 612750.0 ], [ 219000.0, 612750.0 ], [ 219000.0, 607098.310000000055879 ], [ 208649.29, 603300.0 ], [ 206942.65, 600773.479999999981374 ], [ 206935.329999999987194, 600106.74 ], [ 207133.6, 598997.25 ], [ 207434.450000000011642, 598285.430000000051223 ], [ 207682.51, 597895.290000000037253 ], [ 207787.41, 597811.76 ], [ 208404.24, 597560.069999999948777 ], [ 210117.07, 597206.96999999997206 ], [ 210375.0, 597099.660000000032596 ], [ 210783.85, 596759.410000000032596 ], [ 210886.74, 596534.849999999976717 ], [ 210984.450000000011642, 596106.189999999944121 ], [ 211163.06, 595699.60999999998603 ], [ 211372.68, 595518.85999999998603 ], [ 211571.22, 595480.89000000001397 ], [ 211752.62, 595516.599999999976717 ], [ 212298.07, 596016.53000000002794 ], [ 212553.920000000012806, 596126.449999999953434 ], [ 212727.4, 596146.459999999962747 ], [ 213425.24, 595895.099999999976717 ], [ 214039.420000000012806, 595792.699999999953434 ], [ 214464.980000000010477, 595505.99 ], [ 214930.60999999998603, 595370.810000000055879 ], [ 215841.597, 594587.584999999962747 ], [ 216155.85, 594436.660000000032596 ], [ 216696.38, 593995.310000000055879 ], [ 216883.37, 593580.180000000051223 ], [ 216930.4, 592948.96999999997206 ], [ 217081.96, 592732.290000000037253 ], [ 217363.480000000010477, 592571.270000000018626 ], [ 217628.14000000001397, 592501.49 ], [ 217917.96, 592498.92000000004191 ], [ 218577.079999999987194, 592896.959999999962747 ], [ 218810.91, 592936.07999999995809 ], [ 219113.49, 592802.13 ], [ 219471.200000000011642, 592400.71999999997206 ], [ 219643.88200000001234, 592371.305000000051223 ], [ 219859.608, 592531.327999999979511 ], [ 220142.214, 593132.875 ], [ 220329.49, 593242.006999999983236 ], [ 220999.988000000012107, 593074.535999999963678 ], [ 221799.74299999998766, 593073.223 ], [ 222358.968, 592992.973 ], [ 222606.568999999988591, 593004.50199999997858 ], [ 222874.684, 593105.147 ], [ 223094.954999999987194, 593254.675999999977648 ], [ 223407.769999999989523, 593940.800000000046566 ], [ 223515.24, 594030.589999999967404 ], [ 224054.950000000011642, 593900.62 ], [ 224432.329999999987194, 594057.439999999944121 ], [ 224550.480000000010477, 594034.209999999962747 ], [ 224929.698, 593415.927999999956228 ], [ 225014.166, 593158.167000000015832 ], [ 225039.408, 592838.650000000023283 ], [ 225141.885, 592756.430000000051223 ], [ 225367.28, 592863.939000000013039 ], [ 225611.590999999985797, 593166.468 ], [ 225836.03, 593352.694999999948777 ], [ 225830.98499999998603, 593456.055000000051223 ], [ 225626.405, 593674.101999999955297 ], [ 225600.674, 593820.101000000024214 ], [ 225684.253999999986263, 593973.631000000052154 ], [ 226004.47, 594121.810000000055879 ], [ 226292.980000000010477, 594124.959999999962747 ], [ 226543.56, 594002.92000000004191 ], [ 226653.918, 593774.898000000044703 ], [ 226544.56, 593529.245 ], [ 226552.348, 593438.050000000046566 ], [ 226772.654, 593296.180999999982305 ], [ 227038.303000000014435, 593236.084999999962747 ], [ 227274.807999999989988, 593277.979000000050291 ], [ 227479.62599999998929, 593598.253000000026077 ], [ 227644.602000000013504, 593581.082999999984168 ], [ 227862.348999999987427, 593469.912000000011176 ], [ 228007.737, 593331.667999999946915 ], [ 228061.953, 593164.890999999945052 ], [ 227961.155, 592817.381999999983236 ], [ 228152.391, 592589.810999999986961 ], [ 229087.041999999986729, 591159.09699999995064 ], [ 229484.062, 590476.787000000011176 ], [ 229424.34, 589823.214000000036322 ], [ 229515.578, 589381.435000000055879 ], [ 229342.346, 589088.493000000016764 ], [ 229343.995, 588786.439000000013039 ], [ 229694.682, 587715.582999999984168 ], [ 229672.307, 587454.285999999963678 ], [ 229812.403, 586251.324000000022352 ], [ 229893.092, 586212.064999999944121 ] ] ] ] } },
{ "type": "Feature", "properties": { "fid": 39, "identificatie": "GM0160", "naam": "Hardenberg", "code": "0160", "ligt_in_provincie_code": "23", "ligt_in_provincie_naam": "Overijssel" }, "geometry": { "type": "MultiPolygon", "coordinates": [ [ [ [ 240252.574, 498915.058000000019092 ], [ 240768.812, 499120.628000000026077 ], [ 240869.737, 499352.412000000011176 ], [ 240615.712, 499732.739 ], [ 241091.291, 500197.463999999978114 ], [ 241018.894999999989523, 500765.657 ], [ 242067.166, 501579.679 ], [ 243726.76, 500646.288 ], [ 244005.231999999989057, 500648.109 ], [ 244461.113000000012107, 504519.25099999998929 ], [ 242737.37, 508083.979999999981374 ], [ 245146.75, 507594.270000000018626 ], [ 245141.14000000001397, 507794.770000000018626 ], [ 245393.41, 507948.82 ], [ 245403.701, 508049.711000000010245 ], [ 245456.128, 508092.143999999971129 ], [ 245774.920000000012806, 509245.24 ], [ 246335.817000000010012, 509091.018999999971129 ], [ 246735.413, 509129.379000000015367 ], [ 247566.821999999985565, 508809.487000000022817 ], [ 248359.718, 509107.809 ], [ 248539.04, 509117.080000000016298 ], [ 248532.84, 509327.960000000020955 ], [ 245234.655, 512060.025000000023283 ], [ 245304.961000000010245, 512576.161000000021886 ], [ 245411.73499999998603, 512757.571 ], [ 245350.82, 512913.106000000028871 ], [ 245363.918, 513143.701 ], [ 245542.513, 513678.673 ], [ 245572.375, 514258.058000000019092 ], [ 245757.579999999987194, 514995.840000000025611 ], [ 245586.801, 515404.298 ], [ 245449.834, 515596.072999999974854 ], [ 245395.907, 515591.087 ], [ 245279.74900000001071, 515723.297000000020489 ], [ 245158.66, 515765.920999999972992 ], [ 245128.202, 515925.101000000024214 ], [ 244847.469000000011874, 516301.212 ], [ 244698.276000000012573, 516301.18 ], [ 244571.411, 516352.619 ], [ 244564.14000000001397, 516408.729999999981374 ], [ 244424.854, 516427.777 ], [ 244371.171, 516287.246999999973923 ], [ 244212.647999999986496, 516346.262999999977183 ], [ 244020.36799999998766, 516337.24 ], [ 243935.946999999985565, 516462.869 ], [ 243942.011999999987893, 516573.291000000026543 ], [ 244065.248, 516706.472 ], [ 244161.928000000014435, 516922.541000000026543 ], [ 244185.986, 517045.276000000012573 ], [ 244088.810999999986961, 517130.528999999980442 ], [ 244092.755, 517292.696 ], [ 244206.008, 517451.224999999976717 ], [ 244301.522999999986496, 517708.521 ], [ 244230.509, 517865.993000000016764 ], [ 244103.23499999998603, 517902.577999999979511 ], [ 244003.635, 517874.657 ], [ 243933.446, 517945.977000000013504 ], [ 243999.022999999986496, 518032.12599999998929 ], [ 244236.13, 518145.398999999975786 ], [ 244223.636, 518405.938000000023749 ], [ 244419.657, 518731.617000000027474 ], [ 242646.864, 519307.559 ], [ 238009.613000000012107, 521438.145000000018626 ], [ 233851.60999999998603, 520428.424 ], [ 233424.814000000013039, 520192.346000000019558 ], [ 231249.669, 518239.141 ], [ 231626.698, 514660.868000000016764 ], [ 231182.01500000001397, 514605.167000000015832 ], [ 230667.230000000010477, 514976.51 ], [ 230342.329999999987194, 515076.74 ], [ 230014.68, 515074.85999999998603 ], [ 229806.24, 515195.44 ], [ 229554.68, 515156.49 ], [ 229267.68, 515179.710000000020955 ], [ 229044.799999999988358, 515073.75 ], [ 228957.252, 515167.079000000027008 ], [ 228870.302, 515124.147 ], [ 228723.988000000012107, 515416.365 ], [ 228617.443, 515354.213999999978114 ], [ 228533.259, 515407.128000000026077 ], [ 228490.279, 515519.628000000026077 ], [ 228532.691, 515521.742000000027474 ], [ 228545.346, 515597.912000000011176 ], [ 228477.942000000010012, 515780.175999999977648 ], [ 228321.799999999988358, 515825.468999999982771 ], [ 227864.66, 515652.419999999983702 ], [ 227861.854, 515500.778 ], [ 227915.18, 515452.0 ], [ 227810.920000000012806, 515366.960000000020955 ], [ 227789.299999999988358, 515166.229999999981374 ], [ 227697.65, 514982.13 ], [ 227710.51500000001397, 514847.552000000025146 ], [ 227640.700000000011642, 514786.19 ], [ 227501.030999999988126, 514815.742000000027474 ], [ 227326.31, 514745.99 ], [ 227317.81, 514682.85999999998603 ], [ 227247.35999999998603, 514699.93 ], [ 227208.75, 514577.919999999983702 ], [ 227016.519999999989523, 514716.5 ], [ 226850.34, 514666.85999999998603 ], [ 226505.29, 514817.96999999997206 ], [ 226428.1, 514754.71999999997206 ], [ 226407.422, 514810.354999999981374 ], [ 226353.200000000011642, 514802.63 ], [ 226058.049999999988358, 515020.03000000002794 ], [ 226028.31, 515130.450000000011642 ], [ 225951.87, 515153.799999999988358 ], [ 225918.019999999989523, 515279.25 ], [ 225995.269999999989523, 515330.85999999998603 ], [ 225984.519999999989523, 515455.419999999983702 ], [ 225776.019999999989523, 515858.419999999983702 ], [ 225863.79, 515945.289999999979045 ], [ 225806.71, 516095.349999999976717 ], [ 225687.29, 516161.830000000016298 ], [ 225641.049999999988358, 516100.38 ], [ 225479.99, 516137.76 ], [ 225471.730000000010477, 516022.599999999976717 ], [ 225374.730000000010477, 515985.210000000020955 ], [ 225338.670000000012806, 515868.229999999981374 ], [ 225392.269999999989523, 515729.01 ], [ 225227.769999999989523, 515700.669999999983702 ], [ 225219.950000000011642, 515649.18 ], [ 224951.76, 515476.840000000025611 ], [ 224936.01, 515360.43 ], [ 224870.730000000010477, 515321.28000000002794 ], [ 224860.299999999988358, 515108.909999999974389 ], [ 224760.019999999989523, 515126.419999999983702 ], [ 224690.37, 515064.419999999983702 ], [ 224456.533, 515164.511 ], [ 224320.462999999988824, 515356.175999999977648 ], [ 224225.845, 515401.49 ], [ 224224.943999999988591, 515360.547000000020489 ], [ 224007.318, 515282.799 ], [ 223986.247, 515061.533 ], [ 224053.019, 514959.221000000019558 ], [ 223986.506, 514881.592 ], [ 223862.586000000010245, 514841.202999999979511 ], [ 223846.022999999986496, 514788.287000000011176 ], [ 223667.037000000011176, 514784.48499999998603 ], [ 223534.445, 514883.960000000020955 ], [ 223425.094000000011874, 514866.166000000026543 ], [ 223418.329999999987194, 514928.836000000010245 ], [ 223320.079, 514949.716000000014901 ], [ 223172.658, 514885.955000000016298 ], [ 223159.823, 514761.642 ], [ 223028.62, 514651.226000000024214 ], [ 223019.514, 514581.792000000015832 ], [ 222851.802, 514559.571999999985565 ], [ 222507.011, 514316.087 ], [ 222454.112, 514400.885 ], [ 222477.44, 514586.685 ], [ 222426.796, 514700.652 ], [ 222260.12400000001071, 514621.995 ], [ 222171.585, 514688.810999999986961 ], [ 222186.674, 514733.313000000023749 ], [ 221999.19, 514835.313000000023749 ], [ 221967.191, 514933.450000000011642 ], [ 222024.511, 514992.411000000021886 ], [ 221979.245, 515110.618000000016764 ], [ 222039.166999999986729, 515218.321 ], [ 221974.649, 515281.646 ], [ 221978.666, 515342.587999999988824 ], [ 221915.488000000012107, 515346.060999999986961 ], [ 221794.405, 515507.327 ], [ 221768.077, 515601.523999999975786 ], [ 221858.022999999986496, 515661.271 ], [ 221902.794, 515765.462 ], [ 221893.37599999998929, 515850.38900000002468 ], [ 221820.872, 515891.543 ], [ 221894.911, 516000.615999999979977 ], [ 221831.783, 516024.283 ], [ 221872.682, 516060.108 ], [ 221820.125, 516177.835000000020955 ], [ 221745.446, 516195.672000000020489 ], [ 221737.935999999986961, 516245.231000000028871 ], [ 221693.388, 516230.544999999983702 ], [ 221636.358, 516484.987000000022817 ], [ 221583.198, 516460.018999999971129 ], [ 221479.908, 516513.474999999976717 ], [ 221505.647999999986496, 516585.342 ], [ 221438.597, 516675.207 ], [ 221449.219000000011874, 516779.653999999980442 ], [ 221516.016, 516836.984 ], [ 221497.9, 516893.923 ], [ 221404.136, 516903.604 ], [ 221275.573, 517122.62 ], [ 221136.619, 517130.849999999976717 ], [ 221052.315, 517285.678000000014435 ], [ 221134.222, 517348.526000000012573 ], [ 221136.456, 517437.25 ], [ 221058.633, 517494.842 ], [ 221156.307, 517565.045999999972992 ], [ 221106.615, 517642.99900000001071 ], [ 221142.372, 517744.952 ], [ 221058.37, 517767.346000000019558 ], [ 221013.805, 517862.022999999986496 ], [ 220821.348, 518006.306999999971595 ], [ 220743.918, 517970.496999999973923 ], [ 220729.983, 518023.598 ], [ 220386.741, 518045.142 ], [ 220381.35, 518250.98499999998603 ], [ 220293.141, 518341.694000000017695 ], [ 220274.21, 518304.183000000019092 ], [ 220160.367, 518315.425999999977648 ], [ 220064.663, 518395.316 ], [ 219950.951, 518394.181999999971595 ], [ 219977.769, 518479.411000000021886 ], [ 219719.844000000011874, 518614.340000000025611 ], [ 219566.549999999988358, 518942.092 ], [ 219439.646, 519007.909999999974389 ], [ 219353.358, 518941.303000000014435 ], [ 219293.525, 518988.088999999978114 ], [ 219237.158, 518964.74800000002142 ], [ 219178.182999999989988, 519055.348999999987427 ], [ 219065.51500000001397, 518999.792000000015832 ], [ 218955.22, 519106.808000000019092 ], [ 218970.171, 519226.885 ], [ 218798.719000000011874, 519254.115999999979977 ], [ 218639.873, 519438.691999999980908 ], [ 218526.038, 519242.897 ], [ 217053.195, 512568.672000000020489 ], [ 218176.10999999998603, 512808.916000000026543 ], [ 218438.503999999986263, 512072.956 ], [ 223122.799999999988358, 511995.128000000026077 ], [ 223808.877, 512020.294 ], [ 224680.932999999989988, 509652.18 ], [ 225578.366, 509800.195 ], [ 225811.807999999989988, 509780.60999999998603 ], [ 226244.987, 509603.679 ], [ 229654.529, 509612.829000000027008 ], [ 230220.422, 509913.114 ], [ 230428.087999999988824, 510140.608 ], [ 230766.91, 510396.032 ], [ 231938.32, 508711.60999999998603 ], [ 232494.56, 507129.0 ], [ 232602.200000000011642, 505925.85999999998603 ], [ 232828.445, 505136.717 ], [ 232871.199, 505198.087 ], [ 232958.978, 505204.886 ], [ 233085.715999999985797, 505041.329000000027008 ], [ 233351.494, 504923.746999999973923 ], [ 233296.6, 504709.460000000020955 ], [ 233430.480000000010477, 504336.49 ], [ 233334.14000000001397, 504102.38 ], [ 233568.1, 504117.31 ], [ 233692.60999999998603, 504062.32 ], [ 233634.49, 503780.710000000020955 ], [ 233936.04, 503669.277 ], [ 234210.10999999998603, 503391.94 ], [ 234386.54, 503483.909999999974389 ], [ 234376.9, 503572.299999999988358 ], [ 234260.44, 503741.81 ], [ 234420.68, 503876.710000000020955 ], [ 234536.799999999988358, 504145.28000000002794 ], [ 234666.44, 504216.049999999988358 ], [ 234900.89000000001397, 504116.62 ], [ 235046.87, 504000.090000000025611 ], [ 235071.12, 503809.07 ], [ 234936.19, 503628.330000000016298 ], [ 234706.99, 503728.75 ], [ 234621.920000000012806, 503705.840000000025611 ], [ 234631.49, 503560.26 ], [ 234699.68, 503452.330000000016298 ], [ 234918.25, 503401.960000000020955 ], [ 235159.614, 503261.496999999973923 ], [ 235510.480000000010477, 502914.94 ], [ 238020.739, 501234.12 ], [ 237391.125, 500405.487000000022817 ], [ 237061.73499999998603, 499860.135 ], [ 237460.46, 499774.096000000019558 ], [ 238270.185999999986961, 498262.38900000002468 ], [ 238299.457, 498245.01 ], [ 238534.864, 498668.033 ], [ 238610.670000000012806, 498656.413 ], [ 238829.514, 498803.492000000027474 ], [ 239222.821, 499176.414999999979045 ], [ 239525.029, 498974.75099999998929 ], [ 239824.854, 498943.704000000027008 ], [ 240159.291999999986729, 499111.734 ], [ 240252.574, 498915.058000000019092 ] ] ] ] } },
{ "type": "Feature", "properties": { "fid": 58, "identificatie": "GM0765", "naam": "Pekela", "code": "0765", "ligt_in_provincie_code": "20", "ligt_in_provincie_naam": "Groningen" }, "geometry": { "type": "MultiPolygon", "coordinates": [ [ [ [ 260271.761999999987893, 559700.466000000014901 ], [ 262330.063000000023749, 563657.037999999942258 ], [ 262498.429, 564318.718 ], [ 262565.993000000016764, 564285.859000000054948 ], [ 262655.858, 564334.395000000018626 ], [ 262618.893999999971129, 564405.593 ], [ 262691.319000000017695, 564442.280999999959022 ], [ 262715.929, 564395.167000000015832 ], [ 263763.865999999979977, 566430.392 ], [ 263988.966000000014901, 565961.104000000050291 ], [ 264697.827, 567336.613000000012107 ], [ 264726.292000000015832, 567484.679 ], [ 264749.729999999981374, 567437.533999999985099 ], [ 265870.09499999997206, 569593.636000000056811 ], [ 264997.38, 570315.14000000001397 ], [ 264884.688000000023749, 570671.375 ], [ 264722.634000000020023, 570766.255 ], [ 264973.680999999982305, 571066.033000000054017 ], [ 264855.487000000022817, 571176.339000000036322 ], [ 262149.934, 571114.522 ], [ 262134.018000000010943, 571077.393000000040047 ], [ 261889.72, 571281.03000000002794 ], [ 261933.480000000010477, 571333.13 ], [ 261802.670000000012806, 571443.0 ], [ 261725.49, 571350.32999999995809 ], [ 261615.981999999989057, 571446.991000000038184 ], [ 260807.791, 570556.559 ], [ 260432.453, 570399.625 ], [ 260388.922, 568810.937999999965541 ], [ 260299.75, 568704.062999999965541 ], [ 260244.806000000011409, 568754.147 ], [ 260217.109, 568650.937999999965541 ], [ 260145.218, 568689.0 ], [ 259285.429, 567218.662000000011176 ], [ 259344.866, 567200.087999999988824 ], [ 258778.734, 566663.75 ], [ 258436.01500000001397, 566218.75 ], [ 258368.555, 566274.34699999995064 ], [ 258342.125, 566223.625 ], [ 258338.530999999988126, 565975.5 ], [ 258059.39000000001397, 564532.687000000034459 ], [ 258642.937, 564103.125 ], [ 258675.687, 563637.0 ], [ 257775.37400000001071, 563584.312000000034459 ], [ 257843.312, 563137.062000000034459 ], [ 256822.223, 562954.792000000015832 ], [ 256960.566, 562454.773999999975786 ], [ 257184.723, 562058.086000000010245 ], [ 258825.128, 560384.346000000019558 ], [ 259217.041, 560111.224000000045635 ], [ 260271.761999999987893, 559700.466000000014901 ] ] ] ] } },
{ "type": "Feature", "properties": { "fid": 72, "identificatie": "GM1730", "naam": "Tynaarlo", "code": "1730", "ligt_in_provincie_code": "22", "ligt_in_provincie_naam": "Drenthe" }, "geometry": { "type": "MultiPolygon", "coordinates": [ [ [ [ 232168.989, 561801.881999999983236 ], [ 232443.984, 561759.881999999983236 ], [ 232412.043, 561592.057999999960884 ], [ 232818.00099999998929, 561532.662000000011176 ], [ 232945.13, 561982.400000000023283 ], [ 232944.272999999986496, 561899.591999999945983 ], [ 233044.74299999998766, 561880.069000000017695 ], [ 233156.461000000010245, 562458.591999999945983 ], [ 232984.951, 562782.027 ], [ 232978.393000000010943, 562887.554 ], [ 233057.873, 563218.326 ], [ 233232.18, 563505.028999999980442 ], [ 233145.66, 563772.871999999973923 ], [ 233368.935999999986961, 563841.020000000018626 ], [ 233305.892, 564160.728 ], [ 234276.674, 564316.170999999972992 ], [ 234310.285, 563776.170999999972992 ], [ 234369.033, 563735.087000000057742 ], [ 234630.86799999998766, 563734.167000000015832 ], [ 234685.201, 564247.773999999975786 ], [ 234985.297, 564230.493999999947846 ], [ 235396.725, 564317.050999999977648 ], [ 235510.157, 564129.180000000051223 ], [ 236316.157, 564450.650000000023283 ], [ 236375.777, 564580.135 ], [ 236658.950000000011642, 563975.714999999967404 ], [ 236870.087999999988824, 563097.143999999971129 ], [ 236775.364, 561908.513999999966472 ], [ 236558.278, 561373.947999999974854 ], [ 238239.638, 560704.393999999971129 ], [ 238323.739, 560590.576 ], [ 238395.458000000013271, 560646.988000000012107 ], [ 239628.702, 560674.841999999945983 ], [ 239339.396, 562122.807999999960884 ], [ 239249.098999999987427, 562200.665999999968335 ], [ 239248.689000000013039, 562274.383999999961816 ], [ 239129.719000000011874, 562289.555000000051223 ], [ 239057.157, 562378.094000000040978 ], [ 239110.634, 562485.452999999979511 ], [ 239170.662000000011176, 562474.47199999995064 ], [ 239111.041, 562585.165000000037253 ], [ 239196.969000000011874, 562681.837000000057742 ], [ 239170.541, 562848.395999999949709 ], [ 239289.457, 563023.886000000056811 ], [ 239371.348999999987427, 563040.633000000030734 ], [ 239318.468, 563122.057999999960884 ], [ 239444.802, 563211.442000000039116 ], [ 239490.689000000013039, 563396.231000000028871 ], [ 239749.443999999988591, 563613.40300000004936 ], [ 239769.72, 563721.839000000036322 ], [ 239917.691, 563927.908000000054017 ], [ 240184.229, 563993.849000000045635 ], [ 240435.763, 563989.267 ], [ 240633.458000000013271, 564168.471000000019558 ], [ 240767.845, 564186.576 ], [ 240795.144999999989523, 564249.408999999985099 ], [ 240609.451, 564431.356000000028871 ], [ 240624.681000000011409, 564608.770000000018626 ], [ 240700.702, 564691.824000000022352 ], [ 240840.116, 564726.327999999979511 ], [ 240900.103, 564816.408999999985099 ], [ 240985.666, 564814.020000000018626 ], [ 240951.644999999989523, 564903.849999999976717 ], [ 241100.045000000012806, 564981.45499999995809 ], [ 241029.996000000013737, 565028.22199999995064 ], [ 240998.231999999989057, 564964.064000000013039 ], [ 240959.144, 564985.707999999984168 ], [ 240945.218, 565068.865 ], [ 241018.028, 565182.746000000042841 ], [ 240995.518000000010943, 565257.317999999970198 ], [ 240895.306000000011409, 565234.731000000028871 ], [ 240606.239, 565447.307000000029802 ], [ 240726.62599999998929, 565791.687000000034459 ], [ 240549.856999999989057, 565699.951 ], [ 240443.717, 565782.913999999989755 ], [ 240383.471, 565903.461000000010245 ], [ 240442.0, 566110.849000000045635 ], [ 240371.89000000001397, 566032.466000000014901 ], [ 240301.946, 566035.680000000051223 ], [ 240256.412000000011176, 566121.022 ], [ 240273.803000000014435, 566255.060999999986961 ], [ 240137.062, 566259.908000000054017 ], [ 239991.427, 566436.827999999979511 ], [ 239979.203, 566308.008000000030734 ], [ 239922.801, 566304.86199999996461 ], [ 239879.755, 566392.51300000003539 ], [ 239941.429, 566444.805999999982305 ], [ 239892.590999999985797, 566656.209999999962747 ], [ 239702.044, 566654.90300000004936 ], [ 239595.443999999988591, 566600.71999999997206 ], [ 239537.503, 566890.371999999973923 ], [ 240131.478, 567105.79500000004191 ], [ 240532.74, 566822.062000000034459 ], [ 241180.606, 566600.003999999957159 ], [ 242166.202, 565812.278999999980442 ], [ 242440.176, 565616.219000000040978 ], [ 242482.045000000012806, 565628.822000000043772 ], [ 242932.672, 565057.069000000017695 ], [ 243754.93, 565621.905999999959022 ], [ 243908.904, 565467.11199999996461 ], [ 244733.131, 566035.444999999948777 ], [ 244803.420000000012806, 565987.246999999973923 ], [ 245233.049, 566250.589999999967404 ], [ 246242.371000000013737, 566971.557000000029802 ], [ 246314.807999999989988, 566953.733 ], [ 246328.275, 567033.846000000019558 ], [ 246260.835, 567186.04500000004191 ], [ 246174.24, 567158.312000000034459 ], [ 245990.009, 567264.71999999997206 ], [ 246065.369, 567442.221000000019558 ], [ 246177.94, 567537.46999999997206 ], [ 248063.378999999986263, 568446.544 ], [ 246376.271, 570150.572000000043772 ], [ 246343.5, 570269.729000000050291 ], [ 246188.681000000011409, 570283.093 ], [ 246100.691, 570493.701 ], [ 245826.803000000014435, 570739.040000000037253 ], [ 245790.261, 570830.702000000048429 ], [ 245733.288, 570807.633999999961816 ], [ 245395.75, 571145.366999999969266 ], [ 243547.692000000010012, 571199.317999999970198 ], [ 242575.079999999987194, 571284.160000000032596 ], [ 240926.577, 570735.849000000045635 ], [ 240946.358, 570705.871999999973923 ], [ 238551.668, 569546.093 ], [ 238626.782, 569639.991000000038184 ], [ 238604.701, 569730.218 ], [ 238698.603, 569782.246999999973923 ], [ 238679.37400000001071, 570000.51300000003539 ], [ 238560.228, 570131.586000000010245 ], [ 238657.09, 570287.084999999962747 ], [ 238455.949, 570451.074999999953434 ], [ 238200.487, 570484.049 ], [ 238079.847, 570589.23499999998603 ], [ 238101.332, 570687.493000000016764 ], [ 238049.714, 570745.503000000026077 ], [ 238258.764, 570989.032 ], [ 238161.011, 571057.145000000018626 ], [ 238112.142, 571017.883999999961816 ], [ 238028.49900000001071, 571204.388999999966472 ], [ 238038.615, 571374.746000000042841 ], [ 237647.847, 571755.863999999943189 ], [ 237601.557, 572001.505 ], [ 237421.427, 572217.800000000046566 ], [ 237444.611, 572348.738999999943189 ], [ 237318.503999999986263, 572409.202000000048429 ], [ 237275.337, 572504.925000000046566 ], [ 237082.509, 572469.65300000004936 ], [ 237127.89000000001397, 572789.062999999965541 ], [ 236881.22, 573046.300000000046566 ], [ 236593.534000000014203, 573198.163999999989755 ], [ 236146.022, 573792.748999999952503 ], [ 235967.711000000010245, 573710.809 ], [ 235872.941, 573744.941 ], [ 235856.719000000011874, 573872.128000000026077 ], [ 235513.913999999989755, 573807.011999999987893 ], [ 235340.487, 573858.571 ], [ 235321.318999999988591, 574121.682999999960884 ], [ 235197.604, 574608.006999999983236 ], [ 235095.217, 574753.104999999981374 ], [ 235093.426, 574832.841999999945983 ], [ 235261.959, 575058.256000000052154 ], [ 235107.435, 575212.778999999980442 ], [ 235023.695, 575237.006000000052154 ], [ 234999.258, 575416.810000000055879 ], [ 234892.064000000013039, 575611.606000000028871 ], [ 234912.077, 575704.650000000023283 ], [ 234825.663, 575716.395999999949709 ], [ 234875.514, 575870.890999999945052 ], [ 233694.105000000010477, 575189.61199999996461 ], [ 233393.048, 576461.104999999981374 ], [ 232615.37, 577783.294 ], [ 232281.102000000013504, 577523.184 ], [ 232189.003999999986263, 577499.584000000031665 ], [ 232044.782, 577787.927000000025146 ], [ 231675.619, 578111.118000000016764 ], [ 231340.723999999987427, 579331.072000000043772 ], [ 231406.842, 579373.648999999975786 ], [ 231168.46, 579397.60999999998603 ], [ 230414.56, 579663.96999999997206 ], [ 230170.559, 579427.474000000045635 ], [ 230350.131, 579112.571 ], [ 230446.825000000011642, 578802.356000000028871 ], [ 230532.756, 578755.576 ], [ 230562.432999999989988, 578630.922000000020489 ], [ 230481.035, 578598.332999999984168 ], [ 230482.404, 578488.15300000004936 ], [ 230589.456, 578481.782 ], [ 230624.318999999988591, 578384.327000000048429 ], [ 230811.267, 578281.03000000002794 ], [ 231010.85999999998603, 577867.01500000001397 ], [ 231100.19, 577436.609000000054948 ], [ 231161.644999999989523, 577354.402 ], [ 231211.621000000013737, 577361.834000000031665 ], [ 231286.797, 577187.653999999980442 ], [ 231346.619, 577190.371000000042841 ], [ 231365.714, 577061.147 ], [ 231464.196999999985565, 576953.170999999972992 ], [ 231443.937, 576791.785000000032596 ], [ 231558.006, 576699.915999999968335 ], [ 231651.972, 576765.755 ], [ 231775.083000000013271, 576717.393999999971129 ], [ 231778.996000000013737, 576640.14000000001397 ], [ 231657.49900000001071, 576551.636999999987893 ], [ 231656.905999999988126, 576445.226999999955297 ], [ 231690.495, 576379.540000000037253 ], [ 231843.096, 576322.353 ], [ 231810.480000000010477, 576113.212000000057742 ], [ 231926.484, 575920.167999999946915 ], [ 231839.056000000011409, 575870.525999999954365 ], [ 231861.844000000011874, 575680.26 ], [ 231711.043, 575524.368999999947846 ], [ 231820.778, 575410.316 ], [ 231837.064000000013039, 575329.805000000051223 ], [ 231964.666999999986729, 575251.084999999962747 ], [ 231911.325000000011642, 575095.456 ], [ 231962.420000000012806, 574979.466000000014901 ], [ 231712.891, 574521.745 ], [ 231814.037000000011176, 574317.682000000029802 ], [ 231927.553000000014435, 574216.913999999989755 ], [ 231983.586000000010245, 574003.5 ], [ 232018.991, 573809.013999999966472 ], [ 231918.468, 573483.604999999981374 ], [ 232145.413999999989755, 573093.788999999989755 ], [ 232122.772999999986496, 572437.113000000012107 ], [ 232093.0, 572366.339999999967404 ], [ 231737.085, 572381.86199999996461 ], [ 231387.478, 572294.191 ], [ 230212.155, 572134.87 ], [ 230326.193, 571570.268000000040047 ], [ 229557.873, 570998.736000000033528 ], [ 229387.835, 571305.821 ], [ 228178.856999999989057, 571000.983 ], [ 228462.154, 569987.743000000016764 ], [ 228503.744, 569389.714000000036322 ], [ 228873.856999999989057, 568444.812999999965541 ], [ 229779.169, 566858.506000000052154 ], [ 229823.147, 566876.018000000040047 ], [ 229978.227000000013504, 566604.854000000050291 ], [ 230476.109, 565637.457000000053085 ], [ 230565.818, 564870.758999999961816 ], [ 230397.54, 563876.517 ], [ 229969.532, 562744.015999999945052 ], [ 230351.332, 562522.788999999989755 ], [ 231311.587999999988824, 562755.861000000033528 ], [ 231618.932, 562370.621000000042841 ], [ 231703.521, 562195.861000000033528 ], [ 231661.26, 562075.432999999960884 ], [ 231916.01500000001397, 561944.560999999986961 ], [ 231900.03, 561861.033000000054017 ], [ 232168.989, 561801.881999999983236 ] ] ] ] } },
{ "type": "Feature", "properties": { "fid": 105, "identificatie": "GM1701", "naam": "Westerveld", "code": "1701", "ligt_in_provincie_code": "22", "ligt_in_provincie_naam": "Drenthe" }, "geometry": { "type": "MultiPolygon", "coordinates": [ [ [ [ 210014.587, 527217.917000000015832 ], [ 211134.185999999986961, 529318.581 ], [ 211276.687, 529276.937000000034459 ], [ 212012.606, 528595.204000000027008 ], [ 212360.835, 528843.513999999966472 ], [ 212696.454999999987194, 529619.452000000048429 ], [ 213044.812, 529953.812000000034459 ], [ 213380.843, 530458.937000000034459 ], [ 213560.234, 530381.687000000034459 ], [ 213885.279, 530426.199999999953434 ], [ 214030.371000000013737, 530388.035000000032596 ], [ 214496.431000000011409, 530483.030999999959022 ], [ 215297.589, 530970.26500000001397 ], [ 215721.26500000001397, 531152.5 ], [ 216521.587, 531399.474999999976717 ], [ 216504.758, 531584.417999999946915 ], [ 216550.921, 531639.625 ], [ 216376.905999999988126, 532031.937000000034459 ], [ 216224.046, 532556.187000000034459 ], [ 216121.625, 532729.5 ], [ 216131.799, 532794.417000000015832 ], [ 216288.314000000013039, 532993.839999999967404 ], [ 216388.644999999989523, 533012.944000000017695 ], [ 216477.623, 533128.140999999945052 ], [ 216416.090999999985797, 533214.314000000013039 ], [ 216482.496000000013737, 533259.677000000025146 ], [ 216620.56, 533570.462000000057742 ], [ 216555.223999999987427, 533619.913999999989755 ], [ 216548.497, 533703.941 ], [ 216627.337, 533720.924 ], [ 216610.272, 533768.594000000040978 ], [ 216749.413999999989755, 533932.495 ], [ 216640.954, 534133.01 ], [ 216920.534000000014203, 534193.275000000023283 ], [ 217036.22, 534461.479999999981374 ], [ 217224.785, 534638.26 ], [ 218015.75, 534646.310000000055879 ], [ 219272.71, 535057.96999999997206 ], [ 220180.678000000014435, 535064.383000000030734 ], [ 220249.641, 534651.189999999944121 ], [ 220107.85, 534575.439999999944121 ], [ 219974.242, 534273.691 ], [ 219472.69, 534028.12 ], [ 219666.579999999987194, 533888.849999999976717 ], [ 219843.420000000012806, 533857.39000000001397 ], [ 219987.81, 533911.62 ], [ 220020.299999999988358, 533808.069999999948777 ], [ 220090.97, 533830.290000000037253 ], [ 220179.829999999987194, 533560.959999999962747 ], [ 219921.884, 533334.341999999945983 ], [ 219963.34, 533270.46999999997206 ], [ 220041.34, 533321.01 ], [ 220112.730000000010477, 533223.64000000001397 ], [ 220210.4, 533236.25 ], [ 220333.94, 532907.03000000002794 ], [ 220372.950000000011642, 533006.770000000018626 ], [ 220556.25, 533157.060000000055879 ], [ 220574.85999999998603, 533275.78000000002794 ], [ 220692.76, 533325.540000000037253 ], [ 220865.69, 533183.28000000002794 ], [ 221109.446, 533091.462999999988824 ], [ 221178.25, 533122.92000000004191 ], [ 221301.53, 533003.550000000046566 ], [ 221370.10999999998603, 533057.810000000055879 ], [ 221451.073, 532976.224000000045635 ], [ 221617.019, 533148.758000000030734 ], [ 221524.806000000011409, 533235.51300000003539 ], [ 221837.74, 533560.400000000023283 ], [ 222446.726, 532984.804 ], [ 222484.81, 532882.430000000051223 ], [ 222526.79, 532917.910000000032596 ], [ 222650.730000000010477, 532876.709999999962747 ], [ 222764.71, 532946.660000000032596 ], [ 222937.6, 532712.550000000046566 ], [ 223369.098999999987427, 533094.336000000010245 ], [ 223815.652, 533621.888999999966472 ], [ 224014.256, 533715.726000000024214 ], [ 224018.950000000011642, 533802.927000000025146 ], [ 224199.313, 533940.128000000026077 ], [ 224430.419, 533728.386999999987893 ], [ 224456.496000000013737, 533210.363999999943189 ], [ 224604.511, 533206.525999999954365 ], [ 224714.038999999989755, 533162.01300000003539 ], [ 224712.847, 533121.49800000002142 ], [ 224793.674999999988358, 533143.01 ], [ 224894.25, 533326.476999999955297 ], [ 225189.086000000010245, 533306.785000000032596 ], [ 225222.255, 533441.770000000018626 ], [ 225489.958000000013271, 533538.567000000039116 ], [ 225522.453, 533753.103 ], [ 225348.991, 533828.150999999954365 ], [ 225316.949, 533999.047000000020489 ], [ 225518.204, 534206.756000000052154 ], [ 225790.230000000010477, 534312.996000000042841 ], [ 225811.41, 534372.533000000054017 ], [ 226491.698, 533702.765999999945052 ], [ 226670.261999999987893, 534470.424 ], [ 227049.014, 535358.62300000002142 ], [ 227176.881, 535787.633000000030734 ], [ 227321.602000000013504, 536828.353 ], [ 227283.641, 537001.022 ], [ 227354.078, 537084.537999999942258 ], [ 227415.615, 536994.714999999967404 ], [ 227810.116, 537681.07999999995809 ], [ 228639.038, 539416.810000000055879 ], [ 228374.14000000001397, 539548.223 ], [ 227466.51, 539592.020000000018626 ], [ 227353.836000000010245, 540305.680999999982305 ], [ 227414.51500000001397, 540468.356000000028871 ], [ 227398.095, 540681.581 ], [ 227482.106999999989057, 540729.147 ], [ 227311.227000000013504, 541191.140999999945052 ], [ 226680.199, 540842.27800000004936 ], [ 226001.804, 540821.495 ], [ 225612.182, 540952.591000000014901 ], [ 225306.445, 540863.400000000023283 ], [ 225183.74, 541535.505 ], [ 225528.643000000010943, 541602.020000000018626 ], [ 225287.643000000010943, 542785.51300000003539 ], [ 225363.024, 542798.819000000017695 ], [ 225312.712999999988824, 543040.441 ], [ 225264.541, 543253.018000000040047 ], [ 225193.592, 543246.542999999946915 ], [ 225162.746000000013737, 543390.910000000032596 ], [ 225056.047, 543324.49 ], [ 224543.038999999989755, 543916.319999999948777 ], [ 224677.741, 544185.172000000020489 ], [ 224499.269, 544311.814000000013039 ], [ 224536.836000000010245, 544339.441 ], [ 224521.698, 544406.415999999968335 ], [ 221917.658, 545179.38 ], [ 221749.54, 544908.966000000014901 ], [ 221606.481, 544790.047999999951571 ], [ 221432.451, 544425.006999999983236 ], [ 221298.366, 544254.724000000045635 ], [ 221343.783, 543648.108 ], [ 221086.491, 543734.807000000029802 ], [ 220925.65, 544283.069999999948777 ], [ 221364.32, 545247.319999999948777 ], [ 220435.34, 545708.349999999976717 ], [ 220937.700000000011642, 546701.78000000002794 ], [ 221024.962999999988824, 546678.538999999989755 ], [ 221058.166999999986729, 546735.540000000037253 ], [ 221158.293, 546686.077000000048429 ], [ 221552.144999999989523, 547136.547999999951571 ], [ 221649.584, 547097.667999999946915 ], [ 221749.61799999998766, 547249.505 ], [ 221634.69, 547305.729999999981374 ], [ 221850.772999999986496, 547688.709999999962747 ], [ 221879.989, 547719.437000000034459 ], [ 222016.158, 547635.280999999959022 ], [ 222157.738000000012107, 547862.680000000051223 ], [ 222061.506, 547925.223 ], [ 222152.161, 548070.846000000019558 ], [ 221031.022, 548770.89000000001397 ], [ 218649.878999999986263, 547000.746000000042841 ], [ 216585.467, 549045.952999999979511 ], [ 213462.157, 549304.339999999967404 ], [ 212859.511999999987893, 548857.571 ], [ 212699.498, 548542.481000000028871 ], [ 212681.797, 548398.645000000018626 ], [ 211846.522999999986496, 547704.491000000038184 ], [ 210167.271, 545159.501000000047497 ], [ 207433.087999999988824, 543380.093 ], [ 204347.983, 541031.753000000026077 ], [ 204953.067000000010012, 540324.863000000012107 ], [ 205066.448, 539894.577999999979511 ], [ 205511.193999999988591, 539328.015999999945052 ], [ 206542.911, 538229.513999999966472 ], [ 206357.184, 538180.00199999997858 ], [ 206930.343, 537811.402 ], [ 207888.586000000010245, 536711.616000000038184 ], [ 207937.567000000010012, 536776.571 ], [ 208264.082, 536581.150000000023283 ], [ 209941.203, 534356.831 ], [ 209415.869, 533539.302999999956228 ], [ 208512.708000000013271, 532504.326 ], [ 208021.959, 532038.456 ], [ 208127.064000000013039, 531928.964000000036322 ], [ 208299.105000000010477, 531502.794 ], [ 208343.99, 531513.175000000046566 ], [ 210014.587, 527217.917000000015832 ] ] ] ] } },
{ "type": "Feature", "properties": { "fid": 120, "identificatie": "GM1680", "naam": "Aa en Hunze", "code": "1680", "ligt_in_provincie_code": "22", "ligt_in_provincie_naam": "Drenthe" }, "geometry": { "type": "MultiPolygon", "coordinates": [ [ [ [ 244392.049999999988358, 543166.209000000031665 ], [ 245822.314000000013039, 544353.783999999985099 ], [ 245220.53, 547478.449999999953434 ], [ 245049.283, 549761.829000000027008 ], [ 244882.87, 550858.319999999948777 ], [ 245369.5, 550897.13 ], [ 245084.575000000011642, 552802.358 ], [ 249169.299, 553776.552000000025146 ], [ 252428.028, 555523.951 ], [ 258967.082, 557380.577000000048429 ], [ 248063.378999999986263, 568446.544 ], [ 246177.94, 567537.46999999997206 ], [ 246065.369, 567442.221000000019558 ], [ 245990.009, 567264.71999999997206 ], [ 246174.24, 567158.312000000034459 ], [ 246260.835, 567186.04500000004191 ], [ 246328.275, 567033.846000000019558 ], [ 246314.807999999989988, 566953.733 ], [ 246242.371000000013737, 566971.557000000029802 ], [ 245233.049, 566250.589999999967404 ], [ 244803.420000000012806, 565987.246999999973923 ], [ 244733.131, 566035.444999999948777 ], [ 243908.904, 565467.11199999996461 ], [ 243754.93, 565621.905999999959022 ], [ 242932.672, 565057.069000000017695 ], [ 242482.045000000012806, 565628.822000000043772 ], [ 242440.176, 565616.219000000040978 ], [ 242166.202, 565812.278999999980442 ], [ 241180.606, 566600.003999999957159 ], [ 240532.74, 566822.062000000034459 ], [ 240131.478, 567105.79500000004191 ], [ 239537.503, 566890.371999999973923 ], [ 239595.443999999988591, 566600.71999999997206 ], [ 239702.044, 566654.90300000004936 ], [ 239892.590999999985797, 566656.209999999962747 ], [ 239941.429, 566444.805999999982305 ], [ 239879.755, 566392.51300000003539 ], [ 239922.801, 566304.86199999996461 ], [ 239979.203, 566308.008000000030734 ], [ 239991.427, 566436.827999999979511 ], [ 240137.062, 566259.908000000054017 ], [ 240273.803000000014435, 566255.060999999986961 ], [ 240256.412000000011176, 566121.022 ], [ 240301.946, 566035.680000000051223 ], [ 240371.89000000001397, 566032.466000000014901 ], [ 240442.0, 566110.849000000045635 ], [ 240383.471, 565903.461000000010245 ], [ 240443.717, 565782.913999999989755 ], [ 240549.856999999989057, 565699.951 ], [ 240726.62599999998929, 565791.687000000034459 ], [ 240606.239, 565447.307000000029802 ], [ 240895.306000000011409, 565234.731000000028871 ], [ 240995.518000000010943, 565257.317999999970198 ], [ 241018.028, 565182.746000000042841 ], [ 240945.218, 565068.865 ], [ 240959.144, 564985.707999999984168 ], [ 240998.231999999989057, 564964.064000000013039 ], [ 241029.996000000013737, 565028.22199999995064 ], [ 241100.045000000012806, 564981.45499999995809 ], [ 240951.644999999989523, 564903.849999999976717 ], [ 240985.666, 564814.020000000018626 ], [ 240900.103, 564816.408999999985099 ], [ 240840.116, 564726.327999999979511 ], [ 240700.702, 564691.824000000022352 ], [ 240624.681000000011409, 564608.770000000018626 ], [ 240609.451, 564431.356000000028871 ], [ 240795.144999999989523, 564249.408999999985099 ], [ 240767.845, 564186.576 ], [ 240633.458000000013271, 564168.471000000019558 ], [ 240435.763, 563989.267 ], [ 240184.229, 563993.849000000045635 ], [ 239917.691, 563927.908000000054017 ], [ 239769.72, 563721.839000000036322 ], [ 239749.443999999988591, 563613.40300000004936 ], [ 239490.689000000013039, 563396.231000000028871 ], [ 239444.802, 563211.442000000039116 ], [ 239318.468, 563122.057999999960884 ], [ 239371.348999999987427, 563040.633000000030734 ], [ 239289.457, 563023.886000000056811 ], [ 239170.541, 562848.395999999949709 ], [ 239196.969000000011874, 562681.837000000057742 ], [ 239111.041, 562585.165000000037253 ], [ 239170.662000000011176, 562474.47199999995064 ], [ 239110.634, 562485.452999999979511 ], [ 239057.157, 562378.094000000040978 ], [ 239129.719000000011874, 562289.555000000051223 ], [ 239248.689000000013039, 562274.383999999961816 ], [ 239249.098999999987427, 562200.665999999968335 ], [ 239339.396, 562122.807999999960884 ], [ 239628.702, 560674.841999999945983 ], [ 238463.71, 560629.305999999982305 ], [ 238364.351, 560349.351000000024214 ], [ 238566.957, 560179.966999999945983 ], [ 238543.033, 559979.947000000043772 ], [ 238483.951, 559911.628000000026077 ], [ 238516.66, 559845.221000000019558 ], [ 238439.272, 559762.069000000017695 ], [ 238461.606, 559702.680999999982305 ], [ 238529.097, 559710.26500000001397 ], [ 238549.181000000011409, 559629.278999999980442 ], [ 238442.301, 559641.001000000047497 ], [ 238384.051, 559450.810999999986961 ], [ 238128.435999999986961, 559370.782 ], [ 238133.522999999986496, 559291.194000000017695 ], [ 237821.206, 559061.11199999996461 ], [ 237815.090999999985797, 559018.429 ], [ 237893.643000000010943, 559034.964999999967404 ], [ 237830.133, 558975.606999999959953 ], [ 237878.772999999986496, 558845.403999999980442 ], [ 237794.12400000001071, 558734.498999999952503 ], [ 237725.412000000011176, 558713.297000000020489 ], [ 237703.619, 558767.116000000038184 ], [ 237654.821, 558716.716000000014901 ], [ 237623.961000000010245, 558749.799 ], [ 237621.246000000013737, 558700.067999999970198 ], [ 237473.0, 558618.584000000031665 ], [ 237503.176, 558575.096000000019558 ], [ 237446.530999999988126, 558543.787000000011176 ], [ 237416.288, 558436.427999999956228 ], [ 237458.856, 558398.871999999973923 ], [ 237352.511, 558374.86199999996461 ], [ 237292.359, 558250.699999999953434 ], [ 237221.938, 558292.199000000022352 ], [ 237172.872, 558266.79500000004191 ], [ 237297.351, 558185.305999999982305 ], [ 237347.752, 558078.615 ], [ 237300.283, 558086.011000000056811 ], [ 237233.077, 557966.783999999985099 ], [ 237179.854, 557976.018999999971129 ], [ 237239.185999999986961, 557888.716000000014901 ], [ 237172.432, 557855.775999999954365 ], [ 237239.31, 557799.674 ], [ 237149.106999999989057, 557664.304 ], [ 237256.824, 557607.484000000054948 ], [ 237144.981, 557608.224999999976717 ], [ 237079.231, 557434.562000000034459 ], [ 237104.747, 557393.343 ], [ 237039.388, 557359.0 ], [ 237050.541, 557265.513999999966472 ], [ 236931.883, 557100.508000000030734 ], [ 236986.606999999989057, 556722.02800000004936 ], [ 236943.07, 556302.290999999968335 ], [ 236769.488000000012107, 555834.927999999956228 ], [ 236404.568999999988591, 555626.150000000023283 ], [ 236202.272, 555342.853 ], [ 236151.394, 555018.37300000002142 ], [ 236203.378, 554642.025000000023283 ], [ 235220.316, 554045.892 ], [ 234560.905, 553061.665000000037253 ], [ 234511.098, 553043.270999999949709 ], [ 234312.861, 552373.290999999968335 ], [ 234192.873, 552120.753999999957159 ], [ 234016.47, 552010.721000000019558 ], [ 234018.845, 551766.998999999952503 ], [ 233930.497, 551710.01500000001397 ], [ 234173.24, 551527.951 ], [ 234882.489, 550062.202000000048429 ], [ 235615.549999999988358, 548710.349999999976717 ], [ 237567.791, 548617.913999999989755 ], [ 238292.912000000011176, 548016.363999999943189 ], [ 239387.85999999998603, 547945.14000000001397 ], [ 241076.37, 547690.819999999948777 ], [ 241640.25, 547207.540000000037253 ], [ 242465.829999999987194, 543918.180000000051223 ], [ 244392.049999999988358, 543166.209000000031665 ] ] ] ] } },
{ "type": "Feature", "properties": { "fid": 124, "identificatie": "GM0037", "naam": "Stadskanaal", "code": "0037", "ligt_in_provincie_code": "20", "ligt_in_provincie_naam": "Groningen" }, "geometry": { "type": "MultiPolygon", "coordinates": [ [ [ [ 265280.806999999971595, 549273.143000000040047 ], [ 265343.189000000013039, 549578.660999999963678 ], [ 265445.870999999984633, 549797.525999999954365 ], [ 265712.831, 550078.858 ], [ 265884.710000000020955, 550400.00199999997858 ], [ 267711.597, 550632.625 ], [ 267735.746999999973923, 552882.626000000047497 ], [ 268084.145000000018626, 553093.268000000040047 ], [ 268095.14000000001397, 558746.702000000048429 ], [ 269937.934, 560199.207999999984168 ], [ 269908.745999999984633, 560439.741999999969266 ], [ 269768.636999999987893, 560748.047000000020489 ], [ 269641.771, 560721.464999999967404 ], [ 269593.218999999982771, 560752.410000000032596 ], [ 269608.340000000025611, 560837.082000000053085 ], [ 269522.311999999976251, 560808.934 ], [ 269380.702999999979511, 560898.662000000011176 ], [ 269356.62699999997858, 561038.964000000036322 ], [ 269135.930999999982305, 561282.01300000003539 ], [ 268938.543, 561197.135 ], [ 268898.882999999972526, 561219.604999999981374 ], [ 268883.354, 561162.354000000050291 ], [ 268820.88900000002468, 561203.62 ], [ 268755.88900000002468, 561179.108 ], [ 268670.806999999971595, 561430.459000000031665 ], [ 268628.838999999978114, 561435.461000000010245 ], [ 268584.439000000013039, 561681.067999999970198 ], [ 268759.178000000014435, 562210.812000000034459 ], [ 268778.283, 562533.616999999969266 ], [ 268739.984, 562705.817999999970198 ], [ 268976.202999999979511, 562827.486000000033528 ], [ 268938.289999999979045, 563058.442000000039116 ], [ 268767.691999999980908, 563107.761000000056811 ], [ 268690.772, 563257.209000000031665 ], [ 268622.667000000015832, 563288.569999999948777 ], [ 268497.096000000019558, 563268.106000000028871 ], [ 268477.908, 563206.427000000025146 ], [ 268329.670999999972992, 563293.187000000034459 ], [ 268303.147, 563241.354000000050291 ], [ 267875.924999999988358, 563172.711000000010245 ], [ 267863.044999999983702, 563081.106000000028871 ], [ 267720.318000000028405, 563166.006000000052154 ], [ 267701.080000000016298, 563333.628000000026077 ], [ 267737.858, 563284.567999999970198 ], [ 267811.050999999977648, 563370.00199999997858 ], [ 267729.053000000014435, 563381.331 ], [ 267752.487000000022817, 563541.947000000043772 ], [ 267661.455000000016298, 563563.719000000040978 ], [ 267646.298, 563630.180999999982305 ], [ 267709.963999999978114, 563648.020000000018626 ], [ 267771.12699999997858, 563587.417999999946915 ], [ 267819.321, 563844.25199999997858 ], [ 267719.51500000001397, 563962.476999999955297 ], [ 267785.352000000013504, 563988.412999999942258 ], [ 267863.761999999987893, 563961.413999999989755 ], [ 267850.492000000027474, 563919.204000000027008 ], [ 267968.929, 563970.125 ], [ 268043.038, 563897.155999999959022 ], [ 268141.602000000013504, 563886.461000000010245 ], [ 268291.974999999976717, 564039.724000000045635 ], [ 268349.353, 564476.212999999988824 ], [ 268434.162000000011176, 564627.897 ], [ 268441.451, 564855.802999999956228 ], [ 268506.382999999972526, 564950.452999999979511 ], [ 268483.956, 565174.191 ], [ 268102.349999999976717, 565548.979000000050291 ], [ 267779.419999999983702, 565739.309 ], [ 267636.952999999979511, 565661.609000000054948 ], [ 267656.645000000018626, 565706.098 ], [ 267520.487000000022817, 565801.430999999982305 ], [ 267136.702, 565628.782 ], [ 267136.50099999998929, 565727.780999999959022 ], [ 265370.878000000026077, 565466.483 ], [ 265300.842, 565699.795999999972992 ], [ 265096.481000000028871, 565661.893000000040047 ], [ 264370.38900000002468, 566195.312999999965541 ], [ 264219.808000000019092, 566180.060999999986961 ], [ 264244.841000000014901, 566228.48699999996461 ], [ 264124.695, 566223.949999999953434 ], [ 263988.966000000014901, 565961.104000000050291 ], [ 263763.865999999979977, 566430.392 ], [ 262715.929, 564395.167000000015832 ], [ 262691.319000000017695, 564442.280999999959022 ], [ 262618.893999999971129, 564405.593 ], [ 262655.858, 564334.395000000018626 ], [ 262565.993000000016764, 564285.859000000054948 ], [ 262498.429, 564318.718 ], [ 262330.063000000023749, 563657.037999999942258 ], [ 260267.199, 559691.555000000051223 ], [ 259310.700000000011642, 560066.974999999976717 ], [ 258934.241, 560288.228 ], [ 257273.75099999998929, 561948.361000000033528 ], [ 256981.715999999985797, 562406.348 ], [ 256599.785, 562026.807000000029802 ], [ 256699.299, 561897.711000000010245 ], [ 256408.552, 561673.586000000010245 ], [ 255202.804, 563230.496999999973923 ], [ 254356.581, 562619.211000000010245 ], [ 254134.509, 562801.866999999969266 ], [ 253864.356, 562563.468 ], [ 259030.638, 557315.95499999995809 ], [ 264529.939000000013039, 549847.182999999960884 ], [ 265225.386, 549260.067999999970198 ], [ 265280.806999999971595, 549273.143000000040047 ] ] ] ] } },
{ "type": "Feature", "properties": { "fid": 130, "identificatie": "GM1950", "naam": "Westerwolde", "code": "1950", "ligt_in_provincie_code": "20", "ligt_in_provincie_naam": "Groningen" }, "geometry": { "type": "MultiPolygon", "coordinates": [ [ [ [ 269224.536000000021886, 540357.555000000051223 ], [ 269918.650000000023283, 540356.07999999995809 ], [ 269518.710000000020955, 541648.060000000055879 ], [ 270263.669999999983702, 542762.21999999997206 ], [ 270635.099999999976717, 543239.189999999944121 ], [ 275613.539999999979045, 552003.439999999944121 ], [ 277332.950000000011642, 558606.180000000051223 ], [ 277693.57, 559128.550000000046566 ], [ 277783.26, 559190.17000000004191 ], [ 277756.650000000023283, 559219.790000000037253 ], [ 277843.60999999998603, 559346.14000000001397 ], [ 277532.330000000016298, 559765.790000000037253 ], [ 276412.580000000016298, 567587.25 ], [ 276562.270000000018626, 571156.32999999995809 ], [ 275207.25, 572052.479999999981374 ], [ 275399.479999999981374, 572331.24 ], [ 275248.340000000025611, 572398.959999999962747 ], [ 275089.495, 572653.373999999952503 ], [ 274965.90500000002794, 573274.594000000040978 ], [ 274897.302000000025146, 573912.966000000014901 ], [ 274985.841000000014901, 573858.055000000051223 ], [ 275174.229, 574102.871999999973923 ], [ 275221.456, 574340.800000000046566 ], [ 275342.193000000028405, 574605.691 ], [ 275584.425999999977648, 574984.077999999979511 ], [ 275539.810999999986961, 575747.875 ], [ 275134.098999999987427, 575723.415000000037253 ], [ 274726.951, 575471.493999999947846 ], [ 274536.721000000019558, 574948.942999999970198 ], [ 272585.306999999971595, 576330.694999999948777 ], [ 272451.699000000022352, 575918.425999999977648 ], [ 272218.058000000019092, 575604.385 ], [ 271822.831, 575378.270000000018626 ], [ 271294.593999999982771, 575252.483 ], [ 269977.96999999997206, 574393.557999999960884 ], [ 269755.049, 574311.491000000038184 ], [ 269571.283, 574304.814999999944121 ], [ 269138.613000000012107, 574462.942999999970198 ], [ 268833.456, 574511.133999999961816 ], [ 268344.718, 574363.209999999962747 ], [ 267532.795999999972992, 573617.540999999968335 ], [ 266369.168, 572781.378000000026077 ], [ 266294.588999999978114, 572632.493999999947846 ], [ 265359.007999999972526, 571580.599999999976717 ], [ 265239.044, 571185.444000000017695 ], [ 265142.781000000017229, 571096.312999999965541 ], [ 264927.625, 571040.687999999965541 ], [ 264722.634000000020023, 570766.255 ], [ 264884.688000000023749, 570671.375 ], [ 264999.669999999983702, 570311.689999999944121 ], [ 265870.09499999997206, 569593.636000000056811 ], [ 264749.729999999981374, 567437.533999999985099 ], [ 264726.292000000015832, 567484.679 ], [ 264697.827, 567336.613000000012107 ], [ 264124.695, 566223.949999999953434 ], [ 264244.841000000014901, 566228.48699999996461 ], [ 264219.808000000019092, 566180.060999999986961 ], [ 264370.38900000002468, 566195.312999999965541 ], [ 265096.481000000028871, 565661.893000000040047 ], [ 265300.842, 565699.795999999972992 ], [ 265337.400000000023283, 565499.082000000053085 ], [ 265402.666000000026543, 565458.98699999996461 ], [ 267136.50099999998929, 565727.780999999959022 ], [ 267136.702, 565628.782 ], [ 267520.487000000022817, 565801.430999999982305 ], [ 267656.645000000018626, 565706.098 ], [ 267636.952999999979511, 565661.609000000054948 ], [ 267779.419999999983702, 565739.309 ], [ 268280.568000000028405, 565402.697000000043772 ], [ 268483.956, 565174.191 ], [ 268506.382999999972526, 564950.452999999979511 ], [ 268441.451, 564855.802999999956228 ], [ 268434.162000000011176, 564627.897 ], [ 268349.353, 564476.212999999988824 ], [ 268292.903, 564042.537000000011176 ], [ 268141.602000000013504, 563886.461000000010245 ], [ 268043.038, 563897.155999999959022 ], [ 267968.929, 563970.125 ], [ 267850.492000000027474, 563919.204000000027008 ], [ 267860.935999999986961, 563963.22199999995064 ], [ 267722.906000000017229, 563969.895999999949709 ], [ 267819.321, 563844.25199999997858 ], [ 267771.12699999997858, 563587.417999999946915 ], [ 267709.963999999978114, 563648.020000000018626 ], [ 267646.298, 563630.180999999982305 ], [ 267661.455000000016298, 563563.719000000040978 ], [ 267752.487000000022817, 563541.947000000043772 ], [ 267729.053000000014435, 563381.331 ], [ 267811.050999999977648, 563370.00199999997858 ], [ 267737.858, 563284.567999999970198 ], [ 267701.080000000016298, 563333.628000000026077 ], [ 267720.318000000028405, 563166.006000000052154 ], [ 267863.044999999983702, 563081.106000000028871 ], [ 267875.924999999988358, 563172.711000000010245 ], [ 268303.147, 563241.354000000050291 ], [ 268329.670999999972992, 563293.187000000034459 ], [ 268477.908, 563206.427000000025146 ], [ 268497.096000000019558, 563268.106000000028871 ], [ 268622.667000000015832, 563288.569999999948777 ], [ 268690.772, 563257.209000000031665 ], [ 268767.691999999980908, 563107.761000000056811 ], [ 268937.788999999989755, 563059.101999999955297 ], [ 268976.202999999979511, 562827.486000000033528 ], [ 268739.984, 562705.817999999970198 ], [ 268778.283, 562533.616999999969266 ], [ 268759.178000000014435, 562210.812000000034459 ], [ 268584.439000000013039, 561681.067999999970198 ], [ 268628.838999999978114, 561435.461000000010245 ], [ 268670.806999999971595, 561430.459000000031665 ], [ 268692.642, 561277.373999999952503 ], [ 268774.743000000016764, 561170.929 ], [ 268820.88900000002468, 561203.62 ], [ 268883.354, 561162.354000000050291 ], [ 268898.882999999972526, 561219.604999999981374 ], [ 268938.543, 561197.135 ], [ 269135.930999999982305, 561282.01300000003539 ], [ 269356.62699999997858, 561038.964000000036322 ], [ 269380.702999999979511, 560898.662000000011176 ], [ 269522.311999999976251, 560808.934 ], [ 269608.340000000025611, 560837.082000000053085 ], [ 269593.218999999982771, 560752.410000000032596 ], [ 269641.771, 560721.464999999967404 ], [ 269783.99800000002142, 560731.846000000019558 ], [ 269908.745999999984633, 560439.741999999969266 ], [ 269937.934, 560199.207999999984168 ], [ 268095.14000000001397, 558746.702000000048429 ], [ 268084.145000000018626, 553093.268000000040047 ], [ 267735.746999999973923, 552882.626000000047497 ], [ 267711.597, 550632.625 ], [ 265884.710000000020955, 550400.00199999997858 ], [ 265712.831, 550078.858 ], [ 265420.727000000013504, 549746.888999999966472 ], [ 265275.541000000026543, 549247.459000000031665 ], [ 266542.183000000019092, 548928.182999999960884 ], [ 264580.409999999974389, 544105.57999999995809 ], [ 266293.38, 544135.229999999981374 ], [ 266531.400000000023283, 543285.26 ], [ 266728.179, 543360.689999999944121 ], [ 267078.71999999997206, 542848.520000000018626 ], [ 267134.450000000011642, 542884.709999999962747 ], [ 267863.81, 541783.069999999948777 ], [ 267929.330000000016298, 541825.13 ], [ 267967.419999999983702, 541740.46999999997206 ], [ 268076.81, 541809.660000000032596 ], [ 268332.07, 541382.099999999976717 ], [ 268777.60999999998603, 541646.64000000001397 ], [ 268781.934, 541497.081 ], [ 268516.179, 541104.01500000001397 ], [ 268490.805999999982305, 540445.680000000051223 ], [ 268530.815, 540346.753999999957159 ], [ 269224.536000000021886, 540357.555000000051223 ] ] ] ] } },
{ "type": "Feature", "properties": { "fid": 145, "identificatie": "GM0119", "naam": "Meppel", "code": "0119", "ligt_in_provincie_code": "22", "ligt_in_provincie_naam": "Drenthe" }, "geometry": { "type": "MultiPolygon", "coordinates": [ [ [ [ 214416.987, 520425.115999999979977 ], [ 214467.894999999989523, 520450.620999999984633 ], [ 214473.076, 520755.370999999984633 ], [ 214609.715, 520826.257999999972526 ], [ 214644.684, 521044.561999999976251 ], [ 214878.090999999985797, 521005.401000000012573 ], [ 214889.486, 521066.103 ], [ 214684.948, 522007.90500000002794 ], [ 215044.813, 522147.971000000019558 ], [ 215608.848, 522021.525000000023283 ], [ 215630.81, 522238.965000000025611 ], [ 215479.094000000011874, 522273.298 ], [ 215056.663999999989755, 522626.188000000023749 ], [ 215083.745, 522901.734 ], [ 215702.26500000001397, 522852.523999999975786 ], [ 215802.169, 523902.168 ], [ 215072.087999999988824, 523485.538999999989755 ], [ 215103.631, 523768.674 ], [ 215325.971, 523907.23499999998603 ], [ 215325.112, 523950.309 ], [ 215209.348, 524109.049999999988358 ], [ 215125.356, 524056.267999999981839 ], [ 215156.328, 524365.314999999944121 ], [ 214925.892, 524353.777 ], [ 214955.731, 524677.283999999985099 ], [ 214573.062, 524601.202999999979511 ], [ 213525.286, 524559.361000000033528 ], [ 213241.294, 524883.074999999953434 ], [ 212497.894999999989523, 524601.577999999979511 ], [ 212131.575000000011642, 524690.441 ], [ 211786.324, 524392.412999999942258 ], [ 211624.81, 524308.680000000051223 ], [ 211080.302, 524294.332999999984168 ], [ 211021.12599999998929, 526012.564000000013039 ], [ 211061.431000000011409, 526161.729000000050291 ], [ 211232.846, 526620.615 ], [ 212225.926, 528474.419 ], [ 212022.479, 528586.542999999946915 ], [ 211276.687, 529276.937000000034459 ], [ 211134.185999999986961, 529318.581 ], [ 210029.552, 527192.327999999979511 ], [ 208343.99, 531513.175000000046566 ], [ 208299.105000000010477, 531502.794 ], [ 208127.064000000013039, 531928.964000000036322 ], [ 208021.959, 532038.456 ], [ 207733.522999999986496, 531371.991999999969266 ], [ 207424.82, 531296.979999999981374 ], [ 206953.559, 530880.691 ], [ 205726.810999999986961, 530460.48699999996461 ], [ 205309.646, 530408.765999999945052 ], [ 204897.416999999986729, 530200.481000000028871 ], [ 204590.564000000013039, 529919.403999999980442 ], [ 204512.625, 529710.658000000054017 ], [ 204500.034000000014203, 529452.474000000045635 ], [ 205109.102000000013504, 528109.87 ], [ 205875.139, 526105.908999999985099 ], [ 206451.538, 524741.214000000036322 ], [ 206654.818999999988591, 524214.925999999977648 ], [ 206721.98499999998603, 523818.169999999983702 ], [ 207018.141, 523002.992000000027474 ], [ 207165.98499999998603, 523062.753000000026077 ], [ 207396.073, 522931.520000000018626 ], [ 207584.171, 522667.658 ], [ 207683.238000000012107, 522673.973 ], [ 207806.223, 522586.186999999976251 ], [ 207907.049, 522363.033999999985099 ], [ 207464.317000000010012, 521684.01500000001397 ], [ 207525.090999999985797, 521622.789999999979045 ], [ 208833.135, 521142.653999999980442 ], [ 208748.826, 521342.581 ], [ 208902.278, 521382.065 ], [ 208649.413999999989755, 521866.700000000011642 ], [ 209008.208000000013271, 521972.544999999983702 ], [ 209146.437, 521652.496999999973923 ], [ 209389.055, 521622.48499999998603 ], [ 209433.912000000011176, 521301.005 ], [ 209580.756, 521325.245 ], [ 209631.628999999986263, 521653.351000000024214 ], [ 210074.699, 522220.004000000015367 ], [ 210217.62599999998929, 522230.072999999974854 ], [ 210298.642, 522171.428000000014435 ], [ 210390.272, 522248.601000000024214 ], [ 210542.49299999998766, 522242.169999999983702 ], [ 210645.212999999988824, 522293.784999999974389 ], [ 210808.622, 522229.815 ], [ 210777.415, 522302.147 ], [ 210887.108, 522342.297000000020489 ], [ 210911.959, 522418.168 ], [ 210974.301, 522437.392999999981839 ], [ 211027.574, 522394.413999999989755 ], [ 211084.526000000012573, 522430.189000000013039 ], [ 211140.03, 522329.958999999973457 ], [ 211201.238000000012107, 522380.656000000017229 ], [ 211298.9, 522354.603 ], [ 211226.35999999998603, 522200.504000000015367 ], [ 211393.529, 522114.367000000027474 ], [ 211389.480000000010477, 522030.081 ], [ 211427.068999999988591, 522061.87699999997858 ], [ 211647.87, 521994.37300000002142 ], [ 211658.144999999989523, 521944.803000000014435 ], [ 211698.946999999985565, 521970.87 ], [ 211800.767, 521863.766 ], [ 211839.212, 521918.321 ], [ 211877.481999999989057, 521868.544 ], [ 211907.128999999986263, 521911.832 ], [ 212042.545000000012806, 521859.315 ], [ 212178.981, 521891.881 ], [ 212213.894999999989523, 521782.688000000023749 ], [ 212270.098999999987427, 521755.775000000023283 ], [ 212193.509, 521715.772 ], [ 212188.949, 521631.016 ], [ 212456.438, 521515.746999999973923 ], [ 212477.146, 521460.604999999981374 ], [ 212708.826, 521483.479 ], [ 212777.294, 521552.590000000025611 ], [ 212838.019, 521534.21999999997206 ], [ 212930.09, 521594.517999999981839 ], [ 213034.60999999998603, 521427.603 ], [ 213074.677, 521445.482000000018161 ], [ 213093.938, 521371.400000000023283 ], [ 213144.560999999986961, 521374.870999999984633 ], [ 213243.268000000010943, 521254.803000000014435 ], [ 213285.627, 521059.98599999997532 ], [ 213174.003999999986263, 520941.76 ], [ 213237.983, 520913.732000000018161 ], [ 213238.783, 520847.371999999973923 ], [ 213307.949, 520783.12 ], [ 213417.312, 520824.315 ], [ 213380.112, 520745.837999999988824 ], [ 213496.833000000013271, 520619.577 ], [ 213643.282, 520659.13 ], [ 213674.446, 520592.386999999987893 ], [ 213700.14000000001397, 520645.672000000020489 ], [ 213761.693999999988591, 520591.62300000002142 ], [ 213862.615, 520682.523999999975786 ], [ 213914.581, 520617.581 ], [ 213999.086000000010245, 520623.685 ], [ 214073.25, 520692.881999999983236 ], [ 214194.541999999986729, 520605.62599999998929 ], [ 214407.473, 520550.896 ], [ 214416.987, 520425.115999999979977 ] ] ] ] } },
{ "type": "Feature", "properties": { "fid": 154, "identificatie": "GM1731", "naam": "Midden-Drenthe", "code": "1731", "ligt_in_provincie_code": "22", "ligt_in_provincie_naam": "Drenthe" }, "geometry": { "type": "MultiPolygon", "coordinates": [ [ [ [ 236118.367, 528351.251000000047497 ], [ 237951.480000000010477, 531327.62 ], [ 240894.984, 535643.060999999986961 ], [ 241361.163, 535480.973 ], [ 241865.0, 535203.15500000002794 ], [ 242058.663, 535428.763999999966472 ], [ 241890.41, 535559.241000000038184 ], [ 242017.846, 535823.01300000003539 ], [ 242116.318999999988591, 535836.481999999959953 ], [ 242251.185, 536390.567000000039116 ], [ 242823.37599999998929, 536658.95499999995809 ], [ 242972.926, 536655.92000000004191 ], [ 243005.416999999986729, 536759.991999999969266 ], [ 242945.044, 536809.062999999965541 ], [ 243102.851, 537159.400999999954365 ], [ 242829.855000000010477, 538063.76300000003539 ], [ 242745.299, 538095.044 ], [ 242801.828, 538211.746000000042841 ], [ 242809.22, 538429.660000000032596 ], [ 242874.68, 538424.189999999944121 ], [ 243077.218, 538642.804 ], [ 243213.81, 538509.631999999983236 ], [ 243973.866, 539611.621000000042841 ], [ 243877.284000000014203, 540281.712999999988824 ], [ 243713.527, 540785.060999999986961 ], [ 244761.888, 541010.413999999989755 ], [ 245354.555, 541593.113999999943189 ], [ 245169.606999999989057, 541959.951 ], [ 244748.39000000001397, 542419.157 ], [ 244873.318, 542958.881000000052154 ], [ 242465.829999999987194, 543918.180000000051223 ], [ 241640.25, 547207.540000000037253 ], [ 241076.37, 547690.819999999948777 ], [ 239387.85999999998603, 547945.14000000001397 ], [ 238292.912000000011176, 548016.363999999943189 ], [ 237567.791, 548617.913999999989755 ], [ 235615.549999999988358, 548710.349999999976717 ], [ 234882.489, 550062.202000000048429 ], [ 234173.24, 551527.951 ], [ 232671.12, 552656.439000000013039 ], [ 232450.87400000001071, 551635.861000000033528 ], [ 232351.514, 551385.011000000056811 ], [ 232417.114, 551356.702999999979511 ], [ 232235.471, 550117.691 ], [ 232147.408, 550107.85999999998603 ], [ 232134.301, 550225.689999999944121 ], [ 232048.666999999986729, 550215.785000000032596 ], [ 232041.69, 550281.48499999998603 ], [ 231862.342, 550253.451 ], [ 231892.973999999987427, 550477.506000000052154 ], [ 231673.182999999989988, 550441.716999999945983 ], [ 230993.108, 550896.34699999995064 ], [ 231118.957, 551253.669 ], [ 229584.744, 552188.145999999949709 ], [ 229332.526000000012573, 551786.917999999946915 ], [ 229160.032, 551897.425000000046566 ], [ 229091.12599999998929, 551790.194999999948777 ], [ 228711.829999999987194, 552019.756999999983236 ], [ 229361.443999999988591, 552983.971000000019558 ], [ 228935.753, 553250.988999999943189 ], [ 229472.392, 554125.724999999976717 ], [ 228777.653, 554559.636000000056811 ], [ 229505.24299999998766, 555712.106000000028871 ], [ 229323.388, 555823.52800000004936 ], [ 229288.22, 555767.29500000004191 ], [ 229211.428000000014435, 555814.63800000003539 ], [ 229655.066, 556490.88 ], [ 229292.54, 556719.897 ], [ 229585.6, 556886.60999999998603 ], [ 229219.255, 556800.60999999998603 ], [ 228904.617, 558169.946 ], [ 223906.541, 555883.385 ], [ 224891.16, 554371.89000000001397 ], [ 222655.72, 550002.790000000037253 ], [ 221031.022, 548770.89000000001397 ], [ 222152.161, 548070.846000000019558 ], [ 222061.506, 547925.223 ], [ 222157.738000000012107, 547862.680000000051223 ], [ 222016.158, 547635.280999999959022 ], [ 221879.989, 547719.437000000034459 ], [ 221850.772999999986496, 547688.709999999962747 ], [ 221634.69, 547305.729999999981374 ], [ 221749.61799999998766, 547249.505 ], [ 221649.584, 547097.667999999946915 ], [ 221552.144999999989523, 547136.547999999951571 ], [ 221158.293, 546686.077000000048429 ], [ 221058.166999999986729, 546735.540000000037253 ], [ 221024.962999999988824, 546678.538999999989755 ], [ 220937.700000000011642, 546701.78000000002794 ], [ 220435.34, 545708.349999999976717 ], [ 221364.32, 545247.319999999948777 ], [ 220925.65, 544283.069999999948777 ], [ 221086.491, 543734.807000000029802 ], [ 221343.783, 543648.108 ], [ 221298.366, 544254.724000000045635 ], [ 221432.451, 544425.006999999983236 ], [ 221606.481, 544790.047999999951571 ], [ 221749.54, 544908.966000000014901 ], [ 221917.658, 545179.38 ], [ 224521.698, 544406.415999999968335 ], [ 224536.836000000010245, 544339.441 ], [ 224499.269, 544311.814000000013039 ], [ 224677.741, 544185.172000000020489 ], [ 224543.038999999989755, 543916.319999999948777 ], [ 225056.047, 543324.49 ], [ 225162.746000000013737, 543390.910000000032596 ], [ 225193.592, 543246.542999999946915 ], [ 225264.541, 543253.018000000040047 ], [ 225312.712999999988824, 543040.441 ], [ 225363.024, 542798.819000000017695 ], [ 225287.643000000010943, 542785.51300000003539 ], [ 225528.643000000010943, 541602.020000000018626 ], [ 225183.74, 541535.505 ], [ 225306.445, 540863.400000000023283 ], [ 225612.182, 540952.591000000014901 ], [ 226001.804, 540821.495 ], [ 226680.199, 540842.27800000004936 ], [ 227311.227000000013504, 541191.140999999945052 ], [ 227482.106999999989057, 540729.147 ], [ 227398.095, 540681.581 ], [ 227414.51500000001397, 540468.356000000028871 ], [ 227353.836000000010245, 540305.680999999982305 ], [ 227466.51, 539592.020000000018626 ], [ 228374.14000000001397, 539548.223 ], [ 228639.038, 539416.810000000055879 ], [ 227810.116, 537681.07999999995809 ], [ 227415.615, 536994.714999999967404 ], [ 227354.078, 537084.537999999942258 ], [ 227283.641, 537001.022 ], [ 227321.602000000013504, 536828.353 ], [ 227212.299999999988358, 535982.145999999949709 ], [ 227043.019999999989523, 535343.223 ], [ 229507.293, 534553.033999999985099 ], [ 229813.097, 533789.954000000027008 ], [ 229468.478, 532077.486000000033528 ], [ 229637.139, 532085.797999999951571 ], [ 230318.945, 531924.136999999987893 ], [ 230470.018000000010943, 531773.287999999942258 ], [ 230614.714, 531896.853 ], [ 230972.386999999987893, 531121.245 ], [ 232489.731999999989057, 531815.109000000054948 ], [ 232640.15, 531498.082000000053085 ], [ 234587.601, 531567.841000000014901 ], [ 234017.612, 529308.876000000047497 ], [ 234170.816, 529278.025000000023283 ], [ 235091.752, 528714.868000000016764 ], [ 235149.75, 528788.51 ], [ 235986.761, 528271.525000000023283 ], [ 236005.99900000001071, 528303.045999999972992 ], [ 236065.670000000012806, 528265.701 ], [ 236118.367, 528351.251000000047497 ] ] ] ] } },
{ "type": "Feature", "properties": { "fid": 160, "identificatie": "GM0014", "naam": "Groningen", "code": "0014", "ligt_in_provincie_code": "20", "ligt_in_provincie_naam": "Groningen" }, "geometry": { "type": "MultiPolygon", "coordinates": [ [ [ [ 238741.56, 569656.273000000044703 ], [ 240574.544, 570520.261999999987893 ], [ 240946.358, 570705.871999999973923 ], [ 240926.577, 570735.849000000045635 ], [ 242575.079999999987194, 571284.160000000032596 ], [ 242142.68, 573739.64000000001397 ], [ 241912.94, 574241.006000000052154 ], [ 241958.317000000010012, 574366.246000000042841 ], [ 242173.738000000012107, 574534.381000000052154 ], [ 242062.549, 574996.562000000034459 ], [ 241856.744, 575309.486000000033528 ], [ 241770.008, 575550.726000000024214 ], [ 241463.218, 575836.966999999945983 ], [ 241347.992, 576099.746999999973923 ], [ 240943.920000000012806, 576318.503999999957159 ], [ 240754.984, 576568.0 ], [ 240447.062, 576636.099999999976717 ], [ 240264.952, 576821.65500000002794 ], [ 240116.329, 577411.885 ], [ 239906.026000000012573, 577869.770000000018626 ], [ 239855.11799999998766, 577851.138999999966472 ], [ 239821.875, 577910.621999999973923 ], [ 238707.855000000010477, 578428.878999999957159 ], [ 239195.541, 578655.172999999951571 ], [ 238722.566, 578909.532 ], [ 238906.514, 579089.24800000002142 ], [ 239396.381, 579241.917999999946915 ], [ 239808.578, 579684.071 ], [ 240507.884, 580245.90300000004936 ], [ 240959.89000000001397, 580101.49 ], [ 241567.93, 580124.790000000037253 ], [ 241617.65, 580166.39000000001397 ], [ 241652.685, 580282.685999999986961 ], [ 241538.038, 580984.169 ], [ 241356.51, 580962.540000000037253 ], [ 241346.095, 581082.474999999976717 ], [ 241415.59, 581155.709999999962747 ], [ 241397.269999999989523, 581338.32999999995809 ], [ 241542.5, 581381.85999999998603 ], [ 241561.037000000011176, 581270.736000000033528 ], [ 241693.329999999987194, 581284.209999999962747 ], [ 241689.931000000011409, 581332.589000000036322 ], [ 241911.594000000011874, 581395.63 ], [ 241913.700000000011642, 581452.520000000018626 ], [ 242046.47, 581419.939999999944121 ], [ 242082.21, 581514.229999999981374 ], [ 242255.579999999987194, 581498.949999999953434 ], [ 242249.53, 581638.709999999962747 ], [ 242578.435, 581690.927999999956228 ], [ 242525.04, 581945.770000000018626 ], [ 242613.87, 581988.660000000032596 ], [ 242591.06, 582040.089999999967404 ], [ 242666.5, 582077.160000000032596 ], [ 242647.049999999988358, 582119.99 ], [ 242784.53, 582163.099999999976717 ], [ 242751.652, 582256.746000000042841 ], [ 242852.318, 582325.640999999945052 ], [ 242826.26, 582382.32999999995809 ], [ 242908.373, 582424.27800000004936 ], [ 242878.064000000013039, 582480.464999999967404 ], [ 242967.204999999987194, 582529.386999999987893 ], [ 243048.128999999986263, 582664.206 ], [ 243019.47, 582705.14000000001397 ], [ 243100.847, 582798.351000000024214 ], [ 243059.310999999986961, 582851.152 ], [ 243144.22, 582918.12 ], [ 243233.299999999988358, 582828.930000000051223 ], [ 243254.75, 582862.339999999967404 ], [ 243260.420000000012806, 582945.28000000002794 ], [ 243151.63, 583056.37 ], [ 243180.03, 583086.32999999995809 ], [ 243046.84, 583212.10999999998603 ], [ 243158.59, 583330.449999999953434 ], [ 243092.517, 583392.84499999997206 ], [ 243177.209, 583503.38 ], [ 243117.544, 583555.669 ], [ 243197.889, 583657.503000000026077 ], [ 243292.614, 583580.941 ], [ 243315.006, 583712.689999999944121 ], [ 243137.420000000012806, 583856.229999999981374 ], [ 243166.94, 583892.800000000046566 ], [ 243091.51, 583953.689999999944121 ], [ 243277.21, 583956.71999999997206 ], [ 243243.018000000010943, 584014.961000000010245 ], [ 243451.177, 584304.238000000012107 ], [ 243424.571, 584325.417000000015832 ], [ 243821.038, 584742.033999999985099 ], [ 243483.980000000010477, 585041.64000000001397 ], [ 243601.22, 585154.12 ], [ 242856.108, 585845.196 ], [ 242873.785, 586027.035999999963678 ], [ 242500.081, 586306.544 ], [ 243687.696, 587048.126000000047497 ], [ 244739.212, 587802.04500000004191 ], [ 245509.009, 588217.71999999997206 ], [ 247393.6, 589397.25 ], [ 247159.97, 589786.709999999962747 ], [ 247369.03, 589920.650000000023283 ], [ 247195.15, 590238.770000000018626 ], [ 247364.14000000001397, 590367.930000000051223 ], [ 246834.299999999988358, 591061.62 ], [ 246578.0, 590734.099999999976717 ], [ 246225.670000000012806, 591216.92000000004191 ], [ 246063.53, 591126.270000000018626 ], [ 245719.32, 591578.589999999967404 ], [ 245501.65, 592025.400000000023283 ], [ 245492.230000000010477, 592106.930000000051223 ], [ 245791.670000000012806, 592345.180000000051223 ], [ 245754.62, 592434.14000000001397 ], [ 245666.79, 592474.96999999997206 ], [ 245694.12, 592559.069999999948777 ], [ 245652.71, 592573.71999999997206 ], [ 245634.920000000012806, 592525.57999999995809 ], [ 245438.9, 592571.160000000032596 ], [ 245410.91, 592477.82999999995809 ], [ 245357.730000000010477, 592503.03000000002794 ], [ 245344.71, 592467.729999999981374 ], [ 245018.13200000001234, 592677.991999999969266 ], [ 244906.59, 592557.270000000018626 ], [ 244769.18, 592561.88 ], [ 244647.4, 592393.599999999976717 ], [ 244647.13, 592195.900000000023283 ], [ 244529.39000000001397, 592138.85999999998603 ], [ 244471.16, 591813.78000000002794 ], [ 244278.64000000001397, 591765.400000000023283 ], [ 243831.15, 592031.349999999976717 ], [ 243112.43, 592314.349999999976717 ], [ 242953.94, 591988.020000000018626 ], [ 242862.19, 592029.770000000018626 ], [ 241833.779, 590892.273000000044703 ], [ 241650.225, 591007.976000000024214 ], [ 241222.89000000001397, 591442.005 ], [ 240969.953, 591591.479999999981374 ], [ 240729.375, 591692.177000000025146 ], [ 239893.835, 591886.508000000030734 ], [ 239442.590999999985797, 592095.810999999986961 ], [ 239137.411, 591382.07999999995809 ], [ 238793.486, 590284.767 ], [ 237643.945, 587339.503999999957159 ], [ 238163.652, 586631.974000000045635 ], [ 238323.134, 586004.044 ], [ 238352.88200000001234, 585711.410000000032596 ], [ 238321.162000000011176, 585685.861000000033528 ], [ 237238.778, 585468.150999999954365 ], [ 237171.416999999986729, 585693.856999999959953 ], [ 236374.771, 585672.582999999984168 ], [ 236366.658, 585931.162999999942258 ], [ 235026.452, 586142.993000000016764 ], [ 235101.192000000010012, 586708.844000000040978 ], [ 235171.869, 586891.736000000033528 ], [ 234977.51, 586881.88800000003539 ], [ 234977.51, 586775.959999999962747 ], [ 233741.706, 586750.451 ], [ 233695.889, 586984.930999999982305 ], [ 233141.049999999988358, 586908.07999999995809 ], [ 233133.105000000010477, 586846.109000000054948 ], [ 232750.737, 586810.508999999961816 ], [ 232683.003, 586831.275999999954365 ], [ 232705.435, 586942.229000000050291 ], [ 232556.892, 587055.640999999945052 ], [ 232603.381, 587116.263999999966472 ], [ 231985.478, 586959.028999999980442 ], [ 231781.775, 587008.425999999977648 ], [ 231880.628999999986263, 586594.047000000020489 ], [ 231544.739, 586555.366000000038184 ], [ 231545.571999999985565, 586508.733 ], [ 231381.576, 586401.748999999952503 ], [ 231355.950000000011642, 586438.947000000043772 ], [ 231283.942000000010012, 586348.373999999952503 ], [ 231035.950000000011642, 586347.525999999954365 ], [ 230885.516, 586141.496999999973923 ], [ 230762.247, 586281.025999999954365 ], [ 230556.606, 586311.116000000038184 ], [ 230532.435, 586364.456 ], [ 229986.264, 586166.523000000044703 ], [ 229812.403, 586251.324000000022352 ], [ 229837.443, 586060.413999999989755 ], [ 230032.093, 585869.642 ], [ 229908.66, 585718.966000000014901 ], [ 229871.277, 585751.393000000040047 ], [ 229879.473999999987427, 585678.481999999959953 ], [ 229455.774, 585124.567999999970198 ], [ 229227.347, 585219.238999999943189 ], [ 229015.318, 584907.439000000013039 ], [ 228860.948, 584933.687000000034459 ], [ 228748.212999999988824, 584897.020999999949709 ], [ 228776.356, 585022.116999999969266 ], [ 228641.649, 585054.077999999979511 ], [ 228641.206, 585091.974999999976717 ], [ 228527.755, 585080.273000000044703 ], [ 228516.450000000011642, 585278.78000000002794 ], [ 228001.812, 585401.047000000020489 ], [ 227963.211000000010245, 584752.12699999997858 ], [ 227558.014, 583328.11199999996461 ], [ 227595.99, 583240.312999999965541 ], [ 226974.945, 580647.136000000056811 ], [ 227146.381, 580488.98499999998603 ], [ 227142.551, 580281.015999999945052 ], [ 226868.864, 580018.285000000032596 ], [ 226919.886, 579805.278999999980442 ], [ 228120.117, 580212.400000000023283 ], [ 228400.62, 580246.479999999981374 ], [ 228420.29, 580191.10999999998603 ], [ 228616.096, 580173.003999999957159 ], [ 228802.973999999987427, 579959.20499999995809 ], [ 228864.178000000014435, 579982.523999999975786 ], [ 228906.827, 579692.915000000037253 ], [ 228978.818, 579631.604999999981374 ], [ 229138.718, 579627.86199999996461 ], [ 229819.604, 579859.030999999959022 ], [ 230261.301, 579508.95499999995809 ], [ 230414.56, 579663.96999999997206 ], [ 231168.46, 579397.60999999998603 ], [ 231406.842, 579373.648999999975786 ], [ 231340.723999999987427, 579331.072000000043772 ], [ 231680.441, 578100.846000000019558 ], [ 232044.782, 577787.927000000025146 ], [ 232189.003999999986263, 577499.584000000031665 ], [ 232281.102000000013504, 577523.184 ], [ 232615.37, 577783.294 ], [ 233393.048, 576461.104999999981374 ], [ 233694.105000000010477, 575189.61199999996461 ], [ 234875.514, 575870.890999999945052 ], [ 234825.663, 575716.395999999949709 ], [ 234912.077, 575704.650000000023283 ], [ 234892.064000000013039, 575611.606000000028871 ], [ 234999.258, 575416.810000000055879 ], [ 235023.695, 575237.006000000052154 ], [ 235107.435, 575212.778999999980442 ], [ 235261.959, 575058.256000000052154 ], [ 235093.426, 574832.841999999945983 ], [ 235095.217, 574753.104999999981374 ], [ 235197.604, 574608.006999999983236 ], [ 235321.318999999988591, 574121.682999999960884 ], [ 235340.487, 573858.571 ], [ 235513.913999999989755, 573807.011999999987893 ], [ 235856.719000000011874, 573872.128000000026077 ], [ 235872.941, 573744.941 ], [ 235967.711000000010245, 573710.809 ], [ 236146.022, 573792.748999999952503 ], [ 236593.534000000014203, 573198.163999999989755 ], [ 236881.22, 573046.300000000046566 ], [ 237127.89000000001397, 572789.062999999965541 ], [ 237082.509, 572469.65300000004936 ], [ 237275.337, 572504.925000000046566 ], [ 237318.503999999986263, 572409.202000000048429 ], [ 237444.611, 572348.738999999943189 ], [ 237421.427, 572217.800000000046566 ], [ 237601.557, 572001.505 ], [ 237647.847, 571755.863999999943189 ], [ 238038.615, 571374.746000000042841 ], [ 238028.49900000001071, 571204.388999999966472 ], [ 238112.142, 571017.883999999961816 ], [ 238161.011, 571057.145000000018626 ], [ 238258.764, 570989.032 ], [ 238049.714, 570745.503000000026077 ], [ 238101.332, 570687.493000000016764 ], [ 238079.847, 570589.23499999998603 ], [ 238200.487, 570484.049 ], [ 238455.949, 570451.074999999953434 ], [ 238657.09, 570287.084999999962747 ], [ 238560.228, 570131.586000000010245 ], [ 238679.37400000001071, 570000.51300000003539 ], [ 238698.603, 569782.246999999973923 ], [ 238604.701, 569730.218 ], [ 238626.782, 569639.991000000038184 ], [ 238551.668, 569546.093 ], [ 238741.56, 569656.273000000044703 ] ] ] ] } },
{ "type": "Feature", "properties": { "fid": 185, "identificatie": "GM0118", "naam": "Hoogeveen", "code": "0118", "ligt_in_provincie_code": "22", "ligt_in_provincie_naam": "Drenthe" }, "geometry": { "type": "MultiPolygon", "coordinates": [ [ [ [ 232380.594000000011874, 519255.354 ], [ 233424.814000000013039, 520192.346000000019558 ], [ 233851.60999999998603, 520428.424 ], [ 238009.613000000012107, 521438.145000000018626 ], [ 239027.427, 520970.177000000025146 ], [ 239181.992, 521487.957999999984168 ], [ 239194.921, 522869.686999999976251 ], [ 238982.468, 523484.0 ], [ 238936.280999999988126, 523922.093 ], [ 238977.843, 525759.25 ], [ 238580.609, 525718.625 ], [ 236669.856, 525774.775000000023283 ], [ 236717.174999999988358, 526925.108 ], [ 235341.071999999985565, 526982.256999999983236 ], [ 235344.299999999988358, 527091.90500000002794 ], [ 236065.670000000012806, 528265.701 ], [ 236005.99900000001071, 528303.045999999972992 ], [ 235986.761, 528271.525000000023283 ], [ 235149.75, 528788.51 ], [ 235091.752, 528714.868000000016764 ], [ 234170.816, 529278.025000000023283 ], [ 234017.612, 529308.876000000047497 ], [ 234587.601, 531567.841000000014901 ], [ 232640.15, 531498.082000000053085 ], [ 232489.731999999989057, 531815.109000000054948 ], [ 230972.386999999987893, 531121.245 ], [ 230614.714, 531896.853 ], [ 230470.018000000010943, 531773.287999999942258 ], [ 230318.945, 531924.136999999987893 ], [ 229637.139, 532085.797999999951571 ], [ 229468.478, 532077.486000000033528 ], [ 229813.097, 533789.954000000027008 ], [ 229507.293, 534553.033999999985099 ], [ 227043.019999999989523, 535343.223 ], [ 226670.261999999987893, 534470.424 ], [ 226550.036, 534060.084999999962747 ], [ 226472.654, 533585.756000000052154 ], [ 226487.881, 532695.138999999966472 ], [ 226455.865, 532612.280999999959022 ], [ 226424.116, 532627.993000000016764 ], [ 225882.268000000010943, 532030.518999999971129 ], [ 225569.201, 531809.910000000032596 ], [ 225266.810999999986961, 531689.63 ], [ 224294.89000000001397, 531464.189999999944121 ], [ 224043.21, 531329.949999999953434 ], [ 224464.019999999989523, 530271.089999999967404 ], [ 224682.924, 530349.564000000013039 ], [ 225154.852000000013504, 529847.562999999965541 ], [ 224770.875, 529486.415000000037253 ], [ 224976.328, 528971.337000000057742 ], [ 224959.464, 528907.412000000011176 ], [ 224436.121000000013737, 528661.40500000002794 ], [ 224851.834, 527616.604000000050291 ], [ 223875.614, 527268.283000000054017 ], [ 224322.984, 526402.478 ], [ 224417.772999999986496, 526364.544 ], [ 224374.38, 526252.82999999995809 ], [ 224404.087999999988824, 526035.025999999954365 ], [ 224124.714, 525712.12 ], [ 223928.727000000013504, 525648.442999999970198 ], [ 223847.759, 525573.871000000042841 ], [ 223703.198, 524725.937999999965541 ], [ 223774.136999999987893, 524625.446 ], [ 223934.222, 524863.663999999989755 ], [ 224562.579999999987194, 524494.410000000032596 ], [ 224834.93, 524270.10999999998603 ], [ 224812.04, 524324.75 ], [ 225061.66, 524551.63 ], [ 225401.799999999988358, 524720.35999999998603 ], [ 225850.32, 524812.949999999953434 ], [ 226905.759, 524927.214000000036322 ], [ 226823.0, 524736.050000000046566 ], [ 226929.658, 524084.456 ], [ 226760.730000000010477, 523456.73599999997532 ], [ 227714.133, 523628.341000000014901 ], [ 227751.404, 523417.971000000019558 ], [ 228428.828, 523537.620999999984633 ], [ 229282.777, 523477.191 ], [ 229222.358, 522431.596000000019558 ], [ 229795.897, 522426.990999999979977 ], [ 229758.557999999989988, 521518.862000000022817 ], [ 230246.053000000014435, 521489.843 ], [ 230234.605000000010477, 521257.200000000011642 ], [ 232333.37400000001071, 521169.569000000017695 ], [ 232285.477000000013504, 519169.476000000024214 ], [ 232380.594000000011874, 519255.354 ] ] ] ] } },
{ "type": "Feature", "properties": { "fid": 219, "identificatie": "GM1969", "naam": "Westerkwartier", "code": "1969", "ligt_in_provincie_code": "20", "ligt_in_provincie_naam": "Groningen" }, "geometry": { "type": "MultiPolygon", "coordinates": [ [ [ [ 212377.392, 569980.074000000022352 ], [ 213512.886999999987893, 570083.38800000003539 ], [ 214312.006, 569780.116000000038184 ], [ 214993.478, 569269.351000000024214 ], [ 215381.878999999986263, 568741.079000000027008 ], [ 215506.56, 568492.881999999983236 ], [ 219133.215999999985797, 567126.865 ], [ 219919.845, 569357.738000000012107 ], [ 220383.745, 569415.981999999959953 ], [ 220515.355000000010477, 571051.192999999970198 ], [ 221595.085, 574109.268000000040047 ], [ 221523.74, 574110.75199999997858 ], [ 221508.897999999986496, 574546.050000000046566 ], [ 221975.932, 575063.441 ], [ 222064.772, 575107.383999999961816 ], [ 222072.806000000011409, 575239.680000000051223 ], [ 222149.521, 575213.087000000057742 ], [ 222264.394999999989523, 575480.582000000053085 ], [ 222413.073, 575679.547000000020489 ], [ 222926.095, 576090.653999999980442 ], [ 223008.277, 576256.067000000039116 ], [ 223016.731999999989057, 576860.726999999955297 ], [ 223091.443, 577128.074999999953434 ], [ 223181.366, 577257.25 ], [ 223744.818999999988591, 577507.812000000034459 ], [ 223929.146, 577535.12 ], [ 224082.786, 577654.427999999956228 ], [ 224316.059, 577702.800999999977648 ], [ 224693.965999999985797, 577891.542999999946915 ], [ 225003.60999999998603, 578184.32999999995809 ], [ 225092.469000000011874, 578204.103 ], [ 225157.200000000011642, 578148.503999999957159 ], [ 225243.116, 578176.988999999943189 ], [ 225563.824, 578414.180000000051223 ], [ 225688.01, 578611.829000000027008 ], [ 225873.429, 579387.09499999997206 ], [ 226919.886, 579805.278999999980442 ], [ 226868.864, 580018.285000000032596 ], [ 227142.551, 580281.015999999945052 ], [ 227146.381, 580488.98499999998603 ], [ 226974.945, 580647.136000000056811 ], [ 227595.99, 583240.312999999965541 ], [ 227558.014, 583328.11199999996461 ], [ 227963.211000000010245, 584752.12699999997858 ], [ 228001.812, 585401.047000000020489 ], [ 228516.450000000011642, 585278.78000000002794 ], [ 228527.755, 585080.273000000044703 ], [ 228641.206, 585091.974999999976717 ], [ 228641.649, 585054.077999999979511 ], [ 228776.356, 585022.116999999969266 ], [ 228748.212999999988824, 584897.020999999949709 ], [ 228860.948, 584933.687000000034459 ], [ 229015.318, 584907.439000000013039 ], [ 229227.347, 585219.238999999943189 ], [ 229455.774, 585124.567999999970198 ], [ 229879.473999999987427, 585678.481999999959953 ], [ 229871.277, 585751.393000000040047 ], [ 229908.66, 585718.966000000014901 ], [ 230032.093, 585869.642 ], [ 229824.367, 586086.574000000022352 ], [ 229672.307, 587454.285999999963678 ], [ 229697.525, 587701.75 ], [ 229345.785, 588769.162999999942258 ], [ 229342.346, 589088.493000000016764 ], [ 229515.578, 589381.435000000055879 ], [ 229424.34, 589823.214000000036322 ], [ 229484.062, 590476.787000000011176 ], [ 229087.041999999986729, 591159.09699999995064 ], [ 228152.391, 592589.810999999986961 ], [ 227961.155, 592817.381999999983236 ], [ 228061.953, 593164.890999999945052 ], [ 228007.737, 593331.667999999946915 ], [ 227862.348999999987427, 593469.912000000011176 ], [ 227644.602000000013504, 593581.082999999984168 ], [ 227479.62599999998929, 593598.253000000026077 ], [ 227274.807999999989988, 593277.979000000050291 ], [ 227038.303000000014435, 593236.084999999962747 ], [ 226772.654, 593296.180999999982305 ], [ 226552.348, 593438.050000000046566 ], [ 226544.56, 593529.245 ], [ 226653.918, 593774.898000000044703 ], [ 226543.56, 594002.92000000004191 ], [ 226292.980000000010477, 594124.959999999962747 ], [ 226004.47, 594121.810000000055879 ], [ 225684.253999999986263, 593973.631000000052154 ], [ 225600.674, 593820.101000000024214 ], [ 225626.405, 593674.101999999955297 ], [ 225830.98499999998603, 593456.055000000051223 ], [ 225836.03, 593352.694999999948777 ], [ 225611.590999999985797, 593166.468 ], [ 225367.28, 592863.939000000013039 ], [ 225141.885, 592756.430000000051223 ], [ 225039.408, 592838.650000000023283 ], [ 225014.166, 593158.167000000015832 ], [ 224929.698, 593415.927999999956228 ], [ 224550.480000000010477, 594034.209999999962747 ], [ 224432.329999999987194, 594057.439999999944121 ], [ 224054.950000000011642, 593900.62 ], [ 223515.24, 594030.589999999967404 ], [ 223407.769999999989523, 593940.800000000046566 ], [ 223094.954999999987194, 593254.675999999977648 ], [ 222874.684, 593105.147 ], [ 222606.568999999988591, 593004.50199999997858 ], [ 222358.968, 592992.973 ], [ 221799.74299999998766, 593073.223 ], [ 220999.988000000012107, 593074.535999999963678 ], [ 220329.49, 593242.006999999983236 ], [ 220142.214, 593132.875 ], [ 219859.608, 592531.327999999979511 ], [ 219643.88200000001234, 592371.305000000051223 ], [ 219471.200000000011642, 592400.71999999997206 ], [ 219113.49, 592802.13 ], [ 218810.91, 592936.07999999995809 ], [ 218577.079999999987194, 592896.959999999962747 ], [ 217987.730000000010477, 592522.42000000004191 ], [ 217628.14000000001397, 592501.49 ], [ 217224.59, 592635.800000000046566 ], [ 217011.581, 592813.866000000038184 ], [ 216905.71, 593028.67000000004191 ], [ 216840.60999999998603, 593727.699999999953434 ], [ 216634.25, 594063.339999999967404 ], [ 216122.062, 594459.621999999973923 ], [ 215841.597, 594587.584999999962747 ], [ 214930.60999999998603, 595370.810000000055879 ], [ 214538.979, 592160.312000000034459 ], [ 214774.967, 592075.392 ], [ 214952.26, 592103.316 ], [ 215201.369, 592007.064999999944121 ], [ 215343.196, 591911.790000000037253 ], [ 215468.758, 591681.219000000040978 ], [ 215159.1, 591332.32999999995809 ], [ 214615.246000000013737, 591195.770000000018626 ], [ 214414.086000000010245, 591073.343 ], [ 214160.34, 590671.07999999995809 ], [ 214154.929, 590366.057999999960884 ], [ 213932.658, 590106.332999999984168 ], [ 213913.329999999987194, 589813.089999999967404 ], [ 213784.502, 589612.375 ], [ 213698.995, 589731.702999999979511 ], [ 213576.646, 589770.53000000002794 ], [ 213195.052, 589750.148999999975786 ], [ 213019.681000000011409, 589665.995 ], [ 212754.095, 589394.466000000014901 ], [ 212766.383, 589186.177000000025146 ], [ 212679.776000000012573, 588740.040000000037253 ], [ 212716.337999999988824, 588449.393999999971129 ], [ 212647.057999999989988, 588205.25 ], [ 212755.931000000011409, 587785.044 ], [ 212941.783, 587510.986000000033528 ], [ 212933.03, 587287.959999999962747 ], [ 212802.31, 587148.560000000055879 ], [ 212564.96, 587087.349999999976717 ], [ 212434.21, 587209.270000000018626 ], [ 212340.422, 587196.753999999957159 ], [ 212141.13, 586996.75 ], [ 212128.13, 586868.14000000001397 ], [ 212011.922, 586716.98499999998603 ], [ 211832.31, 586593.99 ], [ 211746.76, 586370.89000000001397 ], [ 211836.96, 586207.589999999967404 ], [ 211765.199, 586021.925999999977648 ], [ 211620.69, 585918.26 ], [ 211390.758, 585907.807999999960884 ], [ 211364.73499999998603, 585827.57999999995809 ], [ 211423.79, 585665.17000000004191 ], [ 211563.76, 585600.050000000046566 ], [ 211590.579999999987194, 585532.560000000055879 ], [ 211500.756, 585247.125 ], [ 211362.769999999989523, 585175.5 ], [ 211257.480000000010477, 585200.67000000004191 ], [ 211220.1, 585135.400000000023283 ], [ 211262.53, 584941.910000000032596 ], [ 211388.19, 584844.92000000004191 ], [ 211333.99, 584611.37 ], [ 211241.82, 584570.949999999953434 ], [ 211110.09, 584623.699999999953434 ], [ 210894.96, 584524.189999999944121 ], [ 210810.329999999987194, 584404.5 ], [ 210534.22, 584332.660000000032596 ], [ 210462.487, 584248.052999999956228 ], [ 210789.087999999988824, 583980.876000000047497 ], [ 210908.494, 584004.886999999987893 ], [ 210933.704999999987194, 583881.848 ], [ 210619.317000000010012, 583739.62300000002142 ], [ 210306.215999999985797, 583695.65300000004936 ], [ 210307.10999999998603, 583585.959999999962747 ], [ 210257.321999999985565, 583584.493999999947846 ], [ 210270.82, 583487.660000000032596 ], [ 210390.450000000011642, 583402.400000000023283 ], [ 210224.035, 583380.648000000044703 ], [ 210246.402, 583330.518000000040047 ], [ 210407.88, 583306.13 ], [ 210485.35, 583102.13 ], [ 210648.47, 583147.63 ], [ 210932.69, 582915.13 ], [ 210952.0, 582696.63 ], [ 211033.44, 582573.63 ], [ 210975.25, 582420.13 ], [ 211302.0, 582088.38 ], [ 211298.19, 581836.75 ], [ 211226.88, 581721.13 ], [ 211292.91, 581562.25 ], [ 210949.97, 581209.25 ], [ 210989.6, 581068.75 ], [ 210956.9, 580916.5 ], [ 210791.18, 580755.92000000004191 ], [ 210779.38, 580563.060000000055879 ], [ 210646.24, 580436.180000000051223 ], [ 210580.74, 580249.459999999962747 ], [ 210404.12, 580082.53000000002794 ], [ 210256.57, 580011.569999999948777 ], [ 209944.99, 579562.229999999981374 ], [ 209590.21, 579544.17000000004191 ], [ 209291.723999999987427, 579384.625 ], [ 209285.47, 578816.74 ], [ 209174.88, 578684.199999999953434 ], [ 209013.888, 578622.783999999985099 ], [ 208851.071999999985565, 578346.047999999951571 ], [ 208285.353, 576926.685000000055879 ], [ 208106.53, 576277.49 ], [ 207873.06, 575989.89000000001397 ], [ 207831.737, 575827.593 ], [ 207749.450000000011642, 573106.5 ], [ 207768.729, 572324.949999999953434 ], [ 207979.54, 572223.25 ], [ 208325.44, 571862.46999999997206 ], [ 208734.579999999987194, 571297.689999999944121 ], [ 208710.115, 571274.454000000027008 ], [ 209759.060999999986961, 570166.606000000028871 ], [ 210935.399, 570116.658999999985099 ], [ 211736.737, 569964.702000000048429 ], [ 212377.392, 569980.074000000022352 ] ] ] ] } },
{ "type": "Feature", "properties": { "fid": 221, "identificatie": "GM1681", "naam": "Borger-Odoorn", "code": "1681", "ligt_in_provincie_code": "22", "ligt_in_provincie_naam": "Drenthe" }, "geometry": { "type": "MultiPolygon", "coordinates": [ [ [ [ 256397.442000000010012, 538849.390999999945052 ], [ 257505.16, 539667.140999999945052 ], [ 260194.685, 541308.314999999944121 ], [ 260270.557, 541318.429 ], [ 260300.041, 541438.942000000039116 ], [ 260356.37599999998929, 541480.986000000033528 ], [ 260296.027, 541521.88800000003539 ], [ 260301.783, 541574.099000000045635 ], [ 260423.639, 541600.582000000053085 ], [ 260393.115, 541703.437999999965541 ], [ 260331.354, 541733.488000000012107 ], [ 260382.657, 541818.505 ], [ 260355.283, 541896.841000000014901 ], [ 260408.302, 541913.751000000047497 ], [ 260400.518000000010943, 542046.189000000013039 ], [ 260568.806000000011409, 542250.064000000013039 ], [ 260550.568999999988591, 542367.216000000014901 ], [ 260648.583000000013271, 542438.657 ], [ 260619.810999999986961, 542496.091999999945983 ], [ 260687.426, 542536.326 ], [ 260757.661, 542787.331 ], [ 261018.435, 543062.917999999946915 ], [ 261213.506, 543136.093 ], [ 261360.446999999985565, 543019.071 ], [ 264094.960000000020955, 544097.410000000032596 ], [ 264580.409999999974389, 544105.57999999995809 ], [ 266542.183000000019092, 548928.182999999960884 ], [ 265225.386, 549260.067999999970198 ], [ 264529.939000000013039, 549847.182999999960884 ], [ 258967.082, 557380.577000000048429 ], [ 252428.028, 555523.951 ], [ 249169.299, 553776.552000000025146 ], [ 245084.575000000011642, 552802.358 ], [ 245369.5, 550897.13 ], [ 244882.87, 550858.319999999948777 ], [ 245049.283, 549761.829000000027008 ], [ 245117.089, 548480.814000000013039 ], [ 245237.143000000010943, 547384.751000000047497 ], [ 245907.946999999985565, 543934.11199999996461 ], [ 246115.008, 543501.429 ], [ 246426.912000000011176, 543603.718 ], [ 246577.469000000011874, 543434.517 ], [ 247006.961000000010245, 542471.927000000025146 ], [ 246960.763, 542434.12 ], [ 246985.871000000013737, 542188.446 ], [ 248088.358, 541367.054 ], [ 247853.284000000014203, 541190.427000000025146 ], [ 251326.721, 538559.584000000031665 ], [ 251814.582, 538078.214000000036322 ], [ 251839.481, 538124.525000000023283 ], [ 252889.513, 537089.944999999948777 ], [ 253001.687, 536867.109000000054948 ], [ 253627.139, 536262.834999999962747 ], [ 253820.279, 536566.797000000020489 ], [ 254003.603, 537043.327000000048429 ], [ 254193.585, 537283.736000000033528 ], [ 254630.477000000013504, 537527.886999999987893 ], [ 254889.538999999989755, 537921.773000000044703 ], [ 255853.62599999998929, 538450.49800000002142 ], [ 256397.442000000010012, 538849.390999999945052 ] ] ] ] } },
{ "type": "Feature", "properties": { "fid": 242, "identificatie": "GM1979", "naam": "Eemsdelta", "code": "1979", "ligt_in_provincie_code": "20", "ligt_in_provincie_naam": "Groningen" }, "geometry": { "type": "MultiPolygon", "coordinates": [ [ [ [ 257914.22, 584493.729999999981374 ], [ 258495.28, 585300.17000000004191 ], [ 258827.84, 585061.770000000018626 ], [ 258989.85999999998603, 585240.209999999962747 ], [ 259039.64000000001397, 585807.900000000023283 ], [ 259441.980000000010477, 586684.310000000055879 ], [ 260534.13, 587104.180000000051223 ], [ 262403.634000000020023, 587933.045999999972992 ], [ 263486.196999999985565, 587925.256000000052154 ], [ 263460.202999999979511, 587234.191 ], [ 263506.120999999984633, 587242.295999999972992 ], [ 264095.527, 586424.589999999967404 ], [ 264193.368000000016764, 586529.109000000054948 ], [ 264738.852000000013504, 586761.547000000020489 ], [ 264956.072999999974854, 587103.924 ], [ 265104.202, 587165.140999999945052 ], [ 265207.62599999998929, 587050.371000000042841 ], [ 265310.506999999983236, 587187.077999999979511 ], [ 265849.179, 586613.13 ], [ 266484.621999999973923, 585822.962000000057742 ], [ 266617.147, 585924.86199999996461 ], [ 267171.631999999983236, 585286.535000000032596 ], [ 267951.379000000015367, 585950.38800000003539 ], [ 267760.656000000017229, 586115.38 ], [ 268264.168, 586675.89000000001397 ], [ 270183.289999999979045, 587640.229999999981374 ], [ 271565.53000000002794, 589545.38 ], [ 271504.07, 590449.0 ], [ 269190.0, 592860.0 ], [ 269190.0, 595118.01 ], [ 266574.13, 594364.199999999953434 ], [ 263742.419999999983702, 594330.060000000055879 ], [ 262848.710000000020955, 594557.25 ], [ 262132.49, 595128.699999999953434 ], [ 261991.950000000011642, 595620.300000000046566 ], [ 262048.68, 596394.599999999976717 ], [ 261979.4, 597011.49 ], [ 260283.38, 600096.979999999981374 ], [ 259614.25, 601102.71999999997206 ], [ 259095.87, 601988.14000000001397 ], [ 257659.54, 606904.550000000046566 ], [ 257117.049999999988358, 608098.88 ], [ 256544.49, 608983.400000000023283 ], [ 256264.68, 609207.910000000032596 ], [ 255000.0, 603436.400000000023283 ], [ 253814.412000000011176, 603465.066 ], [ 253797.718, 603425.839000000036322 ], [ 253098.950000000011642, 603818.484000000054948 ], [ 252729.01, 604102.82999999995809 ], [ 251827.369, 604995.77800000004936 ], [ 248460.703, 602833.243000000016764 ], [ 248153.693999999988591, 603309.400000000023283 ], [ 247906.282, 603239.185000000055879 ], [ 247873.407, 603278.324000000022352 ], [ 247892.269, 603445.04500000004191 ], [ 247782.942000000010012, 603583.273999999975786 ], [ 247524.768000000010943, 603615.741000000038184 ], [ 246995.793, 602809.064999999944121 ], [ 246661.193, 602558.587000000057742 ], [ 245924.24, 602138.300000000046566 ], [ 245567.693999999988591, 601846.694000000017695 ], [ 244332.980000000010477, 600249.680000000051223 ], [ 243282.46, 599278.069999999948777 ], [ 242951.34, 598929.12 ], [ 242966.420000000012806, 598890.699999999953434 ], [ 242919.519999999989523, 598903.319999999948777 ], [ 242803.66, 598759.12 ], [ 242524.769999999989523, 598611.28000000002794 ], [ 242197.329999999987194, 598185.03000000002794 ], [ 241833.46, 598473.035000000032596 ], [ 241700.69, 598457.449999999953434 ], [ 241347.19, 598622.0 ], [ 241234.07, 598591.270000000018626 ], [ 241126.19, 598490.46999999997206 ], [ 240975.299999999988358, 598627.92000000004191 ], [ 240811.75, 598622.71999999997206 ], [ 240730.39000000001397, 598552.810000000055879 ], [ 240708.549999999988358, 598460.150000000023283 ], [ 240438.85, 598382.689999999944121 ], [ 240004.6, 598601.17000000004191 ], [ 239668.82, 598446.88 ], [ 239634.75, 598497.550000000046566 ], [ 239508.049999999988358, 598523.76 ], [ 239499.829999999987194, 598423.35999999998603 ], [ 239406.054, 598482.522 ], [ 239291.971, 598350.162000000011176 ], [ 239190.598999999987427, 598311.993999999947846 ], [ 238888.842, 598312.491000000038184 ], [ 238735.424999999988358, 598515.927999999956228 ], [ 238690.045000000012806, 598506.474000000045635 ], [ 238526.169, 598399.954000000027008 ], [ 238529.419, 598191.192000000039116 ], [ 238375.806000000011409, 598126.566 ], [ 238108.931000000011409, 598103.785000000032596 ], [ 238196.511, 597846.503000000026077 ], [ 238136.480000000010477, 597825.26 ], [ 238042.6, 598090.53000000002794 ], [ 237762.143000000010943, 598072.267 ], [ 237553.337999999988824, 597881.515999999945052 ], [ 237459.775, 597887.734000000054948 ], [ 237450.962999999988824, 597695.538999999989755 ], [ 237561.973, 597284.143999999971129 ], [ 237551.768000000010943, 597083.189000000013039 ], [ 237611.426, 596996.055999999982305 ], [ 237485.044, 596744.077000000048429 ], [ 237298.659000000014203, 596774.21999999997206 ], [ 237241.511, 596662.802999999956228 ], [ 237024.843, 596664.859000000054948 ], [ 236928.636999999987893, 596521.783999999985099 ], [ 236764.182999999989988, 596567.831 ], [ 236169.981, 596522.53000000002794 ], [ 236146.248, 596655.402 ], [ 235971.105000000010477, 596630.734000000054948 ], [ 235490.046, 596313.104000000050291 ], [ 235876.746000000013737, 595571.82999999995809 ], [ 236092.211000000010245, 595617.885 ], [ 236143.11799999998766, 595252.643999999971129 ], [ 235294.13, 595085.85999999998603 ], [ 235297.636, 595038.052999999956228 ], [ 235389.266, 594995.812999999965541 ], [ 235648.465, 595037.834000000031665 ], [ 235914.902, 594345.26300000003539 ], [ 236150.279, 594458.839999999967404 ], [ 236478.678000000014435, 594434.486000000033528 ], [ 236763.923, 593892.601000000024214 ], [ 236679.101, 593670.128999999957159 ], [ 237152.693999999988591, 592699.849000000045635 ], [ 238339.35999999998603, 592743.699999999953434 ], [ 238704.04, 591999.42000000004191 ], [ 238963.34, 592113.82999999995809 ], [ 239237.75, 592152.32999999995809 ], [ 239568.734, 592062.99800000002142 ], [ 239893.835, 591886.508000000030734 ], [ 240729.375, 591692.177000000025146 ], [ 241212.095, 591450.613999999943189 ], [ 241650.225, 591007.976000000024214 ], [ 241833.779, 590892.273000000044703 ], [ 242862.19, 592029.770000000018626 ], [ 242953.94, 591988.020000000018626 ], [ 243112.43, 592314.349999999976717 ], [ 243831.15, 592031.349999999976717 ], [ 244278.64000000001397, 591765.400000000023283 ], [ 244471.16, 591813.78000000002794 ], [ 244529.39000000001397, 592138.85999999998603 ], [ 244647.13, 592195.900000000023283 ], [ 244647.4, 592393.599999999976717 ], [ 244769.18, 592561.88 ], [ 244906.59, 592557.270000000018626 ], [ 245018.13200000001234, 592677.991999999969266 ], [ 245344.71, 592467.729999999981374 ], [ 245357.730000000010477, 592503.03000000002794 ], [ 245410.91, 592477.82999999995809 ], [ 245438.9, 592571.160000000032596 ], [ 245634.920000000012806, 592525.57999999995809 ], [ 245652.71, 592573.71999999997206 ], [ 245694.12, 592559.069999999948777 ], [ 245666.79, 592474.96999999997206 ], [ 245754.62, 592434.14000000001397 ], [ 245791.670000000012806, 592345.180000000051223 ], [ 245492.230000000010477, 592106.930000000051223 ], [ 245501.65, 592025.400000000023283 ], [ 245719.32, 591578.589999999967404 ], [ 246063.53, 591126.270000000018626 ], [ 246225.670000000012806, 591216.92000000004191 ], [ 246578.0, 590734.099999999976717 ], [ 246834.299999999988358, 591061.62 ], [ 247364.14000000001397, 590367.930000000051223 ], [ 247195.15, 590238.770000000018626 ], [ 247369.03, 589920.650000000023283 ], [ 247159.97, 589786.709999999962747 ], [ 247393.6, 589397.25 ], [ 250150.37, 591065.810000000055879 ], [ 250309.343, 590800.726999999955297 ], [ 250417.509, 590895.302999999956228 ], [ 250871.432999999989988, 591083.571 ], [ 251080.032, 590360.761000000056811 ], [ 252264.579999999987194, 590277.099999999976717 ], [ 252605.807999999989988, 591053.506999999983236 ], [ 252656.229, 591014.873999999952503 ], [ 252945.407, 591032.631000000052154 ], [ 253213.869, 590986.601999999955297 ], [ 253248.169, 590838.270000000018626 ], [ 254078.017, 591023.069999999948777 ], [ 254112.894999999989523, 590930.180999999982305 ], [ 254169.669, 590926.741999999969266 ], [ 254336.517, 591035.476000000024214 ], [ 254497.068, 591048.586000000010245 ], [ 254500.663999999989755, 591182.758000000030734 ], [ 254680.89000000001397, 591188.677000000025146 ], [ 254774.719000000011874, 591145.724999999976717 ], [ 255003.593, 591246.677000000025146 ], [ 255261.548, 590384.174 ], [ 255161.299999999988358, 590302.599999999976717 ], [ 255303.5, 589982.800000000046566 ], [ 255424.26, 590082.32999999995809 ], [ 255594.29, 589877.229999999981374 ], [ 255083.09, 589422.89000000001397 ], [ 254995.87, 589196.99 ], [ 255056.85999999998603, 589198.46999999997206 ], [ 255058.87, 589115.85999999998603 ], [ 255885.689000000013039, 589164.579000000027008 ], [ 256430.68, 589164.0 ], [ 256452.60999999998603, 589092.0 ], [ 256511.26, 589123.87 ], [ 256458.13, 587964.24 ], [ 256609.38, 587953.540000000037253 ], [ 256563.13, 587408.569999999948777 ], [ 256750.99, 587404.339999999967404 ], [ 256724.29, 586123.67000000004191 ], [ 256604.88, 585178.459999999962747 ], [ 256915.31, 585097.71999999997206 ], [ 257064.700000000011642, 585199.339999999967404 ], [ 257447.170000000012806, 584713.400000000023283 ], [ 257556.549999999988358, 584754.449999999953434 ], [ 257914.22, 584493.729999999981374 ] ] ] ] } },
{ "type": "Feature", "properties": { "fid": 245, "identificatie": "GM1690", "naam": "De Wolden", "code": "1690", "ligt_in_provincie_code": "22", "ligt_in_provincie_naam": "Drenthe" }, "geometry": { "type": "MultiPolygon", "coordinates": [ [ [ [ 231437.815, 516445.642999999981839 ], [ 231249.669, 518239.141 ], [ 232285.477000000013504, 519169.476000000024214 ], [ 232333.37400000001071, 521169.569000000017695 ], [ 230234.605000000010477, 521257.200000000011642 ], [ 230246.053000000014435, 521489.843 ], [ 229758.557999999989988, 521518.862000000022817 ], [ 229795.897, 522426.990999999979977 ], [ 229222.358, 522431.596000000019558 ], [ 229282.777, 523477.191 ], [ 228428.828, 523537.620999999984633 ], [ 227751.404, 523417.971000000019558 ], [ 227714.133, 523628.341000000014901 ], [ 226760.730000000010477, 523456.73599999997532 ], [ 226929.658, 524084.456 ], [ 226823.0, 524736.050000000046566 ], [ 226905.759, 524927.214000000036322 ], [ 225850.32, 524812.949999999953434 ], [ 225401.799999999988358, 524720.35999999998603 ], [ 225061.66, 524551.63 ], [ 224812.04, 524324.75 ], [ 224834.93, 524270.10999999998603 ], [ 224562.579999999987194, 524494.410000000032596 ], [ 223934.222, 524863.663999999989755 ], [ 223774.136999999987893, 524625.446 ], [ 223700.204999999987194, 524735.324999999953434 ], [ 223847.759, 525573.871000000042841 ], [ 223928.727000000013504, 525648.442999999970198 ], [ 224124.714, 525712.12 ], [ 224404.087999999988824, 526035.025999999954365 ], [ 224374.38, 526252.82999999995809 ], [ 224417.772999999986496, 526364.544 ], [ 224322.984, 526402.478 ], [ 223875.614, 527268.283000000054017 ], [ 224851.834, 527616.604000000050291 ], [ 224436.121000000013737, 528661.40500000002794 ], [ 224959.464, 528907.412000000011176 ], [ 224976.328, 528971.337000000057742 ], [ 224770.875, 529486.415000000037253 ], [ 225154.852000000013504, 529847.562999999965541 ], [ 224682.924, 530349.564000000013039 ], [ 224464.019999999989523, 530271.089999999967404 ], [ 224043.21, 531329.949999999953434 ], [ 224294.89000000001397, 531464.189999999944121 ], [ 225434.403, 531746.991999999969266 ], [ 225917.708000000013271, 532064.723 ], [ 226486.450000000011642, 532685.042000000015832 ], [ 226491.698, 533702.765999999945052 ], [ 225811.41, 534372.533000000054017 ], [ 225790.230000000010477, 534312.996000000042841 ], [ 225518.204, 534206.756000000052154 ], [ 225316.949, 533999.047000000020489 ], [ 225348.991, 533828.150999999954365 ], [ 225522.453, 533753.103 ], [ 225489.958000000013271, 533538.567000000039116 ], [ 225222.255, 533441.770000000018626 ], [ 225189.086000000010245, 533306.785000000032596 ], [ 224894.25, 533326.476999999955297 ], [ 224793.674999999988358, 533143.01 ], [ 224712.847, 533121.49800000002142 ], [ 224714.038999999989755, 533162.01300000003539 ], [ 224604.511, 533206.525999999954365 ], [ 224456.496000000013737, 533210.363999999943189 ], [ 224430.419, 533728.386999999987893 ], [ 224199.313, 533940.128000000026077 ], [ 224018.950000000011642, 533802.927000000025146 ], [ 224014.256, 533715.726000000024214 ], [ 223815.652, 533621.888999999966472 ], [ 223369.098999999987427, 533094.336000000010245 ], [ 222937.6, 532712.550000000046566 ], [ 222764.71, 532946.660000000032596 ], [ 222650.730000000010477, 532876.709999999962747 ], [ 222526.79, 532917.910000000032596 ], [ 222484.81, 532882.430000000051223 ], [ 222446.726, 532984.804 ], [ 221837.74, 533560.400000000023283 ], [ 221524.806000000011409, 533235.51300000003539 ], [ 221617.019, 533148.758000000030734 ], [ 221451.073, 532976.224000000045635 ], [ 221370.10999999998603, 533057.810000000055879 ], [ 221301.53, 533003.550000000046566 ], [ 221178.25, 533122.92000000004191 ], [ 221109.446, 533091.462999999988824 ], [ 220865.69, 533183.28000000002794 ], [ 220692.76, 533325.540000000037253 ], [ 220574.85999999998603, 533275.78000000002794 ], [ 220556.25, 533157.060000000055879 ], [ 220372.950000000011642, 533006.770000000018626 ], [ 220333.94, 532907.03000000002794 ], [ 220210.4, 533236.25 ], [ 220112.730000000010477, 533223.64000000001397 ], [ 220041.34, 533321.01 ], [ 219963.34, 533270.46999999997206 ], [ 219921.884, 533334.341999999945983 ], [ 220179.829999999987194, 533560.959999999962747 ], [ 220090.97, 533830.290000000037253 ], [ 220020.299999999988358, 533808.069999999948777 ], [ 219987.81, 533911.62 ], [ 219843.420000000012806, 533857.39000000001397 ], [ 219666.579999999987194, 533888.849999999976717 ], [ 219472.69, 534028.12 ], [ 219974.242, 534273.691 ], [ 220107.85, 534575.439999999944121 ], [ 220249.641, 534651.189999999944121 ], [ 220180.678000000014435, 535064.383000000030734 ], [ 219272.71, 535057.96999999997206 ], [ 218015.75, 534646.310000000055879 ], [ 217352.975, 534653.598 ], [ 217156.85999999998603, 534597.14000000001397 ], [ 217036.22, 534461.479999999981374 ], [ 216920.534000000014203, 534193.275000000023283 ], [ 216640.954, 534133.01 ], [ 216749.413999999989755, 533932.495 ], [ 216610.272, 533768.594000000040978 ], [ 216627.337, 533720.924 ], [ 216548.497, 533703.941 ], [ 216555.223999999987427, 533619.913999999989755 ], [ 216620.56, 533570.462000000057742 ], [ 216482.496000000013737, 533259.677000000025146 ], [ 216416.090999999985797, 533214.314000000013039 ], [ 216477.623, 533128.140999999945052 ], [ 216388.644999999989523, 533012.944000000017695 ], [ 216288.314000000013039, 532993.839999999967404 ], [ 216131.799, 532794.417000000015832 ], [ 216121.625, 532729.5 ], [ 216224.046, 532556.187000000034459 ], [ 216376.905999999988126, 532031.937000000034459 ], [ 216550.921, 531639.625 ], [ 216504.758, 531584.417999999946915 ], [ 216524.832, 531402.983 ], [ 215721.26500000001397, 531152.5 ], [ 215297.589, 530970.26500000001397 ], [ 214496.431000000011409, 530483.030999999959022 ], [ 214030.371000000013737, 530388.035000000032596 ], [ 213885.279, 530426.199999999953434 ], [ 213560.234, 530381.687000000034459 ], [ 213380.843, 530458.937000000034459 ], [ 213044.812, 529953.812000000034459 ], [ 212696.454999999987194, 529619.452000000048429 ], [ 212360.835, 528843.513999999966472 ], [ 212012.606, 528595.204000000027008 ], [ 212225.926, 528474.419 ], [ 211232.846, 526620.615 ], [ 211021.12599999998929, 526012.564000000013039 ], [ 211080.302, 524294.332999999984168 ], [ 211624.81, 524308.680000000051223 ], [ 211786.324, 524392.412999999942258 ], [ 212109.352000000013504, 524682.503999999957159 ], [ 212235.548, 524691.234000000054948 ], [ 212497.894999999989523, 524601.577999999979511 ], [ 213201.881, 524879.892 ], [ 213262.577, 524870.022 ], [ 213312.158, 524757.37300000002142 ], [ 213525.286, 524559.361000000033528 ], [ 214573.062, 524601.202999999979511 ], [ 214955.731, 524677.283999999985099 ], [ 214925.892, 524353.777 ], [ 215156.328, 524365.314999999944121 ], [ 215125.356, 524056.267999999981839 ], [ 215209.348, 524109.049999999988358 ], [ 215325.112, 523950.309 ], [ 215325.971, 523907.23499999998603 ], [ 215103.631, 523768.674 ], [ 215072.087999999988824, 523485.538999999989755 ], [ 215802.169, 523902.168 ], [ 215702.26500000001397, 522852.523999999975786 ], [ 215083.745, 522901.734 ], [ 215056.663999999989755, 522626.188000000023749 ], [ 215479.094000000011874, 522273.298 ], [ 215630.81, 522238.965000000025611 ], [ 215608.848, 522021.525000000023283 ], [ 215044.813, 522147.971000000019558 ], [ 214684.948, 522007.90500000002794 ], [ 214889.486, 521066.103 ], [ 214878.090999999985797, 521005.401000000012573 ], [ 214644.684, 521044.561999999976251 ], [ 214609.715, 520826.257999999972526 ], [ 214476.222, 520761.173 ], [ 214467.894999999989523, 520450.620999999984633 ], [ 214412.516, 520419.88900000002468 ], [ 214433.856999999989057, 520295.205000000016298 ], [ 214715.347, 520071.723 ], [ 214904.681000000011409, 520064.580000000016298 ], [ 215045.981999999989057, 520338.315 ], [ 215138.954999999987194, 520349.034999999974389 ], [ 215176.84, 520513.62699999997858 ], [ 215219.298, 520535.723999999987427 ], [ 215250.812, 520491.532 ], [ 215335.155999999988126, 520549.734 ], [ 215575.904, 520459.930999999982305 ], [ 215642.467, 520368.054 ], [ 215764.244, 520329.049999999988358 ], [ 215738.606, 520147.580000000016298 ], [ 215887.329, 520014.364 ], [ 215905.977000000013504, 519933.577 ], [ 215964.26, 519981.672000000020489 ], [ 216006.787000000011176, 519912.244 ], [ 216209.104, 519824.37699999997858 ], [ 216440.682999999989988, 519810.446 ], [ 216425.54, 519950.060999999986961 ], [ 216588.345, 520268.592 ], [ 216723.344000000011874, 520206.158 ], [ 216730.49299999998766, 520284.300999999977648 ], [ 216900.26, 520274.517 ], [ 216873.674, 520337.483 ], [ 216928.606, 520380.087 ], [ 217134.159000000014203, 520258.275000000023283 ], [ 217407.99, 520319.62699999997858 ], [ 217525.774, 520382.808000000019092 ], [ 217563.166999999986729, 520466.721000000019558 ], [ 217699.986, 520468.775000000023283 ], [ 217683.668, 520538.702999999979511 ], [ 217751.483, 520548.825000000011642 ], [ 217755.791999999986729, 520621.549999999988358 ], [ 217878.505, 520627.782 ], [ 217882.299, 520677.574000000022352 ], [ 218034.106999999989057, 520660.762999999977183 ], [ 218052.347, 520733.685999999986961 ], [ 218274.608, 520749.045999999972992 ], [ 218570.009, 520606.429 ], [ 218560.649, 520541.044 ], [ 218692.805, 520331.016 ], [ 218639.840999999985797, 520259.191999999980908 ], [ 218731.121000000013737, 520186.120999999984633 ], [ 218678.839, 520183.174999999988358 ], [ 218620.6, 519997.636 ], [ 218503.824, 519901.200000000011642 ], [ 218497.896, 519725.12400000001071 ], [ 218598.56, 519633.354 ], [ 218508.212, 519562.745 ], [ 218537.437, 519470.004000000015367 ], [ 218700.34, 519411.577999999979511 ], [ 218798.719000000011874, 519254.115999999979977 ], [ 218970.171, 519226.885 ], [ 218955.22, 519106.808000000019092 ], [ 219065.51500000001397, 518999.792000000015832 ], [ 219178.182999999989988, 519055.348999999987427 ], [ 219237.158, 518964.74800000002142 ], [ 219293.525, 518988.088999999978114 ], [ 219353.358, 518941.303000000014435 ], [ 219439.646, 519007.909999999974389 ], [ 219566.549999999988358, 518942.092 ], [ 219719.844000000011874, 518614.340000000025611 ], [ 219977.769, 518479.411000000021886 ], [ 219950.951, 518394.181999999971595 ], [ 220064.663, 518395.316 ], [ 220160.367, 518315.425999999977648 ], [ 220274.21, 518304.183000000019092 ], [ 220293.141, 518341.694000000017695 ], [ 220381.35, 518250.98499999998603 ], [ 220386.741, 518045.142 ], [ 220729.983, 518023.598 ], [ 220743.918, 517970.496999999973923 ], [ 220821.348, 518006.306999999971595 ], [ 221013.805, 517862.022999999986496 ], [ 221058.37, 517767.346000000019558 ], [ 221142.372, 517744.952 ], [ 221106.615, 517642.99900000001071 ], [ 221156.307, 517565.045999999972992 ], [ 221058.633, 517494.842 ], [ 221136.456, 517437.25 ], [ 221134.222, 517348.526000000012573 ], [ 221052.315, 517285.678000000014435 ], [ 221136.619, 517130.849999999976717 ], [ 221275.573, 517122.62 ], [ 221404.136, 516903.604 ], [ 221497.9, 516893.923 ], [ 221516.016, 516836.984 ], [ 221449.219000000011874, 516779.653999999980442 ], [ 221438.597, 516675.207 ], [ 221505.647999999986496, 516585.342 ], [ 221479.908, 516513.474999999976717 ], [ 221583.198, 516460.018999999971129 ], [ 221636.358, 516484.987000000022817 ], [ 221693.388, 516230.544999999983702 ], [ 221737.935999999986961, 516245.231000000028871 ], [ 221745.446, 516195.672000000020489 ], [ 221820.125, 516177.835000000020955 ], [ 221872.682, 516060.108 ], [ 221831.783, 516024.283 ], [ 221894.911, 516000.615999999979977 ], [ 221820.872, 515891.543 ], [ 221893.37599999998929, 515850.38900000002468 ], [ 221902.794, 515765.462 ], [ 221858.022999999986496, 515661.271 ], [ 221768.077, 515601.523999999975786 ], [ 221794.405, 515507.327 ], [ 221915.488000000012107, 515346.060999999986961 ], [ 221978.666, 515342.587999999988824 ], [ 221974.649, 515281.646 ], [ 222039.166999999986729, 515218.321 ], [ 221979.245, 515110.618000000016764 ], [ 222024.511, 514992.411000000021886 ], [ 221967.191, 514933.450000000011642 ], [ 221999.19, 514835.313000000023749 ], [ 222186.674, 514733.313000000023749 ], [ 222171.585, 514688.810999999986961 ], [ 222260.12400000001071, 514621.995 ], [ 222426.796, 514700.652 ], [ 222477.44, 514586.685 ], [ 222452.810999999986961, 514407.305 ], [ 222502.587999999988824, 514316.273999999975786 ], [ 222851.802, 514559.571999999985565 ], [ 223019.514, 514581.792000000015832 ], [ 223028.62, 514651.226000000024214 ], [ 223159.823, 514761.642 ], [ 223172.658, 514885.955000000016298 ], [ 223320.079, 514949.716000000014901 ], [ 223418.329999999987194, 514928.836000000010245 ], [ 223425.094000000011874, 514866.166000000026543 ], [ 223534.445, 514883.960000000020955 ], [ 223667.037000000011176, 514784.48499999998603 ], [ 223846.022999999986496, 514788.287000000011176 ], [ 223862.586000000010245, 514841.202999999979511 ], [ 223986.506, 514881.592 ], [ 224053.019, 514959.221000000019558 ], [ 223986.247, 515061.533 ], [ 224007.318, 515282.799 ], [ 224224.943999999988591, 515360.547000000020489 ], [ 224225.845, 515401.49 ], [ 224320.462999999988824, 515356.175999999977648 ], [ 224456.533, 515164.511 ], [ 224690.37, 515064.419999999983702 ], [ 224760.019999999989523, 515126.419999999983702 ], [ 224860.299999999988358, 515108.909999999974389 ], [ 224870.730000000010477, 515321.28000000002794 ], [ 224936.01, 515360.43 ], [ 224951.76, 515476.840000000025611 ], [ 225219.950000000011642, 515649.18 ], [ 225227.769999999989523, 515700.669999999983702 ], [ 225392.269999999989523, 515729.01 ], [ 225338.670000000012806, 515868.229999999981374 ], [ 225374.730000000010477, 515985.210000000020955 ], [ 225471.730000000010477, 516022.599999999976717 ], [ 225479.99, 516137.76 ], [ 225641.049999999988358, 516100.38 ], [ 225687.29, 516161.830000000016298 ], [ 225806.71, 516095.349999999976717 ], [ 225863.79, 515945.289999999979045 ], [ 225776.019999999989523, 515858.419999999983702 ], [ 225984.519999999989523, 515455.419999999983702 ], [ 225995.269999999989523, 515330.85999999998603 ], [ 225918.019999999989523, 515279.25 ], [ 225951.87, 515153.799999999988358 ], [ 226028.31, 515130.450000000011642 ], [ 226058.049999999988358, 515020.03000000002794 ], [ 226353.200000000011642, 514802.63 ], [ 226407.422, 514810.354999999981374 ], [ 226428.1, 514754.71999999997206 ], [ 226505.29, 514817.96999999997206 ], [ 226850.34, 514666.85999999998603 ], [ 227016.519999999989523, 514716.5 ], [ 227208.75, 514577.919999999983702 ], [ 227247.35999999998603, 514699.93 ], [ 227317.81, 514682.85999999998603 ], [ 227326.31, 514745.99 ], [ 227501.030999999988126, 514815.742000000027474 ], [ 227640.700000000011642, 514786.19 ], [ 227710.51500000001397, 514847.552000000025146 ], [ 227697.65, 514982.13 ], [ 227789.299999999988358, 515166.229999999981374 ], [ 227810.920000000012806, 515366.960000000020955 ], [ 227915.18, 515452.0 ], [ 227861.854, 515500.778 ], [ 227864.66, 515652.419999999983702 ], [ 228321.799999999988358, 515825.468999999982771 ], [ 228477.942000000010012, 515780.175999999977648 ], [ 228545.346, 515597.912000000011176 ], [ 228532.691, 515521.742000000027474 ], [ 228490.279, 515519.628000000026077 ], [ 228533.259, 515407.128000000026077 ], [ 228617.443, 515354.213999999978114 ], [ 228723.988000000012107, 515416.365 ], [ 228870.302, 515124.147 ], [ 228957.252, 515167.079000000027008 ], [ 229044.799999999988358, 515073.75 ], [ 229267.68, 515179.710000000020955 ], [ 229554.68, 515156.49 ], [ 229806.24, 515195.44 ], [ 230014.68, 515074.85999999998603 ], [ 230342.329999999987194, 515076.74 ], [ 230667.230000000010477, 514976.51 ], [ 231182.01500000001397, 514605.167000000015832 ], [ 231626.698, 514660.868000000016764 ], [ 231437.815, 516445.642999999981839 ] ] ] ] } },
{ "type": "Feature", "properties": { "fid": 247, "identificatie": "GM1952", "naam": "Midden-Groningen", "code": "1952", "ligt_in_provincie_code": "20", "ligt_in_provincie_naam": "Groningen" }, "geometry": { "type": "MultiPolygon", "coordinates": [ [ [ [ 250602.404, 565968.851000000024214 ], [ 249695.585, 571195.560000000055879 ], [ 249981.853, 571329.674 ], [ 249789.635, 571744.851000000024214 ], [ 250978.814000000013039, 572297.116999999969266 ], [ 251114.331, 572008.091000000014901 ], [ 253984.995, 571862.243999999947846 ], [ 253987.99, 571811.189999999944121 ], [ 254535.434, 571780.064999999944121 ], [ 254542.563, 571982.935999999986961 ], [ 254832.639, 571964.47199999995064 ], [ 254852.527, 572039.807000000029802 ], [ 255113.35999999998603, 571975.49 ], [ 255126.109, 572044.974000000045635 ], [ 255209.689000000013039, 572024.348 ], [ 255335.628, 572359.042000000015832 ], [ 256063.903, 572260.545999999972992 ], [ 256054.389, 572363.701 ], [ 258595.391, 571931.800999999977648 ], [ 259168.316, 571763.603 ], [ 259494.97, 571607.647 ], [ 260247.37400000001071, 571526.0 ], [ 260432.453, 570399.625 ], [ 260668.812, 570494.937999999965541 ], [ 260643.339, 570596.812000000034459 ], [ 260703.438, 570628.027 ], [ 260272.552, 572007.84499999997206 ], [ 260331.318, 572046.550000000046566 ], [ 259975.681000000011409, 573339.170999999972992 ], [ 259948.321999999985565, 573383.430000000051223 ], [ 259892.952, 573352.677000000025146 ], [ 259879.189000000013039, 574060.618000000016764 ], [ 259554.278, 575821.185999999986961 ], [ 259112.752, 575824.800000000046566 ], [ 259047.50700000001234, 576564.621000000042841 ], [ 259004.246000000013737, 576567.180999999982305 ], [ 258991.199, 576659.135 ], [ 258164.739, 576508.098 ], [ 258118.575000000011642, 576920.773999999975786 ], [ 256387.833000000013271, 576595.934 ], [ 256669.54, 576980.949000000022352 ], [ 256970.541, 577220.908999999985099 ], [ 256724.87, 577223.92000000004191 ], [ 256662.71, 577315.89000000001397 ], [ 256701.68, 577479.229999999981374 ], [ 256917.51, 577554.319999999948777 ], [ 256983.71, 577628.300000000046566 ], [ 257017.43, 577774.39000000001397 ], [ 256907.19, 577969.560000000055879 ], [ 256906.6, 578256.770000000018626 ], [ 257052.4, 578445.699999999953434 ], [ 257174.31, 578863.319999999948777 ], [ 257177.950000000011642, 579055.339999999967404 ], [ 257325.49, 579176.050000000046566 ], [ 257357.91, 579391.660000000032596 ], [ 257626.57, 579317.96999999997206 ], [ 257702.200000000011642, 579428.770000000018626 ], [ 257781.0, 579722.800000000046566 ], [ 257223.1, 579853.839999999967404 ], [ 257321.03, 580208.07999999995809 ], [ 257578.06, 580732.459999999962747 ], [ 257726.28, 580922.26 ], [ 257447.299999999988358, 581181.0 ], [ 258022.593, 581790.910999999963678 ], [ 257852.844000000011874, 581973.839000000036322 ], [ 257689.601, 582440.488999999943189 ], [ 257564.287000000011176, 582650.827000000048429 ], [ 257743.509, 582757.934 ], [ 257363.113000000012107, 583393.810999999986961 ], [ 256879.223, 583136.633999999961816 ], [ 256583.00700000001234, 584113.268999999971129 ], [ 256618.450000000011642, 584525.290000000037253 ], [ 256681.68, 584517.589999999967404 ], [ 256747.22, 585142.319999999948777 ], [ 256604.88, 585178.459999999962747 ], [ 256724.29, 586123.67000000004191 ], [ 256750.99, 587404.339999999967404 ], [ 256563.13, 587408.569999999948777 ], [ 256609.38, 587953.540000000037253 ], [ 256458.13, 587964.24 ], [ 256511.26, 589123.87 ], [ 256452.60999999998603, 589092.0 ], [ 256430.68, 589164.0 ], [ 255885.689000000013039, 589164.579000000027008 ], [ 255058.87, 589115.85999999998603 ], [ 255056.85999999998603, 589198.46999999997206 ], [ 254995.87, 589196.99 ], [ 255083.09, 589422.89000000001397 ], [ 255594.29, 589877.229999999981374 ], [ 255424.26, 590082.32999999995809 ], [ 255303.5, 589982.800000000046566 ], [ 255161.299999999988358, 590302.599999999976717 ], [ 255261.548, 590384.174 ], [ 254992.635, 591248.84499999997206 ], [ 254774.719000000011874, 591145.724999999976717 ], [ 254680.89000000001397, 591188.677000000025146 ], [ 254500.663999999989755, 591182.758000000030734 ], [ 254497.068, 591048.586000000010245 ], [ 254336.517, 591035.476000000024214 ], [ 254169.669, 590926.741999999969266 ], [ 254112.894999999989523, 590930.180999999982305 ], [ 254078.017, 591023.069999999948777 ], [ 253248.169, 590838.270000000018626 ], [ 253213.869, 590986.601999999955297 ], [ 252945.407, 591032.631000000052154 ], [ 252656.229, 591014.873999999952503 ], [ 252605.807999999989988, 591053.506999999983236 ], [ 252264.579999999987194, 590277.099999999976717 ], [ 251080.032, 590360.761000000056811 ], [ 250871.432999999989988, 591083.571 ], [ 250417.509, 590895.302999999956228 ], [ 250309.343, 590800.726999999955297 ], [ 250150.37, 591065.810000000055879 ], [ 245509.009, 588217.71999999997206 ], [ 244739.212, 587802.04500000004191 ], [ 243687.696, 587048.126000000047497 ], [ 242500.081, 586306.544 ], [ 242873.785, 586027.035999999963678 ], [ 242856.108, 585845.196 ], [ 243601.22, 585154.12 ], [ 243483.980000000010477, 585041.64000000001397 ], [ 243821.038, 584742.033999999985099 ], [ 243424.571, 584325.417000000015832 ], [ 243451.177, 584304.238000000012107 ], [ 243243.018000000010943, 584014.961000000010245 ], [ 243277.21, 583956.71999999997206 ], [ 243091.51, 583953.689999999944121 ], [ 243166.94, 583892.800000000046566 ], [ 243137.420000000012806, 583856.229999999981374 ], [ 243315.006, 583712.689999999944121 ], [ 243292.614, 583580.941 ], [ 243197.889, 583657.503000000026077 ], [ 243117.544, 583555.669 ], [ 243177.209, 583503.38 ], [ 243092.517, 583392.84499999997206 ], [ 243158.59, 583330.449999999953434 ], [ 243046.84, 583212.10999999998603 ], [ 243180.03, 583086.32999999995809 ], [ 243151.63, 583056.37 ], [ 243260.420000000012806, 582945.28000000002794 ], [ 243254.75, 582862.339999999967404 ], [ 243233.299999999988358, 582828.930000000051223 ], [ 243144.22, 582918.12 ], [ 243059.310999999986961, 582851.152 ], [ 243100.847, 582798.351000000024214 ], [ 243019.47, 582705.14000000001397 ], [ 243048.128999999986263, 582664.206 ], [ 242967.204999999987194, 582529.386999999987893 ], [ 242878.064000000013039, 582480.464999999967404 ], [ 242908.373, 582424.27800000004936 ], [ 242826.26, 582382.32999999995809 ], [ 242852.318, 582325.640999999945052 ], [ 242751.652, 582256.746000000042841 ], [ 242784.53, 582163.099999999976717 ], [ 242647.049999999988358, 582119.99 ], [ 242666.5, 582077.160000000032596 ], [ 242591.06, 582040.089999999967404 ], [ 242613.87, 581988.660000000032596 ], [ 242525.04, 581945.770000000018626 ], [ 242578.435, 581690.927999999956228 ], [ 242249.53, 581638.709999999962747 ], [ 242255.579999999987194, 581498.949999999953434 ], [ 242082.21, 581514.229999999981374 ], [ 242046.47, 581419.939999999944121 ], [ 241913.700000000011642, 581452.520000000018626 ], [ 241911.594000000011874, 581395.63 ], [ 241689.931000000011409, 581332.589000000036322 ], [ 241693.329999999987194, 581284.209999999962747 ], [ 241561.037000000011176, 581270.736000000033528 ], [ 241542.5, 581381.85999999998603 ], [ 241397.269999999989523, 581338.32999999995809 ], [ 241415.59, 581155.709999999962747 ], [ 241346.095, 581082.474999999976717 ], [ 241356.51, 580962.540000000037253 ], [ 241538.038, 580984.169 ], [ 241652.685, 580282.685999999986961 ], [ 241617.65, 580166.39000000001397 ], [ 241567.93, 580124.790000000037253 ], [ 240959.89000000001397, 580101.49 ], [ 240507.884, 580245.90300000004936 ], [ 239808.578, 579684.071 ], [ 239396.381, 579241.917999999946915 ], [ 238906.514, 579089.24800000002142 ], [ 238722.566, 578909.532 ], [ 239195.541, 578655.172999999951571 ], [ 238707.855000000010477, 578428.878999999957159 ], [ 239821.875, 577910.621999999973923 ], [ 239855.11799999998766, 577851.138999999966472 ], [ 239906.026000000012573, 577869.770000000018626 ], [ 240116.329, 577411.885 ], [ 240264.952, 576821.65500000002794 ], [ 240447.062, 576636.099999999976717 ], [ 240754.984, 576568.0 ], [ 240943.920000000012806, 576318.503999999957159 ], [ 241347.992, 576099.746999999973923 ], [ 241463.218, 575836.966999999945983 ], [ 241770.008, 575550.726000000024214 ], [ 241856.744, 575309.486000000033528 ], [ 242062.549, 574996.562000000034459 ], [ 242173.738000000012107, 574534.381000000052154 ], [ 241958.317000000010012, 574366.246000000042841 ], [ 241912.94, 574241.006000000052154 ], [ 242142.68, 573739.64000000001397 ], [ 242575.079999999987194, 571284.160000000032596 ], [ 243547.692000000010012, 571199.317999999970198 ], [ 245395.75, 571145.366999999969266 ], [ 245733.288, 570807.633999999961816 ], [ 245790.261, 570830.702000000048429 ], [ 245826.803000000014435, 570739.040000000037253 ], [ 246100.691, 570493.701 ], [ 246188.681000000011409, 570283.093 ], [ 246343.5, 570269.729000000050291 ], [ 246376.271, 570150.572000000043772 ], [ 250623.177, 565848.522 ], [ 250602.404, 565968.851000000024214 ] ] ] ] } },
{ "type": "Feature", "properties": { "fid": 255, "identificatie": "GM1699", "naam": "Noordenveld", "code": "1699", "ligt_in_provincie_code": "22", "ligt_in_provincie_naam": "Drenthe" }, "geometry": { "type": "MultiPolygon", "coordinates": [ [ [ [ 225066.003999999986263, 556412.545999999972992 ], [ 230086.044, 558713.993999999947846 ], [ 230561.894999999989523, 558768.878999999957159 ], [ 230345.454999999987194, 559487.038999999989755 ], [ 229937.473999999987427, 559369.643000000040047 ], [ 229352.060999999986961, 561014.101000000024214 ], [ 229843.901000000012573, 561168.057000000029802 ], [ 229635.842, 561856.854000000050291 ], [ 230397.54, 563876.517 ], [ 230565.818, 564870.758999999961816 ], [ 230476.109, 565637.457000000053085 ], [ 229978.227000000013504, 566604.854000000050291 ], [ 229823.147, 566876.018000000040047 ], [ 229779.169, 566858.506000000052154 ], [ 228873.856999999989057, 568444.812999999965541 ], [ 228503.744, 569389.714000000036322 ], [ 228462.154, 569987.743000000016764 ], [ 228178.856999999989057, 571000.983 ], [ 229387.835, 571305.821 ], [ 229557.873, 570998.736000000033528 ], [ 230326.193, 571570.268000000040047 ], [ 230212.155, 572134.87 ], [ 231387.478, 572294.191 ], [ 231737.085, 572381.86199999996461 ], [ 232093.0, 572366.339999999967404 ], [ 232133.187, 572491.908000000054017 ], [ 232148.108, 573076.604999999981374 ], [ 231958.135, 573356.395999999949709 ], [ 231917.432999999989988, 573502.886999999987893 ], [ 232017.959, 573826.412999999942258 ], [ 231930.366, 574211.366999999969266 ], [ 231814.037000000011176, 574317.682000000029802 ], [ 231712.891, 574521.745 ], [ 231961.912000000011176, 574970.653999999980442 ], [ 231911.325000000011642, 575095.456 ], [ 231964.666999999986729, 575251.084999999962747 ], [ 231837.064000000013039, 575329.805000000051223 ], [ 231820.778, 575410.316 ], [ 231711.043, 575524.368999999947846 ], [ 231861.844000000011874, 575680.26 ], [ 231839.056000000011409, 575870.525999999954365 ], [ 231921.065, 575909.478 ], [ 231925.516, 575962.488999999943189 ], [ 231810.480000000010477, 576113.212000000057742 ], [ 231843.096, 576322.353 ], [ 231690.495, 576379.540000000037253 ], [ 231656.905999999988126, 576445.226999999955297 ], [ 231657.49900000001071, 576551.636999999987893 ], [ 231778.996000000013737, 576640.14000000001397 ], [ 231775.083000000013271, 576717.393999999971129 ], [ 231651.972, 576765.755 ], [ 231558.006, 576699.915999999968335 ], [ 231443.937, 576791.785000000032596 ], [ 231464.196999999985565, 576953.170999999972992 ], [ 231365.714, 577061.147 ], [ 231346.619, 577190.371000000042841 ], [ 231286.797, 577187.653999999980442 ], [ 231211.621000000013737, 577361.834000000031665 ], [ 231161.644999999989523, 577354.402 ], [ 231100.19, 577436.609000000054948 ], [ 231010.85999999998603, 577867.01500000001397 ], [ 230811.267, 578281.03000000002794 ], [ 230624.318999999988591, 578384.327000000048429 ], [ 230589.456, 578481.782 ], [ 230482.404, 578488.15300000004936 ], [ 230481.035, 578598.332999999984168 ], [ 230563.179, 578657.027 ], [ 230526.337999999988824, 578767.018000000040047 ], [ 230446.825000000011642, 578802.356000000028871 ], [ 230350.131, 579112.571 ], [ 230170.559, 579427.474000000045635 ], [ 230261.301, 579508.95499999995809 ], [ 230248.284000000014203, 579543.611000000033528 ], [ 229814.62599999998929, 579859.435000000055879 ], [ 229138.718, 579627.86199999996461 ], [ 228978.818, 579631.604999999981374 ], [ 228906.827, 579692.915000000037253 ], [ 228864.178000000014435, 579982.523999999975786 ], [ 228802.973999999987427, 579959.20499999995809 ], [ 228616.096, 580173.003999999957159 ], [ 228420.29, 580191.10999999998603 ], [ 228400.62, 580246.479999999981374 ], [ 228120.117, 580212.400000000023283 ], [ 227065.99900000001071, 579861.331 ], [ 225873.429, 579387.09499999997206 ], [ 225745.297, 578781.371999999973923 ], [ 225563.824, 578414.180000000051223 ], [ 225243.116, 578176.988999999943189 ], [ 225157.200000000011642, 578148.503999999957159 ], [ 225092.469000000011874, 578204.103 ], [ 225003.60999999998603, 578184.32999999995809 ], [ 224693.965999999985797, 577891.542999999946915 ], [ 224316.059, 577702.800999999977648 ], [ 224082.786, 577654.427999999956228 ], [ 223929.146, 577535.12 ], [ 223744.818999999988591, 577507.812000000034459 ], [ 223181.366, 577257.25 ], [ 223091.443, 577128.074999999953434 ], [ 223016.731999999989057, 576860.726999999955297 ], [ 223008.277, 576256.067000000039116 ], [ 222926.095, 576090.653999999980442 ], [ 222413.073, 575679.547000000020489 ], [ 222264.394999999989523, 575480.582000000053085 ], [ 222149.521, 575213.087000000057742 ], [ 222072.806000000011409, 575239.680000000051223 ], [ 222064.772, 575107.383999999961816 ], [ 221975.932, 575063.441 ], [ 221508.897999999986496, 574546.050000000046566 ], [ 221523.74, 574110.75199999997858 ], [ 221595.085, 574109.268000000040047 ], [ 220515.355000000010477, 571051.192999999970198 ], [ 220383.745, 569415.981999999959953 ], [ 219919.845, 569357.738000000012107 ], [ 219133.215999999985797, 567126.865 ], [ 217161.923, 567871.028999999980442 ], [ 216518.087, 566431.143999999971129 ], [ 220729.325000000011642, 564947.410000000032596 ], [ 220558.271, 563224.515999999945052 ], [ 220425.074, 561226.959999999962747 ], [ 223906.541, 555883.385 ], [ 225066.003999999986263, 556412.545999999972992 ] ] ] ] } },
{ "type": "Feature", "properties": { "fid": 271, "identificatie": "GM0114", "naam": "Emmen", "code": "0114", "ligt_in_provincie_code": "22", "ligt_in_provincie_naam": "Drenthe" }, "geometry": { "type": "MultiPolygon", "coordinates": [ [ [ [ 259662.230000000010477, 517920.51 ], [ 260043.519999999989523, 517835.14000000001397 ], [ 260445.44, 518004.21999999997206 ], [ 261037.18, 517985.150000000023283 ], [ 261399.62, 518294.0 ], [ 262014.299999999988358, 518318.5 ], [ 262148.60999999998603, 518417.539999999979045 ], [ 262443.210000000020955, 518797.919999999983702 ], [ 262522.25, 518822.090000000025611 ], [ 262927.24, 518692.770000000018626 ], [ 263089.39000000001397, 518543.200000000011642 ], [ 263649.200000000011642, 518299.099999999976717 ], [ 264105.580000000016298, 518400.57 ], [ 264285.13, 518378.549999999988358 ], [ 264464.580000000016298, 518266.580000000016298 ], [ 264613.03000000002794, 518007.770000000018626 ], [ 265016.31, 517822.549999999988358 ], [ 266122.94, 517609.82 ], [ 266576.210000000020955, 517643.919999999983702 ], [ 266793.700000000011642, 517428.090000000025611 ], [ 267005.770000000018626, 517415.039999999979045 ], [ 267925.62, 518628.270000000018626 ], [ 267917.25, 518732.69 ], [ 267857.179, 518738.330000000016298 ], [ 268323.13, 528204.42000000004191 ], [ 268563.24, 537232.449999999953434 ], [ 269102.830000000016298, 538476.76 ], [ 269070.76, 538490.57999999995809 ], [ 269107.770000000018626, 538571.290000000037253 ], [ 269138.080000000016298, 538558.300000000046566 ], [ 269918.650000000023283, 540356.07999999995809 ], [ 268530.815, 540346.753999999957159 ], [ 268490.805999999982305, 540445.680000000051223 ], [ 268516.179, 541104.01500000001397 ], [ 268781.934, 541497.081 ], [ 268777.60999999998603, 541646.64000000001397 ], [ 268332.07, 541382.099999999976717 ], [ 268076.81, 541809.660000000032596 ], [ 267967.419999999983702, 541740.46999999997206 ], [ 267929.330000000016298, 541825.13 ], [ 267863.81, 541783.069999999948777 ], [ 267134.450000000011642, 542884.709999999962747 ], [ 267078.71999999997206, 542848.520000000018626 ], [ 266728.179, 543360.689999999944121 ], [ 266531.400000000023283, 543285.26 ], [ 266293.38, 544135.229999999981374 ], [ 264094.960000000020955, 544097.410000000032596 ], [ 261360.446999999985565, 543019.071 ], [ 261213.506, 543136.093 ], [ 261010.094000000011874, 543057.505 ], [ 260757.661, 542787.331 ], [ 260687.426, 542536.326 ], [ 260619.810999999986961, 542496.091999999945983 ], [ 260648.583000000013271, 542438.657 ], [ 260550.568999999988591, 542367.216000000014901 ], [ 260568.806000000011409, 542250.064000000013039 ], [ 260400.518000000010943, 542046.189000000013039 ], [ 260408.302, 541913.751000000047497 ], [ 260355.283, 541896.841000000014901 ], [ 260382.657, 541818.505 ], [ 260331.354, 541733.488000000012107 ], [ 260393.115, 541703.437999999965541 ], [ 260423.639, 541600.582000000053085 ], [ 260301.783, 541574.099000000045635 ], [ 260296.027, 541521.88800000003539 ], [ 260356.37599999998929, 541480.986000000033528 ], [ 260300.041, 541438.942000000039116 ], [ 260270.557, 541318.429 ], [ 260194.685, 541308.314999999944121 ], [ 257505.16, 539667.140999999945052 ], [ 255853.62599999998929, 538450.49800000002142 ], [ 254889.538999999989755, 537921.773000000044703 ], [ 254630.477000000013504, 537527.886999999987893 ], [ 254193.585, 537283.736000000033528 ], [ 254003.603, 537043.327000000048429 ], [ 253785.747, 536498.297999999951571 ], [ 253552.14000000001397, 536163.567999999970198 ], [ 253505.086000000010245, 535912.099999999976717 ], [ 253234.965, 535149.020999999949709 ], [ 252427.391, 533322.959000000031665 ], [ 252432.135, 533009.028999999980442 ], [ 252617.472, 532700.473 ], [ 252650.465999999985797, 532561.976000000024214 ], [ 252610.24900000001071, 532407.140999999945052 ], [ 252449.742, 532206.48499999998603 ], [ 252438.4, 532070.768000000040047 ], [ 252662.375, 531692.246000000042841 ], [ 252801.704999999987194, 531576.020000000018626 ], [ 252973.196, 531515.34699999995064 ], [ 253042.980000000010477, 531393.957999999984168 ], [ 252920.586000000010245, 531081.841999999945983 ], [ 252732.891, 530842.533999999985099 ], [ 252956.43, 530816.966000000014901 ], [ 252994.53, 530667.643000000040047 ], [ 252952.799999999988358, 530541.158999999985099 ], [ 252971.847, 530310.640999999945052 ], [ 252660.665, 529862.38800000003539 ], [ 252613.674, 529499.626000000047497 ], [ 252468.47, 529300.050000000046566 ], [ 252839.299999999988358, 528729.518000000040047 ], [ 252953.011, 528444.040000000037253 ], [ 252209.791999999986729, 528026.150999999954365 ], [ 252360.193, 527490.015999999945052 ], [ 252460.603, 527484.991999999969266 ], [ 253259.884, 524561.493999999947846 ], [ 253845.579999999987194, 524549.185000000055879 ], [ 254307.74, 521600.63 ], [ 254792.759, 519040.782 ], [ 254986.537000000011176, 519063.446 ], [ 255524.519999999989523, 519454.191999999980908 ], [ 256013.829999999987194, 519161.28000000002794 ], [ 256792.916999999986729, 519285.911000000021886 ], [ 257177.714, 519277.055999999982305 ], [ 257573.81, 518976.200000000011642 ], [ 258358.670000000012806, 518757.62 ], [ 258452.76, 518240.19 ], [ 258679.230000000010477, 518033.14000000001397 ], [ 259324.9, 518077.270000000018626 ], [ 259662.230000000010477, 517920.51 ] ] ] ] } },
{ "type": "Feature", "properties": { "fid": 277, "identificatie": "GM0180", "naam": "Staphorst", "code": "0180", "ligt_in_provincie_code": "23", "ligt_in_provincie_naam": "Overijssel" }, "geometry": { "type": "MultiPolygon", "coordinates": [ [ [ [ 205432.016, 510680.879000000015367 ], [ 206466.328, 511004.871999999973923 ], [ 206522.787000000011176, 511029.737000000022817 ], [ 206533.006, 511118.365999999979977 ], [ 208691.128999999986263, 511444.88900000002468 ], [ 208915.693999999988591, 511431.420999999972992 ], [ 209413.956, 511140.827999999979511 ], [ 209754.203, 511031.688000000023749 ], [ 213258.777, 511763.62400000001071 ], [ 213262.646, 511809.571999999985565 ], [ 214027.975, 511961.465000000025611 ], [ 214081.397999999986496, 512137.178000000014435 ], [ 214866.340999999985797, 512308.924 ], [ 214918.019999999989523, 512263.625 ], [ 215139.886999999987893, 512282.903999999980442 ], [ 215149.62599999998929, 512162.533 ], [ 215756.044, 512291.955000000016298 ], [ 215719.419, 512394.239 ], [ 215920.51, 512451.038 ], [ 215964.723999999987427, 512338.076 ], [ 217053.195, 512568.672000000020489 ], [ 218526.038, 519242.897 ], [ 218639.873, 519438.691999999980908 ], [ 218540.877, 519466.941999999980908 ], [ 218508.905, 519550.056999999971595 ], [ 218598.688, 519627.292000000015832 ], [ 218497.896, 519725.12400000001071 ], [ 218502.64000000001397, 519895.072999999974854 ], [ 218620.6, 519997.636 ], [ 218678.839, 520183.174999999988358 ], [ 218731.121000000013737, 520186.120999999984633 ], [ 218639.840999999985797, 520259.191999999980908 ], [ 218692.805, 520331.016 ], [ 218560.649, 520541.044 ], [ 218573.259, 520602.553000000014435 ], [ 218274.608, 520749.045999999972992 ], [ 218052.347, 520733.685999999986961 ], [ 218034.106999999989057, 520660.762999999977183 ], [ 217882.299, 520677.574000000022352 ], [ 217878.505, 520627.782 ], [ 217755.791999999986729, 520621.549999999988358 ], [ 217751.483, 520548.825000000011642 ], [ 217683.668, 520538.702999999979511 ], [ 217699.986, 520468.775000000023283 ], [ 217563.166999999986729, 520466.721000000019558 ], [ 217525.774, 520382.808000000019092 ], [ 217407.99, 520319.62699999997858 ], [ 217134.159000000014203, 520258.275000000023283 ], [ 216928.606, 520380.087 ], [ 216873.674, 520337.483 ], [ 216900.26, 520274.517 ], [ 216730.49299999998766, 520284.300999999977648 ], [ 216723.344000000011874, 520206.158 ], [ 216588.345, 520268.592 ], [ 216425.54, 519950.060999999986961 ], [ 216440.682999999989988, 519810.446 ], [ 216209.104, 519824.37699999997858 ], [ 216006.787000000011176, 519912.244 ], [ 215964.26, 519981.672000000020489 ], [ 215905.977000000013504, 519933.577 ], [ 215887.329, 520014.364 ], [ 215738.606, 520147.580000000016298 ], [ 215764.244, 520329.049999999988358 ], [ 215642.467, 520368.054 ], [ 215575.904, 520459.930999999982305 ], [ 215335.155999999988126, 520549.734 ], [ 215250.812, 520491.532 ], [ 215219.298, 520535.723999999987427 ], [ 215176.84, 520513.62699999997858 ], [ 215138.954999999987194, 520349.034999999974389 ], [ 215045.981999999989057, 520338.315 ], [ 214937.597, 520075.647 ], [ 214725.708000000013271, 520068.308000000019092 ], [ 214433.856999999989057, 520295.205000000016298 ], [ 214404.12400000001071, 520552.411000000021886 ], [ 214194.541999999986729, 520605.62599999998929 ], [ 214073.25, 520692.881999999983236 ], [ 213999.086000000010245, 520623.685 ], [ 213914.581, 520617.581 ], [ 213862.615, 520682.523999999975786 ], [ 213761.693999999988591, 520591.62300000002142 ], [ 213700.14000000001397, 520645.672000000020489 ], [ 213674.446, 520592.386999999987893 ], [ 213643.282, 520659.13 ], [ 213496.833000000013271, 520619.577 ], [ 213380.112, 520745.837999999988824 ], [ 213417.312, 520824.315 ], [ 213307.949, 520783.12 ], [ 213238.783, 520847.371999999973923 ], [ 213237.983, 520913.732000000018161 ], [ 213174.003999999986263, 520941.76 ], [ 213285.627, 521059.98599999997532 ], [ 213243.268000000010943, 521254.803000000014435 ], [ 213144.560999999986961, 521374.870999999984633 ], [ 213093.938, 521371.400000000023283 ], [ 213074.677, 521445.482000000018161 ], [ 213034.60999999998603, 521427.603 ], [ 212927.776000000012573, 521596.196 ], [ 212838.019, 521534.21999999997206 ], [ 212777.294, 521552.590000000025611 ], [ 212708.826, 521483.479 ], [ 212477.146, 521460.604999999981374 ], [ 212456.438, 521515.746999999973923 ], [ 212188.949, 521631.016 ], [ 212193.509, 521715.772 ], [ 212270.098999999987427, 521755.775000000023283 ], [ 212213.894999999989523, 521782.688000000023749 ], [ 212178.981, 521891.881 ], [ 212042.545000000012806, 521859.315 ], [ 211907.128999999986263, 521911.832 ], [ 211877.481999999989057, 521868.544 ], [ 211839.212, 521918.321 ], [ 211800.767, 521863.766 ], [ 211698.946999999985565, 521970.87 ], [ 211658.144999999989523, 521944.803000000014435 ], [ 211647.87, 521994.37300000002142 ], [ 211427.068999999988591, 522061.87699999997858 ], [ 211389.480000000010477, 522030.081 ], [ 211393.529, 522114.367000000027474 ], [ 211226.35999999998603, 522200.504000000015367 ], [ 211298.9, 522354.603 ], [ 211201.238000000012107, 522380.656000000017229 ], [ 211142.962999999988824, 522328.943000000028405 ], [ 211107.094000000011874, 522419.865 ], [ 211010.835, 522395.348 ], [ 210971.481, 522437.832999999984168 ], [ 210911.959, 522418.168 ], [ 210887.108, 522342.297000000020489 ], [ 210779.229, 522304.569000000017695 ], [ 210808.622, 522229.815 ], [ 210645.212999999988824, 522293.784999999974389 ], [ 210542.49299999998766, 522242.169999999983702 ], [ 210390.272, 522248.601000000024214 ], [ 210298.642, 522171.428000000014435 ], [ 210217.62599999998929, 522230.072999999974854 ], [ 210074.699, 522220.004000000015367 ], [ 209631.628999999986263, 521653.351000000024214 ], [ 209580.756, 521325.245 ], [ 209433.912000000011176, 521301.005 ], [ 209389.055, 521622.48499999998603 ], [ 209146.437, 521652.496999999973923 ], [ 209008.208000000013271, 521972.544999999983702 ], [ 208649.413999999989755, 521866.700000000011642 ], [ 208902.278, 521382.065 ], [ 208748.826, 521342.581 ], [ 208833.135, 521142.653999999980442 ], [ 208801.817000000010012, 521148.575000000011642 ], [ 207525.090999999985797, 521622.789999999979045 ], [ 207464.317000000010012, 521684.01500000001397 ], [ 207907.049, 522363.033999999985099 ], [ 207806.223, 522586.186999999976251 ], [ 207683.238000000012107, 522673.973 ], [ 207584.171, 522667.658 ], [ 207444.423, 522889.309 ], [ 207221.365, 523027.879000000015367 ], [ 206909.53, 522865.038 ], [ 206870.54, 522800.81 ], [ 206895.821, 522566.755 ], [ 206721.767, 522141.609 ], [ 206290.649, 521705.794 ], [ 205624.405999999988126, 521331.87300000002142 ], [ 205637.858, 521043.976000000024214 ], [ 205428.858, 520921.543 ], [ 205332.128, 520753.319000000017695 ], [ 205254.316, 520720.992000000027474 ], [ 205090.404, 520768.237000000022817 ], [ 204917.026000000012573, 520552.577999999979511 ], [ 204772.317000000010012, 520482.989 ], [ 204725.731999999989057, 520363.101000000024214 ], [ 204539.053000000014435, 520333.925999999977648 ], [ 204537.097, 520046.957 ], [ 204591.939000000013039, 519987.922000000020489 ], [ 203905.176, 519375.51500000001397 ], [ 203709.826, 519156.555999999982305 ], [ 203678.46, 519051.590000000025611 ], [ 203519.711000000010245, 519090.292000000015832 ], [ 203462.803000000014435, 518865.458999999973457 ], [ 203539.097, 518617.971000000019558 ], [ 203524.633, 517975.927000000025146 ], [ 203437.644999999989523, 517912.058000000019092 ], [ 203378.231999999989057, 517252.837999999988824 ], [ 203032.094000000011874, 516633.793 ], [ 202981.631, 516171.869 ], [ 203152.123, 515574.161000000021886 ], [ 203530.106999999989057, 515579.512999999977183 ], [ 203539.691, 515330.46999999997206 ], [ 203597.957, 515275.042000000015832 ], [ 203613.381, 515126.840000000025611 ], [ 203719.666999999986729, 515127.809 ], [ 203724.923, 515055.759000000020023 ], [ 203666.806000000011409, 515053.299 ], [ 203677.418, 514870.62400000001071 ], [ 203777.639, 514836.783 ], [ 203787.956, 514736.512999999977183 ], [ 203706.166999999986729, 514733.544 ], [ 203746.5, 514386.848 ], [ 203528.76500000001397, 514145.804 ], [ 203706.291, 513518.76 ], [ 203493.343, 513362.794999999983702 ], [ 203504.586000000010245, 513331.338999999978114 ], [ 203646.122, 513117.387999999977183 ], [ 203684.11799999998766, 513147.048 ], [ 204001.622, 512934.996999999973923 ], [ 204686.105000000010477, 512419.683000000019092 ], [ 204928.571, 512086.882999999972526 ], [ 205028.65, 511913.782 ], [ 204934.48499999998603, 511729.465000000025611 ], [ 205071.307, 511571.267 ], [ 205432.016, 510680.879000000015367 ] ] ] ] } },
{ "type": "Feature", "properties": { "fid": 290, "identificatie": "GM1708", "naam": "Steenwijkerland", "code": "1708", "ligt_in_provincie_code": "23", "ligt_in_provincie_naam": "Overijssel" }, "geometry": { "type": "MultiPolygon", "coordinates": [ [ [ [ 200434.918, 518523.881 ], [ 200631.105000000010477, 518594.077999999979511 ], [ 201111.00700000001234, 518983.184 ], [ 202245.913, 519762.68 ], [ 203042.552, 519921.020000000018626 ], [ 203219.702, 519499.223999999987427 ], [ 203382.625, 519793.5 ], [ 203412.026000000012573, 519763.988000000012107 ], [ 203723.278, 520037.966000000014901 ], [ 204539.053000000014435, 520333.925999999977648 ], [ 204700.761999999987893, 520346.363000000012107 ], [ 204772.317000000010012, 520482.989 ], [ 204917.026000000012573, 520552.577999999979511 ], [ 205053.049, 520744.336000000010245 ], [ 205304.51500000001397, 520734.848999999987427 ], [ 205428.858, 520921.543 ], [ 205637.858, 521043.976000000024214 ], [ 205624.405999999988126, 521331.87300000002142 ], [ 206290.649, 521705.794 ], [ 206724.348999999987427, 522145.125 ], [ 206899.76, 522584.299999999988358 ], [ 206877.44, 522829.37 ], [ 207178.092, 523026.601000000024214 ], [ 207165.98499999998603, 523062.753000000026077 ], [ 207018.141, 523002.992000000027474 ], [ 206923.613000000012107, 523233.642 ], [ 206656.437, 524046.63900000002468 ], [ 206694.337, 524072.266 ], [ 206654.818999999988591, 524214.925999999977648 ], [ 206451.538, 524741.214000000036322 ], [ 205875.139, 526105.908999999985099 ], [ 205109.102000000013504, 528109.87 ], [ 204500.034000000014203, 529452.474000000045635 ], [ 204512.625, 529710.658000000054017 ], [ 204585.388, 529913.523999999975786 ], [ 204916.62400000001071, 530211.89000000001397 ], [ 205309.646, 530408.765999999945052 ], [ 205726.810999999986961, 530460.48699999996461 ], [ 206940.807999999989988, 530874.398000000044703 ], [ 207424.82, 531296.979999999981374 ], [ 207733.522999999986496, 531371.991999999969266 ], [ 208034.668, 532067.785000000032596 ], [ 208512.708000000013271, 532504.326 ], [ 209415.869, 533539.302999999956228 ], [ 209941.203, 534356.831 ], [ 208264.082, 536581.150000000023283 ], [ 207937.567000000010012, 536776.571 ], [ 207888.586000000010245, 536711.616000000038184 ], [ 206930.343, 537811.402 ], [ 206357.184, 538180.00199999997858 ], [ 206542.911, 538229.513999999966472 ], [ 205511.193999999988591, 539328.015999999945052 ], [ 205066.448, 539894.577999999979511 ], [ 204953.067000000010012, 540324.863000000012107 ], [ 204347.983, 541031.753000000026077 ], [ 202509.324, 539908.037000000011176 ], [ 202181.666, 539774.876000000047497 ], [ 201840.060999999986961, 539321.49 ], [ 201386.840999999985797, 539275.689999999944121 ], [ 200881.432999999989988, 539350.371000000042841 ], [ 200435.238000000012107, 539333.446 ], [ 199838.029, 539110.076 ], [ 200011.304, 538423.36199999996461 ], [ 200344.506, 537866.106999999959953 ], [ 199873.723999999987427, 537639.714999999967404 ], [ 199474.412000000011176, 537235.768000000040047 ], [ 199128.75099999998929, 537071.175000000046566 ], [ 198415.571, 536610.185999999986961 ], [ 198102.693999999988591, 537284.768999999971129 ], [ 197962.557, 537446.787999999942258 ], [ 197475.371000000013737, 537362.991999999969266 ], [ 196813.939000000013039, 537158.780999999959022 ], [ 196250.31, 536804.941 ], [ 196077.344000000011874, 536764.697000000043772 ], [ 195920.009, 537047.667000000015832 ], [ 195672.670000000012806, 537321.608 ], [ 195559.63, 537372.677000000025146 ], [ 195396.5, 537330.077999999979511 ], [ 195072.566, 538172.020000000018626 ], [ 194690.076, 538777.03000000002794 ], [ 194462.024, 539439.015999999945052 ], [ 194431.788, 539572.657 ], [ 194477.759, 539634.571 ], [ 194265.506, 539622.349000000045635 ], [ 193651.56, 539406.929 ], [ 193467.79, 539284.302999999956228 ], [ 193312.329999999987194, 539058.160999999963678 ], [ 193388.297, 538732.591999999945983 ], [ 193317.271, 538597.589000000036322 ], [ 193245.565, 538608.535000000032596 ], [ 193133.459, 538745.969000000040978 ], [ 192649.788, 539061.721000000019558 ], [ 192292.468, 538864.704000000027008 ], [ 191684.885, 538817.927000000025146 ], [ 191382.348999999987427, 538648.643000000040047 ], [ 191378.409000000014203, 538550.876000000047497 ], [ 191577.734, 538516.866999999969266 ], [ 191627.204999999987194, 538440.339000000036322 ], [ 191575.269999999989523, 538369.65300000004936 ], [ 191279.471, 538393.277 ], [ 191099.259, 538308.797999999951571 ], [ 191115.76500000001397, 538168.75199999997858 ], [ 191341.649, 538038.821 ], [ 191322.228, 537994.807999999960884 ], [ 191171.230000000010477, 537998.97199999995064 ], [ 191106.31, 537937.199000000022352 ], [ 191188.726, 537496.706 ], [ 190873.628, 537322.474999999976717 ], [ 190579.885, 537043.511000000056811 ], [ 190339.421, 536597.843 ], [ 190204.863000000012107, 536440.231999999959953 ], [ 189619.204, 536187.392 ], [ 189435.221, 535738.569000000017695 ], [ 189092.723999999987427, 535541.150000000023283 ], [ 188406.269, 535299.223 ], [ 188151.304, 534955.761999999987893 ], [ 187984.696, 534955.307999999960884 ], [ 187740.25099999998929, 535088.907 ], [ 187469.908, 535160.091999999945983 ], [ 187263.242, 535372.84499999997206 ], [ 186858.973, 535357.474000000045635 ], [ 186680.803000000014435, 535655.944000000017695 ], [ 186522.949, 535463.294 ], [ 186219.335, 535535.633000000030734 ], [ 185814.828, 535452.689000000013039 ], [ 185776.538, 535405.74 ], [ 185680.902, 535689.089999999967404 ], [ 185449.297, 535514.96999999997206 ], [ 185295.916999999986729, 535487.35999999998603 ], [ 185258.649, 535551.854000000050291 ], [ 185354.296, 535762.439999999944121 ], [ 185193.291999999986729, 535932.469000000040978 ], [ 185100.047, 536138.537999999942258 ], [ 184767.869, 536333.589000000036322 ], [ 184463.06, 536315.049 ], [ 184327.803000000014435, 536531.535000000032596 ], [ 184183.691, 536628.238999999943189 ], [ 184160.1, 536758.496999999973923 ], [ 183983.089, 536693.427000000025146 ], [ 183506.448, 536376.851000000024214 ], [ 182510.65, 535551.92000000004191 ], [ 182789.29, 534970.92000000004191 ], [ 183243.01, 534258.32999999995809 ], [ 184106.480000000010477, 533459.57999999995809 ], [ 184117.56, 533132.589999999967404 ], [ 184748.10999999998603, 533230.839999999967404 ], [ 185295.04, 533244.449999999953434 ], [ 185366.72, 533176.63 ], [ 185657.269999999989523, 533191.189999999944121 ], [ 185783.46, 533115.62 ], [ 186202.69, 533150.180000000051223 ], [ 186917.18, 532829.63 ], [ 187957.35, 532038.339999999967404 ], [ 188234.29, 531885.21999999997206 ], [ 188605.37, 531448.25 ], [ 189232.65, 530988.900000000023283 ], [ 189349.38, 530732.479999999981374 ], [ 189618.549999999988358, 530553.35999999998603 ], [ 190020.44, 530570.729999999981374 ], [ 191147.340999999985797, 529395.618000000016764 ], [ 191668.13, 528163.839999999967404 ], [ 192041.35, 527127.810000000055879 ], [ 192526.94, 525434.560000000055879 ], [ 193111.170000000012806, 525096.040000000037253 ], [ 193395.97, 524580.0 ], [ 193366.82, 524190.950000000011642 ], [ 193648.76500000001397, 524203.832999999984168 ], [ 194046.81, 523566.150000000023283 ], [ 194073.18, 523061.75 ], [ 193869.79, 522701.919999999983702 ], [ 193687.28, 522655.919999999983702 ], [ 193241.1, 522128.26 ], [ 193158.079999999987194, 522095.549999999988358 ], [ 193022.88, 522179.24 ], [ 192700.10999999998603, 521842.81 ], [ 192745.730000000010477, 521797.409999999974389 ], [ 191973.329999999987194, 521035.830000000016298 ], [ 191899.549999999988358, 520776.94 ], [ 191923.72, 520562.87 ], [ 192065.03, 520338.080000000016298 ], [ 192375.04, 520296.090000000025611 ], [ 192399.07, 520473.349999999976717 ], [ 192499.94, 520484.150000000023283 ], [ 193342.78, 520174.37 ], [ 193623.74, 520191.650000000023283 ], [ 194084.920000000012806, 520011.14000000001397 ], [ 194211.94, 520059.539999999979045 ], [ 194481.230000000010477, 519906.88 ], [ 194736.1, 519639.88 ], [ 195076.25, 519389.46999999997206 ], [ 195383.85, 519024.349999999976717 ], [ 196433.769999999989523, 518748.74 ], [ 196936.72, 518380.289999999979045 ], [ 197483.700000000011642, 517754.090000000025611 ], [ 197540.59, 517587.49 ], [ 197647.133, 517490.367000000027474 ], [ 197698.945, 517559.945 ], [ 197752.503, 517522.481000000028871 ], [ 197905.141, 517284.478 ], [ 198148.691, 517368.483 ], [ 199056.1, 518200.14000000001397 ], [ 200182.517, 518290.413 ], [ 200434.918, 518523.881 ] ] ] ] } },
{ "type": "Feature", "properties": { "fid": 332, "identificatie": "GM0047", "naam": "Veendam", "code": "0047", "ligt_in_provincie_code": "20", "ligt_in_provincie_naam": "Groningen" }, "geometry": { "type": "MultiPolygon", "coordinates": [ [ [ [ 256912.968, 562338.175999999977648 ], [ 256981.715999999985797, 562406.348 ], [ 256822.223, 562954.792000000015832 ], [ 257843.312, 563137.062000000034459 ], [ 257775.37400000001071, 563584.312000000034459 ], [ 258675.687, 563637.0 ], [ 258642.937, 564103.125 ], [ 258059.39000000001397, 564532.687000000034459 ], [ 258338.530999999988126, 565975.5 ], [ 258334.64000000001397, 566194.687000000034459 ], [ 258368.555, 566274.34699999995064 ], [ 258436.01500000001397, 566218.75 ], [ 258778.734, 566663.75 ], [ 259344.866, 567200.087999999988824 ], [ 259285.429, 567218.662000000011176 ], [ 260145.218, 568689.0 ], [ 260217.109, 568650.937999999965541 ], [ 260244.806000000011409, 568754.147 ], [ 260299.75, 568704.062999999965541 ], [ 260390.859, 568815.75 ], [ 260446.26500000001397, 570314.937999999965541 ], [ 260247.37400000001071, 571526.0 ], [ 259494.97, 571607.647 ], [ 259168.316, 571763.603 ], [ 258595.391, 571931.800999999977648 ], [ 256054.389, 572363.701 ], [ 256063.903, 572260.545999999972992 ], [ 255335.628, 572359.042000000015832 ], [ 255209.689000000013039, 572024.348 ], [ 255126.109, 572044.974000000045635 ], [ 255113.35999999998603, 571975.49 ], [ 254852.527, 572039.807000000029802 ], [ 254832.639, 571964.47199999995064 ], [ 254542.563, 571982.935999999986961 ], [ 254535.434, 571780.064999999944121 ], [ 253987.99, 571811.189999999944121 ], [ 253984.995, 571862.243999999947846 ], [ 251114.331, 572008.091000000014901 ], [ 250978.814000000013039, 572297.116999999969266 ], [ 249789.635, 571744.851000000024214 ], [ 249981.853, 571329.674 ], [ 249695.585, 571195.560000000055879 ], [ 250623.177, 565848.522 ], [ 253864.356, 562563.468 ], [ 254134.509, 562801.866999999969266 ], [ 254356.581, 562619.211000000010245 ], [ 255202.804, 563230.496999999973923 ], [ 256408.552, 561673.586000000010245 ], [ 256699.299, 561897.711000000010245 ], [ 256599.785, 562026.807000000029802 ], [ 256912.968, 562338.175999999977648 ] ] ] ] } }
]
}
