{
"type": "FeatureCollection",
"name": "hsms_grdr_simplified",
"crs": { "type": "name", "properties": { "name": "urn:ogc:def:crs:EPSG::28992" } },
"features": [
{ "type": "Feature", "properties": { "label": "EHAVM Eemshaven-Midden 20 kV", "gid": "EHAVM Eemshaven-Midden 20 kV" }, "geometry": { "type": "MultiPolygon", "coordinates": [ [ [ [ 247493.828899998014094, 598607.242699999012984 ], [ 247456.127700001001358, 598722.758599999942817 ], [ 247554.062199998996221, 598730.692799999960698 ], [ 247512.666000000986969, 598687.473000001045875 ], [ 247530.918800000014016, 598628.399700000998564 ], [ 247493.828899998014094, 598607.242699999012984 ] ] ], [ [ [ 247436.649900001008064, 598789.054400000954047 ], [ 247456.638199999986682, 598871.875100002042018 ], [ 247517.7566, 598889.01579999900423 ], [ 247492.26590000098804, 598823.041700002038851 ], [ 247436.649900001008064, 598789.054400000954047 ] ] ], [ [ [ 246742.1404, 605254.636700000963174 ], [ 247268.603700000996469, 605135.828699999023229 ], [ 247070.050099999003578, 604832.755299999960698 ], [ 247101.831599998986349, 604863.789600000018254 ], [ 247156.636700000992278, 604831.05990000104066 ], [ 247023.635000001988374, 604596.18490000104066 ], [ 247057.855300002003787, 604581.6006 ], [ 246935.738499998988118, 604538.548799998941831 ], [ 246867.204599999007769, 604614.020300001022406 ], [ 246661.426800001005176, 604674.285399999003857 ], [ 246642.697099999000784, 604623.488200000952929 ], [ 246599.1393, 604634.652299999957904 ], [ 247771.6807, 604178.584899998968467 ], [ 247803.373300000996096, 604167.865400001057424 ], [ 248115.370999998995103, 604842.607999998959713 ], [ 248901.1503, 604511.978200000012293 ], [ 248775.964000001986278, 604268.083799998974428 ], [ 248695.0755, 604231.462499998975545 ], [ 248683.7795, 604129.751600001007318 ], [ 248576.633299998997245, 604118.000399998971261 ], [ 248584.7042, 604005.10920000099577 ], [ 248650.968699999008095, 604006.875399998971261 ], [ 248606.841200002003461, 603911.518900000024587 ], [ 248885.053300000989111, 603808.701099999016151 ], [ 249092.254900000989437, 603787.454300001030788 ], [ 249310.9224999989965, 603666.516600001952611 ], [ 249444.0814, 603469.649999998975545 ], [ 249047.053699999989476, 603211.696299999952316 ], [ 249222.339299999002833, 603322.892900001024827 ], [ 249633.493000001006294, 602827.585399999981746 ], [ 249212.987199999013683, 602539.187100001028739 ], [ 249082.050000001006993, 602346.282299999031238 ], [ 248902.07009999800357, 602517.473700001952238 ], [ 248613.847700000012992, 602340.595600001979619 ], [ 248353.418400001013651, 602629.814699999988079 ], [ 249979.11699999900884, 600776.653000000980683 ], [ 249673.586399999010609, 600589.1065 ], [ 249332.093800000991905, 600137.186500002047978 ], [ 248837.1862, 599708.710200001019984 ], [ 247692.855999999010237, 601581.767000001040287 ], [ 247737.275899998989189, 601610.029699999955483 ], [ 246472.594999999011634, 601004.719000000972301 ], [ 246511.261100002011517, 600898.4987 ], [ 246890.440299998997943, 600473.081599998986349 ], [ 246623.18, 600241.56509999895934 ], [ 246568.3541, 600299.578699999023229 ], [ 246511.368799999007024, 600257.086800002027303 ], [ 246347.482999998988817, 600448.3983 ], [ 246593.517099999007769, 600143.941399998962879 ], [ 245920.130299999989802, 599683.794500001007691 ], [ 245307.997699997999007, 600649.479400001000613 ], [ 245200.674899998994078, 600587.638300001970492 ], [ 245193.999899997987086, 600718.875100002042018 ], [ 245238.51469999901019, 600770.30009999894537 ], [ 245019.208000001002802, 601131.507100000977516 ], [ 245143.688900000997819, 601323.692999999970198 ], [ 244457.216899997991277, 600423.8763 ], [ 243977.185699999012286, 599918.14139999798499 ], [ 244182.0484, 599926.625399998971261 ], [ 244426.002599998988444, 599468.714799999957904 ], [ 244277.3565, 599222.778700002003461 ], [ 244278.294500001007691, 598960.057399999001063 ], [ 244122.120099999010563, 598663.856099999975413 ], [ 244068.3378, 598852.262699999031611 ], [ 243873.238600001001032, 599057.429699997999705 ], [ 243420.3948, 599111.481899998965673 ], [ 243283.3915, 598866.258299999055453 ], [ 243387.000999998010229, 598809.703699999023229 ], [ 243447.917599998007063, 598876.905999999027699 ], [ 243567.98420000099577, 598736.633799999952316 ], [ 243363.620000001013977, 598614.289999998989515 ], [ 243223.20329999900423, 598402.151099998969585 ], [ 243304.563000001013279, 598251.771400001016445 ], [ 243479.876600001007318, 598302.61089999997057 ], [ 243686.302299998991657, 598163.46739999903366 ], [ 243546.51469999901019, 597938.488000001991168 ], [ 242983.3862, 598200.506099998950958 ], [ 242689.479699999006698, 597782.806499999016523 ], [ 242460.962900001992239, 597898.288699998985976 ], [ 242245.156100001011509, 597589.480799998971634 ], [ 241904.385000001988374, 597762.776999998954125 ], [ 242197.329999998008134, 598185.030000000959262 ], [ 241833.460000001010485, 598473.035000000032596 ], [ 241700.690000000991859, 598457.449999999022111 ], [ 241365.559999999008141, 598618.32999999797903 ], [ 241234.07, 598591.270000000018626 ], [ 241126.190000000991859, 598490.469999999040738 ], [ 240960.870000001013977, 598633.350000001024455 ], [ 240783.144000000989763, 598612.063000001013279 ], [ 240497.065400001010858, 598962.685899998992682 ], [ 240553.534899997990578, 599011.192999999970198 ], [ 240471.949000001011882, 599244.958999998983927 ], [ 240229.897500001010485, 599254.207800001022406 ], [ 240127.60150000100839, 599311.397799998987466 ], [ 240175.673999999009538, 599706.696299999952316 ], [ 240095.831199999985984, 599758.277199998032302 ], [ 240158.567600000998937, 599791.104999999981374 ], [ 240126.0339, 599952.89249999797903 ], [ 239898.064599998004269, 599964.612700000056066 ], [ 239609.338799997989554, 600169.2267 ], [ 239360.750999998010229, 600164.761000000056811 ], [ 239513.046, 600421.225200001033954 ], [ 239467.934999999008141, 600651.533100001979619 ], [ 239574.30539999899338, 600673.851300001027994 ], [ 239593.2544, 600738.295299998950213 ], [ 239495.800700001011137, 601017.295400000992231 ], [ 239842.953899998014094, 601123.278000000980683 ], [ 239799.5112, 601419.635800000047311 ], [ 239662.092700000997866, 601369.698399998014793 ], [ 239611.675299997994443, 601453.723800000036135 ], [ 239640.394200000999263, 601525.352400001022033 ], [ 239739.743599999987055, 601458.212299998966046 ], [ 239781.173, 601509.9179 ], [ 239704.245400000014342, 601947.716899998020381 ], [ 239577.049199998000404, 602132.713399998960085 ], [ 239628.145799997990252, 602212.60860000201501 ], [ 239576.307999998010928, 602489.295699998969212 ], [ 239484.556400000990834, 602559.784699999028817 ], [ 239521.711100001004525, 602630.112399999052286 ], [ 239439.789999998989515, 602545.491999999037944 ], [ 239418.218699999008095, 602105.902100000996143 ], [ 239325.674300000013318, 601751.905099999043159 ], [ 239281.617800000996795, 601689.5821 ], [ 239159.853599999012658, 601606.6263 ], [ 239321.870000001013977, 601766.960499997949228 ], [ 238655.9124, 602049.168000000994653 ], [ 238640.23420000099577, 602012.450199999031611 ], [ 237986.339799999987008, 602154.305300001055002 ], [ 237948.4542, 602027.044399998965673 ], [ 237786.087499999004649, 602021.886000000056811 ], [ 237756.193300001003081, 602217.497900002053939 ], [ 237659.524700000998564, 602228.545699998969212 ], [ 237679.0209, 602472.573100000969134 ], [ 238056.978999998013023, 602553.056000001961365 ], [ 238060.168699998001102, 602896.769200001028366 ], [ 237359.780999998998595, 602432.649999998975545 ], [ 237097.221999998990213, 602325.24800000002142 ], [ 236878.903700002003461, 602309.793699997942895 ], [ 236873.582400001992937, 602393.779199998942204 ], [ 236920.7293, 602404.418799999984913 ], [ 236870.662999999010935, 602441.713199998950586 ], [ 236850.269099998986349, 602639.365800000960007 ], [ 236680.7861, 602599.369500000029802 ], [ 236611.7764, 602519.42339999997057 ], [ 236552.859900000999914, 602572.252199999988079 ], [ 236551.504900000989437, 602665.92509999894537 ], [ 236663.9998, 602742.646200001006946 ], [ 236707.665700000012293, 602838.928900000057183 ], [ 236529.652899998996872, 602987.57539999904111 ], [ 236895.445999999006744, 603048.186099999002181 ], [ 236885.699200000992278, 603119.825100000947714 ], [ 236996.961100001004525, 603144.294500001007691 ], [ 237023.754000001004897, 603007.160000000032596 ], [ 237140.012499998993007, 602998.210499997949228 ], [ 237171.693599999009166, 602886.3123 ], [ 237356.01610000099754, 602946.059799998998642 ], [ 237422.469300002005184, 603146.383000000962056 ], [ 237576.023899999010609, 603292.508099999045953 ], [ 237245.96799999801442, 604598.491000000038184 ], [ 238508.613000001991168, 605022.636999998008832 ], [ 238542.40470000001369, 604920.345500000054017 ], [ 238729.970400001999224, 604976.374000002047978 ], [ 238327.563900000997819, 606698.340999998035841 ], [ 238425.735399998986395, 606763.734499998041429 ], [ 238207.865400000999216, 607660.072200000053272 ], [ 238159.153700002003461, 607653.043699997942895 ], [ 238128.012200002005557, 607730.502199999988079 ], [ 238071.7927, 608006.171899999957532 ], [ 238220.3127, 608124.569800000987016 ], [ 238674.338599998998689, 608253.95129999902565 ], [ 239170.61899999898742, 608490.800000000977889 ], [ 240025.936999998986721, 608750.822000000975095 ], [ 240229.282400000985945, 608714.444499999051914 ], [ 240497.592799998994451, 608777.157800000044517 ], [ 241914.327, 609211.383000000962056 ], [ 244409.235599998006364, 609615.713300000992604 ], [ 244105.4296, 608694.551100000971928 ], [ 244468.8028, 608648.591600000974722 ], [ 244004.536800000991207, 607372.546399998944253 ], [ 243412.177299998991657, 607409.914099999004975 ], [ 243347.584199998993427, 607192.878099999972619 ], [ 244851.659499998990213, 607038.82999999797903 ], [ 244972.655000000988366, 606975.833700001006946 ], [ 243998.489, 605169.337000000989065 ], [ 244763.554400001012255, 605157.690200001001358 ], [ 244831.5002, 605207.056600000942126 ], [ 244983.5484, 605214.468100000056438 ], [ 244998.614500000985572, 605154.273999999975786 ], [ 245804.6481, 606314.73759999894537 ], [ 245890.615800000989111, 606298.046199999982491 ], [ 246175.88210000100662, 606687.494500000029802 ], [ 246864.571300000010524, 606589.756000000983477 ], [ 246993.721700002002763, 606526.102899997960776 ], [ 247148.878800000995398, 606722.919300000998192 ], [ 247452.096000001009088, 606536.90399999904912 ], [ 246518.103, 605266.147 ], [ 246742.1404, 605254.636700000963174 ] ] ], [ [ [ 247585.834199998993427, 604324.383499998948537 ], [ 247481.191599999001483, 604375.615299999946728 ], [ 247549.264600001013605, 604549.448600001982413 ], [ 247627.253199997998308, 604508.28090000199154 ], [ 247585.834199998993427, 604324.383499998948537 ] ] ], [ [ [ 249410.259199999010889, 607342.118400000035763 ], [ 249362.673300002003089, 607406.906100000953302 ], [ 249427.455200002004858, 607464.620999998995103 ], [ 249323.174400001997128, 607541.802200000965968 ], [ 249429.61679999899934, 607859.134599998942576 ], [ 249530.553300000989111, 607978.85920000099577 ], [ 249589.971000001009088, 607961.227000002050772 ], [ 249452.597800001996802, 607335.809 ], [ 249410.259199999010889, 607342.118400000035763 ] ] ], [ [ [ 248545.5471, 608117.082699998980388 ], [ 248224.9089, 607587.570900000981055 ], [ 248048.058499998995103, 607345.714400000986643 ], [ 247594.66380000099889, 607354.289299997966737 ], [ 247821.1851, 607653.374899997957982 ], [ 248488.671, 608808.758000000962056 ], [ 248741.417300000990508, 608562.504500002018176 ], [ 249732.787999999010935, 609498.708000001031905 ], [ 250759.219000001001405, 609119.473099999013357 ], [ 250844.656300000991905, 609132.603300001006573 ], [ 250941.419, 609380.120999998995103 ], [ 251017.72650000100839, 609441.4619 ], [ 251152.971599999989849, 609438.796599998953752 ], [ 250972.732999998988817, 609345.581999999005347 ], [ 250884.16539999798988, 609120.483800000976771 ], [ 251069.984000000986271, 608973.892000001040287 ], [ 251153.7698, 608713.273499998962507 ], [ 250951.449099999008467, 608728.419 ], [ 250943.061900000990136, 608771.291299998993054 ], [ 250350.866099998005666, 608935.462499998975545 ], [ 250245.754900000989437, 609072.915600002044812 ], [ 250049.393300000985619, 609120.273400000995025 ], [ 249985.287000000011176, 608848.254900000989437 ], [ 251139.675000001006993, 608566.105999998981133 ], [ 250989.0623, 608132.01300000003539 ], [ 249778.943999998009531, 608398.668000000994653 ], [ 249719.385100000014063, 608133.232000001007691 ], [ 249713.571600001014303, 608171.864500000956468 ], [ 249576.338799997989554, 608129.333900001016445 ], [ 249594.070999999006744, 607982.241000000038184 ], [ 248704.348999998997897, 608197.929000001051463 ], [ 248545.5471, 608117.082699998980388 ] ] ], [ [ [ 251701.537099998007761, 601287.70039999904111 ], [ 251557.83460000201012, 601309.658399999025278 ], [ 251550.645599998999387, 601402.180500000948086 ], [ 251665.348700002010446, 601428.522599998977967 ], [ 251701.537099998007761, 601287.70039999904111 ] ] ], [ [ [ 251505.005800001003081, 601391.52789999905508 ], [ 251494.71040000001085, 601409.701400000951253 ], [ 251516.0636, 601426.746900000027381 ], [ 251529.9461, 601400.17000000202097 ], [ 251505.005800001003081, 601391.52789999905508 ] ] ], [ [ [ 251307.907299999002134, 601716.9802 ], [ 251021.262699999002507, 601910.6631 ], [ 251089.741, 602015.918599999975413 ], [ 251399.306400000990834, 601838.217700000968762 ], [ 251431.440699997998308, 601752.546999998041429 ], [ 251331.3347, 601674.587200000998564 ], [ 251307.907299999002134, 601716.9802 ] ] ], [ [ [ 250450.033100002008723, 607404.113299999036826 ], [ 250430.290600001986604, 607362.982599999988452 ], [ 249868.844000001001405, 607464.497000001021661 ], [ 249828.64790000001085, 607514.4998 ], [ 249858.2650000010035, 607655.054299999028444 ], [ 250105.298900001012953, 607602.631000000983477 ], [ 250170.85179999799584, 607832.190900002024136 ], [ 250270.055799997993745, 607694.276000001002103 ], [ 250182.381999998993706, 607714.801899999030866 ], [ 250152.448800001002382, 607458.757800002000295 ], [ 250450.033100002008723, 607404.113299999036826 ] ] ] ] } },
{ "type": "Feature", "properties": { "label": "EHAVO Eemshaven-Oost 20 kV", "gid": "EHAVO Eemshaven-Oost 20 kV" }, "geometry": { "type": "MultiPolygon", "coordinates": [ [ [ [ 248605.477499998989515, 603916.54760000098031 ], [ 248650.968699999008095, 604006.875399998971261 ], [ 248584.7042, 604005.10920000099577 ], [ 248576.633299998997245, 604118.000399998971261 ], [ 248683.7795, 604129.751600001007318 ], [ 248695.0755, 604231.462499998975545 ], [ 248775.964000001986278, 604268.083799998974428 ], [ 248901.1503, 604511.978200000012293 ], [ 248440.750999998010229, 604730.908399999025278 ], [ 248115.370999998995103, 604842.607999998959713 ], [ 247803.373300000996096, 604167.865400001057424 ], [ 246599.1393, 604634.652299999957904 ], [ 246642.697099999000784, 604623.488200000952929 ], [ 246661.426800001005176, 604674.285399999003857 ], [ 246867.204599999007769, 604614.020300001022406 ], [ 246935.738499998988118, 604538.548799998941831 ], [ 247057.855300002003787, 604581.6006 ], [ 247023.635000001988374, 604596.18490000104066 ], [ 247156.636700000992278, 604831.05990000104066 ], [ 247101.831599998986349, 604863.789600000018254 ], [ 247070.050099999003578, 604832.755299999960698 ], [ 247268.603700000996469, 605135.828699999023229 ], [ 246518.103, 605266.147 ], [ 247452.096000001009088, 606536.90399999904912 ], [ 247148.878800000995398, 606722.919300000998192 ], [ 246993.721700002002763, 606526.102899997960776 ], [ 246864.571300000010524, 606589.756000000983477 ], [ 246175.88210000100662, 606687.494500000029802 ], [ 245890.615800000989111, 606298.046199999982491 ], [ 245804.6481, 606314.73759999894537 ], [ 244998.614500000985572, 605154.273999999975786 ], [ 244983.5484, 605214.468100000056438 ], [ 244831.5002, 605207.056600000942126 ], [ 244763.554400001012255, 605157.690200001001358 ], [ 243998.489, 605169.337000000989065 ], [ 244972.655000000988366, 606975.833700001006946 ], [ 244851.659499998990213, 607038.82999999797903 ], [ 243347.584199998993427, 607192.878099999972619 ], [ 243412.177299998991657, 607409.914099999004975 ], [ 244004.536800000991207, 607372.546399998944253 ], [ 244468.8028, 608648.591600000974722 ], [ 244105.4296, 608694.551100000971928 ], [ 244409.235599998006364, 609615.713300000992604 ], [ 245239.669, 609719.828000001958571 ], [ 245943.423999999009538, 609646.04500000202097 ], [ 247426.660999998013722, 609175.774999998975545 ], [ 248391.5942, 608634.906399999046698 ], [ 247820.6679, 607652.539900001022033 ], [ 247597.02320000200416, 607353.336800002027303 ], [ 248048.058499998995103, 607345.714400000986643 ], [ 248630.850000000995351, 608191.868000000948086 ], [ 249594.070999999006744, 607982.241000000038184 ], [ 249577.169599999004276, 608130.993200000026263 ], [ 249713.571600001014303, 608171.864500000956468 ], [ 249714.99399999898742, 608113.662300001946278 ], [ 250818.524999999004649, 607845.971999999019317 ], [ 250755.748, 607579.401999998954125 ], [ 250270.01590000098804, 607694.107199999969453 ], [ 250170.85179999799584, 607832.190900002024136 ], [ 250105.298900001012953, 607602.631000000983477 ], [ 249858.604899998987094, 607655.8528 ], [ 249833.059999999008141, 607495.944899998954497 ], [ 249966.8900000010035, 607427.32570000004489 ], [ 250430.290600001986604, 607362.982599999988452 ], [ 250450.033100002008723, 607404.113299999036826 ], [ 251116.208000001002802, 607261.313999998965301 ], [ 251338.024999999004649, 607336.965999998035841 ], [ 251622.021000001986977, 607271.758099999045953 ], [ 251634.263999999006046, 607304.743000000948086 ], [ 251665.480000000010477, 607261.414000001037493 ], [ 252053.8816, 607173.587599999969825 ], [ 252069.204, 607220.537999999010935 ], [ 252557.8900000010035, 607111.26399999903515 ], [ 252622.449000001011882, 607381.934 ], [ 251417.136599999008467, 607707.952000000048429 ], [ 251673.438400000013644, 608865.856899998965673 ], [ 251671.0711, 608992.767800000030547 ], [ 251561.40700000198558, 609211.170999999972992 ], [ 251599.365699999005301, 609217.643199999001808 ], [ 251709.316799997992348, 608995.2733 ], [ 251697.245000001013977, 608781.208999998983927 ], [ 252525.92880000200239, 608431.181200001039542 ], [ 253185.215999998006737, 608066.826000001048669 ], [ 253251.34, 608149.48699999996461 ], [ 253243.409000001993263, 608066.524999998975545 ], [ 253355.041999998997198, 608082.995000001043081 ], [ 253265.43, 608003.155999999027699 ], [ 254171.632800002000295, 607160.04929999995511 ], [ 254231.718499998998595, 607238.367899999022484 ], [ 254288.943399998999666, 607195.718899999046698 ], [ 254219.455400000995724, 607115.84039999905508 ], [ 254298.316799997992348, 607036.139800001052208 ], [ 254387.136599999008467, 607133.9804 ], [ 254427.203000001987675, 607098.030099999043159 ], [ 254358.720600002008723, 606989.86010000098031 ], [ 254438.883299998997245, 606509.639800001052208 ], [ 254285.044, 606161.050999999046326 ], [ 253922.090999998006737, 604872.552099999040365 ], [ 253887.396400000987342, 603436.399999998975545 ], [ 254210.030000000988366, 603122.464999999967404 ], [ 254836.206999999005347, 602111.831 ], [ 254666.623, 601836.344000000972301 ], [ 254658.063999998994404, 601717.370999998995103 ], [ 254921.084100000996841, 601591.508099999045953 ], [ 255019.940000000991859, 601326.818799998960458 ], [ 254905.135200001008343, 600750.198300000047311 ], [ 254794.168499999010237, 600715.44960000005085 ], [ 254793.979600001010112, 600634.985399998957291 ], [ 254709.415800001006573, 600638.022999997949228 ], [ 254692.859299998992356, 600684.962599999969825 ], [ 253404.409200002002763, 600289.967900000978261 ], [ 253437.833600000012666, 600185.93660000001546 ], [ 253404.243500001990469, 600182.980300002032891 ], [ 253437.246100001008017, 600177.38740000105463 ], [ 253722.077399998990586, 600267.467900000978261 ], [ 253791.385799999989104, 600046.703100000042468 ], [ 253675.303300000989111, 599974.447099998942576 ], [ 253782.261900000012247, 599814.34540000197012 ], [ 253480.532600000995444, 599661.365800000960007 ], [ 253175.2995, 599937.040199998999014 ], [ 253210.8224, 600116.946199998026714 ], [ 253144.568999998009531, 600288.662999999010935 ], [ 252848.418400001013651, 600191.411499998997897 ], [ 252874.14820000200416, 600263.157099999021739 ], [ 252800.540800001006573, 600223.94990000105463 ], [ 252804.359000000986271, 600303.429000001051463 ], [ 252767.712000000989065, 600285.609000000986271 ], [ 252744.807, 600349.25199999997858 ], [ 252561.937600002012914, 600228.031399999046698 ], [ 252338.621300000988413, 600279.724399999016896 ], [ 251998.5196, 600179.818700000992976 ], [ 252024.35209999998915, 599987.798900000983849 ], [ 251805.037000000011176, 599993.630600002012216 ], [ 251701.904599998000776, 599900.975699997972697 ], [ 251364.584100000996841, 600497.649700000998564 ], [ 251309.3046, 600750.053800001973286 ], [ 251244.79659999901196, 600739.964400000986643 ], [ 251203.831999999005347, 600696.158000000054017 ], [ 251304.163600000989391, 600596.834899998968467 ], [ 251312.194499998993706, 600520.602499998989515 ], [ 251212.0196, 600356.875999997952022 ], [ 251223.674600000987994, 600085.821699999039993 ], [ 251345.625, 599882.554000001051463 ], [ 251482.011900000012247, 599820.794300000998192 ], [ 251631.581099998002173, 599604.8101 ], [ 251556.872099998989142, 599572.229400001000613 ], [ 251591.961399999010609, 599514.212200000998564 ], [ 251548.436500001989771, 599466.486699998029508 ], [ 251761.096799999009818, 599468.34540000197012 ], [ 251897.877999999007443, 599519.864999998011626 ], [ 252085.129500001989072, 599243.598299999022856 ], [ 252445.543499999010237, 599037.728100002044812 ], [ 252033.277100000996143, 599251.3739 ], [ 251908.9516, 599209.9166 ], [ 251952.2071, 599051.193599998950958 ], [ 251791.037099998007761, 599076.253600000985898 ], [ 251628.362500001006993, 599214.881399999954738 ], [ 251496.869700000010198, 598991.735599998035468 ], [ 251983.714600000996143, 598863.852200001012534 ], [ 251966.261399998998968, 598627.6028 ], [ 251833.287799999001436, 598633.382699999958277 ], [ 251490.486699998000404, 598446.905600000056438 ], [ 251383.54780000098981, 598434.034699999028817 ], [ 251214.188200000993675, 598544.227499998989515 ], [ 251217.4888, 599058.604800001019612 ], [ 251142.88969999901019, 599402.077599999029189 ], [ 250642.748500001005596, 599356.129900000989437 ], [ 250173.879700001009041, 599517.841699998942204 ], [ 250269.5385, 599340.271499998983927 ], [ 250380.296, 599263.566399998962879 ], [ 250369.384, 599114.267999998992309 ], [ 250421.369399997987784, 599082.631000000983477 ], [ 250347.346299997996539, 599065.62699999997858 ], [ 250239.410999998013722, 599246.521000002045184 ], [ 250083.056000001990469, 599216.532800000044517 ], [ 250077.081, 599149.620600000023842 ], [ 249958.349800002004486, 599131.29670000099577 ], [ 249907.445, 599029.782299999031238 ], [ 249846.581599998986349, 599062.967599999043159 ], [ 249886.608800001005875, 599155.392600000021048 ], [ 249956.105500000994653, 599144.61259999894537 ], [ 249963.088100001012208, 599204.703200001036748 ], [ 249868.708999999013031, 599249.334899998968467 ], [ 249774.522799998987466, 599402.835399999981746 ], [ 249681.129299997992348, 599314.727100000018254 ], [ 249657.120400000014342, 598845.96950000198558 ], [ 249769.651700001006247, 598313.433200001949444 ], [ 249635.842900001007365, 598196.500100002042018 ], [ 249100.478, 598670.316 ], [ 249273.749000001989771, 598940.291000001016073 ], [ 248891.71799999801442, 599283.817000002018176 ], [ 248533.2139, 598945.680700000026263 ], [ 248695.104400001000613, 598756.509399999049492 ], [ 248904.229200002009748, 598628.095899999025278 ], [ 248558.759399998991285, 598305.84340000199154 ], [ 248664.798799999000039, 598282.705699999001808 ], [ 248600.357299997995142, 598134.566500001004897 ], [ 248468.105700001004152, 598003.686900001019239 ], [ 248492.925099999003578, 597953.65790000197012 ], [ 248206.7586, 597764.837900002021343 ], [ 247934.9615, 598180.448199999053031 ], [ 247747.784099999989849, 598116.993500001961365 ], [ 247764.3112, 598020.789600000018254 ], [ 248178.245000001013977, 597365.758999999961816 ], [ 248278.98530000098981, 597417.526000001002103 ], [ 248596.920400000992231, 596872.950300000957213 ], [ 248339.092500000988366, 597238.29760000098031 ], [ 248256.882399999012705, 597183.445900000981055 ], [ 248124.057599999010563, 597344.792499999981374 ], [ 247643.779899999004556, 596980.017299999017268 ], [ 246900.880199998995522, 598130.249400001019239 ], [ 246669.073899998998968, 598020.366200000047684 ], [ 246012.884, 599039.604999999981374 ], [ 245786.4254, 598903.6653 ], [ 245774.7731, 598840.23250000202097 ], [ 245733.574999998993007, 598794.384700000053272 ], [ 245759.093699999008095, 599007.312600002042018 ], [ 245448.796799998992356, 599586.625100002042018 ], [ 245372.203100000013364, 599598.375100002042018 ], [ 245125.486699998000404, 600276.482000001007691 ], [ 245346.889899998990586, 600383.790399997960776 ], [ 245229.593800000991905, 600493.375100002042018 ], [ 245190.093800000991905, 600607.625100002042018 ], [ 245307.997699997999007, 600649.479400001000613 ], [ 245918.886999998008832, 599684.4595 ], [ 246256.739200000010896, 599912.845199998002499 ], [ 246422.342900001007365, 599777.443899999954738 ], [ 246444.203699998994125, 599255.531899999943562 ], [ 246267.487199999013683, 599137.657800000044517 ], [ 246841.7733, 598234.9976 ], [ 247112.455699999001808, 598518.757599998032674 ], [ 247068.839100000011967, 598625.7465 ], [ 247207.30429999899934, 598641.691300000995398 ], [ 247130.317099999985658, 598839.742899999022484 ], [ 247041.202300000994001, 598805.628800000995398 ], [ 246926.300000001006993, 599119.379999998956919 ], [ 246974.8900000010035, 599153.799899999052286 ], [ 246913.100000000995351, 599242.709899998968467 ], [ 247049.987199999013683, 599360.666299998993054 ], [ 247025.34220000001369, 599402.111699998029508 ], [ 247100.34, 599395.229899998987094 ], [ 247132.885899997985689, 599308.354400001000613 ], [ 247244.93, 599371.57999999797903 ], [ 247278.789999998989515, 599319.960000001010485 ], [ 247157.129000001004897, 599239.669899999978952 ], [ 247261.298599998990539, 599108.148800001014024 ], [ 247219.879999998986023, 599074.199999999022111 ], [ 247327.68829999899026, 598839.067099999985658 ], [ 247446.160399999003857, 598934.2524 ], [ 247411.579999998008134, 599010.4399 ], [ 247494.788199998001801, 599067.892000001040287 ], [ 247550.357900000992231, 599025.087900002021343 ], [ 247475.6558, 599230.510099999955855 ], [ 247552.1666, 599320.567200000979938 ], [ 247640.834399998013396, 599614.421899999957532 ], [ 247448.372200001002057, 599825.463699999963865 ], [ 247390.975499999010935, 599993.359299998963252 ], [ 247114.250500001013279, 600251.785500001045875 ], [ 246943.168699998001102, 600498.494600001955405 ], [ 246890.96209999898565, 600470.964099999982864 ], [ 246511.261100002011517, 600898.4987 ], [ 246472.594999999011634, 601004.719000000972301 ], [ 247737.275899998989189, 601610.029699999955483 ], [ 247692.855999999010237, 601581.767000001040287 ], [ 248837.1862, 599708.710200001019984 ], [ 249332.093800000991905, 600137.186500002047978 ], [ 249673.586399999010609, 600589.1065 ], [ 249979.11699999900884, 600776.653000000980683 ], [ 248353.418400001013651, 602629.814699999988079 ], [ 248613.847700000012992, 602340.595600001979619 ], [ 248902.07009999800357, 602517.473700001952238 ], [ 249082.050000001006993, 602346.282299999031238 ], [ 249212.987199999013683, 602539.187100001028739 ], [ 249633.493000001006294, 602827.585399999981746 ], [ 249222.339299999002833, 603322.892900001024827 ], [ 249047.053699999989476, 603211.696299999952316 ], [ 249444.0814, 603469.649999998975545 ], [ 249312.109900000999914, 603665.262299999943934 ], [ 249092.254900000989437, 603787.454300001030788 ], [ 248885.053300000989111, 603808.701099999016151 ], [ 248605.477499998989515, 603916.54760000098031 ] ] ], [ [ [ 248590.945199999987381, 603884.031100000953302 ], [ 248555.402800001000287, 603836.598700001952238 ], [ 248447.199000001011882, 603890.082699998980388 ], [ 248465.396299999003531, 603929.332699998980388 ], [ 248406.073800001002382, 603896.517800000030547 ], [ 248370.7872, 603961.806600000942126 ], [ 247844.818300001003081, 604153.847199999028817 ], [ 247966.364899999985937, 604146.902499999967404 ], [ 247998.385499999014428, 604214.256200000992976 ], [ 248103.28049999801442, 604166.777399998041801 ], [ 248082.3015, 604100.896000002045184 ], [ 248303.239700000995072, 604011.838599998969585 ], [ 248374.32, 604165.593499999027699 ], [ 248464.0403, 603940.729400001000613 ], [ 248533.36899999898742, 603917.793200001004152 ], [ 248566.020599998999387, 603955.894200001028366 ], [ 248567.576400001009461, 603906.51749999797903 ], [ 248675.409499998990213, 603875.527199998032302 ], [ 248590.945199999987381, 603884.031100000953302 ] ] ], [ [ [ 246390.654100001003826, 605094.074400000041351 ], [ 246186.42949999900884, 604786.007199998944998 ], [ 245882.304000000993256, 604850.609999999054708 ], [ 245856.146499999013031, 604907.778299998026341 ], [ 245534.135299999004928, 605022.73699999996461 ], [ 245760.388900001009461, 605128.104999999981374 ], [ 245821.519200000999263, 605308.488099999958649 ], [ 246518.103, 605266.147 ], [ 246390.654100001003826, 605094.074400000041351 ] ] ] ] } },
{ "type": "Feature", "properties": { "label": "BL Beilen", "gid": "BL Beilen" }, "geometry": { "type": "MultiPolygon", "coordinates": [ [ [ [ 221998.535, 534993.527100000996143 ], [ 220997.593699999008095, 535097.375100002042018 ], [ 219284.86630000200239, 535067.03200000198558 ], [ 218865.6400000010035, 534949.365100000053644 ], [ 218696.69619999799761, 535303.787900001043454 ], [ 218460.411200002010446, 535613.326400000951253 ], [ 218471.146000001986977, 535810.802000000956468 ], [ 218323.078899998014094, 535654.880199998966418 ], [ 218311.853500000986969, 535565.271100000012666 ], [ 218091.744600002013613, 535433.590100002009422 ], [ 217609.791200000996469, 534840.514600001042709 ], [ 217953.939300000987714, 534651.232599999988452 ], [ 218261.205600001005223, 534721.452900000032969 ], [ 217997.75, 534642.809999999008141 ], [ 217202.028999998990912, 534625.453000001958571 ], [ 217133.364700000995072, 534806.02789999905508 ], [ 217137.302900000999216, 535009.449999999022111 ], [ 217226.4879, 535057.569400000968017 ], [ 217185.526099998998689, 535146.758999999961816 ], [ 217483.691, 535376.206599998986349 ], [ 217494.5, 535461.187600002042018 ], [ 217481.226399998995475, 535565.744100000942126 ], [ 217361.165700000012293, 535612.732599999988452 ], [ 217263.180300000996795, 535732.244800001033582 ], [ 217253.796799998992356, 535876.687600002042018 ], [ 216966.906300000991905, 536055.375100002042018 ], [ 217038.239999998011626, 536485.36010000098031 ], [ 216643.796899999986636, 536679.3125 ], [ 215342.872000000992557, 536950.723999998997897 ], [ 214827.142999998992309, 537094.679000001051463 ], [ 214673.436999998986721, 537180.789000001037493 ], [ 214596.4487, 538151.482799998950213 ], [ 214824.388599998987047, 538286.378899998962879 ], [ 214818.114999998011626, 538540.564699999988079 ], [ 214559.958600000012666, 538559.658900000038557 ], [ 214508.906300000991905, 539218.875 ], [ 214325.703100000013364, 539211.625 ], [ 213802.999899997987086, 539413.687600002042018 ], [ 213523.906199999008095, 539448.000100002042018 ], [ 213139.906199999008095, 539568.875100002042018 ], [ 212672.703100000013364, 539581.375100002042018 ], [ 212287.093699999008095, 539411.812600002042018 ], [ 212007.906199999008095, 539365.687600002042018 ], [ 211092.593699999008095, 539557.312600002042018 ], [ 210838.593699999008095, 539438.312600002042018 ], [ 209807.626699999003904, 539188.668200001004152 ], [ 209236.23389999900246, 538745.819099999964237 ], [ 208907.3149, 538258.419199998956174 ], [ 208565.4958, 538065.221999999019317 ], [ 208369.75820000100066, 537872.061099999002181 ], [ 208208.093800000991905, 537519.125100002042018 ], [ 208104.5, 537016.500100002042018 ], [ 207869.8983, 536733.143700000015087 ], [ 207377.442000001989072, 537298.29960000095889 ], [ 207795.251699999003904, 537664.045799999963492 ], [ 207631.316, 537896.474599997978657 ], [ 207075.126899999013403, 538537.7293 ], [ 206527.9278, 538070.159100000048056 ], [ 206404.471999998990213, 538149.504000001004897 ], [ 206292.381999998993706, 538116.954900000011548 ], [ 206129.787099998007761, 537943.534800000023097 ], [ 206025.31960000100662, 538055.509500000975095 ], [ 206232.529199999000411, 538270.901199999963865 ], [ 206381.765999999013729, 538186.554900001967326 ], [ 206542.910999998013722, 538229.51399999903515 ], [ 205509.015999999013729, 539341.247000001021661 ], [ 205075.956999999005347, 539888.239999998011626 ], [ 205036.530699997994816, 540028.320099998032674 ], [ 205140.5385, 540218.975499999010935 ], [ 205223.616099998005666, 540242.277699999976903 ], [ 205265.667800002003787, 540330.244100000942126 ], [ 205409.670600001001731, 540181.319400000968017 ], [ 205639.489999998011626, 540156.84600000095088 ], [ 205710.275800000992604, 540230.733499999972992 ], [ 205625.936500001989771, 540482.036499998997897 ], [ 205497.4285, 540626.592599999043159 ], [ 205987.234000000986271, 541019.855999998981133 ], [ 205899.068, 541124.880899999057874 ], [ 206012.356600000988692, 541214.416999998968095 ], [ 206051.828100000013364, 541326.753800000995398 ], [ 206491.698600002011517, 541410.477600001031533 ], [ 206701.093699999008095, 541164.812600002042018 ], [ 206791.353200000012293, 541163.396899997955188 ], [ 206480.450599998002872, 541576.420899998047389 ], [ 206490.3519, 541661.544300000998192 ], [ 206407.3629, 541675.597700000042096 ], [ 205984.728999998013023, 542270.51300000003539 ], [ 205911.9087, 542215.473000001045875 ], [ 207433.087999999988824, 543380.09299999801442 ], [ 210167.271000001986977, 545159.500999997952022 ], [ 211846.522999998007435, 547704.491000000038184 ], [ 212681.796999998012325, 548398.645000000018626 ], [ 212699.498, 548542.480999998981133 ], [ 212859.511999998008832, 548857.570999998948537 ], [ 213462.15700000198558, 549304.339999999967404 ], [ 216585.467, 549045.953000001958571 ], [ 218649.879000001004897, 547000.745999998995103 ], [ 222655.719999999011634, 550002.789999998989515 ], [ 223185.734499998012325, 551038.682999997981824 ], [ 223354.550999998988118, 550924.044500001007691 ], [ 223606.5416, 550974.228599998983555 ], [ 223919.548099998006364, 550784.569099999964237 ], [ 224044.978899999987334, 550990.5209 ], [ 224846.244700000010198, 550526.658399999025278 ], [ 224887.703000001987675, 550600.375100002042018 ], [ 225016.796799998992356, 550541.875 ], [ 225070.857099999004276, 550627.028399999951944 ], [ 225146.351, 550395.925000000977889 ], [ 225333.2302, 550684.467900000978261 ], [ 225205.384199999010889, 550838.929600000032224 ], [ 225735.953699998994125, 551673.061999998986721 ], [ 225863.734299998992356, 551523.507699999958277 ], [ 225991.618299997993745, 551727.018800002057105 ], [ 225776.057200000010198, 551735.961699999985285 ], [ 225895.748399998992682, 551923.68949999997858 ], [ 226087.710499998007435, 551880.173799998941831 ], [ 226277.787000000011176, 552179.324999999022111 ], [ 226303.750999998010229, 552163.671999998041429 ], [ 226107.120999998995103, 551856.210999998962507 ], [ 226140.448600002011517, 551724.048300002003089 ], [ 226047.229899998987094, 551650.564100001007318 ], [ 225996.9443, 551684.141800001030788 ], [ 225711.752, 551233.32999999797903 ], [ 225952.909499998990213, 551234.810899998992682 ], [ 225992.235199999005999, 551129.972500000032596 ], [ 226632.406199999008095, 551151.812600002042018 ], [ 226905.477600001002429, 551587.200599998002872 ], [ 226984.550700001011137, 551508.988299999036826 ], [ 226951.394499999005347, 551347.519900002051145 ], [ 227055.35920000099577, 551294.505299999960698 ], [ 227057.153400000010151, 551182.468800000962801 ], [ 226931.35179999799584, 551164.234999999054708 ], [ 226933.914799999009119, 551113.666000001016073 ], [ 227022.8972, 551081.801499999943189 ], [ 226942.7817, 550955.649700000998564 ], [ 226867.916299998993054, 550986.763300001970492 ], [ 226623.53090000199154, 550531.208700001006946 ], [ 226472.412999999010935, 550615.258000000962056 ], [ 225849.041299998993054, 549552.431600000942126 ], [ 226488.296899999986636, 549122.375 ], [ 227461.772, 549924.289900001022033 ], [ 227387.2678, 550012.218899999046698 ], [ 227391.4914, 550206.019099998986349 ], [ 227508.595800000999589, 550138.426499999943189 ], [ 227797.03790000101435, 550328.239199999952689 ], [ 228201.051199998997618, 550965.979499998968095 ], [ 227542.923, 551388.107000001007691 ], [ 227681.8499, 551607.425799999036826 ], [ 227904.666900001000613, 551473.364999998011626 ], [ 227999.286600001010811, 551611.822299998020753 ], [ 228208.832800000993302, 551481.435199997969903 ], [ 228264.389199997996911, 551558.790600002044812 ], [ 228406.359900000999914, 551442.812600002042018 ], [ 229256.795099999988452, 551034.027399998041801 ], [ 229504.775499999988824, 550840.366200000047684 ], [ 229787.384799997991649, 550730.485399998957291 ], [ 228981.936999998986721, 549462.84600000095088 ], [ 229834.658300000999589, 548841.879299998050556 ], [ 229998.809700001002057, 549061.658599999034777 ], [ 230206.347199998999713, 549147.231600000988692 ], [ 230281.807100002013613, 549306.784899997990578 ], [ 230482.9465, 549516.855900001013651 ], [ 230228.202399998990586, 549713.301199999055825 ], [ 230535.603599999012658, 549509.448199999053031 ], [ 231104.552399999985937, 550280.15549999801442 ], [ 231653.337400001008064, 549913.639500000048429 ], [ 231736.617600000987295, 550021.593800000962801 ], [ 231685.278000001009787, 550451.647999997949228 ], [ 231892.973999998997897, 550477.506000000983477 ], [ 231862.342, 550253.451000001048669 ], [ 232041.690000000991859, 550281.484999999054708 ], [ 232048.666999998997198, 550215.785000000032596 ], [ 232134.300999998988118, 550225.690000000991859 ], [ 232147.408, 550107.859999999054708 ], [ 232237.386799998988863, 549959.6263 ], [ 232161.294799997995142, 549317.310400002053939 ], [ 232308.203000001987675, 549082.812600002042018 ], [ 232599.296799998992356, 549089.125100002042018 ], [ 232658.499899997987086, 549417.875 ], [ 232745.867699999012984, 549402.347600001958199 ], [ 232799.072999999014428, 549529.313000001013279 ], [ 232852.7744, 548954.622099998989142 ], [ 232903.304099998989841, 548950.533399999025278 ], [ 233130.68149999898742, 550074.129500002018176 ], [ 233193.967900001007365, 550015.565699998056516 ], [ 233873.981600000988692, 549957.538300000014715 ], [ 234026.705699999001808, 549882.892099999007769 ], [ 234243.176100001001032, 549853.728200000012293 ], [ 234154.8928, 549356.370499997981824 ], [ 234090.776600000011967, 549258.725099998991936 ], [ 234043.004000001004897, 549323.066399998962879 ], [ 233579.778499998006737, 548904.725099998991936 ], [ 233560.4441, 548628.123500001034699 ], [ 233276.7650000010035, 548540.256000000983477 ], [ 233246.259100001014303, 548372.406300000962801 ], [ 233273.8059, 548319.777199998032302 ], [ 233231.1741, 548096.868500001961365 ], [ 233317.060899998992682, 548083.650199998053722 ], [ 233531.244800001004478, 547685.40399999904912 ], [ 233443.355000000010477, 547532.75199999997858 ], [ 233430.579599999007769, 547297.415399997960776 ], [ 233522.406199999008095, 547193.663800001027994 ], [ 233635.741199999989476, 547158.209399997955188 ], [ 233761.5363, 547228.683400001027621 ], [ 233865.32719999901019, 547201.95160000002943 ], [ 233765.03790000101435, 547023.741400000057183 ], [ 233849.85209999998915, 546900.858100001001731 ], [ 233781.096099999005673, 546647.533900000038557 ], [ 234031.855099998007063, 546509.913899998995475 ], [ 235610.66539999798988, 548707.706 ], [ 236071.8774, 548489.321400001994334 ], [ 236822.126800000987714, 548468.913899998995475 ], [ 236793.833000001002802, 548240.605099997948855 ], [ 236022.787999999010935, 548223.961100001004525 ], [ 235827.654899999004556, 547789.1459 ], [ 236074.725299999001436, 547724.296199999982491 ], [ 236147.509, 547653.831700001028366 ], [ 236096.675299997994443, 547155.30009999894537 ], [ 236040.1109, 547159.297499999054708 ], [ 235998.25759999800357, 546906.720600001979619 ], [ 236356.4505, 546674.269000001018867 ], [ 236390.880399997986387, 546800.914299997966737 ], [ 236626.4377, 546774.858299999963492 ], [ 236617.91490000099293, 546660.596400000038557 ], [ 237253.950399999012006, 546708.003099999972619 ], [ 237804.9571, 546688.443100002012216 ], [ 237855.169199999014381, 546712.967199999955483 ], [ 237997.836100001004525, 547127.476399998995475 ], [ 238133.364300001005176, 547207.875500001013279 ], [ 238221.5869, 547336.681000001961365 ], [ 238141.893800001998898, 547533.0403 ], [ 238308.09299999801442, 547770.302700001979247 ], [ 238301.029899999004556, 548015.9584 ], [ 238977.717799998994451, 547974.942999999970198 ], [ 239177.370900000998517, 548154.119199999026023 ], [ 239556.1875, 548199.1494 ], [ 239604.488400000991533, 548474.273200002033263 ], [ 239874.896499999013031, 548719.343600000953302 ], [ 240019.141600002010819, 548601.3517 ], [ 240103.663299999985611, 548925.243099999031983 ], [ 240340.2465, 549033.273499998962507 ], [ 240301.454799998988165, 549232.99800000002142 ], [ 240447.95219999901019, 549291.348099999013357 ], [ 240592.513500000990462, 549653.384199999039993 ], [ 240756.048, 549833.857000001007691 ], [ 241542.14759999900707, 549130.81619999895338 ], [ 241728.142999998992309, 549119.1457 ], [ 242052.553699999989476, 549268.931400001049042 ], [ 242174.354800000990508, 549412.3946 ], [ 241863.198800001002382, 549829.616799999028444 ], [ 241667.879000001004897, 550399.868999999016523 ], [ 241909.816799997992348, 550479.581599998986349 ], [ 241973.0656, 550337.057900000014342 ], [ 242248.631400000012945, 550378.358399998047389 ], [ 242357.382399999012705, 550426.9364 ], [ 242325.083299997990252, 550468.850900002056733 ], [ 242471.939800002000993, 550564.259599998942576 ], [ 242508.82070000100066, 550506.287900001043454 ], [ 242656.165600001986604, 550588.780400000978261 ], [ 242610.789099999004975, 550849.880899999057874 ], [ 242829.557300001004478, 550744.157299999031238 ], [ 242832.920699998998316, 550809.033000000054017 ], [ 243049.91400000100839, 550933.846999999019317 ], [ 242978.194499998993706, 551344.571899999049492 ], [ 243725.501200002006954, 551626.275600000983104 ], [ 243793.231600000988692, 551558.68670000100974 ], [ 243735.037500000995351, 551521.894299998995848 ], [ 243796.434900001011556, 551361.966699998942204 ], [ 244882.870000001013977, 550858.319999999948777 ], [ 245049.283, 549761.829000000027008 ], [ 245117.089000001986278, 548480.813999998965301 ], [ 245262.8035, 547244.718299999949522 ], [ 245068.589299999002833, 547031.284699999028817 ], [ 244575.754999998986023, 546793.147399998968467 ], [ 244443.10040000101435, 546899.61010000098031 ], [ 244303.116, 546901.574000000953674 ], [ 244353.994800001004478, 546592.738600000971928 ], [ 244756.895500001002802, 546008.95039999904111 ], [ 244995.965300001000287, 545299.817099999985658 ], [ 245095.229499998997198, 545217.704399998998269 ], [ 245625.86699999900884, 545323.403900000965223 ], [ 245822.313999998994404, 544353.784000001964159 ], [ 245103.118700001010438, 543758.490100000053644 ], [ 245122.090100002009422, 543661.918799999984913 ], [ 244477.949499998008832, 543114.243299997993745 ], [ 244873.318, 542958.881000000983477 ], [ 244749.82860000099754, 542425.234599999967031 ], [ 245169.607000001007691, 541959.951000001048669 ], [ 245336.0150000010035, 541574.886000000056811 ], [ 245508.683499998995103, 541399.096999999019317 ], [ 245418.250500001013279, 541223.103 ], [ 245471.3081, 541199.621900000027381 ], [ 245481.068, 541123.336300001014024 ], [ 245754.627700001001358, 541066.0222 ], [ 245940.071400001994334, 541243.943999998038635 ], [ 246075.080499998992309, 541081.303599998005666 ], [ 245992.30649999898742, 541034.6677 ], [ 246055.513, 540941.874000002047978 ], [ 245963.1292, 540903.4571 ], [ 246108.836800001998199, 540770.498500001034699 ], [ 246211.066300000995398, 540743.025800000992604 ], [ 246189.499699998996221, 540660.314599997946061 ], [ 246233.203000001987675, 540634.3125 ], [ 246327.0, 540248.625 ], [ 246661.558600001008017, 540410.960000001010485 ], [ 246683.406300000991905, 540232.312600002042018 ], [ 246846.912999999010935, 540244.300000000977889 ], [ 246583.003600000985898, 539592.772100002039224 ], [ 246055.653499998006737, 539540.662099997978657 ], [ 246037.489599999011261, 539488.37410000001546 ], [ 245958.89710000201012, 539196.558200001949444 ], [ 246385.902600002009422, 539104.451099999016151 ], [ 246110.782400000985945, 538424.271499998983927 ], [ 246157.406300000991905, 538342.625 ], [ 246040.796899999986636, 538237.625 ], [ 245805.6459, 537637.693599998950958 ], [ 245773.634199999010889, 537173.957699998980388 ], [ 245693.308699999004602, 537174.432999997981824 ], [ 245643.029399997991277, 536724.746199999004602 ], [ 245493.82829999900423, 536647.862700000056066 ], [ 245536.691500001004897, 536398.285300001967698 ], [ 245457.375, 536251.041499997954816 ], [ 245460.033599999005673, 536008.624600001028739 ], [ 245677.464600000996143, 536069.769099998986349 ], [ 245639.432500001013977, 535985.182500001043081 ], [ 246172.3204, 535857.478399998974055 ], [ 247398.595800000999589, 535687.498799997963943 ], [ 248160.986499999009538, 535644.968299999949522 ], [ 248172.8543, 535708.140400000032969 ], [ 248098.276500001986278, 534776.357000001007691 ], [ 248138.917300000990508, 535333.668000000994653 ], [ 247905.266600002010819, 535440.865600000950508 ], [ 247629.9989, 535134.701400000951253 ], [ 247642.1457, 534639.331200000015087 ], [ 247595.67280000098981, 534529.142400000011548 ], [ 247486.288400001998525, 534545.5381 ], [ 246916.2335, 534877.366799999028444 ], [ 246650.5449, 534931.998199998983182 ], [ 246492.028999998990912, 534893.099300001049414 ], [ 246392.914700001012534, 534458.975699997972697 ], [ 246449.565299998997943, 534576.099500000011176 ], [ 246812.228799998993054, 534342.430900000035763 ], [ 246805.814699999988079, 534239.821499999961816 ], [ 246566.6206, 534154.56050000002142 ], [ 246282.8013, 534193.514400001964532 ], [ 246289.3675, 534044.757699999958277 ], [ 245928.353399999003159, 533902.648400000995025 ], [ 245858.2861, 534001.572999999043532 ], [ 245704.499899997987086, 533886.125100002042018 ], [ 245684.716400000994327, 533230.892900001024827 ], [ 245637.782600000995444, 533228.920899998047389 ], [ 245633.297899998986395, 533272.267000001040287 ], [ 245403.5123, 533253.807300001033582 ], [ 245242.557100002013613, 532904.079900000011548 ], [ 245149.4155, 532935.176300000050105 ], [ 245005.276500001986278, 532865.90960000094492 ], [ 244894.0002, 532887.419100000988692 ], [ 244895.243500001990469, 532700.026199999963865 ], [ 244554.796799998992356, 532627.875100002042018 ], [ 243798.2302, 532017.094200000050478 ], [ 243731.767299998988165, 532120.49800000002142 ], [ 243068.486400001012953, 531406.824999999022111 ], [ 242559.500500001013279, 531384.511199999949895 ], [ 242624.212400001008064, 532436.688900000997819 ], [ 242440.305100000987295, 532572.602499998989515 ], [ 242620.813999998994404, 533089.982000001007691 ], [ 241991.544599999004276, 533088.653499998035841 ], [ 241459.041900001000613, 533212.743500001961365 ], [ 240412.269200000999263, 533085.563200001022778 ], [ 240834.492699999012984, 533771.118999999016523 ], [ 240722.0339, 533779.606899998965673 ], [ 240406.938700002006954, 534255.221700001973659 ], [ 240277.743599999987055, 534256.966299999970943 ], [ 240122.425900000991533, 534521.06619999895338 ], [ 239452.622400001011556, 533539.627300002030097 ], [ 238853.6752, 533932.763300001970492 ], [ 238963.463100001012208, 534115.920999999972992 ], [ 238827.296799998992356, 534190.687600002042018 ], [ 238783.203000001987675, 534142.625 ], [ 238555.409699998999713, 534251.1893999989843 ], [ 238409.072999999014428, 534163.792499999981374 ], [ 238209.277600002009422, 534199.915700000012293 ], [ 238019.082499999989523, 533874.962000000989065 ], [ 237620.3543, 532887.886199999949895 ], [ 237345.059599998989142, 532995.078100000042468 ], [ 236441.074299998988863, 533000.219900000956841 ], [ 235960.897399998997571, 533107.153499998035841 ], [ 236124.476199998985976, 533477.224399999016896 ], [ 236055.266899998998269, 533495.434099997975864 ], [ 236052.033799997996539, 533664.360699999961071 ], [ 235101.045000001991866, 533606.63800000003539 ], [ 234587.601, 531567.840999998035841 ], [ 233562.022999998007435, 531531.427000000956468 ], [ 233606.138199999986682, 531673.725699997972697 ], [ 233372.355500000994653, 532186.396299998974428 ], [ 232932.879700001009041, 531979.963300000992604 ], [ 232838.799300000013318, 532165.221200000029057 ], [ 232635.802700002008351, 532076.623500001034699 ], [ 232609.886999998008832, 532111.402699999976903 ], [ 232181.263799998996546, 531908.185300000011921 ], [ 232093.859700002009049, 532091.42509999894537 ], [ 231965.769900001992937, 532035.192400000989437 ], [ 231854.7322, 532239.976799997966737 ], [ 231258.856600000988692, 531954.036499998997897 ], [ 231158.834399998013396, 532162.272599998977967 ], [ 230574.96909999800846, 531945.515099999029189 ], [ 230481.920899997989181, 531978.915100001031533 ], [ 230529.083999999013031, 531997.499699998996221 ], [ 230425.483800001005875, 532255.669100000988692 ], [ 229803.0209, 532344.520100001012906 ], [ 229999.280099999014055, 532471.603700001025572 ], [ 230665.93, 533249.580800001043826 ], [ 230471.208999999013031, 533419.837999999988824 ], [ 230577.497000000992557, 533606.716999999945983 ], [ 230875.136700000992278, 533942.65700000198558 ], [ 230648.391800001001684, 534101.552999999024905 ], [ 230597.58619999900111, 534228.7535 ], [ 230546.384100001014303, 534245.106299999984913 ], [ 230569.126400000997819, 534290.227899997960776 ], [ 230240.733700000011595, 534502.234499998041429 ], [ 230482.780000000988366, 534576.545600001001731 ], [ 230255.302399999985937, 535002.718600000953302 ], [ 229754.0339, 535210.007100000977516 ], [ 229296.5306, 535238.932000000029802 ], [ 229193.144499999005347, 534987.686799998977222 ], [ 228716.692000001989072, 535128.340999998035841 ], [ 228604.691399998991983, 534842.52959999802988 ], [ 225903.519400001008762, 535716.681200001039542 ], [ 224227.999899997987086, 534943.312600002042018 ], [ 223039.796899999986636, 534165.625100002042018 ], [ 222878.406300000991905, 534704.125 ], [ 221998.535, 534993.527100000996143 ] ] ], [ [ [ 226004.782600000995444, 551245.118500001961365 ], [ 225973.715999998006737, 551260.195999998948537 ], [ 226062.394000000989763, 551402.817000002018176 ], [ 226057.326900001993636, 551247.055799997993745 ], [ 226004.782600000995444, 551245.118500001961365 ] ] ], [ [ [ 226282.749400000990136, 551290.564800002030097 ], [ 226203.086800001998199, 551338.130199998966418 ], [ 226234.440099998988444, 551385.979600001010112 ], [ 226301.572299997991649, 551314.319699998944998 ], [ 226282.749400000990136, 551290.564800002030097 ] ] ], [ [ [ 226563.9234, 551351.340799998026341 ], [ 226503.678199999005301, 551374.01859999797307 ], [ 226549.807200000010198, 551468.932799999020062 ], [ 226619.345199998002499, 551433.640200000023469 ], [ 226563.9234, 551351.340799998026341 ] ] ], [ [ [ 226439.614999998011626, 551531.154300000984222 ], [ 226448.283, 551487.366999999037944 ], [ 226361.581, 551542.010000001988374 ], [ 226302.778000001009787, 551492.510000001988374 ], [ 226354.004799999005627, 551626.223700001952238 ], [ 226439.614999998011626, 551531.154300000984222 ] ] ], [ [ [ 227149.786400001001311, 551635.184999999008141 ], [ 227315.27290000001085, 551530.301199999055825 ], [ 227273.499899997987086, 551462.500100002042018 ], [ 226998.845800000999589, 551628.640400000032969 ], [ 227046.33460000201012, 551700.688099998980761 ], [ 227149.786400001001311, 551635.184999999008141 ] ] ], [ [ [ 226223.6028, 551579.820900000981055 ], [ 226173.145799997990252, 551572.821199998026714 ], [ 226214.730000000010477, 551641.447999999043532 ], [ 226241.124499998986721, 551623.238800000050105 ], [ 226223.6028, 551579.820900000981055 ] ] ], [ [ [ 226380.499299999006325, 551652.632800002000295 ], [ 226438.337999999988824, 551749.754999998956919 ], [ 226470.4014, 551725.829100001952611 ], [ 226402.013, 551630.405999999027699 ], [ 226380.499299999006325, 551652.632800002000295 ] ] ], [ [ [ 224591.440499999007443, 553292.705899999011308 ], [ 225171.420400000992231, 552900.32829999900423 ], [ 224613.0623, 551992.54960000095889 ], [ 223918.589699998003198, 552471.026999998954125 ], [ 224398.100699998001801, 553408.218800000962801 ], [ 224591.440499999007443, 553292.705899999011308 ] ] ], [ [ [ 247082.626800000987714, 557681.201099999016151 ], [ 246993.4914, 557783.851000000024214 ], [ 247047.587000000989065, 557839.035999997984618 ], [ 247207.388900001009461, 557779.036699999007396 ], [ 247082.626800000987714, 557681.201099999016151 ] ] ], [ [ [ 247335.020100001012906, 557779.212400001008064 ], [ 247252.24199999900884, 557774.647 ], [ 247212.434500000992557, 557871.238000001991168 ], [ 247380.314800002000993, 557902.953499999013729 ], [ 247418.284000001993263, 557853.785999997984618 ], [ 247335.020100001012906, 557779.212400001008064 ] ] ], [ [ [ 246812.371100001008017, 558182.61289999994915 ], [ 246882.746300000988413, 558150.740200001979247 ], [ 246974.261300001002382, 557945.2518999989843 ], [ 246983.390299997990951, 557787.664900001022033 ], [ 246922.0011, 557765.34209999802988 ], [ 246853.720800000999589, 557839.811099999002181 ], [ 246724.652399998012697, 557696.424199998029508 ], [ 246624.98530000098981, 557948.454900000011548 ], [ 246765.635100000014063, 558130.104899998987094 ], [ 246752.068, 558185.461300001014024 ], [ 246812.371100001008017, 558182.61289999994915 ] ] ] ] } },
{ "type": "Feature", "properties": { "label": "GLTK Gasselte Kraanlanden", "gid": "GLTK Gasselte Kraanlanden" }, "geometry": { "type": "MultiPolygon", "coordinates": [ [ [ [ 249587.992699999012984, 544078.740600000950508 ], [ 249558.886100002011517, 544400.826099999016151 ], [ 248974.362500001006993, 544529.195799999055453 ], [ 248931.082899998989888, 544631.744199999026023 ], [ 247482.581, 543980.552000000956468 ], [ 247184.780000000988366, 544705.624000002047978 ], [ 247248.072999999014428, 544804.901000001002103 ], [ 247209.024, 544895.447000000975095 ], [ 247139.390999999013729, 544913.662000000011176 ], [ 247301.642000001011183, 545401.923999998951331 ], [ 247268.433600001008017, 545432.981800000998192 ], [ 247087.903999998990912, 544942.1677 ], [ 247182.079100002010819, 544701.252199999988079 ], [ 247030.554200001002755, 544634.147599998977967 ], [ 246959.502799998997943, 544655.504399999976158 ], [ 246978.587699997995514, 544530.024199999985285 ], [ 246773.423599998990539, 544157.9767 ], [ 246347.203699998994125, 544137.965599998948164 ], [ 246331.556000001990469, 543985.5627 ], [ 246071.918800000014016, 543597.368700001039542 ], [ 245907.947000001004199, 543934.11199999996461 ], [ 245625.86699999900884, 545323.403900000965223 ], [ 245095.229499998997198, 545217.704399998998269 ], [ 244997.260400000988739, 545298.384100000956096 ], [ 244756.895500001002802, 546008.95039999904111 ], [ 244352.973099999013357, 546596.256799999973737 ], [ 244303.116, 546901.574000000953674 ], [ 244443.10040000101435, 546899.61010000098031 ], [ 244575.754999998986023, 546793.147399998968467 ], [ 245068.589299999002833, 547031.284699999028817 ], [ 245262.8035, 547244.718299999949522 ], [ 245117.089000001986278, 548480.813999998965301 ], [ 245049.283, 549761.829000000027008 ], [ 244882.870000001013977, 550858.319999999948777 ], [ 243796.434900001011556, 551361.966699998942204 ], [ 243735.037500000995351, 551521.894299998995848 ], [ 243793.231600000988692, 551558.68670000100974 ], [ 243725.501200002006954, 551626.275600000983104 ], [ 242977.055199999012984, 551343.699499998008832 ], [ 243049.91400000100839, 550933.846999999019317 ], [ 242832.920699998998316, 550809.033000000054017 ], [ 242829.557300001004478, 550744.157299999031238 ], [ 242610.789099999004975, 550849.880899999057874 ], [ 242657.710200000990881, 550591.224700000020675 ], [ 242567.572999999014428, 550535.306600000942126 ], [ 242507.203699998994125, 550506.369199999026023 ], [ 242474.447700001008343, 550565.379500002018176 ], [ 242325.083299997990252, 550468.850900002056733 ], [ 242352.61740000199643, 550424.34409999800846 ], [ 241975.638199999986682, 550337.055199999012984 ], [ 241909.816799997992348, 550479.581599998986349 ], [ 241667.879000001004897, 550399.868999999016523 ], [ 241863.198800001002382, 549829.616799999028444 ], [ 242174.354800000990508, 549412.3946 ], [ 242051.831799998995848, 549268.297200002009049 ], [ 241728.142999998992309, 549119.1457 ], [ 241542.14759999900707, 549130.81619999895338 ], [ 240756.048, 549833.857000001007691 ], [ 240592.513500000990462, 549653.384199999039993 ], [ 240447.95219999901019, 549291.348099999013357 ], [ 240301.454799998988165, 549232.99800000002142 ], [ 240340.2465, 549033.273499998962507 ], [ 240103.663299999985611, 548925.243099999031983 ], [ 240019.141600002010819, 548601.3517 ], [ 239874.896499999013031, 548719.343600000953302 ], [ 239604.488400000991533, 548474.273200002033263 ], [ 239556.1875, 548199.1494 ], [ 239177.370900000998517, 548154.119199999026023 ], [ 238977.717799998994451, 547974.942999999970198 ], [ 238301.029899999004556, 548015.9584 ], [ 238308.09299999801442, 547770.302700001979247 ], [ 238141.893800001998898, 547533.0403 ], [ 238221.5869, 547336.681000001961365 ], [ 238133.364300001005176, 547207.875500001013279 ], [ 237997.338100001012208, 547126.666000001016073 ], [ 237837.373599999002181, 546696.572399999946356 ], [ 236617.91490000099293, 546660.596400000038557 ], [ 236626.4377, 546774.858299999963492 ], [ 236390.880399997986387, 546800.914299997966737 ], [ 236357.3715, 546674.163600001018494 ], [ 235998.25759999800357, 546906.720600001979619 ], [ 236040.1109, 547159.297499999054708 ], [ 236096.675299997994443, 547155.30009999894537 ], [ 236147.509, 547653.831700001028366 ], [ 236074.725299999001436, 547724.296199999982491 ], [ 235827.654899999004556, 547789.1459 ], [ 236022.787999999010935, 548223.961100001004525 ], [ 236793.833000001002802, 548240.605099997948855 ], [ 236822.126800000987714, 548468.913899998995475 ], [ 236071.8774, 548489.321400001994334 ], [ 235610.66539999798988, 548707.706 ], [ 234031.855099998007063, 546509.913899998995475 ], [ 233781.096099999005673, 546647.533900000038557 ], [ 233849.85209999998915, 546900.858100001001731 ], [ 233765.03790000101435, 547023.741400000057183 ], [ 233865.32719999901019, 547201.95160000002943 ], [ 233761.5363, 547228.683400001027621 ], [ 233635.741199999989476, 547158.209399997955188 ], [ 233522.406199999008095, 547193.663800001027994 ], [ 233430.579599999007769, 547297.415399997960776 ], [ 233443.355000000010477, 547532.75199999997858 ], [ 233531.244800001004478, 547685.40399999904912 ], [ 233317.060899998992682, 548083.650199998053722 ], [ 233231.1741, 548096.868500001961365 ], [ 233276.7650000010035, 548540.256000000983477 ], [ 233560.4441, 548628.123500001034699 ], [ 233579.328899998014094, 548904.204900000011548 ], [ 234043.004000001004897, 549323.066399998962879 ], [ 234089.107099999004276, 549256.337900002021343 ], [ 234154.8928, 549356.370499997981824 ], [ 234243.176100001001032, 549853.728200000012293 ], [ 234471.683400000998517, 549991.993999999016523 ], [ 234678.638099998002872, 549921.056800000020303 ], [ 234745.019200000999263, 549940.554099999018945 ], [ 234885.692799999989802, 550056.167599997948855 ], [ 234173.239999998011626, 551527.951000001048669 ], [ 233522.696899998991285, 552015.982599999988452 ], [ 233622.103700000996469, 552509.401099998969585 ], [ 233618.101, 552407.576099999016151 ], [ 233879.238000001991168, 552674.248199998983182 ], [ 233958.848999998997897, 552648.965599998948164 ], [ 234038.333999999013031, 552712.574999999022111 ], [ 234133.366, 552904.227100000018254 ], [ 234116.721900000993628, 553420.928500000038184 ], [ 233894.865499998995801, 553860.1261 ], [ 233962.927000000985572, 554186.359999999054708 ], [ 234475.365899998985697, 554103.681200001039542 ], [ 235007.848099999013357, 554092.946699999039993 ], [ 238036.954300001001684, 554474.7293 ], [ 238170.406199999008095, 554758.875 ], [ 238090.406300000991905, 554775.812600002042018 ], [ 238125.703000001987675, 554856.375 ], [ 238087.296799998992356, 554916.875 ], [ 237915.093800000991905, 554920.187600002042018 ], [ 237864.0, 555132.625 ], [ 237874.499899997987086, 555196.125100002042018 ], [ 238056.703000001987675, 555293.812600002042018 ], [ 238106.160599999013357, 555172.974199999007396 ], [ 238271.903099999006372, 555298.857199999969453 ], [ 238494.088399998989189, 554995.393800002057105 ], [ 238564.119199998996919, 555072.618600000045262 ], [ 238490.547600001009414, 554981.649599998956546 ], [ 238404.277100000996143, 554934.71539999905508 ], [ 238323.423500000993954, 554499.583299997961149 ], [ 239119.203000001987675, 554647.1875 ], [ 239099.460299998987466, 554501.109799999976531 ], [ 239348.370499998010928, 554499.499600001028739 ], [ 239339.002500000991859, 554339.615699999034405 ], [ 239599.322999999014428, 554312.684599998989142 ], [ 239596.760499999014428, 554466.667399998987094 ], [ 239875.7137, 554338.92449999996461 ], [ 240046.526000001002103, 554424.569699998944998 ], [ 240132.188900000997819, 554533.946499999961816 ], [ 240293.993000001006294, 554078.370000001043081 ], [ 240076.520399998989888, 554005.413600001018494 ], [ 239968.369100001000334, 553466.244899999001063 ], [ 239865.242600000987295, 553227.599399999016896 ], [ 239721.0682, 552994.4987 ], [ 239690.095699998986674, 553072.864599999040365 ], [ 239504.7476, 553015.609700002009049 ], [ 239499.037500000995351, 552523.120499997981824 ], [ 239394.285100001987303, 552510.315699998056516 ], [ 239144.534200002002763, 552241.911100000026636 ], [ 238863.182900000014342, 552047.10920000099577 ], [ 239223.640099999000086, 551804.529199998942204 ], [ 239308.988899997988483, 551953.028799999970943 ], [ 239495.999899997987086, 551906.500100002042018 ], [ 239853.093699999008095, 552059.312600002042018 ], [ 240751.858100001001731, 552944.640099999029189 ], [ 242410.2291, 553232.425700000952929 ], [ 242688.406199999008095, 553241.687600002042018 ], [ 243059.545899997989181, 553550.506799999973737 ], [ 243251.296799998992356, 553407.000100002042018 ], [ 243433.093800000991905, 553396.625100002042018 ], [ 243443.593699999008095, 553476.125100002042018 ], [ 243559.203000001987675, 553580.500100002042018 ], [ 243649.499899997987086, 553571.375100002042018 ], [ 243785.499899997987086, 553774.625100002042018 ], [ 244016.687399997987086, 553887.812600002042018 ], [ 243893.363000001991168, 554247.392600000021048 ], [ 244131.654399997991277, 554420.578400001046248 ], [ 244474.994800001004478, 554571.550900000962429 ], [ 244404.840300001000287, 554623.79610000201501 ], [ 244310.10920000099577, 554833.940900002024136 ], [ 244884.1677, 555109.233699999982491 ], [ 244529.136999998008832, 555422.493999999016523 ], [ 244372.543200001004152, 555261.553800001973286 ], [ 244127.249899997987086, 555492.500100002042018 ], [ 243800.21099999899161, 555538.02989999903366 ], [ 243785.600000000995351, 555503.877300002030097 ], [ 243520.875, 555752.6875 ], [ 243174.687399997987086, 555685.687600002042018 ], [ 242606.281300000991905, 555807.437600002042018 ], [ 242405.281300000991905, 556102.25 ], [ 242309.234399999986636, 556352.375 ], [ 242184.171799998992356, 556283.125100002042018 ], [ 242063.562399997987086, 556350.125100002042018 ], [ 241798.906300000991905, 556360.1875 ], [ 241608.3748, 556499.78350000095088 ], [ 241406.053699999989476, 556436.967799999052659 ], [ 241396.39820000200416, 556531.551499999943189 ], [ 241226.986400001012953, 556833.449000000953674 ], [ 240581.875, 556721.562600002042018 ], [ 240565.377099998004269, 557216.266199999023229 ], [ 240231.430100000987295, 557875.796199999982491 ], [ 240309.8499, 558019.186900001019239 ], [ 240209.989100002014311, 558558.086100001004525 ], [ 240417.531300000991905, 558914.125 ], [ 240581.798799999000039, 559668.563499997952022 ], [ 240823.624899997987086, 559518.062600002042018 ], [ 240872.46909999800846, 559758.899500000989065 ], [ 240823.536800000991207, 559778.534800000023097 ], [ 240880.140700001007644, 559802.728 ], [ 240867.221700002002763, 559869.932999997981824 ], [ 241160.85920000099577, 559821.694299999973737 ], [ 241438.581500000989763, 559877.934999999008141 ], [ 241753.222899999003857, 560026.407099999021739 ], [ 241759.488699998997618, 560504.927999999024905 ], [ 242431.751499998994404, 560114.546500000986271 ], [ 242409.606899998994777, 560049.539299997966737 ], [ 243289.847199998999713, 560518.434400000027381 ], [ 243335.685199997999007, 560475.785700001055375 ], [ 243316.273800001014024, 560534.0231 ], [ 243461.015500001987675, 560624.136199999949895 ], [ 243444.169100000988692, 560661.98420000099577 ], [ 243736.102299999009119, 560956.300500001991168 ], [ 244968.406199999008095, 561820.375100002042018 ], [ 243870.636100002011517, 563332.421599998953752 ], [ 243222.906199999008095, 564618.125100002042018 ], [ 243633.307999998010928, 564690.323199999053031 ], [ 243673.0623, 564531.967300001997501 ], [ 243787.611000000993954, 564358.105700001004152 ], [ 243813.511999998008832, 564380.550999999046326 ], [ 243723.802499998011626, 564526.88879999902565 ], [ 243972.552099999011261, 564690.6239 ], [ 243957.863000001991168, 564652.258999999961816 ], [ 244013.9069, 564664.840700000990182 ], [ 244071.772300001000986, 564594.177700001979247 ], [ 244024.759199999010889, 564541.670899998047389 ], [ 243952.288299999985611, 564646.887299999943934 ], [ 243899.247000000992557, 564598.216699998942204 ], [ 243945.2434, 564435.563099998980761 ], [ 244041.146200001006946, 564405.874299998977222 ], [ 244144.975299999001436, 564450.927200000965968 ], [ 244300.3125, 564231.3125 ], [ 244405.935600000986597, 564265.626800001016818 ], [ 244386.119199998996919, 564300.2918 ], [ 244533.512600001005922, 564416.758499998948537 ], [ 244555.324700002005557, 564498.237700000056066 ], [ 244653.896899998013396, 564421.477100000018254 ], [ 244688.77320000200416, 564529.787799999001436 ], [ 244854.499899997987086, 564404.625100002042018 ], [ 244813.499899997987086, 564323.375100002042018 ], [ 245007.703000001987675, 564228.5 ], [ 245101.093699999008095, 564338.875100002042018 ], [ 245140.34299999801442, 564301.993000000948086 ], [ 245192.6043, 564361.190000000991859 ], [ 245260.067099999985658, 564658.714600000996143 ], [ 245199.623, 564749.035100001958199 ], [ 245281.655999998998595, 564825.7511 ], [ 245349.361000000993954, 565000.040700000012293 ], [ 245476.157400000985945, 564992.317899998044595 ], [ 246070.345400001999224, 564268.105500000994653 ], [ 246332.5847, 564282.504599999985658 ], [ 246419.067799999989802, 563641.61259999894537 ], [ 246820.944800000987016, 563346.866900000954047 ], [ 247167.800000001006993, 563374.260200000950135 ], [ 246966.194899999012705, 563210.566300000995398 ], [ 247350.948199998994824, 562663.581500001018867 ], [ 247235.321600001014303, 562562.241900000954047 ], [ 247249.209199998993427, 562524.931200001039542 ], [ 247823.438499998010229, 561816.7291 ], [ 247163.568, 561184.710299998987466 ], [ 247890.477000001992565, 560163.42000000202097 ], [ 247954.020100001012906, 560208.0392 ], [ 248023.093699999008095, 560104.000100002042018 ], [ 247858.53049999801442, 559901.726799997966737 ], [ 248238.688900000997819, 560339.737300000968389 ], [ 248525.909400000993628, 560546.938999998965301 ], [ 248824.623399998992682, 560154.1266999989748 ], [ 249109.50600000101258, 560413.265099999029189 ], [ 248830.770399998989888, 560146.464099999982864 ], [ 249065.46799999801442, 559835.708000001031905 ], [ 249474.543900001997827, 559727.7929 ], [ 249284.4362, 559581.158199999015778 ], [ 249605.037000000011176, 559062.337999999988824 ], [ 250170.305100000987295, 559399.456700001028366 ], [ 250543.722600001987303, 559698.712900002021343 ], [ 250525.533199998986674, 559836.791700002038851 ], [ 250647.3303, 560101.85750000202097 ], [ 250697.7119, 560453.587200000998564 ], [ 250898.61699999900884, 560743.304699997999705 ], [ 250982.885299999004928, 561114.990800000960007 ], [ 251246.203000001987675, 561423.625 ], [ 251176.093800000991905, 561831.187600002042018 ], [ 251049.033, 562086.714099999982864 ], [ 251216.542500000010477, 562248.354800001019612 ], [ 251280.9564, 562195.047099999967031 ], [ 251348.885499999014428, 561551.820700000971556 ], [ 251530.3609, 561702.438999998965301 ], [ 251479.221500001993263, 561998.977899997960776 ], [ 251672.503899998991983, 562234.317899998044595 ], [ 251462.082899998989888, 562482.828600001055747 ], [ 251554.6538, 562559.073600001982413 ], [ 251510.869800001004478, 562655.44009999895934 ], [ 251592.654100001003826, 562755.709800001000986 ], [ 251329.612799997994443, 562570.2731 ], [ 251421.358399997989181, 562725.29839999997057 ], [ 251602.381499998009531, 562796.144000001018867 ], [ 252257.22740000099293, 563281.181100000045262 ], [ 252541.026799999002833, 562929.963599998969585 ], [ 252747.417100001010112, 563087.29949999996461 ], [ 254456.079999998008134, 561063.79949999996461 ], [ 254896.555, 561411.88899999903515 ], [ 256235.321600001014303, 560053.955800001043826 ], [ 256312.521499999013031, 560079.678399999043904 ], [ 258039.372099998989142, 558323.857799998950213 ], [ 256741.749600000999635, 557876.229400001000613 ], [ 256640.769499999005347, 557644.4981000010157 ], [ 256406.700199999002507, 557513.29479999805335 ], [ 256283.206900001008762, 557533.813999998965301 ], [ 256306.520199999009492, 557445.222899999003857 ], [ 256925.261, 557630.076000001048669 ], [ 256989.390500001987675, 557489.982900000992231 ], [ 258274.203100000013364, 557867.5 ], [ 258450.436799999006325, 557234.717700000968762 ], [ 253551.425999998988118, 555838.131000000983477 ], [ 254559.353, 553682.635000001988374 ], [ 255101.58599999899161, 553941.34600000095088 ], [ 255465.394999999989523, 553164.526999998954125 ], [ 255035.998, 552855.616000000038184 ], [ 255627.826000000990462, 551999.162999999010935 ], [ 255191.789999998989515, 551693.517999998992309 ], [ 255622.853999998013023, 551053.905000000959262 ], [ 256004.208999999013031, 551311.17000000202097 ], [ 255952.352000001992565, 551385.302999999024905 ], [ 256560.27210000201012, 551810.948300000047311 ], [ 256603.054000000993256, 551742.84239999903366 ], [ 256638.664500001992565, 551840.197900000959635 ], [ 256921.538400001998525, 551902.470500000054017 ], [ 256955.6400000010035, 551851.982999998959713 ], [ 257535.017900000995724, 552246.312800001003779 ], [ 258218.057999998010928, 551285.984999999054708 ], [ 256405.229899998987094, 549996.28260000096634 ], [ 256709.043000000994653, 549553.67000000202097 ], [ 256657.000999998010229, 549517.539000001037493 ], [ 257147.726, 548811.863000001991168 ], [ 256945.230000000010477, 548664.287999999010935 ], [ 257574.355999999010237, 547770.984999999054708 ], [ 257485.25600000101258, 547681.305000000051223 ], [ 257646.057999998010928, 547449.75 ], [ 257357.072000001004199, 547205.122000001021661 ], [ 257211.16429999799584, 546831.08020000194665 ], [ 256517.5495, 546611.178300000960007 ], [ 256326.957800000993302, 546322.230500000994653 ], [ 256089.837999999988824, 546115.600299999001436 ], [ 256117.453000001987675, 546161.164999998989515 ], [ 255928.807999998010928, 546397.627999998978339 ], [ 255799.026999999012332, 547128.302999999024905 ], [ 255623.00800000099116, 547732.645000000018626 ], [ 255111.046999998012325, 548471.044 ], [ 254562.544, 548058.469399999943562 ], [ 254354.612799997994443, 548376.578800000017509 ], [ 253729.892000001011183, 547981.033000000054017 ], [ 253952.628699999011587, 547594.285000000032596 ], [ 252593.7753, 546597.956700001028366 ], [ 252709.276299997989554, 546463.920099999988452 ], [ 252737.029100001003826, 546479.954100001952611 ], [ 252859.14090000098804, 546281.901500002015382 ], [ 252738.555500001006294, 545905.631799999973737 ], [ 252797.300000001006993, 545845.006000000983477 ], [ 252696.938000001013279, 545793.261000000056811 ], [ 252699.660300001996802, 545518.74740000104066 ], [ 252649.588100001012208, 545497.745000001043081 ], [ 252638.049800000997493, 545211.211300001014024 ], [ 252591.2214, 545170.022500001010485 ], [ 252680.760299999004928, 545032.411600001039915 ], [ 252761.861400001012953, 545034.087200000998564 ], [ 252765.410100001987303, 544766.318399999057874 ], [ 252309.217900001007365, 544775.633200000971556 ], [ 252232.4278, 544735.527100000996143 ], [ 252251.295000001991866, 544631.916000001016073 ], [ 252187.4375, 544638.781700000050478 ], [ 252188.010299999004928, 544564.022399998968467 ], [ 252137.131700002006255, 544550.943399999057874 ], [ 251904.4879, 544764.920200000982732 ], [ 251829.330800000985619, 545051.134799998020753 ], [ 251811.462999999988824, 544984.250999997952022 ], [ 251769.134, 544960.603999997954816 ], [ 251753.559999999008141, 544996.129999998956919 ], [ 251719.100000000995351, 544926.719999999040738 ], [ 250505.90700000198558, 544367.425999999046326 ], [ 250462.019999999989523, 544463.771000002045184 ], [ 250620.043000000994653, 544536.995999998995103 ], [ 250303.884799997991649, 545245.12130000104662 ], [ 249657.592, 544953.841999999945983 ], [ 249991.880299999989802, 544161.015200000023469 ], [ 249648.502799998997943, 543973.478700001025572 ], [ 249587.992699999012984, 544078.740600000950508 ] ], [ [ 244252.144400001008762, 563769.62220000103116 ], [ 244192.374600000999635, 563781.954599999007769 ], [ 244149.951900001993636, 563751.462000000989065 ], [ 244186.5, 563736.318199999979697 ], [ 244252.144400001008762, 563769.62220000103116 ] ] ], [ [ [ 243958.3664, 564490.701800000038929 ], [ 243974.378600000985898, 564528.921999998041429 ], [ 243998.864200000010896, 564520.919399998965673 ], [ 244006.8411, 564493.3731000010157 ], [ 243958.3664, 564490.701800000038929 ] ] ] ] } },
{ "type": "Feature", "properties": { "label": "GNBS Groningen Bloemsingel", "gid": "GNBS Groningen Bloemsingel" }, "geometry": { "type": "MultiPolygon", "coordinates": [ [ [ [ 233842.051600002014311, 582043.178900000057183 ], [ 233846.159699998999713, 582051.432500001043081 ], [ 233858.921, 582041.717199999955483 ], [ 233845.78790000101435, 582037.000300001003779 ], [ 233842.051600002014311, 582043.178900000057183 ] ] ], [ [ [ 234114.6917, 582114.981600000988692 ], [ 234080.553599998005666, 581963.048900000983849 ], [ 234071.908, 582014.728 ], [ 233964.374000001989771, 581963.769400001037866 ], [ 233960.149500000989065, 582013.101100001018494 ], [ 233873.467, 582027.84600000095088 ], [ 233853.093199997994816, 582077.711800002027303 ], [ 233719.2064, 581989.434799998998642 ], [ 233730.966699999000411, 582020.50079999899026 ], [ 233650.520599998999387, 582049.769499999005347 ], [ 233690.920000001991866, 581976.581 ], [ 233671.072900000988739, 581840.956999999005347 ], [ 233641.836100001004525, 581872.883699998026714 ], [ 233660.216200002003461, 581835.584800001000986 ], [ 233543.285999998013722, 581816.229999999981374 ], [ 233306.999699998996221, 581648.166000001016073 ], [ 233292.469999999011634, 581854.550000000977889 ], [ 233116.249400000990136, 582076.943599998950958 ], [ 232998.085000001010485, 582018.530000000959262 ], [ 232806.959199998993427, 582060.984999999054708 ], [ 232422.434999999008141, 582006.738200000952929 ], [ 232152.4626, 582210.331700001028366 ], [ 233065.27320000200416, 583215.023800001014024 ], [ 233104.537999999010935, 583196.086800002027303 ], [ 233256.159000001993263, 583497.017000001040287 ], [ 233269.971999998990213, 583543.197000000975095 ], [ 233214.710000001010485, 583569.824999999022111 ], [ 233255.097600001987303, 584034.807300001033582 ], [ 233072.392999998992309, 584678.982999998959713 ], [ 233822.567600000998937, 584274.259100000956096 ], [ 233804.552299998991657, 584204.421399998944253 ], [ 233942.001499998994404, 584181.893100001034327 ], [ 233921.445799998997245, 584155.504399999976158 ], [ 234047.302999998995801, 584053.564800002030097 ], [ 234247.5997, 583995.587599999969825 ], [ 234187.75800000099116, 583826.635000001988374 ], [ 234230.598999998997897, 583805.976000000024214 ], [ 234324.606300000014016, 583955.583799998974428 ], [ 234483.451200000999961, 583844.980799998971634 ], [ 234527.6400000010035, 583935.680000000051223 ], [ 234847.0, 583744.0 ], [ 235442.7531, 583011.228100002044812 ], [ 235347.364399999001762, 582973.399799998966046 ], [ 235433.078899998014094, 582847.454700001049787 ], [ 235536.800999998988118, 582782.107000001007691 ], [ 235582.806699998996919, 582822.591800000984222 ], [ 235885.802999998995801, 582414.008999999961816 ], [ 234683.182200000010198, 581846.219000000972301 ], [ 234451.019999999989523, 581668.870000001043081 ], [ 234263.796999998012325, 581791.067000002018176 ], [ 234114.6917, 582114.981600000988692 ] ] ] ] } },
{ "type": "Feature", "properties": { "label": "VDM Veendam", "gid": "VDM Veendam" }, "geometry": { "type": "MultiPolygon", "coordinates": [ [ [ [ 252423.188000001013279, 561169.594599999021739 ], [ 252417.613400000991533, 561114.643100001034327 ], [ 252207.087400001008064, 560990.005399998044595 ], [ 252263.497699997999007, 560940.933499998995103 ], [ 252372.280000000988366, 560958.109000000986271 ], [ 252059.719700001005549, 560768.199400000041351 ], [ 252079.175000001006993, 560549.822999999043532 ], [ 252163.605999999010237, 560563.31619999895338 ], [ 252165.203000001987675, 560696.375100002042018 ], [ 252457.093699999008095, 560787.875100002042018 ], [ 252548.999899997987086, 560967.125100002042018 ], [ 252670.093699999008095, 561020.312600002042018 ], [ 252556.440499999007443, 560951.256900000968017 ], [ 252630.527600002009422, 560807.074799999943934 ], [ 252966.17170000099577, 560793.344799999031238 ], [ 253310.0097, 560894.166900001000613 ], [ 253500.867699999012984, 560816.007899999967776 ], [ 253683.079799998988165, 560821.51289999904111 ], [ 253835.448899998998968, 560608.458900001016445 ], [ 253707.7696, 560573.272300001000986 ], [ 253712.844300002005184, 560411.010299999034032 ], [ 253426.7487, 560244.26410000002943 ], [ 253087.218800000991905, 559911.557500001043081 ], [ 252694.670299999008421, 560538.34510000096634 ], [ 252505.181899997987784, 560485.609099998953752 ], [ 252305.179400001012255, 560352.090300000971183 ], [ 252133.995400000014342, 560537.05990000104066 ], [ 252080.737100000987994, 560535.686900001019239 ], [ 252041.848999998997897, 559873.664999998989515 ], [ 251934.454999998008134, 559871.046300000976771 ], [ 251928.093800000991905, 560197.625 ], [ 251854.593800000991905, 560187.875100002042018 ], [ 251855.906199999008095, 560351.375 ], [ 251983.0, 560383.8125 ], [ 251955.392700002004858, 560547.138700001058169 ], [ 252045.6099999989965, 560575.364500000956468 ], [ 251936.830699999001808, 560626.687800001003779 ], [ 251818.7324, 560965.555799997993745 ], [ 251882.829999998008134, 561002.208000001031905 ], [ 252097.191300000995398, 560972.919699999969453 ], [ 252172.50800000099116, 561035.917399998987094 ], [ 252138.796300001005875, 561097.578800000017509 ], [ 252187.2183, 561150.376499998965301 ], [ 252245.169599999004276, 561109.339899998041801 ], [ 252353.435300000011921, 561217.78200000198558 ], [ 252423.188000001013279, 561169.594599999021739 ] ] ], [ [ [ 252434.912099998007761, 560999.831 ], [ 252382.1833, 561007.3554 ], [ 252512.896499999013031, 561085.84600000095088 ], [ 252528.002, 561058.682000000029802 ], [ 252434.912099998007761, 560999.831 ] ] ], [ [ [ 257508.730999999010237, 561706.432999997981824 ], [ 258011.074000001011882, 561201.528799999970943 ], [ 256826.647, 560054.502999998978339 ], [ 256798.977000001992565, 560083.057000000029802 ], [ 256954.928399998985697, 560299.673799998941831 ], [ 257217.572900000988739, 560852.703000001958571 ], [ 257164.421300001005875, 560961.681800000020303 ], [ 256516.626699999003904, 560957.82719999901019 ], [ 256329.749899997987086, 561003.587699998053722 ], [ 256164.327, 560843.242600001045503 ], [ 256066.0768, 560939.435699998983182 ], [ 255852.035200000012992, 560564.427600000053644 ], [ 255566.806099999987055, 560836.244800001033582 ], [ 256312.521499999013031, 560079.678399999043904 ], [ 256239.350099998991936, 560051.29610000201501 ], [ 254896.555, 561411.88899999903515 ], [ 254456.079999998008134, 561063.79949999996461 ], [ 252749.984299998992356, 563085.184 ], [ 252541.026799999002833, 562929.963599998969585 ], [ 252257.22740000099293, 563281.181100000045262 ], [ 251600.753400001995033, 562795.086599997943267 ], [ 251456.745000001013977, 562767.449000000953674 ], [ 251410.8836, 562658.949400000041351 ], [ 251316.863000001991168, 562587.425999999046326 ], [ 251592.654100001003826, 562755.709800001000986 ], [ 251510.869800001004478, 562655.44009999895934 ], [ 251554.6538, 562559.073600001982413 ], [ 251462.082899998989888, 562482.828600001055747 ], [ 251672.503899998991983, 562234.317899998044595 ], [ 251479.221500001993263, 561998.977899997960776 ], [ 251530.3609, 561702.438999998965301 ], [ 251350.967900001007365, 561551.975800000014715 ], [ 251279.674400001997128, 562198.617699999012984 ], [ 251216.542500000010477, 562248.354800001019612 ], [ 251049.033, 562086.714099999982864 ], [ 251176.093800000991905, 561831.187600002042018 ], [ 251246.203000001987675, 561423.625 ], [ 250982.885299999004928, 561114.990800000960007 ], [ 250898.61699999900884, 560743.304699997999705 ], [ 250697.7119, 560453.587200000998564 ], [ 250647.3303, 560101.85750000202097 ], [ 250525.533199998986674, 559836.791700002038851 ], [ 250543.722600001987303, 559698.712900002021343 ], [ 250249.305799997993745, 559454.459100001025945 ], [ 249605.037000000011176, 559062.337999999988824 ], [ 249284.4362, 559581.158199999015778 ], [ 249474.543900001997827, 559727.7929 ], [ 249065.46799999801442, 559835.708000001031905 ], [ 248830.770399998989888, 560146.464099999982864 ], [ 249114.0075, 560408.816899999976158 ], [ 248824.623399998992682, 560154.1266999989748 ], [ 248527.335299998987466, 560547.120900001027621 ], [ 248238.688900000997819, 560339.737300000968389 ], [ 247858.53049999801442, 559901.726799997966737 ], [ 248023.093699999008095, 560104.000100002042018 ], [ 247954.020100001012906, 560208.0392 ], [ 247890.477000001992565, 560163.42000000202097 ], [ 247163.619199998996919, 561183.978599998983555 ], [ 247823.438499998010229, 561816.7291 ], [ 247249.209199998993427, 562524.931200001039542 ], [ 247235.321600001014303, 562562.241900000954047 ], [ 247350.948199998994824, 562663.581500001018867 ], [ 246966.194899999012705, 563210.566300000995398 ], [ 247168.046500000986271, 563373.915399997960776 ], [ 246820.944800000987016, 563346.866900000954047 ], [ 246420.892099999007769, 563639.5024 ], [ 246332.5847, 564282.504599999985658 ], [ 246070.345400001999224, 564268.105500000994653 ], [ 245479.874400000990136, 564991.521499998983927 ], [ 245350.393100001005223, 565001.419899999978952 ], [ 245281.655999998998595, 564825.7511 ], [ 245199.623, 564749.035100001958199 ], [ 245259.9443, 564656.844900000956841 ], [ 245192.9388, 564362.069400000968017 ], [ 245140.34299999801442, 564301.993000000948086 ], [ 245101.093699999008095, 564338.875100002042018 ], [ 245007.703000001987675, 564228.5 ], [ 244813.499899997987086, 564323.375100002042018 ], [ 244854.499899997987086, 564404.625100002042018 ], [ 244688.77320000200416, 564529.787799999001436 ], [ 244653.896899998013396, 564421.477100000018254 ], [ 244557.230000000010477, 564498.596500001964159 ], [ 244512.359399999986636, 564445.783000000054017 ], [ 244611.215100002009422, 564588.362399999052286 ], [ 244472.499899997987086, 564693.125100002042018 ], [ 244395.999899997987086, 564655.375100002042018 ], [ 244282.406199999008095, 564814.187600002042018 ], [ 244028.042500000010477, 565551.098999998997897 ], [ 244733.13100000101258, 566035.444999999948777 ], [ 244803.420000001991866, 565987.247000001021661 ], [ 245233.048999999009538, 566250.589999999967404 ], [ 245893.828000001987675, 566742.604999999981374 ], [ 246181.123, 566903.841999999945983 ], [ 246213.296899999986636, 566800.125100002042018 ], [ 246356.203000001987675, 566644.187600002042018 ], [ 246787.960900000995025, 566354.210000001010485 ], [ 247144.673300002003089, 566550.026299998047762 ], [ 247194.598700002010446, 566604.836499999975786 ], [ 246500.545699998998316, 567200.313900000997819 ], [ 246297.528499998006737, 567567.150800000992604 ], [ 248063.379000001004897, 568446.544 ], [ 248942.970199998002499, 567554.408300001057796 ], [ 249385.1677, 567799.149799998966046 ], [ 249306.894900001992937, 567923.959100001025945 ], [ 249223.309900001011556, 567898.890099999029189 ], [ 249189.590900000010151, 567971.945099998032674 ], [ 249323.547899998986395, 568037.324099999037571 ], [ 249289.502900001010858, 568109.359099998953752 ], [ 249243.340900000010151, 568086.813099998980761 ], [ 249206.1919, 568155.829100001952611 ], [ 249167.833900000987342, 568138.068100002012216 ], [ 249144.579900000011548, 568187.59510000096634 ], [ 249230.845899998996174, 568226.931100000045262 ], [ 249197.85289999798988, 568304.192099999985658 ], [ 249135.722899999003857, 568275.496100001037121 ], [ 249035.331500000989763, 568480.269299998995848 ], [ 248984.2689, 568456.335099998977967 ], [ 248952.005899998999666, 568525.774099997943267 ], [ 249068.572600000014063, 568579.794199998956174 ], [ 249036.835900000995025, 568648.152100000996143 ], [ 248975.547899998986395, 568618.92509999894537 ], [ 248845.275199997995514, 568894.12589999998454 ], [ 248777.739899999985937, 568862.617100000032224 ], [ 248815.510000001988374, 568949.46840000199154 ], [ 248689.359900000999914, 569262.752099997946061 ], [ 248654.951499999006046, 569247.970300000044517 ], [ 248599.999899997987086, 569364.232099998975173 ], [ 248525.313900000997819, 569329.215100002009422 ], [ 248492.535899999988033, 569396.56509999895934 ], [ 248613.85889999900246, 569452.327100001042709 ], [ 248406.525899998989189, 569859.7071 ], [ 248345.7126, 569831.48360000201501 ], [ 248119.9199, 570481.570099998032674 ], [ 248011.504900000989437, 570686.777100000996143 ], [ 247957.659899997990578, 570661.906100000953302 ], [ 247925.030999998998595, 570731.267200001049787 ], [ 247997.115899998985697, 570763.72010000096634 ], [ 247915.076900001993636, 570945.871100001037121 ], [ 247843.005600002012216, 570979.990299999946728 ], [ 247813.425000001006993, 571179.17509999894537 ], [ 247605.989500000985572, 571467.308100000023842 ], [ 247696.299899998994078, 571509.500100002042018 ], [ 247682.785300001996802, 571538.842599999043159 ], [ 247624.712900001992239, 571514.183100000023842 ], [ 247601.605900001013651, 571565.155099999043159 ], [ 247439.425599999987753, 571499.939599997946061 ], [ 247650.375, 571616.526000001002103 ], [ 248185.844999999011634, 570513.710000001010485 ], [ 247666.283, 571625.537099997978657 ], [ 247709.3277, 571645.653900000965223 ], [ 247723.288600000989391, 571788.291499997954816 ], [ 247682.0869, 571876.403099998948164 ], [ 247587.073299999989104, 571832.704799999017268 ], [ 247312.894900001992937, 572418.984099998953752 ], [ 247379.027899998996872, 572449.265099999029189 ], [ 247313.950800001999596, 572588.260800000047311 ], [ 247800.447099999000784, 572816.420099999988452 ], [ 247351.666200000996469, 573780.449999999022111 ], [ 248196.111499999009538, 571977.92429999995511 ], [ 248208.898800001014024, 571883.096400000038557 ], [ 248257.675000001006993, 571900.797999999951571 ], [ 248447.419199999014381, 571488.327599999029189 ], [ 248502.443399998999666, 571526.245200001052581 ], [ 249001.2005, 571249.3552 ], [ 249030.153700002003461, 570497.13820000004489 ], [ 249151.627900001010858, 570476.476599999004975 ], [ 249605.671200000011595, 569969.916999998968095 ], [ 249884.851399998995475, 570101.272300001000986 ], [ 249695.585000001010485, 571195.559999999008141 ], [ 249981.853, 571329.673999998951331 ], [ 249789.635000001988374, 571744.851000000024214 ], [ 250386.931699998996919, 572022.610199998947792 ], [ 251128.6428, 570419.072500001988374 ], [ 251318.49179999899934, 570525.488999999943189 ], [ 251424.656100001011509, 570519.895000000018626 ], [ 251663.6065, 570034.569800000987016 ], [ 252077.82840000098804, 570011.322700000950135 ], [ 252064.296799998992356, 570133.0 ], [ 252140.703000001987675, 570261.125100002042018 ], [ 252247.203000001987675, 570318.812600002042018 ], [ 252483.499899997987086, 570317.125100002042018 ], [ 252538.593699999008095, 571550.625 ], [ 252978.091499998990912, 571529.276399999973364 ], [ 252989.506099999009166, 571914.81339999998454 ], [ 253984.995000001013977, 571862.243999999016523 ], [ 253987.989999998011626, 571811.190000000991859 ], [ 254120.820799998997245, 571803.659899997990578 ], [ 254161.088399998989189, 571878.008400000981055 ], [ 254355.887800000986317, 571978.430399999022484 ], [ 254498.016399998014094, 572126.737199999042787 ], [ 254000.839400000986643, 572168.478700001025572 ], [ 254047.78049999801442, 572460.150600000983104 ], [ 254220.658599999005673, 572417.956999999005347 ], [ 254198.386900000012247, 572548.720899999025278 ], [ 254545.469900000985945, 572565.97040000197012 ], [ 254676.549400001997128, 572460.947299998020753 ], [ 254730.8752, 572473.93380000104662 ], [ 254888.032499999011634, 572590.869800001033582 ], [ 254883.6459, 572744.579100001952611 ], [ 254811.894099998986349, 572760.756099998950958 ], [ 254836.777299999987008, 572830.938200001022778 ], [ 255027.004500001989072, 572767.469599999021739 ], [ 255027.175900000991533, 572501.834100001025945 ], [ 254925.067000001989072, 572021.921999998041429 ], [ 255113.3599999989965, 571975.489999998011626 ], [ 255126.109000000986271, 572044.973999998997897 ], [ 255209.688999998994404, 572024.348000001045875 ], [ 255335.627999999007443, 572359.041999998968095 ], [ 255608.4639, 572336.209199998993427 ], [ 255588.309, 571638.649999998975545 ], [ 255758.850000000995351, 571595.953000001958571 ], [ 255831.464000001986278, 571601.886999998008832 ], [ 255880.953499999013729, 572291.729899998987094 ], [ 256063.903000001009787, 572260.545999999972992 ], [ 256054.388999999006046, 572363.701000001048669 ], [ 256501.002500000991859, 572266.098700001952238 ], [ 256433.955499998992309, 572436.774799998966046 ], [ 256705.252999999007443, 572484.256299998960458 ], [ 256900.735100001009414, 572661.120800000033341 ], [ 256931.319200002006255, 572348.846200000029057 ], [ 257126.743700001010438, 572333.287500001024455 ], [ 257534.942499998986023, 572390.4976 ], [ 257599.081, 572458.665899998974055 ], [ 257825.338300000992604, 572461.559599998989142 ], [ 257901.866700001002755, 572326.848600000026636 ], [ 257892.247900001995731, 572188.209299999987707 ], [ 258047.978599999012658, 572189.348000001045875 ], [ 258203.5902, 572127.566899999976158 ], [ 258468.001699999003904, 571959.018199999001808 ], [ 257849.061099999002181, 572049.310899998992682 ], [ 257846.856800000998192, 571823.31509999895934 ], [ 257177.0176, 571726.122499999008141 ], [ 257093.803399998985697, 571441.100900002056733 ], [ 257307.591699999000411, 570633.490600000950508 ], [ 257563.288400001998525, 570275.558699999004602 ], [ 257823.18, 570057.4356000010157 ], [ 258523.026000001002103, 570021.442000002018176 ], [ 258531.7042, 569144.7511 ], [ 257956.906199999008095, 569110.875100002042018 ], [ 257384.796799998992356, 568991.812600002042018 ], [ 256880.093699999008095, 568853.312600002042018 ], [ 256689.877199999988079, 568687.812399997957982 ], [ 257240.636, 568721.418000000994653 ], [ 257213.59409999800846, 568615.759799998020753 ], [ 257114.9692, 568638.7518999989843 ], [ 257054.855599998991238, 568547.089499998954125 ], [ 257256.0, 568490.6875 ], [ 257254.519099998986349, 568406.332199997967109 ], [ 257330.055, 568394.238499999046326 ], [ 257358.329799998988165, 568334.777399998041801 ], [ 257298.33509999900707, 568230.206400000024587 ], [ 257316.593800000991905, 568156.812600002042018 ], [ 257567.559700001002057, 568042.443300000973977 ], [ 257522.673500000993954, 567961.410700001055375 ], [ 257739.731600000988692, 567758.403399999951944 ], [ 258280.692400000989437, 567437.058400001027621 ], [ 258183.963799997989554, 567195.506099998950958 ], [ 258311.9989, 566996.755699999979697 ], [ 257912.808899999014102, 566726.837699998053722 ], [ 258366.2958, 566267.990200001979247 ], [ 258093.331900001008762, 564713.798199999961071 ], [ 258710.724199999007396, 564255.177700001979247 ], [ 258644.639199997996911, 564078.818799998960458 ], [ 258675.686999998986721, 563637.0 ], [ 257775.374000001989771, 563584.311999998986721 ], [ 257843.311999998986721, 563137.061999998986721 ], [ 257577.151099998998689, 563086.51289999904111 ], [ 257721.273800001014024, 563079.369700000039302 ], [ 258005.092599999014055, 562756.453000001958571 ], [ 257922.279599998000776, 562622.116799999028444 ], [ 257927.23420000099577, 562220.690000000991859 ], [ 257734.002999999007443, 561971.226500001037493 ], [ 257458.233399997989181, 561757.758900001994334 ], [ 257508.730999999010237, 561706.432999997981824 ] ] ] ] } },
{ "type": "Feature", "properties": { "label": "GNHK Groningen v. Heemskerckstraat", "gid": "GNHK Groningen v. Heemskerckstraat" }, "geometry": { "type": "MultiPolygon", "coordinates": [ [ [ [ 232415.19350000101258, 582008.272599998977967 ], [ 232806.959199998993427, 582060.984999999054708 ], [ 232998.085000001010485, 582018.530000000959262 ], [ 233116.249400000990136, 582076.943599998950958 ], [ 233300.399999999004649, 581820.739999998011626 ], [ 233257.82, 581356.160000000032596 ], [ 233696.183600001008017, 581195.365499999024905 ], [ 233718.926600002014311, 581104.576400000951253 ], [ 233989.322000001004199, 581122.938000001013279 ], [ 234106.63320000100066, 581109.448300000047311 ], [ 233604.756400000012945, 581032.218299999949522 ], [ 233306.717700000997866, 581076.1435 ], [ 233410.085200000990881, 580807.96709999802988 ], [ 233450.232799999008421, 580815.041200001025572 ], [ 233502.197700001008343, 580727.013900000951253 ], [ 233613.124000001989771, 580352.980700001004152 ], [ 233650.908100002008723, 580364.493799999007024 ], [ 233628.146499999013031, 580245.173900000983849 ], [ 233681.069400000997121, 580256.951699997996911 ], [ 233736.720800000999589, 580201.545400000992231 ], [ 233721.466499998990912, 579992.0002 ], [ 233584.04659999901196, 579605.085999998962507 ], [ 233508.879999998986023, 579617.386000000056811 ], [ 233493.943599999009166, 579455.820900000981055 ], [ 233342.720899998996174, 579438.000599998980761 ], [ 233345.143399999011308, 579360.350400001043454 ], [ 233431.933600001008017, 579373.778499998035841 ], [ 233557.397799998987466, 579093.827500000945292 ], [ 233664.024500000989065, 579103.028099998948164 ], [ 233890.307900000014342, 578539.328800000017509 ], [ 233954.370900000998517, 578531.14249999797903 ], [ 233963.478100001986604, 578576.607599999988452 ], [ 234143.187100000999635, 578318.229800001019612 ], [ 234338.099599998007761, 578214.453800000017509 ], [ 234304.017999998992309, 578138.820700000971556 ], [ 234457.100299999001436, 578017.452599999029189 ], [ 234430.695, 578001.179000001051463 ], [ 234118.41400000100839, 578007.155999999027699 ], [ 233846.684999999008141, 578186.09299999801442 ], [ 233282.1099999989965, 577898.960000001010485 ], [ 233195.190000000991859, 578096.859999999054708 ], [ 232658.730000000010477, 577847.063000001013279 ], [ 232687.780000000988366, 577794.951000001048669 ], [ 232371.218499998998595, 577599.390600000042468 ], [ 232350.743099999002879, 577717.905600000056438 ], [ 232392.278700002003461, 577730.942099999985658 ], [ 232434.571899998991285, 577671.464200000977144 ], [ 232529.40549999801442, 577773.207400002051145 ], [ 232274.7542, 578268.054499999037944 ], [ 232391.161600001010811, 578553.453200001036748 ], [ 232395.4736, 578710.53460000094492 ], [ 232300.013099998002872, 578896.257699999958277 ], [ 232159.9375, 578846.8528 ], [ 232189.119399997987784, 578935.7487 ], [ 232103.482799999008421, 578903.6888 ], [ 232076.049300000013318, 578965.815400001010858 ], [ 231956.322099999000784, 578917.208999998983927 ], [ 231925.246300000988413, 579066.442799999960698 ], [ 231830.17929999899934, 579198.70239999901969 ], [ 231820.489300001005176, 579417.330100000021048 ], [ 231377.779899999004556, 579396.135200000950135 ], [ 230414.559999999008141, 579663.969999999040738 ], [ 230261.300999998988118, 579508.95499999797903 ], [ 229818.629999998986023, 579859.127999998978339 ], [ 229126.006900000997121, 579624.95219999901019 ], [ 228930.078000001987675, 579661.962999999988824 ], [ 228874.18, 579910.359000000986271 ], [ 228400.620000001013977, 580246.479999999981374 ], [ 228303.996800002001692, 580244.872299998998642 ], [ 228423.511900000012247, 580634.01859999797307 ], [ 228305.5449, 580771.980999998981133 ], [ 228596.899300001998199, 580894.481299999984913 ], [ 228563.71909999800846, 580882.937199998996221 ], [ 228488.032499999011634, 581094.201699997996911 ], [ 228417.061500001989771, 581128.632699999958277 ], [ 228058.865899998985697, 581001.098600000026636 ], [ 227910.370999998995103, 581406.0627 ], [ 227936.514800000994001, 581583.2119 ], [ 227307.151099998998689, 582082.879000001004897 ], [ 227595.989999998011626, 583240.313000001013279 ], [ 227558.013999999006046, 583328.11199999996461 ], [ 227963.21099999899161, 584752.12699999997858 ], [ 228001.811999998986721, 585401.046999998041429 ], [ 228516.449999998993007, 585278.780000000959262 ], [ 228527.754999998986023, 585080.272999997949228 ], [ 228641.206, 585091.975000001024455 ], [ 228641.649, 585054.078000001958571 ], [ 228776.355999999010237, 585022.116999999037944 ], [ 228748.212999999988824, 584897.021000002045184 ], [ 228860.947999999014428, 584933.686999998986721 ], [ 229015.318, 584907.438999998965301 ], [ 229115.016199998994125, 585078.245299999020062 ], [ 229043.264600001013605, 585520.82829999900423 ], [ 229386.9639, 585677.9377 ], [ 229808.679400001012255, 585607.962599999969825 ], [ 229879.473999998997897, 585678.482000001007691 ], [ 229871.276999999012332, 585751.392999998992309 ], [ 229908.66, 585718.965999998035841 ], [ 230032.09299999801442, 585869.642000001040287 ], [ 229837.443, 586060.414000001037493 ], [ 229812.403000001009787, 586251.324000000953674 ], [ 229986.263999999006046, 586166.522999997949228 ], [ 230532.434999999008141, 586364.456 ], [ 230556.605999999010237, 586311.116000000038184 ], [ 230762.247000000992557, 586281.026000001002103 ], [ 230885.489999998011626, 586139.686000001034699 ], [ 231035.949999998993007, 586347.526000001002103 ], [ 231283.942000001989072, 586348.374000002047978 ], [ 231355.949999998993007, 586438.947000000975095 ], [ 231399.581799998995848, 586413.666399999987334 ], [ 231599.610599998006364, 586016.554400000954047 ], [ 231657.660500000987668, 585980.726100001018494 ], [ 231797.688499998010229, 585568.288800001027994 ], [ 232020.071300000010524, 585343.45149999903515 ], [ 232263.8895, 585407.757399998954497 ], [ 232424.72709999998915, 585321.6252 ], [ 232653.828100000013364, 584894.758999999961816 ], [ 233072.392999998992309, 584678.982999998959713 ], [ 233255.097600001987303, 584034.807300001033582 ], [ 233214.710000001010485, 583569.824999999022111 ], [ 233269.971999998990213, 583543.197000000975095 ], [ 233108.925999998988118, 583202.256000000983477 ], [ 233065.27320000200416, 583215.023800001014024 ], [ 232152.4626, 582210.331700001028366 ], [ 232415.19350000101258, 582008.272599998977967 ] ] ], [ [ [ 226910.710200000990881, 579842.456300002057105 ], [ 226958.6785, 579897.559400000027381 ], [ 226918.142499998008134, 580066.466200002003461 ], [ 227060.185899998992682, 580223.604400001000613 ], [ 227046.1239, 579848.099199999007396 ], [ 226919.886, 579805.27899999904912 ], [ 226910.710200000990881, 579842.456300002057105 ] ] ] ] } },
{ "type": "Feature", "properties": { "label": "BGMR Bargermeer", "gid": "BGMR Bargermeer" }, "geometry": { "type": "MultiPolygon", "coordinates": [ [ [ [ 252834.38320000100066, 528721.274500000989065 ], [ 253191.879599999985658, 527658.832199997967109 ], [ 253051.056600001000334, 527643.704500001040287 ], [ 252882.9472, 527533.740800000960007 ], [ 252705.802399999985937, 527528.709600002039224 ], [ 252537.380100000998937, 527725.826000001048669 ], [ 252338.776999999012332, 527566.530000000959262 ], [ 251943.905299998994451, 527562.078000001958571 ], [ 251547.691599999001483, 527484.008999999961816 ], [ 251356.593699999008095, 527248.875100002042018 ], [ 250470.203000001987675, 528027.875100002042018 ], [ 250651.203000001987675, 528208.312600002042018 ], [ 250562.999899997987086, 528282.875100002042018 ], [ 250822.184199999988778, 528570.924899999052286 ], [ 249906.61899999898742, 529369.535999997984618 ], [ 249399.370200000994373, 529249.184300001943484 ], [ 249283.221299997996539, 529322.979999999981374 ], [ 248934.204999998008134, 529183.899999998975545 ], [ 248872.824200000992278, 529324.982999998959713 ], [ 248492.019499999005347, 529556.2256 ], [ 248130.518399999011308, 530278.681000001961365 ], [ 247964.101, 530364.214899998041801 ], [ 247357.921, 530940.050200000056066 ], [ 247024.296799998992356, 531623.500100002042018 ], [ 246937.105300002003787, 531574.098999998997897 ], [ 246884.583099998999387, 531673.080699999001808 ], [ 246639.369899999001063, 531778.469900000956841 ], [ 246443.702300000994001, 531997.7097 ], [ 245948.536499998997897, 532344.317099999985658 ], [ 245952.093699999008095, 532606.875100002042018 ], [ 245807.798599998990539, 532813.931400001049042 ], [ 245679.676700000010896, 533133.5394 ], [ 245722.595699998986674, 533506.327300001052208 ], [ 245691.703000001987675, 533869.125100002042018 ], [ 245858.2861, 534001.572999999043532 ], [ 245928.353399999003159, 533902.648400000995025 ], [ 246290.174199998000404, 534045.199499998008832 ], [ 246282.8013, 534193.514400001964532 ], [ 246566.6206, 534154.56050000002142 ], [ 246805.814699999988079, 534239.821499999961816 ], [ 246812.228799998993054, 534342.430900000035763 ], [ 246449.565299998997943, 534576.099500000011176 ], [ 246422.9309, 534503.552200000965968 ], [ 246392.914700001012534, 534458.975699997972697 ], [ 246492.028999998990912, 534893.099300001049414 ], [ 246650.5449, 534931.998199998983182 ], [ 246916.2335, 534877.366799999028444 ], [ 247486.288400001998525, 534545.5381 ], [ 247595.67280000098981, 534529.142400000011548 ], [ 247642.1457, 534639.331200000015087 ], [ 247629.9989, 535134.701400000951253 ], [ 247905.266600002010819, 535440.865600000950508 ], [ 248138.917300000990508, 535333.668000000994653 ], [ 248098.276500001986278, 534776.357000001007691 ], [ 248172.8543, 535708.140400000032969 ], [ 248161.924600000987994, 535644.99920000100974 ], [ 247491.666700002009748, 535679.315499998978339 ], [ 246174.241599998989841, 535857.099500000011176 ], [ 245639.432500001013977, 535985.182500001043081 ], [ 245677.464600000996143, 536069.769099998986349 ], [ 245460.033599999005673, 536008.624600001028739 ], [ 245455.896200001006946, 536179.583000001031905 ], [ 245536.691500001004897, 536398.285300001967698 ], [ 245493.82829999900423, 536647.862700000056066 ], [ 245642.960900000995025, 536724.606899998965673 ], [ 245693.308699999004602, 537174.432999997981824 ], [ 245773.450399999012006, 537173.097600001958199 ], [ 245805.6459, 537637.693599998950958 ], [ 246040.796899999986636, 538237.625 ], [ 246152.790100001002429, 538337.49920000100974 ], [ 246364.0484, 538380.520100001012906 ], [ 246408.295000001991866, 538544.797400000970811 ], [ 246932.275199997995514, 538452.369700000039302 ], [ 247132.378400001995033, 538486.941399998962879 ], [ 247619.831500000989763, 538235.647799998987466 ], [ 247856.637400000996422, 538166.347800001967698 ], [ 247044.296799998992356, 539838.187600002042018 ], [ 247226.796799998992356, 539951.625100002042018 ], [ 247196.796899999986636, 539994.375 ], [ 247377.81960000100662, 540092.192200000979938 ], [ 247471.642200000991579, 540309.358100001001731 ], [ 247447.391600002010819, 540358.716400000965223 ], [ 247545.9375, 540410.034299999009818 ], [ 247417.296799998992356, 540661.500100002042018 ], [ 247977.782600000995444, 541096.44990000105463 ], [ 251326.721000001009088, 538559.583999998983927 ], [ 251814.581999999005347, 538078.214000002015382 ], [ 251839.480999999010237, 538124.524999998975545 ], [ 252051.894000000989763, 537913.931499999016523 ], [ 251346.071699999010889, 537572.368500001961365 ], [ 251482.557100002013613, 537445.320099998032674 ], [ 252140.995200000994373, 537512.167199998977594 ], [ 252151.3664, 537402.959100001025945 ], [ 252031.6316, 537400.121100001037121 ], [ 252059.335900000995025, 537286.829100001952611 ], [ 252151.796899999986636, 537287.875 ], [ 252153.093800000991905, 537162.812600002042018 ], [ 252324.593800000991905, 537176.125100002042018 ], [ 252329.593699999008095, 537268.812600002042018 ], [ 252574.785799998993753, 537294.208000001031905 ], [ 252525.328000001987675, 537416.239999998011626 ], [ 252860.2817, 537089.4606 ], [ 252982.708900000987342, 536855.910599999013357 ], [ 253232.92159999901196, 536588.891700000036508 ], [ 253606.333999999013031, 536242.767999998992309 ], [ 253636.415899999003159, 536271.783399999025278 ], [ 253775.0143, 536141.101300001027994 ], [ 253958.477000001992565, 536074.557999997981824 ], [ 253644.692400000989437, 535324.724700000020675 ], [ 253496.030699997994816, 534757.322299998020753 ], [ 253545.041999998997198, 534721.13800000003539 ], [ 253542.688099999009864, 534603.179000001051463 ], [ 253459.2947, 534413.311799998977222 ], [ 253423.246199999004602, 534112.521799999987707 ], [ 253279.511100002011517, 532014.227400001022033 ], [ 253143.845800000999589, 531512.891600001952611 ], [ 253270.262699999002507, 531879.473600000026636 ], [ 253331.497900001995731, 532445.253099999972619 ], [ 253397.024200000014389, 532651.948300000047311 ], [ 253449.716800001013326, 532676.823899999028072 ], [ 253465.301399997988483, 532824.385800000047311 ], [ 253711.864399999001762, 532686.70149999903515 ], [ 253995.897399998997571, 532847.882100000977516 ], [ 254069.453799999988405, 532795.903799999970943 ], [ 254235.9989, 532988.43660000001546 ], [ 254518.42139999900246, 532771.962099998956546 ], [ 254635.7465, 532808.056000001961365 ], [ 254751.570599998987745, 533000.195799999055453 ], [ 254642.138, 533160.392099999007769 ], [ 254852.756999998993706, 533197.678199999034405 ], [ 254991.312800001003779, 533498.426699999952689 ], [ 255444.92880000200239, 533600.226100001018494 ], [ 255430.061500001989771, 533512.899799998966046 ], [ 255517.202799997990951, 533419.379999998956919 ], [ 255436.0942, 533376.277800000971183 ], [ 255371.772999998007435, 533249.140999999013729 ], [ 255566.677999998995801, 532999.572999999043532 ], [ 255698.555, 533055.675000000977889 ], [ 255679.285, 533117.811000001034699 ], [ 255908.015999999013729, 533198.315200001001358 ], [ 255823.451000000990462, 533657.035000000032596 ], [ 256212.226599999004975, 533842.334800001000986 ], [ 256287.056299999007024, 533930.886399999028072 ], [ 256341.698199998994824, 533717.443500000983477 ], [ 256387.544399998994777, 533724.005399998044595 ], [ 256386.669100000988692, 533805.869399997987784 ], [ 256438.273600001004525, 533812.209899998968467 ], [ 256490.979400001000613, 533936.297899998957291 ], [ 256406.946300000010524, 533971.600200001033954 ], [ 256410.7733, 534258.232399999978952 ], [ 256494.960000001010485, 534272.72100000095088 ], [ 256506.049899998994078, 534189.221099999034777 ], [ 256608.174199998000404, 534209.984700002009049 ], [ 256608.0526, 534279.640200000023469 ], [ 256680.2709, 534240.964899998041801 ], [ 256758.4278, 534306.460099998977967 ], [ 256919.564300000987714, 534205.839400000986643 ], [ 256925.883299998997245, 534147.883499998948537 ], [ 257066.6400000010035, 534118.081799998995848 ], [ 257111.723000000987668, 534157.480900001013651 ], [ 257160.813000001013279, 533807.941699999966659 ], [ 257208.326000000990462, 533860.240800000960007 ], [ 257159.78880000099889, 533951.516300000017509 ], [ 257201.461800001998199, 533965.341299999970943 ], [ 257371.994199998996919, 533835.02989999903366 ], [ 257410.177000000985572, 533508.333999998983927 ], [ 257997.311900000990136, 533477.121700000017881 ], [ 258221.811099999002181, 533494.004500002018176 ], [ 258225.921, 533563.041999998968095 ], [ 258349.566799997992348, 533582.128199998056516 ], [ 258417.074400000012247, 533525.628800000995398 ], [ 258615.714600000996143, 533540.112700000056066 ], [ 258733.03959999998915, 533637.795799999963492 ], [ 259165.8605, 533720.170400000992231 ], [ 259150.522300001000986, 533847.992500000051223 ], [ 259201.1888, 533887.254199999966659 ], [ 259283.347199998999713, 533900.763900000951253 ], [ 259310.999099999986356, 533849.512600000947714 ], [ 259321.022999998007435, 533891.256999999051914 ], [ 259521.978599999012658, 533883.82660000002943 ], [ 259620.650400001992239, 533978.778599999961443 ], [ 259570.844799999002134, 534173.688000001013279 ], [ 259456.762800000986317, 534161.569699998944998 ], [ 259493.406800002005184, 534276.128600000985898 ], [ 259952.589000001986278, 534350.142000001040287 ], [ 260053.976, 534316.901999998954125 ], [ 260327.912999999010935, 534355.500999997952022 ], [ 260312.199999998993007, 534297.309999999008141 ], [ 260350.982000001007691, 534295.098999998997897 ], [ 260406.771000001986977, 534937.324999999022111 ], [ 260313.64959999898565, 536169.157800000044517 ], [ 261059.484299998992356, 536223.703200001036748 ], [ 261110.2293, 535387.616300001973286 ], [ 261524.116, 535350.893900000024587 ], [ 261576.486000000993954, 534205.21799999801442 ], [ 261488.8599999989965, 534195.923999998951331 ], [ 262121.66400000100839, 532940.79670000099577 ], [ 261666.935800000996096, 532913.331200000015087 ], [ 261783.46099999899161, 532703.462000000989065 ], [ 261550.651000001002103, 532563.458000001031905 ], [ 261593.956, 532476.386999998008832 ], [ 261285.504000001004897, 532061.691 ], [ 261336.311099999002181, 531973.502500000991859 ], [ 261046.764899998990586, 531898.30039999994915 ], [ 261375.458999999013031, 531427.956999999005347 ], [ 261396.647999998007435, 530589.671999998041429 ], [ 260896.445, 530251.979999999981374 ], [ 261191.872000000992557, 529937.057000000029802 ], [ 261165.396000001986977, 529918.61100000096485 ], [ 261192.96799999801442, 529935.888700001058169 ], [ 262190.465300000971183, 528872.567000002018176 ], [ 262243.51749999797903, 528896.131000000983477 ], [ 262379.864700001024175, 528836.131299998960458 ], [ 262329.631400000012945, 528724.217300001997501 ], [ 262545.291999999026302, 528495.272 ], [ 262494.171199999982491, 528456.503199998056516 ], [ 262436.256000000983477, 528521.392999998992309 ], [ 262366.331999999005347, 528480.434999999008141 ], [ 262032.214000001986278, 528652.199000000953674 ], [ 261887.754999998986023, 528671.202000000048429 ], [ 261544.412000000011176, 528597.40399999904912 ], [ 261089.539999998989515, 528409.477000002050772 ], [ 261534.162300002004486, 527939.443899999954738 ], [ 261460.308899999014102, 527881.138599999016151 ], [ 261738.421300001005875, 527586.618600000045262 ], [ 260980.58599999899161, 526868.758999999961816 ], [ 260912.190000000991859, 526941.708999998983927 ], [ 260765.307, 526804.499000002047978 ], [ 259974.535500000987668, 528550.807599999010563 ], [ 258586.363099999987753, 527926.620400000014342 ], [ 258477.2456, 528145.162599998991936 ], [ 258434.340999998006737, 528074.7707 ], [ 258278.168099998991238, 527998.87869999895338 ], [ 257957.147, 528088.13800000003539 ], [ 257889.592, 527884.06329999899026 ], [ 257762.4976, 527758.71950000198558 ], [ 257496.875999998010229, 527627.087999999988824 ], [ 257199.535999998013722, 527622.090999998035841 ], [ 256862.217, 527911.934999999008141 ], [ 256854.721000001009088, 528526.603999997954816 ], [ 256472.609000000986271, 528201.738999999943189 ], [ 256268.234000000986271, 528779.905000000959262 ], [ 255943.480999999010237, 528737.61100000096485 ], [ 255856.287000000011176, 528894.872000001021661 ], [ 255718.826000000990462, 528832.272 ], [ 255708.989, 528604.530000000959262 ], [ 255581.416900001000613, 528580.1873 ], [ 255564.72709999998915, 529231.741799999028444 ], [ 255357.631400000012945, 529186.5608000010252 ], [ 255397.056899997987784, 529297.957500000018626 ], [ 255376.529599998000776, 529448.727100000018254 ], [ 255450.291999998997198, 529658.706999999005347 ], [ 255280.505600002012216, 529763.255100000998937 ], [ 255338.897, 529914.006799999973737 ], [ 255451.91459999998915, 529946.3519 ], [ 255467.030000000988366, 529904.035000000032596 ], [ 255432.7881, 530125.489300000946969 ], [ 254789.8046, 529486.445599999045953 ], [ 253690.955800000985619, 529281.900199998053722 ], [ 253616.032900001999224, 529232.76399999903515 ], [ 253574.571899998991285, 529310.989599999040365 ], [ 253546.087000000989065, 529291.510200000950135 ], [ 253677.090300001000287, 528925.117300000041723 ], [ 253300.955600001005223, 528927.340199999976903 ], [ 253258.720899998996174, 528592.99910000001546 ], [ 253160.838100001012208, 528985.021899997955188 ], [ 253088.539099999004975, 528967.901099998969585 ], [ 253051.004999998986023, 529035.625999997952022 ], [ 252767.117199997999705, 528840.74910000001546 ], [ 252545.605999999010237, 529178.372000001021661 ], [ 252468.469999999011634, 529300.050000000977889 ], [ 252612.868000001006294, 529497.603 ], [ 252639.7304, 529697.04610000201501 ], [ 252544.397399998997571, 529696.385600000969134 ], [ 252505.802299998991657, 529632.38989999901969 ], [ 252413.826000000990462, 529615.146499998983927 ], [ 252523.999899997987086, 529476.687600002042018 ], [ 252407.5436, 529353.647100002039224 ], [ 252834.38320000100066, 528721.274500000989065 ] ] ], [ [ [ 244627.645799997990252, 533855.736299998941831 ], [ 244475.511900000012247, 533838.223000001045875 ], [ 244389.659099999989849, 533890.34710000094492 ], [ 244343.0944, 534015.169 ], [ 244590.768300000985619, 534154.340999998035841 ], [ 245084.886, 534581.868000000948086 ], [ 245122.543299999000737, 534457.76770000194665 ], [ 245277.009100001014303, 534465.991400000057183 ], [ 245322.406100001011509, 534238.952900000032969 ], [ 244967.607799999008421, 534115.386399999028072 ], [ 244973.816599999001483, 533989.7892 ], [ 244877.582499999989523, 533985.13740000105463 ], [ 244872.864799998991657, 533883.965300000971183 ], [ 244627.645799997990252, 533855.736299998941831 ] ] ], [ [ [ 255718.668800000014016, 533939.014500000048429 ], [ 255697.636500001011882, 533990.333299997961149 ], [ 255696.0042, 534086.302999999024905 ], [ 255752.910999998013722, 534108.86120000097435 ], [ 255808.973000000987668, 534059.715999998035841 ], [ 255702.144000000989763, 534044.186999998986721 ], [ 255740.53900000100839, 533910.25 ], [ 255718.668800000014016, 533939.014500000048429 ] ] ], [ [ [ 256653.056099999987055, 534346.667800002032891 ], [ 256612.32, 534331.44009999895934 ], [ 256550.9025, 534408.221999999019317 ], [ 256597.553399998985697, 534424.991300001973286 ], [ 256653.056099999987055, 534346.667800002032891 ] ] ], [ [ [ 245224.932799998990959, 534584.927999999024905 ], [ 245142.528000001009787, 534631.089000002015382 ], [ 245278.984399999986636, 534763.335399999981746 ], [ 245351.97789999798988, 534690.410500001045875 ], [ 245224.932799998990959, 534584.927999999024905 ] ] ], [ [ [ 246080.001800000987714, 534831.317699998966418 ], [ 245992.6439, 534800.841299999970943 ], [ 245977.287799999001436, 534673.864700000965968 ], [ 245784.769999999989523, 534795.405999999027699 ], [ 245924.8114, 534977.879299998050556 ], [ 246080.001800000987714, 534831.317699998966418 ] ] ], [ [ [ 258446.704799998988165, 533567.397599998977967 ], [ 258461.323899998998968, 533594.857399999978952 ], [ 258484.166900001000613, 533590.910399999003857 ], [ 258463.448800001002382, 533536.160399999003857 ], [ 258446.704799998988165, 533567.397599998977967 ] ] ], [ [ [ 258594.745499998010928, 533581.185400002053939 ], [ 258596.811000001005596, 533580.96709999802988 ], [ 258595.853999998013023, 533578.218499999027699 ], [ 258594.582699999009492, 533578.565699998056516 ], [ 258594.745499998010928, 533581.185400002053939 ] ] ], [ [ [ 266829.066199999011587, 534445.875500001013279 ], [ 266785.004700000979938, 534476.356600000988692 ], [ 266816.248399998992682, 535385.936500002047978 ], [ 266921.7333000000217, 535366.179900001967326 ], [ 266897.520000000018626, 534452.925999999046326 ], [ 266996.067000002018176, 534457.870000001043081 ], [ 266829.066199999011587, 534445.875500001013279 ] ] ] ] } },
{ "type": "Feature", "properties": { "label": "GNBH Groningen Bornholmstraat", "gid": "GNBH Groningen Bornholmstraat" }, "geometry": { "type": "MultiPolygon", "coordinates": [ [ [ [ 236072.900499999988824, 579714.341099999961443 ], [ 236268.942400000989437, 579542.548599999048747 ], [ 235778.50600000101258, 579374.672999999951571 ], [ 235975.215999998006737, 578891.947000000975095 ], [ 235868.36699999900884, 578882.892999998992309 ], [ 234944.859700002009049, 578437.356899998965673 ], [ 234363.051100001001032, 578212.346700001973659 ], [ 234143.187100000999635, 578318.229800001019612 ], [ 233963.478100001986604, 578576.607599999988452 ], [ 233954.370900000998517, 578531.14249999797903 ], [ 233890.307900000014342, 578539.328800000017509 ], [ 233664.024500000989065, 579103.028099998948164 ], [ 233557.397799998987466, 579093.827500000945292 ], [ 233431.933600001008017, 579373.778499998035841 ], [ 233345.143399999011308, 579360.350400001043454 ], [ 233342.720899998996174, 579438.000599998980761 ], [ 233493.943599999009166, 579455.820900000981055 ], [ 233508.879999998986023, 579617.386000000056811 ], [ 233584.04659999901196, 579605.085999998962507 ], [ 233721.466499998990912, 579992.0002 ], [ 233736.720800000999589, 580201.545400000992231 ], [ 233681.069400000997121, 580256.951699997996911 ], [ 233628.146499999013031, 580245.173900000983849 ], [ 233650.908100002008723, 580364.493799999007024 ], [ 233613.124000001989771, 580352.980700001004152 ], [ 233502.197700001008343, 580727.013900000951253 ], [ 233450.232799999008421, 580815.041200001025572 ], [ 233410.085200000990881, 580807.96709999802988 ], [ 233306.717700000997866, 581076.1435 ], [ 233587.715500001009787, 581031.554400000954047 ], [ 234107.5, 581107.0 ], [ 233718.926600002014311, 581104.576400000951253 ], [ 233696.183600001008017, 581195.365499999024905 ], [ 233257.82, 581356.160000000032596 ], [ 233320.0682, 581680.4582 ], [ 233543.285999998013722, 581816.229999999981374 ], [ 233660.216200002003461, 581835.584800001000986 ], [ 233641.836100001004525, 581872.883699998026714 ], [ 233671.072900000988739, 581840.956999999005347 ], [ 233690.920000001991866, 581976.581 ], [ 233643.3473, 582045.364599999040365 ], [ 233650.520599998999387, 582049.769499999005347 ], [ 233730.966699999000411, 582020.50079999899026 ], [ 233719.2064, 581989.434799998998642 ], [ 233853.093199997994816, 582077.711800002027303 ], [ 233873.467, 582027.84600000095088 ], [ 233960.149500000989065, 582013.101100001018494 ], [ 233964.374000001989771, 581963.769400001037866 ], [ 234071.908, 582014.728 ], [ 234080.553599998005666, 581963.048900000983849 ], [ 234126.544399998994777, 582130.774199999985285 ], [ 234263.796999998012325, 581791.067000002018176 ], [ 234451.019999999989523, 581668.870000001043081 ], [ 234683.182200000010198, 581846.219000000972301 ], [ 235885.802999998995801, 582414.008999999961816 ], [ 235582.806699998996919, 582822.591800000984222 ], [ 235536.800999998988118, 582782.107000001007691 ], [ 235433.078899998014094, 582847.454700001049787 ], [ 235347.364399999001762, 582973.399799998966046 ], [ 235442.7531, 583011.228100002044812 ], [ 234847.0, 583744.0 ], [ 234527.6400000010035, 583935.680000000051223 ], [ 234483.451200000999961, 583844.980799998971634 ], [ 234324.606300000014016, 583955.583799998974428 ], [ 234230.598999998997897, 583805.976000000024214 ], [ 234187.75800000099116, 583826.635000001988374 ], [ 234247.5997, 583995.587599999969825 ], [ 234047.302999998995801, 584053.564800002030097 ], [ 233921.445799998997245, 584155.504399999976158 ], [ 233936.137499998993007, 584184.892800000030547 ], [ 233804.552299998991657, 584204.421399998944253 ], [ 233822.567600000998937, 584274.259100000956096 ], [ 233475.82, 584440.620000001043081 ], [ 233491.942499998986023, 584475.977400001022033 ], [ 232676.3616, 584875.994500000029802 ], [ 232424.72709999998915, 585321.6252 ], [ 232263.8895, 585407.757399998954497 ], [ 232020.071300000010524, 585343.45149999903515 ], [ 231793.07050000099116, 585573.463300000992604 ], [ 231657.660500000987668, 585980.726100001018494 ], [ 231599.610599998006364, 586016.554400000954047 ], [ 231399.581799998995848, 586413.666399999987334 ], [ 231545.572000001004199, 586508.732999998959713 ], [ 231544.739, 586555.366000000038184 ], [ 231867.8774, 586591.3114 ], [ 231713.00800000099116, 587141.37220000103116 ], [ 231674.761300001002382, 587487.881099998950958 ], [ 231818.201099998987047, 587498.269699997967109 ], [ 231738.909099999989849, 587923.029499999945983 ], [ 232026.64790000001085, 587937.787099997978657 ], [ 231967.4153, 588126.459199998993427 ], [ 232341.40549999801442, 587036.718800000962801 ], [ 232603.38100000101258, 587116.26399999903515 ], [ 232556.892000001011183, 587055.640999999013729 ], [ 232705.434999999008141, 586942.228999997954816 ], [ 232683.002999999007443, 586831.276000001002103 ], [ 232825.059, 586807.072000000975095 ], [ 233133.105000000010477, 586846.109000000986271 ], [ 233137.61699999900884, 586906.443999998038635 ], [ 233240.88100000101258, 586932.037999999010935 ], [ 233695.745000001013977, 586984.913899998995475 ], [ 233889.4388, 586015.857799998950213 ], [ 234029.297200002009049, 585894.416399999987334 ], [ 234091.61630000200239, 585763.874299998977222 ], [ 234050.502700001001358, 585576.547299999976531 ], [ 234190.343800000991905, 585465.344200000050478 ], [ 234366.451400001009461, 586162.849900000030175 ], [ 234592.368599999987055, 586709.270799997961149 ], [ 234625.092, 586739.581 ], [ 235113.353, 586712.530000000959262 ], [ 235041.7947, 586141.195199999958277 ], [ 236366.658, 585931.162999999010935 ], [ 236374.771000001986977, 585672.583000001031905 ], [ 237171.416999998997198, 585693.857000001007691 ], [ 237238.778000001009787, 585468.151000001002103 ], [ 238286.197999999014428, 585690.653000000980683 ], [ 238852.4859, 583994.989900000044145 ], [ 239374.914500001992565, 584581.76210000005085 ], [ 239496.376499998994404, 584527.1285 ], [ 239622.6336, 584377.913400002056733 ], [ 239252.587000000989065, 584091.863000001991168 ], [ 238887.546, 583893.374000002047978 ], [ 238895.625700000993675, 583717.577900000032969 ], [ 238656.63369999799761, 583603.072200000053272 ], [ 238728.7753, 583452.211300001014024 ], [ 238839.323800001002382, 583470.762200001976453 ], [ 238878.446300000010524, 583388.818500000983477 ], [ 238708.548, 583200.0 ], [ 238923.276000001002103, 582953.976500001037493 ], [ 239269.64979999899515, 581920.675900000962429 ], [ 240214.144499999005347, 580573.983100001001731 ], [ 240094.526500001986278, 580653.762800000957213 ], [ 239390.660300001996802, 580763.871700000017881 ], [ 239276.027100000996143, 580868.117600001045503 ], [ 239246.975799999985611, 580836.655200000968762 ], [ 239199.900600001012208, 580932.824499998008832 ], [ 239158.526900000986643, 580919.595899999025278 ], [ 239179.1318, 580761.971500001964159 ], [ 239007.89869999900111, 580697.953699999023229 ], [ 238953.7566, 580500.150099999969825 ], [ 238621.867699999012984, 580169.305399999022484 ], [ 238288.934999999008141, 580391.505499999970198 ], [ 238216.031500001001405, 580674.444400000968017 ], [ 238180.662500000995351, 580524.719900000956841 ], [ 238069.709800001000986, 580613.142000001040287 ], [ 237752.598000000987668, 580549.122000001021661 ], [ 237912.9879, 580390.532099999021739 ], [ 238160.05539999899338, 580342.383799999952316 ], [ 238132.904399997991277, 580245.88820000004489 ], [ 237926.810899998992682, 580118.104800001019612 ], [ 237884.613000001991168, 580241.680000000051223 ], [ 237789.548999999009538, 580138.366099998005666 ], [ 237757.776299997989554, 580395.340999998035841 ], [ 237682.276999999012332, 580548.054400000954047 ], [ 237358.13969999901019, 580526.379900000989437 ], [ 237004.92159999901196, 580400.186099999002181 ], [ 236962.217099998000776, 580490.420899998047389 ], [ 236873.4296, 580424.806800000020303 ], [ 236811.892000001011183, 580495.853 ], [ 236746.381400000012945, 580338.609700002009049 ], [ 236644.699299998988863, 580281.581999999005347 ], [ 237877.0, 579273.0 ], [ 238016.26590000098804, 579188.65590000199154 ], [ 238163.089699998003198, 579313.932999997981824 ], [ 238325.041900001000613, 579259.437399997957982 ], [ 238493.924699999013683, 579068.720600001979619 ], [ 238867.27369999900111, 578826.278700002003461 ], [ 238823.045499998988817, 578700.0429 ], [ 239007.6151, 578588.261300000944175 ], [ 238723.965500001009787, 578437.74720000103116 ], [ 238478.633400001010159, 578469.136000000056811 ], [ 238512.885000001988374, 578510.559 ], [ 238437.052999998995801, 578577.243999999016523 ], [ 238335.783, 578624.316 ], [ 238299.63300000099116, 578575.925000000977889 ], [ 238197.912000000011176, 578690.954000000027008 ], [ 237779.859000000986271, 578889.850000001024455 ], [ 237763.75, 578857.416999998968095 ], [ 237538.3552, 579030.423999998951331 ], [ 235977.634, 579786.40659999800846 ], [ 236072.900499999988824, 579714.341099999961443 ] ] ], [ [ [ 232375.1263, 581378.106800000998192 ], [ 232425.848900001001311, 581344.863499999046326 ], [ 232391.18670000100974, 581267.293099998962134 ], [ 232294.0911, 581376.247900002053939 ], [ 232375.1263, 581378.106800000998192 ] ] ], [ [ [ 234035.7236, 582019.707600001012906 ], [ 234023.9573, 582039.913800001027994 ], [ 234061.0449, 582053.375500001013279 ], [ 234069.644499999005347, 582022.758900001994334 ], [ 234035.7236, 582019.707600001012906 ] ] ], [ [ [ 233773.5834, 582041.020199998980388 ], [ 233744.674600000987994, 582091.795200000982732 ], [ 233753.114599999011261, 582135.259899999946356 ], [ 233802.448800001002382, 582049.008000000962056 ], [ 233773.5834, 582041.020199998980388 ] ] ], [ [ [ 238253.98389999900246, 579627.331700001028366 ], [ 238042.764199997996911, 579872.801499999943189 ], [ 238077.6435, 580014.315499998978339 ], [ 238230.585000001010485, 580067.335099998977967 ], [ 238654.208999999013031, 579920.965300000971183 ], [ 238716.388199999986682, 579780.603300001006573 ], [ 238253.98389999900246, 579627.331700001028366 ] ] ] ] } },
{ "type": "Feature", "properties": { "label": "SW-Steenwijk", "gid": "SW-Steenwijk" }, "geometry": { "type": "MultiPolygon", "coordinates": [ [ [ [ 201389.899300001998199, 524579.732000001007691 ], [ 201427.84529999998631, 524755.341699998942204 ], [ 201594.957499999989523, 524689.951699997996911 ], [ 201519.516299999988405, 524530.737399999052286 ], [ 201389.899300001998199, 524579.732000001007691 ] ] ], [ [ [ 201981.190099998988444, 525213.100000001024455 ], [ 201968.265500001987675, 525261.280600000056438 ], [ 202052.354499998997198, 525308.074799999943934 ], [ 202027.326699997996911, 525172.242500000051223 ], [ 201981.190099998988444, 525213.100000001024455 ] ] ], [ [ [ 209533.084899998997571, 525982.582600001012906 ], [ 209507.9802, 526026.416299998993054 ], [ 209644.986499999009538, 526210.309999999008141 ], [ 209685.3455, 526037.478399998974055 ], [ 209594.75710000100662, 525940.087999999988824 ], [ 209533.084899998997571, 525982.582600001012906 ] ] ], [ [ [ 212954.019499999005347, 526737.48420000099577 ], [ 212927.051800001005176, 526809.202000000048429 ], [ 212957.596799999009818, 526827.897399998968467 ], [ 212999.048999999009538, 526738.234999999054708 ], [ 212954.019499999005347, 526737.48420000099577 ] ] ], [ [ [ 205075.956999999005347, 539888.239999998011626 ], [ 205509.015999999013729, 539341.247000001021661 ], [ 206542.910999998013722, 538229.51399999903515 ], [ 206381.765999999013729, 538186.554900001967326 ], [ 206232.529199999000411, 538270.901199999963865 ], [ 206025.31960000100662, 538055.509500000975095 ], [ 206129.787099998007761, 537943.534800000023097 ], [ 206292.381999998993706, 538116.954900000011548 ], [ 206404.471999998990213, 538149.504000001004897 ], [ 206527.9278, 538070.159100000048056 ], [ 207075.126899999013403, 538537.7293 ], [ 207795.6589, 537697.453000001958571 ], [ 207377.442000001989072, 537298.29960000095889 ], [ 207869.8983, 536733.143700000015087 ], [ 208091.543699998001102, 536987.380699999979697 ], [ 208234.5583, 537600.167300001019612 ], [ 208391.906199999008095, 537899.500100002042018 ], [ 208565.4958, 538065.221999999019317 ], [ 208933.109000000986271, 538283.205899999011308 ], [ 209145.330800000985619, 538635.948399998014793 ], [ 209310.0231, 538816.359799999976531 ], [ 209674.000399999000365, 539115.388700001058169 ], [ 209890.906199999008095, 539220.500100002042018 ], [ 210838.593699999008095, 539438.312600002042018 ], [ 211092.593699999008095, 539557.312600002042018 ], [ 212048.906199999008095, 539366.312600002042018 ], [ 212780.296799998992356, 539590.875100002042018 ], [ 213171.999899997987086, 539564.312600002042018 ], [ 213523.906199999008095, 539448.000100002042018 ], [ 213802.999899997987086, 539413.687600002042018 ], [ 214325.703100000013364, 539211.625 ], [ 214508.906300000991905, 539218.875 ], [ 214559.958600000012666, 538559.658900000038557 ], [ 214818.114999998011626, 538540.564699999988079 ], [ 214824.388599998987047, 538286.378899998962879 ], [ 214596.4487, 538151.482799998950213 ], [ 214673.436999998986721, 537180.789000001037493 ], [ 214827.142999998992309, 537094.679000001051463 ], [ 215342.872000000992557, 536950.723999998997897 ], [ 216643.796899999986636, 536679.3125 ], [ 217038.239999998011626, 536485.36010000098031 ], [ 216966.906300000991905, 536055.375100002042018 ], [ 217253.796799998992356, 535876.687600002042018 ], [ 217265.24199999900884, 535729.091299999970943 ], [ 217361.165700000012293, 535612.732599999988452 ], [ 217481.226399998995475, 535565.744100000942126 ], [ 217493.499899997987086, 535386.375100002042018 ], [ 217185.526099998998689, 535146.758999999961816 ], [ 217226.4879, 535057.569400000968017 ], [ 217136.38969999901019, 535006.698100000969134 ], [ 217133.364700000995072, 534806.02789999905508 ], [ 217202.028999998990912, 534625.453000001958571 ], [ 217036.219999999011634, 534461.479999999981374 ], [ 216920.534000001993263, 534193.274999998975545 ], [ 216640.954, 534133.010000001988374 ], [ 216751.280999998998595, 533974.061999998986721 ], [ 216724.066, 533859.340999998035841 ], [ 216117.208600000012666, 533757.713799998047762 ], [ 216086.5112, 533986.635699999053031 ], [ 215977.957499999989523, 534071.974100001039915 ], [ 215920.703100000013364, 533810.875 ], [ 215763.093699999008095, 533632.8125 ], [ 215684.796899999986636, 533671.125100002042018 ], [ 215629.785399999003857, 533603.551300000050105 ], [ 215661.789099999004975, 533630.904800001997501 ], [ 215929.700300000986317, 533538.092700000968762 ], [ 215680.232000001007691, 533323.874400001019239 ], [ 215507.192899997986387, 533386.304800000041723 ], [ 215471.464400000986643, 533469.469599999021739 ], [ 215389.403299997997237, 533533.204900000011548 ], [ 215335.784200002002763, 533440.227899997960776 ], [ 215378.4965, 533376.45499999797903 ], [ 215317.040600001986604, 533333.103899999987334 ], [ 215311.567499998986023, 533159.2483000010252 ], [ 215219.999899997987086, 533065.125100002042018 ], [ 215093.911600001010811, 533171.340700000990182 ], [ 214550.5775000010035, 532512.259399999049492 ], [ 214730.5, 532337.6875 ], [ 215351.703000001987675, 530991.875 ], [ 215721.2650000010035, 531152.5 ], [ 216107.026900000986643, 531256.977699998999014 ], [ 215662.00820000100066, 531112.898400000995025 ], [ 215801.899300001998199, 530751.566799998050556 ], [ 215686.560199997999007, 530269.348099999013357 ], [ 215512.480000000010477, 530087.379099998972379 ], [ 215141.575300000986317, 530101.2291 ], [ 214767.612500001006993, 530013.256399999954738 ], [ 214679.5502, 529794.569600000977516 ], [ 215249.215700000990182, 528819.599700000020675 ], [ 215155.093699999008095, 528626.812600002042018 ], [ 214729.999899997987086, 528240.312600002042018 ], [ 214675.499899997987086, 528321.125100002042018 ], [ 214515.796899999986636, 528224.3125 ], [ 214586.406199999008095, 528127.875100002042018 ], [ 213508.593699999008095, 527303.500100002042018 ], [ 213238.203000001987675, 527133.125100002042018 ], [ 212885.296799998992356, 526984.500100002042018 ], [ 212865.93149999898742, 527019.296199999982491 ], [ 212947.787999999010935, 526849.221999999019317 ], [ 212679.228399999003159, 526980.507399998954497 ], [ 212638.906300000991905, 526960.8125 ], [ 212723.593800000991905, 526688.687600002042018 ], [ 212475.203000001987675, 526659.812600002042018 ], [ 212448.332800000993302, 526619.952700000023469 ], [ 212402.276099998998689, 526834.692400000989437 ], [ 212252.2469, 526902.757300000987016 ], [ 211879.972700000012992, 527213.043400001013651 ], [ 211544.1987, 527199.239700000965968 ], [ 211105.763, 526313.515999999013729 ], [ 211021.125999998010229, 526012.563999998965301 ], [ 211032.6347, 525659.367500000051223 ], [ 210730.427200000995072, 525755.712099998956546 ], [ 210676.2084, 525648.376600001007318 ], [ 210317.95340000098804, 525665.414099999004975 ], [ 210293.121399999014102, 526191.140400000032969 ], [ 210119.220800000999589, 526252.389300000038929 ], [ 209933.075100001005922, 526091.79870000097435 ], [ 209791.526000001002103, 526448.129000001004897 ], [ 209963.822000001004199, 527095.648999999975786 ], [ 209900.932399999001063, 527151.817699998966418 ], [ 209832.377700001001358, 527581.988699999055825 ], [ 209569.923999999009538, 528324.466099999961443 ], [ 208441.166999998997198, 527756.86210000095889 ], [ 208624.3829, 527327.837400001008064 ], [ 208178.316300000995398, 527174.885299999034032 ], [ 208312.878600000985898, 526743.696800000965595 ], [ 208147.957800000993302, 526523.331300002057105 ], [ 207889.957899998989888, 526347.442299998947419 ], [ 207627.704700000991579, 526979.112199999042787 ], [ 207274.587200000998564, 526486.305900000035763 ], [ 206699.548900001012953, 525954.941399998962879 ], [ 206046.0319, 525704.551699999952689 ], [ 205375.2819, 527374.593600000953302 ], [ 204982.471999998990213, 527209.179800000041723 ], [ 205146.8596, 527305.120900001027621 ], [ 204718.9683, 528038.491099998005666 ], [ 204602.45340000098804, 528084.223999998997897 ], [ 204962.729499998997198, 527200.866099998005666 ], [ 203982.92880000200239, 526786.459800001000986 ], [ 203872.071899998991285, 526807.579500001040287 ], [ 203892.864399999001762, 526720.534000001964159 ], [ 203549.865800000989111, 526634.995499997981824 ], [ 203651.7443, 526479.669 ], [ 203566.208900000987342, 526475.474100001039915 ], [ 203566.170899997989181, 526425.875100002042018 ], [ 203644.9529, 526432.000100002042018 ], [ 203694.967900001007365, 526305.625100002042018 ], [ 203560.40590000199154, 526267.750100002042018 ], [ 203566.3959, 526236.541000001016073 ], [ 203645.113899997988483, 526260.697099998942576 ], [ 203639.8829, 526198.625100002042018 ], [ 203510.3279, 526148.812100001028739 ], [ 203555.3279, 526032.687100001028739 ], [ 203394.061900000990136, 526002.875100002042018 ], [ 203464.295899997989181, 525826.562100001028739 ], [ 203229.264899998990586, 525744.562100001028739 ], [ 203284.311900000990136, 525651.437100001028739 ], [ 203235.616900001012255, 525597.295999999972992 ], [ 203162.295899997989181, 525687.812100001028739 ], [ 203093.832899998989888, 525596.194099999964237 ], [ 203016.60889999900246, 525588.437100001028739 ], [ 202971.73389999900246, 525637.312100001028739 ], [ 202894.819899999012705, 525614.062600002042018 ], [ 202867.139899998990586, 525684.125100002042018 ], [ 202782.180300000996795, 525532.677999999024905 ], [ 202490.8013, 525544.335099998977967 ], [ 202441.261999998008832, 525448.635400000959635 ], [ 202137.219999999011634, 525454.172899998957291 ], [ 202098.940299998997943, 525538.347800001967698 ], [ 202016.129599999985658, 525552.214000002015382 ], [ 202068.0121, 525692.190499998978339 ], [ 201973.757199999003205, 525689.974500000011176 ], [ 201893.934199999988778, 525566.90549999801442 ], [ 201714.3387, 525542.077000000048429 ], [ 201706.092700000997866, 525491.194400000968017 ], [ 201838.1446, 525405.908399999025278 ], [ 201827.284099999989849, 525342.214200000977144 ], [ 201560.247000000992557, 525359.745000001043081 ], [ 201547.720600002008723, 525429.366700000944547 ], [ 201454.0418, 525069.588300000992604 ], [ 201245.760899997985689, 524689.672899998957291 ], [ 201215.14090000098804, 524001.9866 ], [ 200943.364899999985937, 523911.832600001012906 ], [ 200835.543400001013651, 524178.185400001995731 ], [ 200884.130399997986387, 524414.340899999951944 ], [ 200938.2359, 524455.71909999800846 ], [ 200729.85289999798988, 524637.633099999045953 ], [ 200566.35040000101435, 524611.297499999054708 ], [ 200429.845899998996174, 524747.547999999951571 ], [ 200213.920899997989181, 524713.499000002047978 ], [ 200067.454900000011548, 524575.148999999975786 ], [ 199935.4179, 524337.5612 ], [ 199557.536899998987792, 524535.405099999043159 ], [ 199559.85889999900246, 524638.236099999048747 ], [ 199247.749400000990136, 524826.591999999945983 ], [ 199108.122900001995731, 524807.201099999016151 ], [ 198883.716899997991277, 524489.6052 ], [ 198767.8739, 524513.596099999034777 ], [ 198456.921899999986636, 524828.444099999964237 ], [ 197547.381900000997121, 525220.140999999013729 ], [ 197627.903700002003461, 525798.005899999057874 ], [ 197380.298599998990539, 526316.409200001973659 ], [ 196776.363299999007722, 527101.54870000097435 ], [ 199746.934700001002057, 528146.592599999043159 ], [ 199786.498300000996096, 529613.941799998050556 ], [ 199652.953699998994125, 529537.306600000942126 ], [ 199715.799800000997493, 529414.470500000054017 ], [ 199612.2973, 529013.035000000032596 ], [ 199154.547699999005999, 528686.314100001007318 ], [ 199097.27259999900707, 528665.112399999052286 ], [ 198783.755399997986387, 529100.241099998005666 ], [ 198865.537300002004486, 529627.70050000003539 ], [ 198813.875399999000365, 529858.028700002003461 ], [ 199118.924899998994078, 530044.510400000959635 ], [ 199762.184, 531031.315000000991859 ], [ 199569.933499998995103, 531036.662500001024455 ], [ 199513.991700001002755, 531464.586800002027303 ], [ 199645.664999998989515, 531553.601000000024214 ], [ 199490.179699997999705, 532112.051399998017587 ], [ 199024.906500001001405, 531989.691500001004897 ], [ 198793.741599998989841, 531436.896100000012666 ], [ 198688.282499999011634, 531342.593499999027699 ], [ 198862.063999998994404, 530995.738999999943189 ], [ 198721.501899999013403, 530865.628600000985898 ], [ 198317.651900000986643, 531165.740699999034405 ], [ 197737.150499999988824, 531120.878099999972619 ], [ 197286.050900000991533, 531377.785000000032596 ], [ 196950.439699999988079, 531496.73229999805335 ], [ 196758.450800001999596, 531811.043499998981133 ], [ 196593.911899998987792, 531735.027499999967404 ], [ 196754.057900000014342, 531836.891600001952611 ], [ 195805.939199999003904, 531390.897999997949228 ], [ 195543.525699999008793, 531843.585399999981746 ], [ 195280.6307, 532824.052099999040365 ], [ 195145.4419, 532843.933899999014102 ], [ 194514.25820000100066, 532261.729899998987094 ], [ 194705.8849, 531587.096600000048056 ], [ 194614.957800000993302, 530842.387800000957213 ], [ 194454.911800000991207, 530738.324200000963174 ], [ 194717.414700001012534, 530205.811799998977222 ], [ 194768.345800000999589, 530260.242600001045503 ], [ 194841.720100000995444, 530212.374499998986721 ], [ 194772.940200001001358, 530093.484900000970811 ], [ 194801.5427, 530054.739999998011626 ], [ 193919.333099998999387, 529997.12220000103116 ], [ 193855.5601, 530021.405200000968762 ], [ 193601.451900001993636, 530441.947999999043532 ], [ 193161.02320000200416, 530196.905600000056438 ], [ 192293.359900000999914, 530721.461100001004525 ], [ 190920.793900001997827, 531699.711100001004525 ], [ 190191.7009, 532348.196199998026714 ], [ 188997.038899998995475, 534136.277100000996143 ], [ 188866.068599999009166, 534287.374000002047978 ], [ 188718.522700000990881, 534212.692600000998937 ], [ 188622.006099999009166, 534403.529699999955483 ], [ 188828.918200001004152, 534482.017900001024827 ], [ 188946.5042, 534616.926600001985207 ], [ 189063.819400000997121, 534830.550200000056066 ], [ 189111.785799998993753, 535057.346299997996539 ], [ 189047.123599999002181, 535254.564699999988079 ], [ 189079.022799998987466, 535535.92260000098031 ], [ 189435.221000001009088, 535738.568999998038635 ], [ 189619.204, 536187.392000001040287 ], [ 190152.11699999900884, 536401.219999999040738 ], [ 190378.197999999014428, 536670.36100000096485 ], [ 190503.86699999900884, 536950.162999999010935 ], [ 190668.438000001013279, 537135.894000001018867 ], [ 191196.947900000988739, 537508.079700001049787 ], [ 191109.046999998012325, 537945.427000000956468 ], [ 191341.932, 538020.339999999967404 ], [ 191093.70360000099754, 538206.461100001004525 ], [ 191116.357999998988817, 538335.929000001051463 ], [ 191377.774999999004649, 538398.221999999019317 ], [ 191589.024999999004649, 538375.296999998041429 ], [ 191624.581999999005347, 538474.71799999801442 ], [ 191359.425999998988118, 538588.930000000051223 ], [ 191588.837999999988824, 538782.180000000051223 ], [ 192118.311000001005596, 538827.238000001991168 ], [ 192372.741, 538894.484999999054708 ], [ 192670.999000001989771, 539058.828000001958571 ], [ 193317.271000001986977, 538597.589000002015382 ], [ 193388.296999998012325, 538732.591999999945983 ], [ 193314.168000000994653, 539065.756999999051914 ], [ 193510.160999998013722, 539325.936000001034699 ], [ 194265.50600000101258, 539622.348999998997897 ], [ 194477.759, 539634.570999998948537 ], [ 194431.787999999010935, 539572.65700000198558 ], [ 194462.024, 539439.015999999013729 ], [ 194690.076000000990462, 538777.030000000959262 ], [ 195057.556000001990469, 538193.035000000032596 ], [ 195390.642000001011183, 537347.905999999027699 ], [ 195381.751899999013403, 537263.698199999053031 ], [ 195551.135600000998238, 537285.225699997972697 ], [ 195608.32119999799761, 537204.4364 ], [ 195672.670000001991866, 537321.607999998959713 ], [ 195920.009, 537047.666999998968095 ], [ 196077.344000001001405, 536764.697000000975095 ], [ 196250.309999999008141, 536804.941 ], [ 196813.938999998994404, 537158.780999999027699 ], [ 197514.298, 537371.149999998975545 ], [ 197962.557, 537446.787999999010935 ], [ 198031.815000000991859, 537400.512800000957213 ], [ 198107.768399999011308, 537811.79760000098031 ], [ 198167.092900001007365, 537853.019000001018867 ], [ 198123.113099999987753, 537903.276500002015382 ], [ 198151.537599998991936, 537945.513599999016151 ], [ 198099.1943, 538148.331400000024587 ], [ 198034.741199999989476, 538236.403200000990182 ], [ 198046.163899998995475, 538336.93490000104066 ], [ 197943.950699999986682, 538525.516300000017509 ], [ 198189.405400001007365, 538796.016300000017509 ], [ 198252.09529999998631, 538759.743500001961365 ], [ 198512.205400000995724, 538784.767200001049787 ], [ 198886.188200000993675, 538626.9976 ], [ 198947.6741, 538476.332500000018626 ], [ 199463.1404, 538466.70389999798499 ], [ 199558.6875, 538406.704399998998269 ], [ 199751.3748, 538429.854800001019612 ], [ 199446.1107, 538864.859399999957532 ], [ 199490.743599999987055, 538903.55039999994915 ], [ 199457.243700001010438, 539039.653399999951944 ], [ 199519.051399997988483, 539081.607199999969453 ], [ 199238.623100000986597, 539414.0845 ], [ 199248.561900000990136, 539435.53180000197608 ], [ 199980.6371, 538538.535399999003857 ], [ 199859.652199998003198, 539023.415100001031533 ], [ 200107.499000001989771, 538909.614199999952689 ], [ 199965.283799997996539, 539142.982599999988452 ], [ 200436.08729999899515, 539333.425500001991168 ], [ 201749.754000001004897, 539283.11100000096485 ], [ 201903.754000001004897, 539368.574000000953674 ], [ 202214.0042, 539788.951000001048669 ], [ 202215.002999999007443, 539899.973299999022856 ], [ 202405.440699997998308, 540077.868600000045262 ], [ 202537.361900001997128, 540062.02899999904912 ], [ 202637.24399999898742, 540204.960200001019984 ], [ 202999.914700001012534, 540456.349800001946278 ], [ 203052.756900000997121, 540553.723099999013357 ], [ 203382.5691, 540743.505399998044595 ], [ 203714.4296, 540730.505100000998937 ], [ 203765.807100002013613, 540895.54929999995511 ], [ 203757.4505, 541175.160200000042096 ], [ 203925.622699997999007, 541394.697599999955855 ], [ 204111.379599999985658, 541542.477200001012534 ], [ 204183.88100000101258, 541557.026900000986643 ], [ 204426.6263, 541080.939800002030097 ], [ 204347.982999998988817, 541031.752999998978339 ], [ 204953.067000001989072, 540324.863000001991168 ], [ 205075.956999999005347, 539888.239999998011626 ] ], [ [ 206736.657200001005549, 528332.261100001982413 ], [ 206616.7379, 528285.761599999037571 ], [ 206744.902299999987008, 527971.320900000981055 ], [ 206884.810899998992682, 528032.447799999034032 ], [ 206903.212000000989065, 528114.784299999009818 ], [ 207006.793699998001102, 528156.862500000977889 ], [ 206828.432300001004478, 528093.645799997961149 ], [ 206736.657200001005549, 528332.261100001982413 ] ] ] ] } },
{ "type": "Feature", "properties": { "label": "HGV-Hoogeveen", "gid": "HGV-Hoogeveen" }, "geometry": { "type": "MultiPolygon", "coordinates": [ [ [ [ 221366.228599999012658, 522442.870200000994373 ], [ 221394.7731, 522573.3761 ], [ 221562.77970000001369, 522490.706500001018867 ], [ 221529.107799999008421, 522478.390200000023469 ], [ 221366.228599999012658, 522442.870200000994373 ] ] ], [ [ [ 208090.4712, 523691.1285 ], [ 208076.786499998997897, 523475.349199999007396 ], [ 208121.848399999988033, 523378.29549999901792 ], [ 207946.9663, 523405.9903 ], [ 207763.474100001010811, 523331.925600000016857 ], [ 207693.625399999000365, 523359.409899997990578 ], [ 207602.043699998001102, 523282.628299999982119 ], [ 207601.341800001013326, 523221.4925 ], [ 207470.292500000010477, 523158.319699999003205 ], [ 207511.438499998010229, 523106.742299999983516 ], [ 207186.572000001004199, 523065.458000000973698 ], [ 207340.233399997989181, 523299.201000000990462 ], [ 207328.190800000011222, 523359.666499998013023 ], [ 207735.234399999986636, 523859.334600001981016 ], [ 207886.5042, 523751.798 ], [ 208009.041000000986969, 523870.215100002009422 ], [ 208090.4712, 523691.1285 ] ] ], [ [ [ 218908.986099998990539, 534957.761399999028072 ], [ 219285.6459, 535067.085000001010485 ], [ 220997.593699999008095, 535097.375100002042018 ], [ 222007.535500000987668, 534992.456599998986349 ], [ 222878.406300000991905, 534704.125 ], [ 223039.796899999986636, 534165.625100002042018 ], [ 224227.999899997987086, 534943.312600002042018 ], [ 225903.519400001008762, 535716.681200001039542 ], [ 228604.691399998991983, 534842.52959999802988 ], [ 228716.692000001989072, 535128.340999998035841 ], [ 229193.144499999005347, 534987.686799998977222 ], [ 229296.5306, 535238.932000000029802 ], [ 229754.0339, 535210.007100000977516 ], [ 230255.302399999985937, 535002.718600000953302 ], [ 230482.780000000988366, 534576.545600001001731 ], [ 230240.733700000011595, 534502.234499998041429 ], [ 230569.126400000997819, 534290.227899997960776 ], [ 230546.384100001014303, 534245.106299999984913 ], [ 230597.58619999900111, 534228.7535 ], [ 230648.391800001001684, 534101.552999999024905 ], [ 230875.136700000992278, 533942.65700000198558 ], [ 230577.497000000992557, 533606.716999999945983 ], [ 230471.208999999013031, 533419.837999999988824 ], [ 230665.93, 533249.580800001043826 ], [ 229999.280099999014055, 532471.603700001025572 ], [ 229803.0209, 532344.520100001012906 ], [ 230425.483800001005875, 532255.669100000988692 ], [ 230529.083999999013031, 531997.499699998996221 ], [ 230481.920899997989181, 531978.915100001031533 ], [ 230574.96909999800846, 531945.515099999029189 ], [ 231158.834399998013396, 532162.272599998977967 ], [ 231258.856600000988692, 531954.036499998997897 ], [ 231854.7322, 532239.976799997966737 ], [ 231965.769900001992937, 532035.192400000989437 ], [ 232093.859700002009049, 532091.42509999894537 ], [ 232181.263799998996546, 531908.185300000011921 ], [ 232609.886999998008832, 532111.402699999976903 ], [ 232635.802700002008351, 532076.623500001034699 ], [ 232838.799300000013318, 532165.221200000029057 ], [ 232932.879700001009041, 531979.963300000992604 ], [ 233372.355500000994653, 532186.396299998974428 ], [ 233606.138199999986682, 531673.725699997972697 ], [ 233562.022999998007435, 531531.427000000956468 ], [ 234587.601, 531567.840999998035841 ], [ 235101.045000001991866, 533606.63800000003539 ], [ 236052.033799997996539, 533664.360699999961071 ], [ 236055.266899998998269, 533495.434099997975864 ], [ 236124.476199998985976, 533477.224399999016896 ], [ 235960.897399998997571, 533107.153499998035841 ], [ 236441.074299998988863, 533000.219900000956841 ], [ 237345.059599998989142, 532995.078100000042468 ], [ 237620.3543, 532887.886199999949895 ], [ 238019.082499999989523, 533874.962000000989065 ], [ 238209.277600002009422, 534199.915700000012293 ], [ 238409.072999999014428, 534163.792499999981374 ], [ 238555.409699998999713, 534251.1893999989843 ], [ 238783.203000001987675, 534142.625 ], [ 238827.296799998992356, 534190.687600002042018 ], [ 238963.463100001012208, 534115.920999999972992 ], [ 238853.6752, 533932.763300001970492 ], [ 239452.622400001011556, 533539.627300002030097 ], [ 240122.425900000991533, 534521.06619999895338 ], [ 240277.743599999987055, 534256.966299999970943 ], [ 240406.938700002006954, 534255.221700001973659 ], [ 240722.0339, 533779.606899998965673 ], [ 240834.492699999012984, 533771.118999999016523 ], [ 240412.269200000999263, 533085.563200001022778 ], [ 241459.041900001000613, 533212.743500001961365 ], [ 241991.544599999004276, 533088.653499998035841 ], [ 242620.813999998994404, 533089.982000001007691 ], [ 242440.305100000987295, 532572.602499998989515 ], [ 242624.115400000999216, 532437.632199998944998 ], [ 242569.292199999006698, 531386.4391999989748 ], [ 240537.813499998010229, 531344.284100000048056 ], [ 240502.241, 531149.427999999024905 ], [ 240437.841699999000411, 531095.0627 ], [ 240308.796899999986636, 530791.812600002042018 ], [ 240251.9849999989965, 530768.446499999961816 ], [ 240161.906300000991905, 530492.0 ], [ 240164.906300000991905, 530061.0 ], [ 240109.093800000991905, 529958.0 ], [ 240290.894000000989763, 529457.98600000096485 ], [ 239818.593800000991905, 529182.3125 ], [ 239910.703000001987675, 529059.187600002042018 ], [ 239990.703000001987675, 529067.187600002042018 ], [ 240492.18, 528396.71799999801442 ], [ 239979.2357, 528042.1858000010252 ], [ 240319.406199999008095, 527548.125100002042018 ], [ 239685.4582, 527525.260099999955855 ], [ 242087.226, 527495.497000001021661 ], [ 242077.083299997990252, 527461.408000000054017 ], [ 241860.551899999001762, 527468.239399999030866 ], [ 241962.209399998013396, 527159.448300000047311 ], [ 241698.385100000014063, 527147.109399999957532 ], [ 241665.64090000098804, 526987.994100000942126 ], [ 241612.186599999986356, 526978.174899999052286 ], [ 241661.999899997987086, 526894.312600002042018 ], [ 241706.45960000201012, 526897.059 ], [ 241357.330600001005223, 526803.076000001048669 ], [ 241205.350699998001801, 526902.130399998044595 ], [ 241044.938000001013279, 526693.688700002036057 ], [ 241039.9265, 526610.783199999015778 ], [ 241523.97650000100839, 525847.9791 ], [ 241495.241, 525830.300999999046326 ], [ 240684.5075, 527109.049699999042787 ], [ 240563.036200002010446, 527092.13989999901969 ], [ 240290.566100000985898, 526948.36010000098031 ], [ 240121.750100002012914, 526785.461300001014024 ], [ 239865.595400001999224, 526643.912000000011176 ], [ 239861.2214, 526499.230900001013651 ], [ 239948.128199997998308, 526312.573300000047311 ], [ 239774.798900001012953, 526228.067200000979938 ], [ 239810.113200001011137, 526157.519699997967109 ], [ 239771.394200000999263, 526139.370700001949444 ], [ 239813.807200000010198, 526117.912400000030175 ], [ 239618.086100001004525, 526060.76469999901019 ], [ 239568.164099999004975, 525971.408100001979619 ], [ 239229.406199999008095, 525820.187600002042018 ], [ 238834.0150000010035, 525734.875 ], [ 238436.481400001997827, 525720.253800000995398 ], [ 238350.522399998997571, 525539.210700002033263 ], [ 238395.9855, 524930.675000000977889 ], [ 238958.385799999989104, 525105.432100001955405 ], [ 238941.0150000010035, 524122.405999999027699 ], [ 238465.7018, 524076.216600000974722 ], [ 238467.36699999900884, 524196.3946 ], [ 237775.535999998013722, 524211.458000000973698 ], [ 237778.103200000012293, 524343.752700001001358 ], [ 237654.864500000985572, 524317.794100000988692 ], [ 237664.415600001986604, 523856.410399999003857 ], [ 237482.740600001008715, 523831.939100001007318 ], [ 237393.989999998011626, 523709.760100000014063 ], [ 237263.160599999013357, 523715.410999997984618 ], [ 237256.925000001006993, 523600.602100000018254 ], [ 237494.5251, 523545.046999997983221 ], [ 237644.931000001990469, 523382.45389999798499 ], [ 237579.678100001008715, 523210.149500000989065 ], [ 237400.917599998007063, 523175.160199999983888 ], [ 237515.52210000201012, 522834.006700002006255 ], [ 237446.831900001008762, 522663.365400000999216 ], [ 237371.4067, 522674.029300000984222 ], [ 237314.944800000987016, 522257.345400002028327 ], [ 237596.203499999013729, 522240.730099998007063 ], [ 237576.695999999006744, 521333.340999997977633 ], [ 237615.687399997987086, 521342.677000001014676 ], [ 235601.587999999988824, 520853.166399999987334 ], [ 235362.568399998999666, 520354.646799999987707 ], [ 235403.517700002004858, 520098.8849 ], [ 235361.312899999000365, 519840.682300000975374 ], [ 235272.5013, 519735.739500001014676 ], [ 235154.4395, 519707.634399998991285 ], [ 235415.184, 519409.863000001991168 ], [ 235673.134599999000784, 519642.998599999002181 ], [ 235792.480300002003787, 519976.6985 ], [ 236628.75, 520693.581999999005347 ], [ 237348.679000000993256, 519840.489999998011626 ], [ 235124.802000000985572, 517989.962000000989065 ], [ 234987.346999998990213, 517572.802000001014676 ], [ 234875.213100001012208, 517704.238699998997618 ], [ 234958.245400000014342, 517911.957600001012906 ], [ 234878.801199998997618, 518139.917399998987094 ], [ 234791.333900000987342, 518251.585999999020714 ], [ 234559.218499998998595, 518353.052000001014676 ], [ 234372.854400001000613, 518140.870400000014342 ], [ 234272.455800000985619, 518130.789799998980016 ], [ 234170.104699999006698, 518232.521899998013396 ], [ 234165.728899999987334, 518296.217099997971673 ], [ 234116.813999998994404, 518297.798 ], [ 234094.169100000988692, 518098.401399999973364 ], [ 234377.6208, 517797.929000000993256 ], [ 234396.809199999988778, 517653.92000000202097 ], [ 234554.64849999899161, 517615.528799999970943 ], [ 234230.970800000999589, 517337.15680000197608 ], [ 234209.011900000012247, 517412.801800001005176 ], [ 233992.53770000100485, 517424.680899999977555 ], [ 233874.30429999899934, 517272.321800001023803 ], [ 233580.957899998989888, 517172.596399999980349 ], [ 233380.228200000012293, 517269.738000001991168 ], [ 233305.823100000998238, 517261.140200000023469 ], [ 233071.216800001013326, 517409.180899999977555 ], [ 233010.808499998995103, 517367.182700000994373 ], [ 233059.26610000099754, 517146.46819999802392 ], [ 232989.57719999901019, 517087.974599997978657 ], [ 233010.099300000991207, 516974.204599999007769 ], [ 233193.651500001986278, 516841.934599998989142 ], [ 233225.867300000012619, 516748.791000001016073 ], [ 233469.244199998996919, 516689.5474999989965 ], [ 233583.451099998987047, 516553.190099999017548 ], [ 233758.4351, 516503.487500000977889 ], [ 233592.613000001991168, 516361.369899999001063 ], [ 233670.977699998999014, 516226.468899998988491 ], [ 233512.710499998007435, 516159.440499998978339 ], [ 233595.511100002011517, 516040.254099998972379 ], [ 233577.057900000014342, 515871.10799999901792 ], [ 233615.173999999009538, 515804.476000000024214 ], [ 233499.662999999010935, 515733.54870000097435 ], [ 233179.141600002010819, 515673.913500000024214 ], [ 232944.148400000995025, 515501.151900000986643 ], [ 232953.237500001006993, 515097.837499998975545 ], [ 232903.025899998989189, 515014.6741999979713 ], [ 231605.357500001991866, 514846.3873 ], [ 231589.970600002008723, 515004.587799999979325 ], [ 231821.5902, 515154.020399998989888 ], [ 232023.622499999008141, 515427.92260000098031 ], [ 231600.522300001000986, 515815.080600000976119 ], [ 231505.243000001006294, 515804.6776 ], [ 231484.137800000986317, 516005.71799999801442 ], [ 231688.772799998987466, 516230.920600001001731 ], [ 231515.3268, 516516.113200001011137 ], [ 231433.830600001005223, 516516.146100000012666 ], [ 231433.842300001997501, 516483.402600002009422 ], [ 231326.952, 517502.777500000025611 ], [ 231398.729699999006698, 517495.460299998987466 ], [ 231528.293900001997827, 517670.581500001018867 ], [ 231681.817699998995522, 517702.166700001980644 ], [ 231718.6732, 517931.878800000995398 ], [ 231506.53049999801442, 518027.806899997987784 ], [ 231278.247099998989142, 517983.84609999897657 ], [ 231279.428599998005666, 518265.860900000028778 ], [ 230523.436999998986721, 518422.081 ], [ 230560.4142, 518473.213300000992604 ], [ 230783.188000001013279, 518464.615999999979977 ], [ 230846.739899999985937, 518534.775100000028033 ], [ 230807.409000001993263, 518687.504700000979938 ], [ 231052.745299998990959, 519194.4069 ], [ 230950.218600001011509, 519575.993200000026263 ], [ 231144.013799998996546, 520151.468600001011509 ], [ 231040.821400001994334, 520334.042800001974683 ], [ 231015.865699999005301, 520605.683699999004602 ], [ 230776.532099998992635, 520615.992400002025533 ], [ 230770.677000000985572, 520530.5737 ], [ 230584.9879, 520574.849899999971967 ], [ 230499.480900001013651, 520488.339200000977144 ], [ 230249.906199999008095, 520492.093899998988491 ], [ 230251.499899997987086, 520451.406399998988491 ], [ 230033.593800000991905, 520450.68760000198381 ], [ 229996.0277, 520508.756799999973737 ], [ 229905.2445, 520522.091299999970943 ], [ 229714.427399999985937, 520457.330200002004858 ], [ 229789.666499998013023, 520678.111800000013318 ], [ 229640.506999998993706, 521043.565499998978339 ], [ 229206.142499998008134, 521058.366599999018945 ], [ 229213.6195, 520969.5394 ], [ 229126.100000000995351, 520964.900299999979325 ], [ 229107.743299997993745, 521056.238499998988118 ], [ 229048.590900000010151, 521059.191100000985898 ], [ 229093.947500001988374, 520693.790700000012293 ], [ 228837.946400001994334, 520667.783 ], [ 228726.893599998002173, 520340.702300000994001 ], [ 228491.839299999002833, 520351.489700001024175 ], [ 228414.203100000013364, 520138.8125 ], [ 227754.701299998996546, 520139.917499999981374 ], [ 227660.796899999986636, 519250.906399998988491 ], [ 227684.611299999000039, 518765.877599999017548 ], [ 227591.456199999985984, 518512.672899999015499 ], [ 227377.471700002002763, 518276.2502 ], [ 227383.938000001013279, 517796.283500001009088 ], [ 227073.013199999986682, 517860.64090000098804 ], [ 227055.2874, 517661.903099999006372 ], [ 227095.371199999004602, 517534.742299999983516 ], [ 227011.607299997995142, 517422.844799998973031 ], [ 226915.3387, 517403.574499998008832 ], [ 226850.30429999899934, 517295.412500001024455 ], [ 227428.310899998992682, 516490.126400000997819 ], [ 227359.388199999986682, 516080.866500000993256 ], [ 227409.111800000013318, 516088.548300002003089 ], [ 227548.635299999004928, 515953.067499999015126 ], [ 227623.538400001998525, 515770.299300000013318 ], [ 227351.1426, 515734.484499997983221 ], [ 227384.4155, 515675.614799998991657 ], [ 227349.184, 515562.391300000017509 ], [ 227463.276299997989554, 515360.637699998973403 ], [ 227812.726599999004975, 515316.542300001019612 ], [ 227700.920000001991866, 514924.149999998975545 ], [ 227216.25, 514579.1400000010035 ], [ 226681.628300000011222, 514758.688200001022778 ], [ 226802.7936, 515280.882599997974467 ], [ 226751.467500000988366, 515420.940099999017548 ], [ 227067.008099998987745, 515606.235599997977261 ], [ 227000.5262, 515778.281500000972301 ], [ 227205.328100000013364, 515743.889199997996911 ], [ 227174.9822, 516038.232099998975173 ], [ 227128.671, 516057.644499999005347 ], [ 227098.315200001001358, 516190.402100000996143 ], [ 227256.628699999011587, 516492.164500001992565 ], [ 227184.688200000993675, 516552.629599999985658 ], [ 227110.395399998989888, 516545.581200000015087 ], [ 227177.793099998991238, 516800.548400000028778 ], [ 227065.937399997987086, 516800.401500002015382 ], [ 226869.522300001000986, 517050.823100001027342 ], [ 226467.974800002004486, 517008.142999998992309 ], [ 226211.122900001995731, 516784.050000000977889 ], [ 225895.875700000993675, 516862.987199998984579 ], [ 225750.7568, 516757.797400001029018 ], [ 226018.9331, 518189.33109999797307 ], [ 225906.087000000989065, 518235.333999998983927 ], [ 225708.720100000995444, 518226.707600001012906 ], [ 225572.7205, 518293.104800001019612 ], [ 225510.499699998996221, 517950.571699998981785 ], [ 225324.477000001992565, 517575.912000000011176 ], [ 225069.0627, 517624.42049999901792 ], [ 224776.13969999901019, 517423.522899999981746 ], [ 224550.48409999901196, 517510.469000000972301 ], [ 224443.906300000991905, 517107.906399998988491 ], [ 224452.5, 516961.18760000198381 ], [ 224246.0, 516936.8125 ], [ 224253.4661, 516862.14359999797307 ], [ 224142.002099998004269, 516837.521100000012666 ], [ 224124.704700000991579, 516717.757599997974467 ], [ 223693.042100001010112, 516663.609600000025239 ], [ 223850.456099998002173, 516133.944299999973737 ], [ 223486.078899998014094, 515594.825399998982903 ], [ 223366.651299997989554, 515806.037200000020675 ], [ 223389.818100002012216, 515977.446800001023803 ], [ 223720.558200002007652, 516184.545099999988452 ], [ 223143.986200001003454, 516689.6116999979713 ], [ 222938.722100001003128, 516824.119699999981094 ], [ 222812.175000001006993, 516818.220699999015778 ], [ 222918.658399998996174, 516697.637899998982903 ], [ 222636.8303, 516390.182599999010563 ], [ 222893.834399998013396, 516076.033799997996539 ], [ 222789.85920000099577, 515805.819600000977516 ], [ 222677.835200000990881, 515847.128800000995398 ], [ 221536.067600000998937, 517392.260499998985324 ], [ 221595.770100001012906, 517308.113600000971928 ], [ 221594.803399998985697, 517146.743399999977555 ], [ 221368.052399999985937, 517171.918000000994653 ], [ 221284.114, 517110.188000001013279 ], [ 221113.447000001004199, 517210.557999997981824 ], [ 221119.498, 517740.98299999901792 ], [ 220800.445999999006744, 518001.20499999797903 ], [ 220566.184, 518039.850000001024455 ], [ 219719.844000001001405, 518614.340000000025611 ], [ 219593.348900001001311, 518884.909299999009818 ], [ 219985.705800000985619, 519100.382599997974467 ], [ 220059.234399999986636, 519017.786400000972208 ], [ 220423.688999998994404, 519182.013099998002872 ], [ 220443.724100001010811, 519396.956900000979658 ], [ 221068.4661, 519802.405999999027699 ], [ 220698.357900000992231, 520259.460700001975056 ], [ 220563.780000000988366, 520973.241300001973286 ], [ 220134.8059, 521081.450499999977183 ], [ 220033.413699998985976, 521064.868700000981335 ], [ 219580.203100000013364, 521686.5 ], [ 220312.94460000100662, 522158.240600001008715 ], [ 221747.910999998013722, 522463.427000001014676 ], [ 220441.807200000010198, 524679.242800001055002 ], [ 221782.009199999010889, 525469.428399999043904 ], [ 221265.353, 526909.945599999045953 ], [ 221499.077399998990586, 527035.637499999022111 ], [ 221427.96070000200416, 527123.966800000984222 ], [ 221217.186000001005596, 527027.491400000057183 ], [ 220985.982500001991866, 527621.657099999021739 ], [ 220657.006900000997121, 527475.319899998954497 ], [ 220684.270799997990252, 527403.570099998032674 ], [ 219793.203000001987675, 527318.875100002042018 ], [ 219497.924199998000404, 527139.066 ], [ 219789.96950000198558, 526762.889199997996911 ], [ 219797.829799998988165, 526662.605900001013651 ], [ 219646.1428, 526305.484000000986271 ], [ 219712.610199999005999, 526191.447299998020753 ], [ 219640.029800001997501, 525947.125500001013279 ], [ 219411.619399997987784, 525759.63789999904111 ], [ 219223.167800002003787, 525936.70149999903515 ], [ 219003.2018, 525845.311000001034699 ], [ 218584.172200002009049, 526663.573399998014793 ], [ 218652.535599999013357, 526698.001200002036057 ], [ 218756.613600001001032, 526984.548799998941831 ], [ 218615.497699997999007, 527197.846099999034777 ], [ 218503.313099999009864, 527526.432100001955405 ], [ 218643.816799997992348, 527952.047499999054708 ], [ 218550.295899997989181, 528335.850699997972697 ], [ 218297.291299998993054, 528594.038199997972697 ], [ 218080.285399999003857, 528482.786800001049414 ], [ 217765.67990000199643, 528600.166000001016073 ], [ 217946.713599998998689, 528993.995700001949444 ], [ 217929.499899997987086, 529086.625 ], [ 217579.796899999986636, 529413.375 ], [ 217506.688200000993675, 529557.088199998950586 ], [ 217310.4027, 529428.927900001057424 ], [ 217234.433600001008017, 528991.299400001997128 ], [ 217043.453499999013729, 528713.156500000972301 ], [ 216831.7678, 528547.774500000989065 ], [ 216774.0286, 528430.672699998947792 ], [ 216805.4822, 528272.3948 ], [ 216541.269400001008762, 527791.223800000036135 ], [ 216128.1653, 527905.943399999057874 ], [ 215912.702, 528116.349900000030175 ], [ 215743.015700001007644, 528193.165700000012293 ], [ 215671.805100000987295, 528096.45160000002943 ], [ 215615.004999998986023, 528258.01300000003539 ], [ 215640.263799998996546, 528366.523499998962507 ], [ 215419.450599998002872, 528733.291099998983555 ], [ 215558.993700001010438, 528847.868299997993745 ], [ 215550.94509999800357, 529036.779199998942204 ], [ 215249.215700000990182, 528819.599700000020675 ], [ 215039.311299997993046, 529180.9791 ], [ 215512.480000000010477, 530087.379099998972379 ], [ 215686.560199997999007, 530269.348099999013357 ], [ 215802.061500001989771, 530754.446099999942817 ], [ 215662.00820000100066, 531112.898400000995025 ], [ 216107.026900000986643, 531256.977699998999014 ], [ 215721.2650000010035, 531152.5 ], [ 215351.703000001987675, 530991.875 ], [ 214730.5, 532337.6875 ], [ 214550.5775000010035, 532512.259399999049492 ], [ 215093.911600001010811, 533171.340700000990182 ], [ 215219.999899997987086, 533065.125100002042018 ], [ 215311.567499998986023, 533159.2483000010252 ], [ 215317.040600001986604, 533333.103899999987334 ], [ 215378.4965, 533376.45499999797903 ], [ 215335.784200002002763, 533440.227899997960776 ], [ 215389.403299997997237, 533533.204900000011548 ], [ 215507.192899997986387, 533386.304800000041723 ], [ 215680.232000001007691, 533323.874400001019239 ], [ 215929.700300000986317, 533538.092700000968762 ], [ 215661.789099999004975, 533630.904800001997501 ], [ 215629.785399999003857, 533603.551300000050105 ], [ 215684.796899999986636, 533671.125100002042018 ], [ 215763.093699999008095, 533632.8125 ], [ 215920.703100000013364, 533810.875 ], [ 215977.957499999989523, 534071.974100001039915 ], [ 216086.5112, 533986.635699999053031 ], [ 216117.208600000012666, 533757.713799998047762 ], [ 216685.776900000986643, 533827.204900000011548 ], [ 216751.280999998998595, 533974.061999998986721 ], [ 216640.954, 534133.010000001988374 ], [ 216920.534000001993263, 534193.274999998975545 ], [ 217036.219999999011634, 534461.479999999981374 ], [ 217195.329999998008134, 534622.0 ], [ 217997.75, 534642.809999999008141 ], [ 218261.205600001005223, 534721.452900000032969 ], [ 217953.939300000987714, 534651.232599999988452 ], [ 217609.791200000996469, 534840.514600001042709 ], [ 218091.744600002013613, 535433.590100002009422 ], [ 218311.853500000986969, 535565.271100000012666 ], [ 218323.078899998014094, 535654.880199998966418 ], [ 218460.930500001006294, 535806.841800000984222 ], [ 218473.412799999001436, 535585.914600000018254 ], [ 218696.69619999799761, 535303.787900001043454 ], [ 218865.6400000010035, 534949.365100000053644 ], [ 218908.986099998990539, 534957.761399999028072 ] ] ], [ [ [ 229147.314800002000993, 520320.223200000997167 ], [ 229152.719799999002134, 520155.2698 ], [ 229264.986400001012953, 520146.6752 ], [ 229282.5856, 519992.930100000987295 ], [ 229514.366099998005666, 519917.861400000983849 ], [ 229563.440200001001358, 519854.922400001029018 ], [ 229834.970600002008723, 519800.212200000998564 ], [ 230028.537500000995351, 519502.313999999023508 ], [ 230030.65470000001369, 519279.602699998999014 ], [ 229799.28200000198558, 518881.28090000199154 ], [ 229678.418800000014016, 518791.318999997980427 ], [ 229963.659400000993628, 518545.965000000025611 ], [ 229339.8671, 518688.870099999010563 ], [ 229261.510100000014063, 519375.599399999016896 ], [ 229206.714799999987008, 519383.15659999800846 ], [ 229139.748399998992682, 519633.196500000020023 ], [ 228987.039500001992565, 519679.9254 ], [ 228913.747800000011921, 519795.267600000021048 ], [ 229012.704700000991579, 520033.125700001022778 ], [ 228937.88969999901019, 520163.945099997974467 ], [ 228866.9417, 520187.949399999983143 ], [ 228898.958999999013031, 520352.238499998988118 ], [ 228984.999899997987086, 520359.406399998988491 ], [ 229065.796799998992356, 520682.0 ], [ 229148.873399998992682, 520681.553800001973286 ], [ 229261.374699998996221, 520522.319100000022445 ], [ 229209.898600001004525, 520318.5515 ], [ 229147.314800002000993, 520320.223200000997167 ] ] ] ] } },
{ "type": "Feature", "properties": { "label": "KWD Kropswolde", "gid": "KWD Kropswolde" }, "geometry": { "type": "MultiPolygon", "coordinates": [ [ [ [ 247594.496800002001692, 571575.329700001049787 ], [ 247443.441100000985898, 571490.494600001955405 ], [ 247601.605900001013651, 571565.155099999043159 ], [ 247624.712900001992239, 571514.183100000023842 ], [ 247682.785300001996802, 571538.842599999043159 ], [ 247696.299899998994078, 571509.500100002042018 ], [ 247605.989500000985572, 571467.308100000023842 ], [ 247813.425000001006993, 571179.17509999894537 ], [ 247843.005600002012216, 570979.990299999946728 ], [ 247915.076900001993636, 570945.871100001037121 ], [ 247997.115899998985697, 570763.72010000096634 ], [ 247925.030999998998595, 570731.267200001049787 ], [ 247957.659899997990578, 570661.906100000953302 ], [ 248011.504900000989437, 570686.777100000996143 ], [ 248119.9199, 570481.570099998032674 ], [ 248345.7126, 569831.48360000201501 ], [ 248406.525899998989189, 569859.7071 ], [ 248613.85889999900246, 569452.327100001042709 ], [ 248492.535899999988033, 569396.56509999895934 ], [ 248525.313900000997819, 569329.215100002009422 ], [ 248599.999899997987086, 569364.232099998975173 ], [ 248654.951499999006046, 569247.970300000044517 ], [ 248689.359900000999914, 569262.752099997946061 ], [ 248815.510000001988374, 568949.46840000199154 ], [ 248777.739899999985937, 568862.617100000032224 ], [ 248845.275199997995514, 568894.12589999998454 ], [ 248975.547899998986395, 568618.92509999894537 ], [ 249036.835900000995025, 568648.152100000996143 ], [ 249068.572600000014063, 568579.794199998956174 ], [ 248952.005899998999666, 568525.774099997943267 ], [ 248984.2689, 568456.335099998977967 ], [ 249035.331500000989763, 568480.269299998995848 ], [ 249135.722899999003857, 568275.496100001037121 ], [ 249197.85289999798988, 568304.192099999985658 ], [ 249230.845899998996174, 568226.931100000045262 ], [ 249144.579900000011548, 568187.59510000096634 ], [ 249167.833900000987342, 568138.068100002012216 ], [ 249206.1919, 568155.829100001952611 ], [ 249243.340900000010151, 568086.813099998980761 ], [ 249289.502900001010858, 568109.359099998953752 ], [ 249323.547899998986395, 568037.324099999037571 ], [ 249189.590900000010151, 567971.945099998032674 ], [ 249223.309900001011556, 567898.890099999029189 ], [ 249306.894900001992937, 567923.959100001025945 ], [ 249385.1677, 567799.149799998966046 ], [ 248942.970199998002499, 567554.408300001057796 ], [ 248063.379000001004897, 568446.544 ], [ 247753.864, 568302.909000001964159 ], [ 246297.528499998006737, 567567.150800000992604 ], [ 246500.545699998998316, 567200.313900000997819 ], [ 247194.598700002010446, 566604.836499999975786 ], [ 247144.673300002003089, 566550.026299998047762 ], [ 246787.960900000995025, 566354.210000001010485 ], [ 246356.203000001987675, 566644.187600002042018 ], [ 246213.296899999986636, 566800.125100002042018 ], [ 246181.123, 566903.841999999945983 ], [ 245893.828000001987675, 566742.604999999981374 ], [ 245233.048999999009538, 566250.589999999967404 ], [ 244803.420000001991866, 565987.247000001021661 ], [ 244733.13100000101258, 566035.444999999948777 ], [ 244028.042500000010477, 565551.098999998997897 ], [ 244282.406199999008095, 564814.187600002042018 ], [ 244395.999899997987086, 564655.375100002042018 ], [ 244472.499899997987086, 564693.125100002042018 ], [ 244611.215100002009422, 564588.362399999052286 ], [ 244495.751899999013403, 564465.968800000962801 ], [ 244533.512600001005922, 564416.758499998948537 ], [ 244386.119199998996919, 564300.2918 ], [ 244388.291499998013023, 564247.989100001985207 ], [ 244289.81850000101258, 564239.4998 ], [ 244144.975299999001436, 564450.927200000965968 ], [ 244041.146200001006946, 564405.874299998977222 ], [ 243945.2434, 564435.563099998980761 ], [ 243899.247000000992557, 564598.216699998942204 ], [ 243952.288299999985611, 564646.887299999943934 ], [ 244024.759199999010889, 564541.670899998047389 ], [ 244071.772300001000986, 564594.177700001979247 ], [ 244013.9069, 564664.840700000990182 ], [ 243957.863000001991168, 564652.258999999961816 ], [ 243972.552099999011261, 564690.6239 ], [ 243723.802499998011626, 564526.88879999902565 ], [ 243813.511999998008832, 564380.550999999046326 ], [ 243787.611000000993954, 564358.105700001004152 ], [ 243673.0623, 564531.967300001997501 ], [ 243633.307999998010928, 564690.323199999053031 ], [ 242927.671799998992356, 564536.812600002042018 ], [ 242766.0075, 564576.603200000012293 ], [ 241313.177299998991657, 563263.368400000035763 ], [ 240436.308200002007652, 563591.211199998972006 ], [ 240492.758400001010159, 563674.714099999982864 ], [ 240434.5473, 563689.061299997963943 ], [ 240478.9067, 564011.811099999002181 ], [ 240633.458000001002802, 564168.47100000095088 ], [ 240746.682, 564166.605999998981133 ], [ 240795.144999999989523, 564249.409000001964159 ], [ 240685.096999998990213, 564317.502999998978339 ], [ 240607.559199999988778, 564445.512699999031611 ], [ 240515.469999999011634, 564470.357900000992231 ], [ 239973.579100002010819, 565057.712699998053722 ], [ 239876.017299998988165, 565026.599399999016896 ], [ 239829.257699999987381, 565059.881700002006255 ], [ 239678.499899997987086, 565443.187600002042018 ], [ 239734.796899999986636, 565455.812600002042018 ], [ 239698.124600000999635, 565584.326000001048669 ], [ 239775.7322, 565653.568199999979697 ], [ 239853.192499998986023, 565582.948399998014793 ], [ 240162.699499998008832, 565586.684099997975864 ], [ 240217.193, 565498.672999999951571 ], [ 240276.1631, 565586.700900000054389 ], [ 240426.1899, 565631.224500000011176 ], [ 240488.344700001005549, 565509.015700001036748 ], [ 240572.597100001003128, 565504.972700000042096 ], [ 240602.093800000991905, 565456.911800001049414 ], [ 240732.401999999012332, 565784.530999999027699 ], [ 240526.987, 565706.068999998038635 ], [ 240385.144000000989763, 565892.684999999008141 ], [ 240442.0, 566110.848999998997897 ], [ 240371.8900000010035, 566032.465999998035841 ], [ 240301.945999999006744, 566035.680000000051223 ], [ 240256.412000000011176, 566121.022 ], [ 240273.802999998995801, 566255.061000001034699 ], [ 240137.061999998986721, 566259.908000000054017 ], [ 239991.427000000985572, 566436.828000001958571 ], [ 239979.203000001987675, 566308.008000000962056 ], [ 239922.800999998988118, 566304.86199999996461 ], [ 239879.754999998986023, 566392.51300000003539 ], [ 239941.429000000993256, 566444.806000001961365 ], [ 239885.541999998997198, 566663.537000000011176 ], [ 239702.044, 566654.903000000980683 ], [ 239595.443999998009531, 566600.719999999040738 ], [ 239471.500100002012914, 567065.125 ], [ 239529.406199999008095, 567298.875100002042018 ], [ 239468.999899997987086, 567434.000100002042018 ], [ 239403.0, 567410.375 ], [ 239428.785300001996802, 567312.851599999004975 ], [ 239299.9285, 567486.578200001036748 ], [ 239351.203000001987675, 567592.875100002042018 ], [ 239208.0559, 567663.136300000944175 ], [ 239240.315299998997943, 567731.381799999973737 ], [ 239099.999899997987086, 567804.687600002042018 ], [ 239010.906300000991905, 567727.375 ], [ 238952.09, 567784.11199999996461 ], [ 239063.0, 567872.125 ], [ 238923.0, 567953.125100002042018 ], [ 238903.714200001006247, 568105.117300000041723 ], [ 239111.796899999986636, 568362.875100002042018 ], [ 239069.999899997987086, 568399.125100002042018 ], [ 239009.7568, 568348.3143999989843 ], [ 239041.999899997987086, 568416.375 ], [ 238968.593699999008095, 568482.375 ], [ 239080.406300000991905, 568546.812600002042018 ], [ 239016.296899999986636, 568630.5 ], [ 239146.203100000013364, 568796.6875 ], [ 239058.9461, 568880.174800000968389 ], [ 239074.203000001987675, 568967.5 ], [ 239004.499899997987086, 568990.125100002042018 ], [ 238826.093800000991905, 568903.312600002042018 ], [ 238823.108399997989181, 569139.235599998035468 ], [ 238693.893599998002173, 569178.3101 ], [ 238759.499000001989771, 569292.411600001039915 ], [ 238761.796799998992356, 569424.125100002042018 ], [ 238645.906199999008095, 569414.375100002042018 ], [ 238540.311900000990136, 569487.60729999805335 ], [ 238699.030999998998595, 569820.96799999801442 ], [ 238601.408, 570347.71799999801442 ], [ 238471.344999999011634, 570435.273999999975786 ], [ 238200.487, 570484.048999998951331 ], [ 238080.203000001987675, 570614.574000000953674 ], [ 238068.998, 570759.581999999005347 ], [ 238241.364999998011626, 571008.118000000948086 ], [ 238412.359000000986271, 571127.666999998968095 ], [ 238539.57, 571543.397999997949228 ], [ 238702.703000001987675, 571471.399999998975545 ], [ 238971.712999999988824, 571807.604999999981374 ], [ 239196.785999998013722, 571932.773999999975786 ], [ 239299.664999998989515, 572075.015000000945292 ], [ 239504.789999998989515, 572155.640000000945292 ], [ 239617.915100001002429, 572053.773699998972006 ], [ 239462.6624, 571895.104699998977594 ], [ 239690.282499999011634, 571674.512299999943934 ], [ 239767.720199998002499, 571533.658599999034777 ], [ 239978.317099999985658, 571682.225000001024455 ], [ 240086.2535, 571687.8748 ], [ 240335.4263, 571370.15960000094492 ], [ 240113.318599999009166, 571266.399199999985285 ], [ 240151.673500000993954, 571183.261599999037571 ], [ 239981.9014, 571112.492600001045503 ], [ 240020.734000000986271, 571019.334800001000986 ], [ 240299.145500001002802, 571129.704799999017268 ], [ 240339.837999999988824, 571043.49720000103116 ], [ 240397.608199998998316, 571069.492400001967326 ], [ 240571.0768, 570705.203100000042468 ], [ 240814.928300000989111, 570797.130199998966418 ], [ 240927.363099999987753, 570714.882899999967776 ], [ 241214.087000000989065, 570853.225000001024455 ], [ 242575.079999998008134, 571284.160000000032596 ], [ 242142.68, 573739.640000000945292 ], [ 241912.940000000991859, 574241.006000000983477 ], [ 241958.317000001989072, 574366.245999998995103 ], [ 242171.456999999005347, 574529.030000000959262 ], [ 242168.068999998009531, 574638.666000001016073 ], [ 242062.548999999009538, 574996.561999998986721 ], [ 241856.74399999898742, 575309.48600000096485 ], [ 241770.00800000099116, 575550.726000000024214 ], [ 241463.21799999801442, 575836.966999999945983 ], [ 241347.99199999900884, 576099.747000001021661 ], [ 240943.920000001991866, 576318.504000001004897 ], [ 240754.984000000986271, 576568.0 ], [ 240447.061999998986721, 576636.100000001024455 ], [ 240264.952, 576821.655000000959262 ], [ 240116.329, 577411.885000001988374 ], [ 239881.210499998007435, 577911.616999999037944 ], [ 238707.855000000010477, 578428.879000001004897 ], [ 239007.6151, 578588.261300000944175 ], [ 238823.045499998988817, 578700.0429 ], [ 238867.27369999900111, 578826.278700002003461 ], [ 238517.854200002009748, 579049.943100002012216 ], [ 238267.296, 579290.81160000001546 ], [ 238163.089699998003198, 579313.932999997981824 ], [ 238016.26590000098804, 579188.65590000199154 ], [ 237877.0, 579273.0 ], [ 236644.699299998988863, 580281.581999999005347 ], [ 236746.381400000012945, 580338.609700002009049 ], [ 236811.892000001011183, 580495.853 ], [ 236873.4296, 580424.806800000020303 ], [ 236962.217099998000776, 580490.420899998047389 ], [ 237004.92159999901196, 580400.186099999002181 ], [ 237358.13969999901019, 580526.379900000989437 ], [ 237682.276999999012332, 580548.054400000954047 ], [ 237757.776299997989554, 580395.340999998035841 ], [ 237789.548999999009538, 580138.366099998005666 ], [ 237884.613000001991168, 580241.680000000051223 ], [ 237926.810899998992682, 580118.104800001019612 ], [ 238132.904399997991277, 580245.88820000004489 ], [ 238160.05539999899338, 580342.383799999952316 ], [ 237912.9879, 580390.532099999021739 ], [ 237752.598000000987668, 580549.122000001021661 ], [ 238069.709800001000986, 580613.142000001040287 ], [ 238180.662500000995351, 580524.719900000956841 ], [ 238216.031500001001405, 580674.444400000968017 ], [ 238288.934999999008141, 580391.505499999970198 ], [ 238621.867699999012984, 580169.305399999022484 ], [ 238953.7566, 580500.150099999969825 ], [ 239007.89869999900111, 580697.953699999023229 ], [ 239179.1318, 580761.971500001964159 ], [ 239158.526900000986643, 580919.595899999025278 ], [ 239199.900600001012208, 580932.824499998008832 ], [ 239246.975799999985611, 580836.655200000968762 ], [ 239276.027100000996143, 580868.117600001045503 ], [ 239390.660300001996802, 580763.871700000017881 ], [ 240094.526500001986278, 580653.762800000957213 ], [ 240214.144499999005347, 580573.983100001001731 ], [ 239265.210000001010485, 581928.57999999797903 ], [ 238941.642999998992309, 582844.429000001051463 ], [ 239278.302999998995801, 581928.170999999972992 ], [ 239612.14079999900423, 581469.056200001039542 ], [ 239854.066, 581367.618999999016523 ], [ 240262.958600000012666, 582536.531199999037199 ], [ 240462.670000001991866, 582480.25 ], [ 240505.960000001010485, 582669.348000001045875 ], [ 240437.292300000990508, 582691.365699999034405 ], [ 240449.920000001991866, 582757.960000001010485 ], [ 240504.007699999987381, 582744.912200000020675 ], [ 240471.824000001011882, 583472.55009999894537 ], [ 240554.4364, 583474.886900000041351 ], [ 240585.575599998002872, 583544.507699999958277 ], [ 240770.873799997993046, 583554.084399997955188 ], [ 240762.3596, 583603.655200000968762 ], [ 240530.2064, 583588.085900000995025 ], [ 240517.034899997990578, 583545.954599999007769 ], [ 240386.7051, 583779.394499999005347 ], [ 240096.453499999013729, 583731.313000001013279 ], [ 240100.267700002004858, 583960.450599998002872 ], [ 244991.785899999988033, 584044.363899998017587 ], [ 245342.16, 583976.245000001043081 ], [ 245206.482900000992231, 584311.6261 ], [ 245272.695900001010159, 584298.731099999975413 ], [ 245333.767900000995724, 584407.309099997975864 ], [ 245409.369899999001063, 584416.558100000023842 ], [ 245435.02290000001085, 584493.077100001042709 ], [ 245665.484900000999914, 584639.651099998969585 ], [ 245685.269900001992937, 584677.502099997946061 ], [ 245559.047899998986395, 584819.263099998002872 ], [ 245823.282900001999224, 585081.589099999982864 ], [ 245913.584899998997571, 584997.007100000977516 ], [ 245794.880899998999666, 584905.46909999800846 ], [ 246226.807900000014342, 584591.741099998005666 ], [ 246391.730900001013651, 584869.539099999004975 ], [ 246323.432900000014342, 584919.518100001034327 ], [ 246355.91290000101435, 584976.888099998002872 ], [ 246192.9399, 585072.953100000042468 ], [ 246343.8959, 585546.59409999800846 ], [ 245900.597899999003857, 585954.261100001982413 ], [ 246108.070999999006744, 586193.298999998951331 ], [ 246152.493500001990469, 586169.957199997967109 ], [ 246256.410599999013357, 586218.203800000017509 ], [ 246663.7645, 586457.628899998962879 ], [ 246869.574499998008832, 587152.4144 ], [ 247115.3517, 587183.760000001988374 ], [ 247396.424199998000404, 586865.243000000948086 ], [ 247623.157900001999224, 586899.550200000056066 ], [ 247742.138500000990462, 586790.150699998950586 ], [ 247808.91, 586827.320999998948537 ], [ 247934.316599999001483, 586674.846600000048056 ], [ 247838.90590000199154, 586529.495099999010563 ], [ 247756.5955, 586504.3785 ], [ 247883.792100001010112, 586203.903299998026341 ], [ 247773.348299998993753, 585643.187800001003779 ], [ 247862.5079, 585237.982399999978952 ], [ 249457.1109, 583854.967799999052659 ], [ 249382.754900000989437, 583911.186099999002181 ], [ 249314.830899999011308, 583832.679099999018945 ], [ 249504.741, 583666.340999998035841 ], [ 249222.78990000099293, 583287.371100001037121 ], [ 249087.263900001009461, 583382.361099999048747 ], [ 248931.868099999002879, 583158.596200000029057 ], [ 249197.6679, 582978.167599997948855 ], [ 249655.8268, 583427.669199998956174 ], [ 249957.8596, 583609.903200000990182 ], [ 250006.982099999004276, 583497.242500000051223 ], [ 249963.728100001986604, 583402.198300000047311 ], [ 249779.5504, 583318.867800001055002 ], [ 249701.23409999901196, 583171.625300001003779 ], [ 249578.4606, 583219.344399999943562 ], [ 249501.972600001987303, 583109.522 ], [ 249373.384199999010889, 583119.199000000953674 ], [ 249377.857900000992231, 582985.156100000953302 ], [ 249607.091899997991277, 582824.427099999040365 ], [ 249566.993000001006294, 582752.765999999013729 ], [ 249435.447700001008343, 582735.069200002006255 ], [ 249447.729200002009748, 582618.776900000986643 ], [ 249338.1193, 582668.528099998948164 ], [ 249315.453000001987675, 582525.671999998041429 ], [ 249550.3862, 582496.649599998956546 ], [ 249610.488099999987753, 582450.400800000992604 ], [ 249572.21099999899161, 582356.962000000989065 ], [ 249836.013, 582186.374000002047978 ], [ 249750.057599999010563, 582098.76579999900423 ], [ 249685.289500001992565, 582114.430300001055002 ], [ 249633.584199998993427, 582062.942000002018176 ], [ 249357.633299998997245, 581628.715500000980683 ], [ 249240.918800000014016, 581840.413500000024214 ], [ 248987.902399998012697, 581734.908399999025278 ], [ 249297.545899997989181, 581535.544100000988692 ], [ 249158.844000001001405, 581338.684 ], [ 249224.47540000101435, 581283.225299999001436 ], [ 249223.348700002010446, 581218.097199999028817 ], [ 249402.499699998996221, 581446.762800000957213 ], [ 249434.61740000199643, 581424.775600000983104 ], [ 249407.146000001986977, 581385.366000000038184 ], [ 249654.256299998989562, 581225.100200001033954 ], [ 250224.1459, 582001.007100000977516 ], [ 250262.052900000999216, 582225.790100001031533 ], [ 250326.3125, 582315.08109999797307 ], [ 250593.958900000987342, 582128.329100001952611 ], [ 250562.389800000994001, 582071.001400000997819 ], [ 251025.926899999001762, 581768.936099999002181 ], [ 251145.942899997986387, 581979.225099998991936 ], [ 252136.4089, 581194.944099999964237 ], [ 252576.526999999012332, 581299.089099999982864 ], [ 252555.467399999004556, 581452.434300001943484 ], [ 252663.734399999986636, 580900.694299999973737 ], [ 252725.69619999799761, 580827.3345 ], [ 253922.643300000985619, 581077.346200000029057 ], [ 253732.482900000992231, 581026.587099998956546 ], [ 253902.059900001011556, 580145.460099998977967 ], [ 253570.453899998014094, 580014.391100001055747 ], [ 253280.0902, 579679.363400000962429 ], [ 253424.787500000995351, 579540.078400001046248 ], [ 253482.356899998994777, 579580.277600002009422 ], [ 253815.141299999988405, 579585.223000001045875 ], [ 253869.959899998997571, 579519.802700001979247 ], [ 253862.003400001995033, 579414.044300000998192 ], [ 254007.719900000985945, 579411.980099997948855 ], [ 254299.059900001011556, 578947.570099998032674 ], [ 254297.968499998998595, 578618.951099999016151 ], [ 253602.166399999987334, 578617.7465 ], [ 252847.3057, 578080.181000001961365 ], [ 252820.010000001988374, 577570.422999999951571 ], [ 251739.8574, 577523.534100000048056 ], [ 251613.367699999012984, 577179.55009999894537 ], [ 251908.67170000099577, 577064.891700000036508 ], [ 252030.443599999009166, 576870.324200000963174 ], [ 252239.460200000990881, 576840.443799998960458 ], [ 252382.227600001002429, 576715.46950000198558 ], [ 253154.691399998991983, 576795.554000001051463 ], [ 253217.53990000099293, 576301.250100002042018 ], [ 252832.559900001011556, 576248.380100000998937 ], [ 252858.959899998997571, 575952.11010000098031 ], [ 252535.269900001992937, 575966.870099999010563 ], [ 252196.02210000201012, 576071.463799998047762 ], [ 251533.938499998010229, 575523.228399998974055 ], [ 250570.786200002010446, 575559.278499998035841 ], [ 251965.9509, 575498.951099999016151 ], [ 252041.9509, 575071.951099999016151 ], [ 252248.9509, 575074.951099999016151 ], [ 252284.9509, 574916.951099999016151 ], [ 251758.9509, 574816.951099999016151 ], [ 251965.9509, 574136.951099999016151 ], [ 251874.9509, 574134.951099999016151 ], [ 251753.9509, 573362.951099999016151 ], [ 252530.9509, 573257.951099999016151 ], [ 252533.547899998986395, 572927.965999998035841 ], [ 252627.9509, 572915.951099999016151 ], [ 252603.9509, 572488.951099999016151 ], [ 253027.9509, 572458.951099999016151 ], [ 252978.091499998990912, 571529.276399999973364 ], [ 252538.593699999008095, 571550.625 ], [ 252483.499899997987086, 570317.125100002042018 ], [ 252247.203000001987675, 570318.812600002042018 ], [ 252140.703000001987675, 570261.125100002042018 ], [ 252064.296799998992356, 570133.0 ], [ 252077.82840000098804, 570011.322700000950135 ], [ 251663.6065, 570034.569800000987016 ], [ 251424.656100001011509, 570519.895000000018626 ], [ 251318.49179999899934, 570525.488999999943189 ], [ 251128.6428, 570419.072500001988374 ], [ 250386.931699998996919, 572022.610199998947792 ], [ 249789.635000001988374, 571744.851000000024214 ], [ 249981.853, 571329.673999998951331 ], [ 249695.585000001010485, 571195.559999999008141 ], [ 249884.851399998995475, 570101.272300001000986 ], [ 249605.671200000011595, 569969.916999998968095 ], [ 249151.627900001010858, 570476.476599999004975 ], [ 249030.153700002003461, 570497.13820000004489 ], [ 249001.2005, 571249.3552 ], [ 248502.443399998999666, 571526.245200001052581 ], [ 248447.419199999014381, 571488.327599999029189 ], [ 248257.675000001006993, 571900.797999999951571 ], [ 248208.898800001014024, 571883.096400000038557 ], [ 248196.111499999009538, 571977.92429999995511 ], [ 247356.223999998997897, 573782.453000001958571 ], [ 247800.447099999000784, 572816.420099999988452 ], [ 247313.950800001999596, 572588.260800000047311 ], [ 247379.027899998996872, 572449.265099999029189 ], [ 247312.894900001992937, 572418.984099998953752 ], [ 247587.073299999989104, 571832.704799999017268 ], [ 247682.0869, 571876.403099998948164 ], [ 247723.288600000989391, 571788.291499997954816 ], [ 247709.3277, 571645.653900000965223 ], [ 247666.283, 571625.537099997978657 ], [ 248185.844999999011634, 570513.710000001010485 ], [ 247650.375, 571616.526000001002103 ], [ 247594.496800002001692, 571575.329700001049787 ] ] ], [ [ [ 232214.814300000987714, 581553.990600000950508 ], [ 232226.223299998993753, 581529.385299999034032 ], [ 232198.910799998993753, 581516.936999998986721 ], [ 232177.3561, 581560.410100001958199 ], [ 232214.814300000987714, 581553.990600000950508 ] ] ], [ [ [ 252535.504900000989437, 577302.480700001004152 ], [ 252547.9888, 577267.055199999012984 ], [ 252832.700699999986682, 577267.618500001961365 ], [ 252837.222800001996802, 577134.837200000998564 ], [ 251990.581900001008762, 577134.746700000017881 ], [ 252007.0682, 577259.663300000014715 ], [ 252165.989599999011261, 577269.792199998977594 ], [ 252172.722600001987303, 577413.050000000977889 ], [ 252527.517999998992309, 577416.521699998993427 ], [ 252535.504900000989437, 577302.480700001004152 ] ] ], [ [ [ 249480.4976, 582593.160999997984618 ], [ 249481.105999999010237, 582623.353 ], [ 249517.247299998998642, 582598.813099998980761 ], [ 249499.044399998994777, 582583.552799999946728 ], [ 249480.4976, 582593.160999997984618 ] ] ], [ [ [ 249700.304099998989841, 582677.723900001030415 ], [ 249741.2599, 582670.5011 ], [ 249718.0638, 582633.961599997943267 ], [ 249685.7531, 582655.995000001043081 ], [ 249700.304099998989841, 582677.723900001030415 ] ] ], [ [ [ 249628.258900001994334, 582673.574700001976453 ], [ 249543.504099999001483, 582713.897700001019984 ], [ 249560.322000001004199, 582742.351000000024214 ], [ 249612.973999998997897, 582759.353899999987334 ], [ 249689.9989, 582706.043000000994653 ], [ 249628.258900001994334, 582673.574700001976453 ] ] ], [ [ [ 250189.160999998013722, 583664.800799999036826 ], [ 250092.487500001006993, 583664.897599998977967 ], [ 250004.966400000994327, 583591.02899999904912 ], [ 249974.094000001001405, 583622.585000001010485 ], [ 250113.596000001009088, 583722.120299999020062 ], [ 250189.994399997987784, 583712.575300000957213 ], [ 250189.160999998013722, 583664.800799999036826 ] ] ], [ [ [ 250231.910300001996802, 583816.054299999028444 ], [ 250250.29639999900246, 583842.569999999948777 ], [ 250265.144999999989523, 583825.2929 ], [ 250240.831799998995848, 583812.031899999943562 ], [ 250231.910300001996802, 583816.054299999028444 ] ] ], [ [ [ 250318.441399998991983, 583869.350800000014715 ], [ 250293.659600001003128, 583873.467199999955483 ], [ 250352.990200002008351, 583891.559099997975864 ], [ 250348.0231, 583870.291000001016073 ], [ 250318.441399998991983, 583869.350800000014715 ] ] ], [ [ [ 248466.308600001008017, 587099.502999998978339 ], [ 248778.890600000013364, 587142.125500001013279 ], [ 248895.2128, 587082.617300000041723 ], [ 248790.879900000989437, 586859.205100000021048 ], [ 248620.49289999899338, 586751.787099997978657 ], [ 248401.5079, 586826.429099999018945 ], [ 248215.473900001001311, 586721.885099999955855 ], [ 247986.950300000986317, 586689.424800000968389 ], [ 247998.947500001988374, 586856.7095 ], [ 247842.78049999801442, 586856.457800001022406 ], [ 248186.620099999010563, 587210.546300000976771 ], [ 248305.499299999006325, 587027.531899999943562 ], [ 248466.308600001008017, 587099.502999998978339 ] ] ] ] } },
{ "type": "Feature", "properties": { "label": "MEE Meeden", "gid": "MEE Meeden" }, "geometry": { "type": "MultiPolygon", "coordinates": [ [ [ [ 256807.159699998999713, 560093.770500001031905 ], [ 256836.365200002008351, 560158.373599999002181 ], [ 256791.614399999001762, 560178.706300002057105 ], [ 256767.85150000100839, 560290.978 ], [ 256872.780000000988366, 560223.158300001057796 ], [ 256874.596799999009818, 560159.410799999022856 ], [ 256807.159699998999713, 560093.770500001031905 ] ] ], [ [ [ 277843.6099999989965, 559346.140000000945292 ], [ 277756.649999998975545, 559219.789999998989515 ], [ 277783.260000001988374, 559190.17000000202097 ], [ 277332.949999999022111, 558606.180000000051223 ], [ 275662.476000000024214, 552191.247499999008141 ], [ 274406.022599998977967, 552288.721799999009818 ], [ 274612.093800001021009, 554667.375 ], [ 274457.041900001000613, 555697.839699998032302 ], [ 274084.754000001004897, 555789.916499997954816 ], [ 274029.155099998984952, 556286.035900000017136 ], [ 273822.187100001028739, 556323.989900000044145 ], [ 273621.18760000198381, 555983.312600002042018 ], [ 273499.879000001004897, 555888.121700000017881 ], [ 273702.964600000996143, 556345.931200001039542 ], [ 273492.923999999009538, 556386.0244 ], [ 273407.302700001979247, 556691.678399999043904 ], [ 273349.593800001021009, 556501.6875 ], [ 273205.097100001003128, 556502.230099997948855 ], [ 273220.229999999981374, 556572.059999999008141 ], [ 273185.493500002019573, 556574.836800002027303 ], [ 272754.3125, 556450.312600002042018 ], [ 272507.185300000011921, 556863.3752 ], [ 271687.989500001014676, 556819.9983000010252 ], [ 270288.454100002010819, 555897.2698 ], [ 268083.676199998997618, 554627.651999998954125 ], [ 268085.816, 556442.81509999895934 ], [ 267469.78049999801442, 556446.481600000988692 ], [ 267458.602000001992565, 556619.835700002033263 ], [ 267046.45389999798499, 556686.704100001952611 ], [ 267259.255300000018906, 556315.426699999952689 ], [ 266813.321699998981785, 556222.624000002047978 ], [ 266844.829399998998269, 555425.858899998944253 ], [ 266984.398999999975786, 555351.072099998942576 ], [ 266962.706599998986349, 555216.123599999002181 ], [ 266537.992400002025533, 555224.397599998977967 ], [ 266576.069699999003205, 555488.313499997952022 ], [ 266357.9289, 555480.724399999016896 ], [ 266415.775400002021343, 555817.956799998995848 ], [ 266360.8143999989843, 555832.524199999985285 ], [ 266324.940299999027047, 555739.597600001958199 ], [ 266195.437199998996221, 555722.270199998980388 ], [ 266150.561799998977222, 555771.566300000995398 ], [ 266471.43949999997858, 556735.214999999967404 ], [ 265632.348200000997167, 556118.973200001055375 ], [ 264744.456999999005347, 557387.151999998954125 ], [ 264010.931999999971595, 556844.412500001024455 ], [ 263898.490600001008715, 556988.78180000197608 ], [ 263834.430899999977555, 558215.976100001018494 ], [ 264752.89090000098804, 558789.429099999018945 ], [ 264538.383699998026714, 558914.817299998947419 ], [ 264201.306200000981335, 558938.994700000039302 ], [ 264136.410100002016407, 558988.746900000027381 ], [ 264056.967399998975452, 558976.614100001985207 ], [ 263981.957699998980388, 558890.841800000984222 ], [ 263850.2095, 558869.353 ], [ 263874.382199999003205, 559267.238200000952929 ], [ 264223.401200000022072, 559496.749899997957982 ], [ 264350.524599999014754, 559426.4619 ], [ 264750.335099998977967, 559607.339200000977144 ], [ 264779.520500000973698, 559675.748599999002181 ], [ 264783.737399998994078, 560436.016700000036508 ], [ 264610.096000001009088, 560763.390099999029189 ], [ 264568.981299999984913, 560991.767000001040287 ], [ 264207.597800002025906, 561387.598400000017136 ], [ 263977.93550000002142, 561369.105900001013651 ], [ 264237.066199999011587, 561645.230799998971634 ], [ 264704.240200001979247, 561856.522599998977967 ], [ 264669.981699999014381, 561984.296599998953752 ], [ 264569.871599997975864, 562062.475400001043454 ], [ 264164.864500001014676, 562095.45609999797307 ], [ 264157.319899999012705, 562342.166900001000613 ], [ 263620.882700000016484, 561947.319200002006255 ], [ 263338.708099998999387, 561645.616900000954047 ], [ 263616.7881, 561961.019699997967109 ], [ 263395.576699997996911, 562125.773899998981506 ], [ 263199.489300001005176, 562389.43670000100974 ], [ 263244.845699999015778, 562451.263900000951253 ], [ 263074.370900001027621, 562587.578699999023229 ], [ 263015.890500002016779, 562696.051300000050105 ], [ 262679.739100001985207, 562754.101500001037493 ], [ 262385.541900001000613, 562448.203499999013729 ], [ 261851.271000001986977, 562737.223000001045875 ], [ 260545.89710000201012, 560225.817499998956919 ], [ 260510.546999998012325, 560049.661600001039915 ], [ 260448.34529999998631, 560038.494700000039302 ], [ 260267.199000001011882, 559691.555000000051223 ], [ 259310.699999998993007, 560066.975000001024455 ], [ 258934.241, 560288.228 ], [ 257458.233399997989181, 561757.758900001994334 ], [ 257734.002999999007443, 561971.226500001037493 ], [ 257928.174400001997128, 562223.363699999055825 ], [ 257922.279599998000776, 562622.116799999028444 ], [ 258004.957899998989888, 562758.045899998047389 ], [ 257721.273800001014024, 563079.369700000039302 ], [ 257577.151099998998689, 563086.51289999904111 ], [ 257843.311999998986721, 563137.061999998986721 ], [ 257775.374000001989771, 563584.311999998986721 ], [ 258675.686999998986721, 563637.0 ], [ 258644.639199997996911, 564078.818799998960458 ], [ 258710.724199999007396, 564255.177700001979247 ], [ 258093.331900001008762, 564713.798199999961071 ], [ 258366.2958, 566267.990200001979247 ], [ 257912.808899999014102, 566726.837699998053722 ], [ 258311.9989, 566996.755699999979697 ], [ 258183.963799997989554, 567195.506099998950958 ], [ 258280.8763, 567436.381999999051914 ], [ 257739.731600000988692, 567758.403399999951944 ], [ 257522.673500000993954, 567961.410700001055375 ], [ 257567.559700001002057, 568042.443300000973977 ], [ 257316.593800000991905, 568156.812600002042018 ], [ 257298.33509999900707, 568230.206400000024587 ], [ 257358.329799998988165, 568334.777399998041801 ], [ 257330.055, 568394.238499999046326 ], [ 257254.519099998986349, 568406.332199997967109 ], [ 257256.0, 568490.6875 ], [ 257054.855599998991238, 568547.089499998954125 ], [ 257114.9692, 568638.7518999989843 ], [ 257213.59409999800846, 568615.759799998020753 ], [ 257240.636, 568721.418000000994653 ], [ 256689.877199999988079, 568687.812399997957982 ], [ 256880.093699999008095, 568853.312600002042018 ], [ 257384.796799998992356, 568991.812600002042018 ], [ 257956.906199999008095, 569110.875100002042018 ], [ 258531.7042, 569144.7511 ], [ 258523.026000001002103, 570021.442000002018176 ], [ 257823.18, 570057.4356000010157 ], [ 257563.288400001998525, 570275.558699999004602 ], [ 257307.591699999000411, 570633.490600000950508 ], [ 257093.803399998985697, 571441.100900002056733 ], [ 257177.0176, 571726.122499999008141 ], [ 257846.856800000998192, 571823.31509999895934 ], [ 257849.061099999002181, 572049.310899998992682 ], [ 258468.5973, 571958.084600002039224 ], [ 258203.5902, 572127.566899999976158 ], [ 258047.978599999012658, 572189.348000001045875 ], [ 257892.247900001995731, 572188.209299999987707 ], [ 257901.866700001002755, 572326.848600000026636 ], [ 257825.338300000992604, 572461.559599998989142 ], [ 257599.081, 572458.665899998974055 ], [ 257534.942499998986023, 572390.4976 ], [ 257126.743700001010438, 572333.287500001024455 ], [ 256931.319200002006255, 572348.846200000029057 ], [ 256900.735100001009414, 572661.120800000033341 ], [ 256705.252999999007443, 572484.256299998960458 ], [ 256433.955499998992309, 572436.774799998966046 ], [ 256501.002500000991859, 572266.098700001952238 ], [ 256054.388999999006046, 572363.701000001048669 ], [ 256063.903000001009787, 572260.545999999972992 ], [ 255880.953499999013729, 572291.729899998987094 ], [ 255831.464000001986278, 571601.886999998008832 ], [ 255758.850000000995351, 571595.953000001958571 ], [ 255588.309, 571638.649999998975545 ], [ 255608.4639, 572336.209199998993427 ], [ 255335.627999999007443, 572359.041999998968095 ], [ 255209.688999998994404, 572024.348000001045875 ], [ 255126.109000000986271, 572044.973999998997897 ], [ 255113.3599999989965, 571975.489999998011626 ], [ 254925.067000001989072, 572021.921999998041429 ], [ 255027.175900000991533, 572501.834100001025945 ], [ 255027.004500001989072, 572767.469599999021739 ], [ 254842.517099999007769, 572831.582600001012906 ], [ 254811.894099998986349, 572760.756099998950958 ], [ 254883.6459, 572744.579100001952611 ], [ 254888.032499999011634, 572590.869800001033582 ], [ 254730.8752, 572473.93380000104662 ], [ 254676.549400001997128, 572460.947299998020753 ], [ 254545.469900000985945, 572565.97040000197012 ], [ 254198.386900000012247, 572548.720899999025278 ], [ 254220.658599999005673, 572417.956999999005347 ], [ 254047.78049999801442, 572460.150600000983104 ], [ 254000.839400000986643, 572168.478700001025572 ], [ 254498.016399998014094, 572126.737199999042787 ], [ 254355.887800000986317, 571978.430399999022484 ], [ 254161.088399998989189, 571878.008400000981055 ], [ 254120.820799998997245, 571803.659899997990578 ], [ 253987.989999998011626, 571811.190000000991859 ], [ 253984.995000001013977, 571862.243999999016523 ], [ 253012.9509, 571913.951099999016151 ], [ 253027.9509, 572458.951099999016151 ], [ 252603.9509, 572488.951099999016151 ], [ 252627.9509, 572915.951099999016151 ], [ 252533.547899998986395, 572927.965999998035841 ], [ 252530.9509, 573257.951099999016151 ], [ 251753.9509, 573362.951099999016151 ], [ 251874.9509, 574134.951099999016151 ], [ 251965.9509, 574136.951099999016151 ], [ 251758.9509, 574816.951099999016151 ], [ 252284.9509, 574916.951099999016151 ], [ 252239.9509, 575092.951099999016151 ], [ 252041.9509, 575071.951099999016151 ], [ 251965.9509, 575498.951099999016151 ], [ 250571.67949999900884, 575545.2731 ], [ 251533.938499998010229, 575523.228399998974055 ], [ 252196.02210000201012, 576071.463799998047762 ], [ 252535.269900001992937, 575966.870099999010563 ], [ 252858.959899998997571, 575952.11010000098031 ], [ 252832.559900001011556, 576248.380100000998937 ], [ 253217.53990000099293, 576301.250100002042018 ], [ 253154.691399998991983, 576795.554000001051463 ], [ 252381.305, 576715.6019 ], [ 252239.460200000990881, 576840.443799998960458 ], [ 252029.651099998998689, 576870.759799998020753 ], [ 251907.033300000999589, 577065.955699999001808 ], [ 251613.367699999012984, 577179.55009999894537 ], [ 251741.394299998995848, 577524.763400000054389 ], [ 252820.010000001988374, 577570.422999999951571 ], [ 252846.094000001001405, 578078.864399999030866 ], [ 253498.725799999985611, 578566.7894 ], [ 253602.166399999987334, 578617.7465 ], [ 254297.968499998998595, 578618.951099999016151 ], [ 254299.059900001011556, 578947.570099998032674 ], [ 254007.719900000985945, 579411.980099997948855 ], [ 253862.003400001995033, 579414.044300000998192 ], [ 253869.959899998997571, 579519.802700001979247 ], [ 253815.141299999988405, 579585.223000001045875 ], [ 253482.356899998994777, 579580.277600002009422 ], [ 253424.0196, 579540.365899999043904 ], [ 253292.171899999986636, 579698.692099999985658 ], [ 253475.098999998997897, 579906.215100002009422 ], [ 253568.25, 579806.583999998983927 ], [ 253749.565900001995033, 579802.489599999040365 ], [ 253828.5594, 579904.377700001001358 ], [ 253944.382699999987381, 579904.552099999040365 ], [ 253939.720699998986674, 579798.661100000026636 ], [ 254299.9441, 579786.675999999046326 ], [ 254312.692400000989437, 579702.479899998987094 ], [ 254268.929699997999705, 579689.225099998991936 ], [ 254318.554000000993256, 579668.07739999901969 ], [ 254297.3497, 579569.335999998962507 ], [ 254346.510200001008343, 579470.096500001964159 ], [ 254407.338399998989189, 579465.052999999024905 ], [ 254374.5722, 579535.450800001970492 ], [ 254402.658399998996174, 579679.386700000963174 ], [ 254643.9804, 579711.912300001946278 ], [ 254847.301600002014311, 579688.192600000998937 ], [ 254844.6631, 579524.583099998999387 ], [ 255140.126499998994404, 579517.005499999970198 ], [ 255142.772999998007435, 579454.594000000972301 ], [ 255711.456, 579436.875999997952022 ], [ 255603.3156, 579894.945599999045953 ], [ 255194.668000000994653, 580819.118999999016523 ], [ 255556.471000001009088, 580893.460999998962507 ], [ 255672.387699999002507, 580356.189800002030097 ], [ 255888.004799999005627, 580353.015099999029189 ], [ 256060.521600000996841, 580514.977600001031533 ], [ 256914.243799999007024, 580195.965899999951944 ], [ 257068.9038, 580296.497299998998642 ], [ 257314.075199999002507, 580184.776000001002103 ], [ 257350.535599999013357, 580268.471400000038557 ], [ 257762.214600000996143, 580104.153900000965223 ], [ 257619.41539999798988, 579759.62759999895934 ], [ 257792.9802, 579711.352400001022033 ], [ 257704.237199999013683, 579399.340199999976903 ], [ 257649.068, 579302.258000000962056 ], [ 257351.417199999006698, 579377.28260000096634 ], [ 257325.489999998011626, 579176.050000000977889 ], [ 257171.870000001013977, 579041.069999999948777 ], [ 257174.309999999008141, 578863.319999999948777 ], [ 257052.399999999004649, 578445.699999999022111 ], [ 256906.600000000995351, 578256.770000000018626 ], [ 256907.190000000991859, 577969.559999999008141 ], [ 257016.59, 577748.210000001010485 ], [ 256937.879999998986023, 577566.510000001988374 ], [ 256694.379999998986023, 577468.640000000945292 ], [ 256662.710000001010485, 577315.890000000945292 ], [ 256720.6400000010035, 577226.449999999022111 ], [ 257093.292399998987094, 577309.552000000956468 ], [ 259657.9155, 577637.878899998962879 ], [ 259547.296899999986636, 578143.6875 ], [ 259664.519499999005347, 578110.404800001997501 ], [ 259580.5814, 578397.105999998981133 ], [ 259545.657699998002499, 578798.194099999964237 ], [ 259586.0911, 578657.008099999045953 ], [ 259863.6153, 578604.717500000959262 ], [ 259886.471900000993628, 578662.129700000979938 ], [ 260003.609299998992356, 578548.312600002042018 ], [ 260451.288199998001801, 578330.081 ], [ 260595.041900001000613, 578368.030299999052659 ], [ 261182.2414, 578803.588799998047762 ], [ 260766.01590000098804, 579015.276399999973364 ], [ 260740.485100001009414, 579066.388300001970492 ], [ 260172.8959, 579148.479699998977594 ], [ 259500.972100001003128, 580332.384500000975095 ], [ 260693.83460000201012, 580871.775400002021343 ], [ 259844.0, 582778.0 ], [ 260296.739100002014311, 583003.316 ], [ 260321.905400001007365, 582960.56509999895934 ], [ 260531.116700001002755, 583037.195999998948537 ], [ 260555.702100001013605, 582993.300799999036826 ], [ 260821.682200000010198, 583126.381700002006255 ], [ 261661.134500001004199, 579468.349599997978657 ], [ 262396.226199998985976, 580005.9965 ], [ 262434.473400000017136, 579645.980099997948855 ], [ 262382.831700001028366, 579611.478700001025572 ], [ 262374.188099998980761, 579474.212799999979325 ], [ 261737.103799998993054, 579191.040600002044812 ], [ 261834.802900000999216, 578758.615600000950508 ], [ 261955.521899998013396, 578783.325300000957213 ], [ 262027.660700000997167, 578708.466299999970943 ], [ 262101.381700002006255, 578328.3358 ], [ 262281.76579999900423, 578139.715799998026341 ], [ 262245.554000000993256, 577834.293000000994653 ], [ 262272.883299998997245, 577801.790100001031533 ], [ 262415.68739999801619, 577859.500100002042018 ], [ 262656.406199998978991, 577857.375100002042018 ], [ 262731.093800001021009, 577775.125 ], [ 262734.6875, 577661.312600002042018 ], [ 262548.456400000024587, 577373.684400000027381 ], [ 262364.351799998024944, 577370.207400002051145 ], [ 262382.966200002003461, 577317.648200002033263 ], [ 262311.677499998011626, 577175.705800001043826 ], [ 262344.54569999902742, 576967.570500000962056 ], [ 262238.296799999021459, 576868.432300001033582 ], [ 262585.593699998978991, 576607.500100002042018 ], [ 262529.593699998978991, 576647.125 ], [ 262555.044399999023881, 576569.863699999055825 ], [ 262342.399099998001475, 576485.142900001024827 ], [ 262009.448399997985689, 576474.0821 ], [ 261948.458000001002802, 576367.320199999958277 ], [ 261963.036600001010811, 576292.050599999958649 ], [ 262094.459899998997571, 576294.489799999049865 ], [ 262189.830600000976119, 576137.38820000004489 ], [ 262275.785199999983888, 576259.856899998965673 ], [ 262326.169899999978952, 576246.107799998950213 ], [ 262364.974800002004486, 576147.254000001004897 ], [ 262303.953499999013729, 576069.245499997981824 ], [ 262452.758400000981055, 575941.625500001013279 ], [ 262336.548999999009538, 575856.383000000962056 ], [ 262242.500999998010229, 575969.319299999973737 ], [ 262182.818000000028405, 575905.131499998038635 ], [ 262255.103200000012293, 575843.646000002045184 ], [ 261525.232299997995142, 575515.42339999997057 ], [ 261349.2665, 575903.867300000041723 ], [ 261023.0, 575947.312600002042018 ], [ 260999.5583, 576458.500399998971261 ], [ 260097.1426, 576410.059999999008141 ], [ 260048.6109, 576348.153799999970943 ], [ 260128.935699999012286, 575384.73589999997057 ], [ 260798.646899998013396, 573908.538500000024214 ], [ 261252.019299998995848, 574263.955899999011308 ], [ 261348.873599999002181, 574207.112300000968389 ], [ 261415.932399999001063, 573936.708099998999387 ], [ 261232.708999999013031, 573881.785999997984618 ], [ 261385.114300001005176, 573578.61010000098031 ], [ 261605.33460000201012, 573678.028700002003461 ], [ 261918.752900001010858, 573539.287599998991936 ], [ 262107.6655, 573038.615800000960007 ], [ 262090.301199998997618, 572827.143700000015087 ], [ 262895.775400002021343, 572944.176699999952689 ], [ 262839.632700000016484, 573086.786400001030415 ], [ 262909.042300001019612, 573238.255199998966418 ], [ 262729.407400001015048, 573435.981600000988692 ], [ 262855.110399999015499, 573639.951800000038929 ], [ 262924.071800001023803, 573908.731299999984913 ], [ 263016.312800001003779, 573969.462099998956546 ], [ 263263.633299998997245, 573813.069099999964237 ], [ 262868.362500000977889, 572839.188700002036057 ], [ 262898.218699998978991, 572892.875100002042018 ], [ 264474.906300001021009, 573068.375100002042018 ], [ 264590.855999998981133, 571930.159400001051836 ], [ 264540.057999997981824, 571660.603 ], [ 264267.970800000999589, 571641.0614 ], [ 264227.984499997983221, 571540.004700000979938 ], [ 264091.534299999009818, 571435.179099999018945 ], [ 264141.157699998002499, 571366.3766999989748 ], [ 263490.991999998979736, 571355.526999998954125 ], [ 263399.478799998993054, 571144.460200001019984 ], [ 264855.487000000022817, 571176.339000002015382 ], [ 264973.681000002019573, 571066.033000000054017 ], [ 264722.634000000020023, 570766.254999998956919 ], [ 264884.688000001013279, 570671.375 ], [ 264999.67000000202097, 570311.690000000991859 ], [ 265170.530400000978261, 570193.922899998957291 ], [ 265214.509100001014303, 570278.824700001976453 ], [ 265371.926800001005176, 570307.775499999988824 ], [ 265890.546199999982491, 569712.7744 ], [ 266000.081, 569881.456999999005347 ], [ 265475.9925, 570478.700800001970492 ], [ 265564.4681, 570467.349700000020675 ], [ 265598.099399999016896, 570388.008000000962056 ], [ 265902.401700000977144, 570384.557300001033582 ], [ 266094.151999999012332, 570229.822000000975095 ], [ 266371.4965, 570128.436299997963943 ], [ 266469.818199999979697, 570207.007800002000295 ], [ 266630.187100001028739, 570608.271000002045184 ], [ 266586.329399998998269, 570689.945900000981055 ], [ 266767.794799997995142, 571126.199200000963174 ], [ 266809.89279999997234, 571141.211699999985285 ], [ 266697.280200001026969, 571237.141700000036508 ], [ 266327.430700000026263, 571263.503800000995398 ], [ 265966.495600000023842, 571629.7502 ], [ 266485.157900002028327, 571810.174899999052286 ], [ 266660.40659999800846, 571393.335700002033263 ], [ 266886.406300001021009, 571489.500100002042018 ], [ 267440.093800001021009, 571027.125100002042018 ], [ 268332.0, 571124.625100002042018 ], [ 268624.0, 571113.812600002042018 ], [ 269151.593800001021009, 571004.312600002042018 ], [ 269549.593800001021009, 570689.375 ], [ 269558.845400002028327, 570407.860699999961071 ], [ 270584.95529999997234, 570434.383200000971556 ], [ 270709.31260000198381, 570667.125100002042018 ], [ 270996.6875, 570775.125100002042018 ], [ 270991.00010000198381, 570954.875 ], [ 271067.3125, 571080.0 ], [ 270593.906300001021009, 571370.125100002042018 ], [ 270643.617400002025533, 571608.665899998974055 ], [ 270967.249699998996221, 571545.967500000959262 ], [ 271680.995799999975134, 571275.743799999007024 ], [ 272044.007599997974467, 570949.307599999010563 ], [ 271581.219000000972301, 570115.828000001958571 ], [ 272146.953200000978541, 569896.81529999896884 ], [ 272333.906300001021009, 569889.875 ], [ 273070.5, 570616.1875 ], [ 273373.406300001021009, 571025.625 ], [ 273727.5, 571638.625 ], [ 273939.1875, 572128.0 ], [ 273504.406399998988491, 572455.625100002042018 ], [ 273791.3125, 573039.625 ], [ 273988.593899998988491, 572928.875100002042018 ], [ 274126.1875, 573126.125 ], [ 274255.18760000198381, 573042.875100002042018 ], [ 274370.3125, 573260.6875 ], [ 274573.8125, 573141.125100002042018 ], [ 274637.0, 573293.375 ], [ 274991.911299999977928, 573110.87240000104066 ], [ 275065.026999999012332, 572707.317999999970198 ], [ 275248.340000000025611, 572398.960000001010485 ], [ 275399.479999999981374, 572331.239999998011626 ], [ 275221.030999999027699, 572043.366000000038184 ], [ 276562.270000000018626, 571156.32999999797903 ], [ 276412.57999999797903, 567587.25 ], [ 277529.394000001018867, 559786.128299999982119 ], [ 277843.6099999989965, 559346.140000000945292 ] ] ], [ [ [ 255348.2073, 569209.120200001052581 ], [ 255274.695599998987745, 569274.385699999053031 ], [ 255278.305, 569336.420899998047389 ], [ 255405.430799997993745, 569212.683200001949444 ], [ 255348.2073, 569209.120200001052581 ] ] ], [ [ [ 256245.4375, 570435.13820000004489 ], [ 256092.5869, 570367.065799999982119 ], [ 255936.499899997987086, 570201.690400001010858 ], [ 255744.8266, 570292.70520000194665 ], [ 255683.188999998994404, 570196.633999999961816 ], [ 255821.956799998995848, 570788.74800000002142 ], [ 256249.452599999000086, 570970.689699999988079 ], [ 256245.4375, 570435.13820000004489 ] ] ], [ [ [ 255586.7212, 571541.238699999055825 ], [ 255587.253699999011587, 571574.114500000956468 ], [ 255659.384399998991285, 571568.822200000053272 ], [ 255658.437100000999635, 571327.682700001052581 ], [ 255589.018599998002173, 571328.5429 ], [ 255586.7212, 571541.238699999055825 ] ] ], [ [ [ 267456.755300000018906, 553143.221200000029057 ], [ 267610.535900000017136, 553349.836699999985285 ], [ 267779.529100000974722, 552909.198899999028072 ], [ 267735.350200000975747, 552836.8981 ], [ 267591.808899999014102, 552828.396100000012666 ], [ 267437.828099999984261, 553104.4144 ], [ 267456.755300000018906, 553143.221200000029057 ] ] ], [ [ [ 267477.378299999982119, 553516.328100000042468 ], [ 267414.3675, 553473.598400000017136 ], [ 267217.554699997999705, 553499.265400000032969 ], [ 267000.0, 553889.243000000948086 ], [ 267052.286600000981707, 554119.596900001051836 ], [ 267204.4692, 554048.919899999978952 ], [ 267477.378299999982119, 553516.328100000042468 ] ] ], [ [ [ 267266.723999998997897, 554483.696899999049492 ], [ 267237.532900002028327, 554755.182100001955405 ], [ 267405.065900002024136, 554944.526099998969585 ], [ 267489.002900001010858, 555001.281100000953302 ], [ 267600.696500000020023, 555035.325800001970492 ], [ 267519.943900000012945, 554988.775099999969825 ], [ 267380.466600000974722, 554696.817099999985658 ], [ 267341.538500000024214, 554501.927400000044145 ], [ 267266.723999998997897, 554483.696899999049492 ] ] ], [ [ [ 273400.116099998005666, 550552.546500000986271 ], [ 273360.95529999997234, 550767.6252 ], [ 273643.965799998026341, 550679.069299999973737 ], [ 273420.835499998007435, 550510.67260000098031 ], [ 273400.116099998005666, 550552.546500000986271 ] ] ], [ [ [ 273973.800299998023547, 551458.777699999976903 ], [ 274159.791999999026302, 552000.642099999007769 ], [ 274370.067800000018906, 552108.095300000044517 ], [ 274223.714800000016112, 551486.805199999012984 ], [ 273973.800299998023547, 551458.777699999976903 ] ] ] ] } },
{ "type": "Feature", "properties": { "label": "WS Winschoten", "gid": "WS Winschoten" }, "geometry": { "type": "MultiPolygon", "coordinates": [ [ [ [ 265308.833700001006946, 570086.903399999951944 ], [ 265870.993999999016523, 569608.758999999961816 ], [ 265809.236499999009538, 569485.266100001055747 ], [ 265683.2403, 569480.869100000942126 ], [ 265583.56170000100974, 569351.367500000051223 ], [ 265531.366099998005666, 569350.48229999805335 ], [ 265471.339699997974094, 569443.544500001007691 ], [ 265396.525100000028033, 569426.382800002000295 ], [ 265313.537799999001436, 569587.411200001952238 ], [ 265413.321800001023803, 569607.543000000994653 ], [ 265401.861000001023058, 569676.929699997999705 ], [ 265286.511799998988863, 569788.242100000032224 ], [ 265266.506799999973737, 569888.123799997963943 ], [ 265081.762699998973403, 570012.292399998987094 ], [ 265170.530400000978261, 570193.922899998957291 ], [ 265308.833700001006946, 570086.903399999951944 ] ] ], [ [ [ 264881.308200002007652, 570264.82539999904111 ], [ 265112.198199998994824, 569882.7696 ], [ 265006.201400001009461, 569750.482000001007691 ], [ 264860.9802, 570002.8715 ], [ 264849.277100000996143, 570183.888700001058169 ], [ 264814.841200002003461, 570204.474199999007396 ], [ 264659.677000001014676, 570056.57999999797903 ], [ 264542.881499997980427, 570266.281899999943562 ], [ 264641.205899999011308, 570348.532400000956841 ], [ 264643.670099999988452, 570467.550500001991168 ], [ 264811.896699998993427, 570227.087999999988824 ], [ 264881.308200002007652, 570264.82539999904111 ] ] ], [ [ [ 268188.10799999901792, 570860.854400001000613 ], [ 268227.636300001002382, 570756.680300001055002 ], [ 268175.6435, 570753.06329999899026 ], [ 268141.657600001024548, 570647.090100002009422 ], [ 268023.383800000010524, 570630.820399999967776 ], [ 267914.0746, 570368.718899999046698 ], [ 268016.58109999797307, 570358.857999998959713 ], [ 268004.619100001000334, 570419.5418 ], [ 268105.438000001013279, 570595.254900000989437 ], [ 268152.495999998995103, 570577.37699999997858 ], [ 268031.333799998974428, 570262.15569999802392 ], [ 267975.815499998978339, 570277.171500000986271 ], [ 267941.818500000983477, 570229.344599999021739 ], [ 268013.179200001002755, 570209.006099998950958 ], [ 268006.963300000992604, 570173.678900000057183 ], [ 267885.277300000016112, 570226.754900000989437 ], [ 267851.555399999022484, 570098.658300001057796 ], [ 267742.273999999975786, 570015.854699998977594 ], [ 267623.041299998993054, 570127.030299999052659 ], [ 267652.722100001003128, 570209.197099998942576 ], [ 267568.5002, 570183.0002 ], [ 267506.593800001021009, 570229.625100002042018 ], [ 267501.052099998982158, 570311.856099999975413 ], [ 267603.627900001010858, 570335.912300001946278 ], [ 267661.254900000989437, 570451.229899998987094 ], [ 267657.761399999028072, 570485.469900000956841 ], [ 267579.778999998990912, 570484.394000001018867 ], [ 267551.660799999022856, 570672.799699999042787 ], [ 267589.514400002022739, 570757.378600000985898 ], [ 267772.503099999972619, 570734.947999999043532 ], [ 267890.412500001024455, 570830.322299998020753 ], [ 267977.2181, 570839.985599998035468 ], [ 268038.285799999022856, 570780.690900002024136 ], [ 268083.193100002012216, 570852.664099999004975 ], [ 268188.10799999901792, 570860.854400001000613 ] ] ], [ [ [ 274040.093800001021009, 573017.375 ], [ 273988.593899998988491, 572928.875100002042018 ], [ 273791.3125, 573039.625 ], [ 273504.406399998988491, 572455.625100002042018 ], [ 273939.1875, 572128.0 ], [ 273513.906300001021009, 571246.375 ], [ 273070.5, 570616.1875 ], [ 272333.906300001021009, 569889.875 ], [ 272146.953200000978541, 569896.81529999896884 ], [ 271581.219000000972301, 570115.828000001958571 ], [ 272044.007599997974467, 570949.307599999010563 ], [ 271680.995799999975134, 571275.743799999007024 ], [ 270967.249699998996221, 571545.967500000959262 ], [ 270643.617400002025533, 571608.665899998974055 ], [ 270593.906300001021009, 571370.125100002042018 ], [ 271067.3125, 571080.0 ], [ 270991.00010000198381, 570954.875 ], [ 270996.6875, 570775.125100002042018 ], [ 270709.31260000198381, 570667.125100002042018 ], [ 270584.95529999997234, 570434.383200000971556 ], [ 269558.845400002028327, 570407.860699999961071 ], [ 269549.593800001021009, 570689.375 ], [ 269151.593800001021009, 571004.312600002042018 ], [ 268624.0, 571113.812600002042018 ], [ 268332.0, 571124.625100002042018 ], [ 267440.093800001021009, 571027.125100002042018 ], [ 266886.406300001021009, 571489.500100002042018 ], [ 266660.40659999800846, 571393.335700002033263 ], [ 266485.157900002028327, 571810.174899999052286 ], [ 265966.495600000023842, 571629.7502 ], [ 266327.430700000026263, 571263.503800000995398 ], [ 266697.280200001026969, 571237.141700000036508 ], [ 266809.89279999997234, 571141.211699999985285 ], [ 266767.794799997995142, 571126.199200000963174 ], [ 266586.329399998998269, 570689.945900000981055 ], [ 266630.187100001028739, 570608.271000002045184 ], [ 266469.818199999979697, 570207.007800002000295 ], [ 266371.4965, 570128.436299997963943 ], [ 266094.151999999012332, 570229.822000000975095 ], [ 265902.401700000977144, 570384.557300001033582 ], [ 265598.099399999016896, 570388.008000000962056 ], [ 265564.4681, 570467.349700000020675 ], [ 265475.9925, 570478.700800001970492 ], [ 266000.081, 569881.456999999005347 ], [ 265895.992099999974016, 569711.87699999997858 ], [ 265371.926800001005176, 570307.775499999988824 ], [ 265214.509100001014303, 570278.824700001976453 ], [ 265170.530400000978261, 570193.922899998957291 ], [ 264999.67000000202097, 570311.690000000991859 ], [ 264884.688000001013279, 570671.375 ], [ 264722.634000000020023, 570766.254999998956919 ], [ 264973.681000002019573, 571066.033000000054017 ], [ 264855.487000000022817, 571176.339000002015382 ], [ 263399.478799998993054, 571144.460200001019984 ], [ 263490.991999998979736, 571355.526999998954125 ], [ 264141.157699998002499, 571366.3766999989748 ], [ 264091.534299999009818, 571435.179099999018945 ], [ 264227.984499997983221, 571540.004700000979938 ], [ 264267.970800000999589, 571641.0614 ], [ 264540.057999997981824, 571660.603 ], [ 264590.855999998981133, 571930.159400001051836 ], [ 264474.906300001021009, 573068.375100002042018 ], [ 262898.218699998978991, 572892.875100002042018 ], [ 262868.362500000977889, 572839.188700002036057 ], [ 263263.633299998997245, 573813.069099999964237 ], [ 263016.312800001003779, 573969.462099998956546 ], [ 262924.071800001023803, 573908.731299999984913 ], [ 262855.110399999015499, 573639.951800000038929 ], [ 262729.407400001015048, 573435.981600000988692 ], [ 262909.042300001019612, 573238.255199998966418 ], [ 262839.632700000016484, 573086.786400001030415 ], [ 262895.775400002021343, 572944.176699999952689 ], [ 262090.301199998997618, 572827.143700000015087 ], [ 262107.6655, 573038.615800000960007 ], [ 261918.752900001010858, 573539.287599998991936 ], [ 261605.33460000201012, 573678.028700002003461 ], [ 261385.114300001005176, 573578.61010000098031 ], [ 261232.708999999013031, 573881.785999997984618 ], [ 261415.932399999001063, 573936.708099998999387 ], [ 261348.873599999002181, 574207.112300000968389 ], [ 261252.019299998995848, 574263.955899999011308 ], [ 260798.646899998013396, 573908.538500000024214 ], [ 260128.296500000986271, 575386.595800001057796 ], [ 260056.575199999002507, 576380.269299998995848 ], [ 260999.5583, 576458.500399998971261 ], [ 261023.0, 575947.312600002042018 ], [ 261349.2665, 575903.867300000041723 ], [ 261525.232299997995142, 575515.42339999997057 ], [ 262255.103200000012293, 575843.646000002045184 ], [ 262182.818000000028405, 575905.131499998038635 ], [ 262242.500999998010229, 575969.319299999973737 ], [ 262336.548999999009538, 575856.383000000962056 ], [ 262452.758400000981055, 575941.625500001013279 ], [ 262303.603700001025572, 576070.090500000980683 ], [ 262364.974800002004486, 576147.254000001004897 ], [ 262327.9987, 576244.130699999979697 ], [ 262276.536400000972208, 576260.443799998960458 ], [ 262189.830600000976119, 576137.38820000004489 ], [ 262094.459899998997571, 576294.489799999049865 ], [ 261963.036600001010811, 576292.050599999958649 ], [ 261948.657200001005549, 576368.265500001958571 ], [ 262009.448399997985689, 576474.0821 ], [ 262342.399099998001475, 576485.142900001024827 ], [ 262555.044399999023881, 576569.863699999055825 ], [ 262529.593699998978991, 576647.125 ], [ 262585.593699998978991, 576607.500100002042018 ], [ 262238.296799999021459, 576868.432300001033582 ], [ 262344.54569999902742, 576967.570500000962056 ], [ 262311.677499998011626, 577175.705800001043826 ], [ 262382.966200002003461, 577317.648200002033263 ], [ 262364.351799998024944, 577370.207400002051145 ], [ 262548.456400000024587, 577373.684400000027381 ], [ 262739.5, 577720.500100002042018 ], [ 262656.406199998978991, 577857.375100002042018 ], [ 262415.68739999801619, 577859.500100002042018 ], [ 262272.883299998997245, 577801.790100001031533 ], [ 262245.554000000993256, 577834.293000000994653 ], [ 262282.137899998982903, 578138.843299999949522 ], [ 262101.381700002006255, 578328.3358 ], [ 262027.660700000997167, 578708.466299999970943 ], [ 261955.521899998013396, 578783.325300000957213 ], [ 261835.455200002004858, 578757.042800002032891 ], [ 261737.103799998993054, 579191.040600002044812 ], [ 262374.188099998980761, 579474.212799999979325 ], [ 262382.831700001028366, 579611.478700001025572 ], [ 262434.473400000017136, 579645.980099997948855 ], [ 262396.226199998985976, 580005.9965 ], [ 261661.134500001004199, 579468.349599997978657 ], [ 261091.037000000011176, 581985.884199999039993 ], [ 261286.660799998993753, 582125.885099999955855 ], [ 261689.999899997987086, 582638.625100002042018 ], [ 262277.34430000197608, 583074.947099998942576 ], [ 262270.095899999025278, 583195.610399998957291 ], [ 262731.51579999900423, 584175.015099999029189 ], [ 262728.225499999010935, 584278.022999997949228 ], [ 262793.516300000017509, 584371.327000000048429 ], [ 263086.834100001025945, 584412.793000000994653 ], [ 264289.739100001985207, 580712.676199999055825 ], [ 264664.906199998978991, 580696.625100002042018 ], [ 264855.49989999801619, 581019.625100002042018 ], [ 265014.093699998978991, 581071.187600002042018 ], [ 265153.593800001021009, 581036.125 ], [ 265261.406199998978991, 581361.375100002042018 ], [ 265429.0834, 581487.914700001012534 ], [ 264868.7808, 582106.5856 ], [ 264876.500700001022778, 582284.734299998963252 ], [ 265182.35799999901792, 582372.117500000051223 ], [ 265385.055899999977555, 582634.195199999958277 ], [ 265391.869600002013613, 582716.002099997946061 ], [ 264535.337999999988824, 584270.664999998989515 ], [ 265798.6153, 585209.598499997984618 ], [ 266172.965999997977633, 585565.336800002027303 ], [ 265841.07629999902565, 585999.01469999901019 ], [ 265180.616099998005666, 585874.729999999981374 ], [ 265278.346000001009088, 586598.829599999007769 ], [ 265575.010699998994824, 586916.784800000023097 ], [ 266466.022, 585820.983299999963492 ], [ 267001.041999999026302, 586240.335999998962507 ], [ 267550.660900000017136, 585609.823899999028072 ], [ 267951.379000001004897, 585950.38800000003539 ], [ 267760.655999999027699, 586115.379999998956919 ], [ 268264.168000000994653, 586675.890000000945292 ], [ 268849.989100001985207, 586969.912500001024455 ], [ 268882.4571, 586853.653200000990182 ], [ 269005.091800000984222, 586766.340500000980683 ], [ 269151.088799997989554, 586863.264500000048429 ], [ 269554.383000001020264, 586444.807999997981824 ], [ 269664.099100000981707, 586498.994700000039302 ], [ 269751.416999999026302, 586407.84299999801442 ], [ 269865.077899999974761, 586493.273400000995025 ], [ 270106.817000002018176, 586281.475000001024455 ], [ 270320.842399998975452, 586456.213500001002103 ], [ 270426.14200000098208, 586284.138900000951253 ], [ 270600.180899999977555, 586348.830499998992309 ], [ 270716.89090000098804, 586207.346700001973659 ], [ 270921.635400001017842, 586270.12699999997858 ], [ 271586.2698, 586257.22040000197012 ], [ 271689.521799999987707, 586064.702000000048429 ], [ 271974.212000000989065, 585972.180000000051223 ], [ 272203.702899999974761, 585777.190400001010858 ], [ 272472.540899998974055, 585854.229200002038851 ], [ 273064.203699999023229, 585541.687800001003779 ], [ 273080.89090000098804, 585710.660399999003857 ], [ 273245.639800000994001, 585727.632599998032674 ], [ 273292.023999999975786, 585846.883999999961816 ], [ 273547.911899999016896, 585771.255899999057874 ], [ 273777.040899998974055, 585612.493099999031983 ], [ 273860.556000002019573, 585489.351000000024214 ], [ 274038.247699998028111, 585484.3726 ], [ 274221.592, 585246.909000001964159 ], [ 274265.107399999978952, 585360.118999999016523 ], [ 274392.440200001001358, 585281.964000002015382 ], [ 274514.527500000025611, 585336.011300000944175 ], [ 274902.986000001023058, 585111.439300001016818 ], [ 274925.110800002003089, 585195.128899998962879 ], [ 275104.166200001025572, 585072.948500000056811 ], [ 275188.21840000199154, 585116.767200001049787 ], [ 275348.1083000000217, 585019.145000000018626 ], [ 275663.912399999971967, 585007.234799999976531 ], [ 276408.95609999797307, 584836.421300000976771 ], [ 276511.305, 584400.795999999972992 ], [ 276553.7808, 584406.910500001045875 ], [ 276582.028999998990912, 584322.147 ], [ 276652.4498, 584385.515299997990951 ], [ 276469.5614, 584893.25 ], [ 276589.020399998989888, 585166.670499998959713 ], [ 276677.020300001022406, 585187.04500000202097 ], [ 276888.78000000101747, 583943.300000000977889 ], [ 276753.800000000977889, 583963.089999999967404 ], [ 277228.57, 582457.559999999008141 ], [ 277316.399999998975545, 580572.729999999981374 ], [ 277251.25, 580318.42000000202097 ], [ 276919.149999998975545, 579971.600000001024455 ], [ 276711.968600001011509, 579536.875100002042018 ], [ 278026.090000000025611, 578638.120000001043081 ], [ 277132.67000000202097, 578273.089999999967404 ], [ 276442.78000000101747, 578184.399999998975545 ], [ 275631.199999999022111, 576524.680000000051223 ], [ 275656.17000000202097, 576272.809999999008141 ], [ 275538.32, 576019.479999999981374 ], [ 275582.956, 574978.379000001004897 ], [ 275342.193000000028405, 574605.691 ], [ 275171.307999997981824, 574098.324000000953674 ], [ 274985.840999997977633, 573858.055000000051223 ], [ 274897.302000001014676, 573912.965999998035841 ], [ 274991.911299999977928, 573110.87240000104066 ], [ 274637.0, 573293.375 ], [ 274573.8125, 573141.125100002042018 ], [ 274370.3125, 573260.6875 ], [ 274255.18760000198381, 573042.875100002042018 ], [ 274126.1875, 573126.125 ], [ 274078.3125, 573009.687600002042018 ], [ 274040.093800001021009, 573017.375 ] ] ], [ [ [ 274316.504399999976158, 572840.807100001955405 ], [ 274188.772999998007435, 572926.478100002044812 ], [ 274385.856299999984913, 572992.334800001000986 ], [ 274464.429699997999705, 572743.886399999028072 ], [ 274316.504399999976158, 572840.807100001955405 ] ] ] ] } },
{ "type": "Feature", "properties": { "label": "KZVZ Klazienaveen ZWET", "gid": "KZVZ Klazienaveen ZWET" }, "geometry": { "type": "MultiPolygon", "coordinates": [ [ [ [ 262502.859299999021459, 524410.918499998981133 ], [ 262480.525499999988824, 523754.465500000980683 ], [ 261885.70340000098804, 523778.432599999010563 ], [ 261857.780400001007365, 523864.307399999001063 ], [ 262057.551800001005176, 524157.672100000025239 ], [ 262045.944800000987016, 524437.49920000100974 ], [ 262502.859299999021459, 524410.918499998981133 ] ] ], [ [ [ 265823.862599999003578, 534398.3517 ], [ 265858.356899999023881, 534395.434500001021661 ], [ 265891.03180000197608, 533748.627500000991859 ], [ 266571.660999997984618, 533783.495000001043081 ], [ 266598.3957, 534805.446499999961816 ], [ 266799.551800001005176, 534801.839200000977144 ], [ 266821.212499998975545, 534237.132499999948777 ], [ 266906.011599998979364, 534289.314800002030097 ], [ 266907.932999997981824, 534397.283000000054017 ], [ 266996.050999998988118, 534401.522999997949228 ], [ 266996.065799999982119, 534453.7892 ], [ 267883.76749999797903, 534494.835700002033263 ], [ 267864.024199999985285, 533850.777399998041801 ], [ 268474.275100000028033, 533880.052000000956468 ], [ 268289.62510000198381, 527517.432000000029802 ], [ 267916.482099998975173, 519961.013999998976942 ], [ 266789.629999999015126, 520039.559999999008141 ], [ 266775.82, 519974.100000001024455 ], [ 266408.520000000018626, 519987.550000000977889 ], [ 265701.32, 519887.440000000991859 ], [ 265337.467399998975452, 519943.23389999900246 ], [ 265362.264299999980722, 520033.179299999028444 ], [ 265256.862500000977889, 520112.445400000025984 ], [ 264925.293699998001102, 520167.474399999016896 ], [ 265136.805599998973776, 521101.382300000987016 ], [ 265196.784699999028817, 521206.148400000995025 ], [ 265164.372900001995731, 521218.0869 ], [ 265184.760000001988374, 521298.837600000028033 ], [ 265255.2958000000217, 521432.492699999012984 ], [ 265272.861000001023058, 521379.969000000972301 ], [ 265563.693999997980427, 521365.868999999016523 ], [ 265575.923999999009538, 521428.431999999971595 ], [ 265841.658, 521415.688999999023508 ], [ 265861.348999998997897, 521525.778999998990912 ], [ 265300.840000000025611, 521586.175000000977889 ], [ 265303.436999998986721, 521665.879999999015126 ], [ 265153.800999998988118, 521672.818999997980427 ], [ 265148.818000000028405, 521575.295999999972992 ], [ 264805.778000000980683, 521593.603999998013023 ], [ 264848.037000000011176, 522494.513999998976942 ], [ 265219.929000000993256, 522475.852000001992565 ], [ 265221.623399998992682, 522710.900100000028033 ], [ 265584.134799998020753, 523336.878600000985898 ], [ 265632.840399998996872, 523378.991999998979736 ], [ 265774.644699998025317, 523366.909400000993628 ], [ 265816.340000000025611, 524269.386999998008832 ], [ 265716.460999999020714, 524274.291000001016073 ], [ 265719.800799998978619, 524343.237799998023547 ], [ 265642.307100002013613, 524342.927099999040365 ], [ 265629.9981000010157, 524286.378299999982119 ], [ 264618.469599999021739, 524306.961199998972006 ], [ 263735.414000000979286, 524445.072399999946356 ], [ 263437.45129999902565, 524350.194499999051914 ], [ 263014.337099999014754, 524688.244800001033582 ], [ 262770.984900001029018, 524957.936500002047978 ], [ 262586.37699999997858, 524717.234999999054708 ], [ 262515.336100001004525, 524426.050500001991168 ], [ 262560.259399998991285, 524681.851799997966737 ], [ 262806.328099999984261, 525027.954500001040287 ], [ 262862.734000000986271, 525292.97100000095088 ], [ 262592.389099999971222, 525653.427299999049865 ], [ 262245.661100000026636, 525727.247000001021661 ], [ 262178.8106000010157, 525920.618900001049042 ], [ 262216.897500001010485, 526077.983399998047389 ], [ 262542.764400002022739, 526262.936099999002181 ], [ 262459.609799999976531, 526472.417800002032891 ], [ 262142.829900000011548, 526523.829599999007769 ], [ 262047.844799999002134, 526634.944600000977516 ], [ 262049.649, 526750.886999998008832 ], [ 261930.2192, 526756.515900001046248 ], [ 262385.989700001024175, 526798.442099999985658 ], [ 262231.544500001007691, 526868.7108 ], [ 262244.4989, 527044.432799999020062 ], [ 262069.9778, 527052.844900000956841 ], [ 262242.769299998995848, 527195.211100001004525 ], [ 262162.76489999901969, 527200.080300000030547 ], [ 262013.2465, 527074.300599999958649 ], [ 261969.394299998995848, 527075.664700001012534 ], [ 261934.046, 527163.416000001016073 ], [ 262015.881700002006255, 527211.4144 ], [ 262084.132699999987381, 527185.846700001973659 ], [ 262234.389299999980722, 527332.942400000989437 ], [ 262137.818, 527357.086499999975786 ], [ 261864.1428, 527201.387600000947714 ], [ 261869.756700002006255, 527093.627099997946061 ], [ 261942.307, 527016.576000001048669 ], [ 261937.1400000010035, 526910.655000000959262 ], [ 261877.3900000010035, 526856.65459999802988 ], [ 261804.5196, 526906.066899999976158 ], [ 261634.9307, 526752.718899999046698 ], [ 261604.785300001996802, 526515.211800002027303 ], [ 261180.1631, 526565.877999998978339 ], [ 261813.761300001002382, 527153.096200000029057 ], [ 261793.846700002002763, 527217.170299998950213 ], [ 261886.1099999989965, 527307.630100000998937 ], [ 261682.071699999010889, 527332.817299998947419 ], [ 261584.931000001990469, 527433.322999999043532 ], [ 261738.421300001005875, 527586.618600000045262 ], [ 261460.308899999014102, 527881.138599999016151 ], [ 261534.162300002004486, 527939.443899999954738 ], [ 261089.539999998989515, 528409.477000002050772 ], [ 261544.412000000011176, 528597.40399999904912 ], [ 261887.754999998986023, 528671.202000000048429 ], [ 262032.214000001986278, 528652.199000000953674 ], [ 262366.331999999005347, 528480.434999999008141 ], [ 262436.256000000983477, 528521.392999998992309 ], [ 262494.171199999982491, 528456.503199998056516 ], [ 262545.291999999026302, 528495.272 ], [ 262329.631400000012945, 528724.217300001997501 ], [ 262379.864700001024175, 528836.131299998960458 ], [ 262243.51749999797903, 528896.131000000983477 ], [ 262190.465300000971183, 528872.567000002018176 ], [ 261192.96799999801442, 529935.888700001058169 ], [ 261165.396000001986977, 529918.61100000096485 ], [ 261191.872000000992557, 529937.057000000029802 ], [ 260896.445, 530251.979999999981374 ], [ 261396.647999998007435, 530589.671999998041429 ], [ 261375.458999999013031, 531427.956999999005347 ], [ 261046.764899998990586, 531898.30039999994915 ], [ 261336.311099999002181, 531973.502500000991859 ], [ 261285.504000001004897, 532061.691 ], [ 261593.956, 532476.386999998008832 ], [ 261550.651000001002103, 532563.458000001031905 ], [ 261783.46099999899161, 532703.462000000989065 ], [ 261666.935800000996096, 532913.331200000015087 ], [ 262818.419599998975173, 532924.301499999943189 ], [ 262848.578800000017509, 533342.820399999967776 ], [ 262740.475800000014715, 533797.205600001034327 ], [ 263159.093499999027699, 534058.524099997943267 ], [ 263163.340100002009422, 534257.291099998983555 ], [ 264865.109000000986271, 534343.783000000054017 ], [ 264907.9694, 534818.348600000026636 ], [ 265063.445900000981055, 534793.90659999800846 ], [ 265117.111099998990539, 535114.629599999985658 ], [ 265304.248599999002181, 535052.250500001013279 ], [ 265182.396000001986977, 534587.136000000056811 ], [ 265251.771000001986977, 534565.28200000198558 ], [ 265188.68, 534366.546999998041429 ], [ 265823.862599999003578, 534398.3517 ] ] ], [ [ [ 261804.933899999014102, 532997.680700000026263 ], [ 261317.7291, 532961.331400000024587 ], [ 261249.388799998996546, 533050.468899999046698 ], [ 261205.269699997996213, 533330.959800001000986 ], [ 261238.151000001002103, 533260.521000002045184 ], [ 261658.732000001007691, 533288.644000001018867 ], [ 261804.933899999014102, 532997.680700000026263 ] ] ] ] } },
{ "type": "Feature", "properties": { "label": "WEW Weiwerd", "gid": "WEW Weiwerd" }, "geometry": { "type": "MultiPolygon", "coordinates": [ [ [ [ 239509.092799998994451, 583948.645100001012906 ], [ 239439.325599998002872, 583909.354200002038851 ], [ 239289.232999998988817, 583989.890000000945292 ], [ 239394.814300000987714, 584053.883099999045953 ], [ 239521.0097, 583973.4976 ], [ 239650.926600002014311, 583974.134199999039993 ], [ 239509.092799998994451, 583948.645100001012906 ] ] ], [ [ [ 243331.03279999998631, 584717.686299997963943 ], [ 243705.855500000994653, 584844.418099998962134 ], [ 243821.037999999010935, 584742.034000001964159 ], [ 243424.570999999006744, 584325.416999998968095 ], [ 243451.177000000985572, 584304.238000001991168 ], [ 243246.2722, 583986.1655 ], [ 239841.5066, 583958.3356 ], [ 240077.119600002013613, 583978.479400001000613 ], [ 240108.815000000991859, 584109.15960000094492 ], [ 240328.450800001999596, 584134.772599998977967 ], [ 240614.6732, 584435.336399998981506 ], [ 240234.321800000994699, 584769.93670000100974 ], [ 242461.597399997990578, 586190.999400001019239 ], [ 242546.85020000100485, 585851.719900000956841 ], [ 242401.78790000101435, 585625.395799997961149 ], [ 242443.394999999989523, 585149.342300001997501 ], [ 242912.775800000992604, 584758.247099998989142 ], [ 243331.03279999998631, 584717.686299997963943 ] ] ], [ [ [ 247890.4681, 586836.081500001018867 ], [ 247999.300599999987753, 586856.257399998954497 ], [ 247986.950300000986317, 586689.424800000968389 ], [ 248215.473900001001311, 586721.885099999955855 ], [ 248401.5079, 586826.429099999018945 ], [ 248587.1919, 586753.159100000048056 ], [ 248660.6019, 586767.461100001004525 ], [ 248790.879900000989437, 586859.205100000021048 ], [ 248917.747900001995731, 587168.48510000098031 ], [ 249121.041900001000613, 587394.72210000094492 ], [ 249565.828899998014094, 587663.255100000998937 ], [ 249892.9089, 588000.821099999942817 ], [ 250212.0779, 588226.191100000985898 ], [ 250463.556899997987784, 588250.548099998035468 ], [ 251180.069899999012705, 588126.818100002012216 ], [ 251499.811900000990136, 588228.769099998986349 ], [ 251597.092500000988366, 588350.060300000011921 ], [ 251415.525600001012208, 588310.326000001048669 ], [ 251196.816, 588398.334800001000986 ], [ 250823.770100001012906, 588761.220800001057796 ], [ 251058.334399998013396, 589129.543200001004152 ], [ 251092.201000000990462, 589497.143199999001808 ], [ 250925.3145, 589723.111599999945611 ], [ 250081.02259999900707, 589360.4391999989748 ], [ 250074.607000001007691, 589269.857999998959713 ], [ 249983.391899998998269, 589232.057300001033582 ], [ 249974.332199997996213, 589183.603599998983555 ], [ 249581.107299997995142, 589190.989300000946969 ], [ 249157.947799999004928, 589839.029399998020381 ], [ 249198.027199998003198, 589888.504599999985658 ], [ 248968.256700002006255, 590361.175799999036826 ], [ 247106.519999999989523, 589218.317600000998937 ], [ 246884.59220000001369, 589570.712000000989065 ], [ 246618.606400001997827, 589712.616700000944547 ], [ 246251.242600000987295, 590188.292800002032891 ], [ 246020.234499998012325, 590073.123399998992682 ], [ 245456.905099999014055, 590520.019499999005347 ], [ 245143.78929999799584, 590338.274599998956546 ], [ 244859.736499999009538, 590603.853 ], [ 245012.7322, 590809.37130000104662 ], [ 244820.8682, 590991.760200000950135 ], [ 244862.673, 591066.827000000048429 ], [ 244727.180300000996795, 591167.159800000023097 ], [ 244699.079999998008134, 591307.374400001019239 ], [ 245017.8125, 591563.557799999020062 ], [ 244993.537099998007761, 591633.711699999985285 ], [ 245134.876699999003904, 591783.664500002050772 ], [ 245096.785399999003857, 591794.886500000953674 ], [ 245760.5911, 592330.71709999802988 ], [ 245885.221999998990213, 592277.741000000038184 ], [ 246388.430300000996795, 592390.109599999967031 ], [ 246470.335499998007435, 592144.333299997961149 ], [ 246648.559, 592159.288300000014715 ], [ 246636.868599999987055, 592273.449799999943934 ], [ 246553.3321, 592321.593800000962801 ], [ 246520.906500001001405, 592423.1006 ], [ 246625.204599999007769, 592407.293799999984913 ], [ 246623.509300000994699, 592443.09039999905508 ], [ 246529.934300002001692, 592429.288899998995475 ], [ 246411.098999998997897, 592396.88899999903515 ], [ 246398.752099998004269, 592449.619500000029802 ], [ 246428.8156, 592474.929499999037944 ], [ 246472.886900000012247, 592420.156700000050478 ], [ 246643.909200002002763, 592499.968499999027699 ], [ 246407.224199999007396, 592533.3369 ], [ 246329.3101, 592481.693500000983477 ], [ 246334.1261, 592431.451200001058169 ], [ 246170.09, 592415.307000000029802 ], [ 246177.039999998989515, 592362.227299998980016 ], [ 245822.503899998991983, 592322.873399998992682 ], [ 245770.135499999014428, 592440.165600002044812 ], [ 245670.911600001010811, 592487.656300000962801 ], [ 245694.120000001013977, 592559.069999999948777 ], [ 245787.334199998993427, 592526.1448 ], [ 245847.1402, 592604.32719999901019 ], [ 245947.759799997991649, 592851.882100000977516 ], [ 245664.396699998993427, 592974.413699998985976 ], [ 245464.7311, 592953.825300000957213 ], [ 245181.796100001985906, 593155.756799999973737 ], [ 245499.260000001988374, 593515.458000001031905 ], [ 245423.475900001998525, 593594.752999998978339 ], [ 245125.322900000988739, 593693.89270000194665 ], [ 244905.877, 593664.566100000985898 ], [ 244761.697000001004199, 593709.68490000104066 ], [ 244614.972199998999713, 593361.494600001955405 ], [ 244541.130100000998937, 593291.231199997942895 ], [ 244637.068799998989562, 593207.168499998981133 ], [ 244490.860100001009414, 592919.565599999972619 ], [ 244105.801899999001762, 593115.92350000096485 ], [ 243928.141299999988405, 593085.061000001034699 ], [ 243715.791399999987334, 593371.428500000038184 ], [ 243561.441799997992348, 593492.630100000998937 ], [ 243446.972700000012992, 593755.542300001019612 ], [ 243358.721299997996539, 593828.727000002050772 ], [ 243337.888599998987047, 593917.214299998944625 ], [ 243352.991199999989476, 593830.422899998957291 ], [ 243443.90659999800846, 593748.475299999001436 ], [ 243502.596500001993263, 593601.966200002003461 ], [ 243230.359499998012325, 593592.323300000047311 ], [ 242970.116700001002755, 593841.237500000977889 ], [ 242801.731199998001102, 594041.38879999902565 ], [ 242983.754700001009041, 594308.670600001001731 ], [ 243060.707800000993302, 594266.206599998986349 ], [ 242823.526500001986278, 594485.495400000014342 ], [ 242684.88100000101258, 594484.346400000038557 ], [ 243193.019499999005347, 594680.462999999988824 ], [ 243414.725499999010935, 594947.829300001030788 ], [ 243396.348299998993753, 595076.706799998995848 ], [ 243471.761900000012247, 595201.427999999024905 ], [ 243430.181699998996919, 595490.524599998956546 ], [ 243511.692000001989072, 595601.157499999040738 ], [ 243636.614599999011261, 595632.815699998056516 ], [ 243980.287099998007761, 595584.32570000004489 ], [ 244188.7346, 595704.570999998948537 ], [ 244234.558499998995103, 595820.994899999001063 ], [ 244283.262400000996422, 595749.674400001997128 ], [ 244705.964499999012332, 595726.552000000956468 ], [ 244872.61699999900884, 595876.375100002042018 ], [ 244914.648800001014024, 597032.311900001019239 ], [ 245361.850099998991936, 596633.031399999046698 ], [ 245688.919799997995142, 596970.319499999051914 ], [ 245505.932399999001063, 597394.783700000029057 ], [ 245848.252, 597657.035000000032596 ], [ 245854.394000000989763, 597735.374000002047978 ], [ 246007.686500001989771, 597962.633599999942817 ], [ 245815.802499998011626, 598230.338500001002103 ], [ 245744.2042, 598736.724599997978657 ], [ 245704.9375, 598738.347600001958199 ], [ 245785.7247, 598903.046399998944253 ], [ 246004.060899998992682, 599041.179099999018945 ], [ 246669.073899998998968, 598020.366200000047684 ], [ 246900.880199998995522, 598130.249400001019239 ], [ 247643.168000000994653, 596980.4606 ], [ 248124.057599999010563, 597344.792499999981374 ], [ 248256.882399999012705, 597183.445900000981055 ], [ 248339.092500000988366, 597238.29760000098031 ], [ 248596.920400000992231, 596872.950300000957213 ], [ 248278.98530000098981, 597417.526000001002103 ], [ 248178.245000001013977, 597365.758999999961816 ], [ 247764.3112, 598020.789600000018254 ], [ 247747.784099999989849, 598116.993500001961365 ], [ 247934.9615, 598180.448199999053031 ], [ 248206.7586, 597764.837900002021343 ], [ 248492.925099999003578, 597953.65790000197012 ], [ 248468.105700001004152, 598003.686900001019239 ], [ 248600.357299997995142, 598134.566500001004897 ], [ 248664.798799999000039, 598282.705699999001808 ], [ 248558.759399998991285, 598305.84340000199154 ], [ 248904.229200002009748, 598628.095899999025278 ], [ 248695.104400001000613, 598756.509399999049492 ], [ 248533.2139, 598945.680700000026263 ], [ 248891.71799999801442, 599283.817000002018176 ], [ 249273.749000001989771, 598940.291000001016073 ], [ 249100.478, 598670.316 ], [ 249635.1415, 598196.574700001976453 ], [ 249769.651700001006247, 598313.433200001949444 ], [ 249657.234700002009049, 598843.004799998947419 ], [ 249681.636599999008467, 599316.552799999946728 ], [ 249774.522799998987466, 599402.835399999981746 ], [ 249868.708999999013031, 599249.334899998968467 ], [ 249963.088100001012208, 599204.703200001036748 ], [ 249956.105500000994653, 599144.61259999894537 ], [ 249886.608800001005875, 599155.392600000021048 ], [ 249846.581599998986349, 599062.967599999043159 ], [ 249907.445, 599029.782299999031238 ], [ 249958.349800002004486, 599131.29670000099577 ], [ 250077.081, 599149.620600000023842 ], [ 250083.056000001990469, 599216.532800000044517 ], [ 250239.410999998013722, 599246.521000002045184 ], [ 250347.346299997996539, 599065.62699999997858 ], [ 250421.369399997987784, 599082.631000000983477 ], [ 250369.384, 599114.267999998992309 ], [ 250380.296, 599263.566399998962879 ], [ 250198.809999999008141, 599429.229999999981374 ], [ 250188.17159999901196, 599520.870099999010563 ], [ 250642.748500001005596, 599356.129900000989437 ], [ 251143.411899998987792, 599401.597700000042096 ], [ 251217.4888, 599058.604800001019612 ], [ 251214.188200000993675, 598544.227499998989515 ], [ 251347.3904, 598444.603799998993054 ], [ 251487.768599998002173, 598445.781399999046698 ], [ 251898.546500000986271, 598652.648999999975786 ], [ 251965.3957, 598626.098200001055375 ], [ 251983.714600000996143, 598863.852200001012534 ], [ 251496.869700000010198, 598991.735599998035468 ], [ 251627.653099999006372, 599214.430199999012984 ], [ 251791.037099998007761, 599076.253600000985898 ], [ 251952.2071, 599051.193599998950958 ], [ 251908.9516, 599209.9166 ], [ 252033.277100000996143, 599251.3739 ], [ 252202.423799999000039, 599131.514400001964532 ], [ 252457.110100001009414, 599060.000599998980761 ], [ 252096.432399999001063, 599234.062800001003779 ], [ 251897.877999999007443, 599519.864999998011626 ], [ 251761.096799999009818, 599468.34540000197012 ], [ 251548.436500001989771, 599466.486699998029508 ], [ 251591.961399999010609, 599514.212200000998564 ], [ 251556.872099998989142, 599572.229400001000613 ], [ 251631.581099998002173, 599604.8101 ], [ 251482.011900000012247, 599820.794300000998192 ], [ 251345.625, 599882.554000001051463 ], [ 251223.674600000987994, 600085.821699999039993 ], [ 251212.0196, 600356.875999997952022 ], [ 251312.10130000099889, 600518.734399999957532 ], [ 251304.163600000989391, 600596.834899998968467 ], [ 251203.831999999005347, 600696.158000000054017 ], [ 251257.8358, 600744.278499998035841 ], [ 251309.3046, 600750.053800001973286 ], [ 251364.584100000996841, 600497.649700000998564 ], [ 251701.904599998000776, 599900.975699997972697 ], [ 251805.037000000011176, 599993.630600002012216 ], [ 252024.35209999998915, 599987.798900000983849 ], [ 251998.5196, 600179.818700000992976 ], [ 252338.621300000988413, 600279.724399999016896 ], [ 252561.937600002012914, 600228.031399999046698 ], [ 252744.807, 600349.25199999997858 ], [ 252767.712000000989065, 600285.609000000986271 ], [ 252804.359000000986271, 600303.429000001051463 ], [ 252800.540800001006573, 600223.94990000105463 ], [ 252874.14820000200416, 600263.157099999021739 ], [ 252848.418400001013651, 600191.411499998997897 ], [ 253144.568999998009531, 600288.662999999010935 ], [ 253210.8224, 600116.946199998026714 ], [ 253175.2995, 599937.040199998999014 ], [ 253480.532600000995444, 599661.365800000960007 ], [ 253782.261900000012247, 599814.34540000197012 ], [ 253675.303300000989111, 599974.447099998942576 ], [ 253791.385799999989104, 600046.703100000042468 ], [ 253722.077399998990586, 600267.467900000978261 ], [ 253437.246100001008017, 600177.38740000105463 ], [ 253404.243500001990469, 600182.980300002032891 ], [ 253437.833600000012666, 600185.93660000001546 ], [ 253404.409200002002763, 600289.967900000978261 ], [ 254692.859299998992356, 600684.962599999969825 ], [ 254709.415800001006573, 600638.022999997949228 ], [ 254793.979600001010112, 600634.985399998957291 ], [ 254794.168499999010237, 600715.44960000005085 ], [ 254905.135200001008343, 600750.198300000047311 ], [ 254935.34299999801442, 600368.427099999040365 ], [ 255234.034000001993263, 599381.97100000095088 ], [ 255403.953100000013364, 599188.994600001955405 ], [ 255337.779300001013326, 598690.27789999905508 ], [ 255375.3609, 598486.324700001976453 ], [ 255473.578100000013364, 598331.927600000053644 ], [ 255462.660300001996802, 598014.87300000002142 ], [ 255533.644000000989763, 597631.533000000054017 ], [ 255882.767499998008134, 596741.51289999904111 ], [ 256312.225000000995351, 596719.979999999981374 ], [ 256618.96099999899161, 596431.846999999019317 ], [ 257014.115400000999216, 596169.793099998962134 ], [ 257656.575599998002872, 595547.53260000096634 ], [ 257734.5724, 595560.014400001964532 ], [ 257725.706599998986349, 595480.559099997975864 ], [ 257803.936000001005596, 595372.853999997954816 ], [ 258194.348000000987668, 595288.552999999024905 ], [ 258737.74399999898742, 594817.541099998983555 ], [ 258693.026000001002103, 594547.728 ], [ 259343.534600001003128, 594248.919899999978952 ], [ 260486.006999998993706, 593974.374000002047978 ], [ 261610.284899997990578, 593528.756799999973737 ], [ 262243.776500002015382, 593449.849500000011176 ], [ 262809.723000000987668, 593507.271299998974428 ], [ 262817.0528, 593477.270000000018626 ], [ 262720.975800000014715, 593394.543799999984913 ], [ 262009.491, 593337.875999997952022 ], [ 261656.087999999988824, 593401.648800001014024 ], [ 260495.074000001011882, 593865.991999999037944 ], [ 259275.606899998994777, 594117.197799999034032 ], [ 258867.28900000100839, 594282.339099999982864 ], [ 258488.277299999987008, 594657.634399999049492 ], [ 258432.747099998989142, 594641.101000000024214 ], [ 258063.291000000986969, 595179.462099998956546 ], [ 257855.844000001001405, 595068.922999999951571 ], [ 257663.642000001011183, 594571.396400001016445 ], [ 257821.451099998987047, 594514.839799999957904 ], [ 257912.465999998006737, 594413.833999998983927 ], [ 258186.886900000012247, 594431.222300000023097 ], [ 259126.4058, 593976.8136 ], [ 259679.447900000988739, 593826.197399999946356 ], [ 260002.761, 593638.891800001030788 ], [ 260362.451000000990462, 593663.041000001016073 ], [ 260815.986400001012953, 593445.446800000965595 ], [ 261104.625999998010229, 593381.944999999948777 ], [ 262242.017299999017268, 592888.344700000947341 ], [ 262536.842, 592644.725000001024455 ], [ 263198.9067, 593146.12699999997858 ], [ 263098.733699999982491, 593323.649700000998564 ], [ 263163.14139999798499, 593365.966999999945983 ], [ 263352.936999998986721, 592865.732700000982732 ], [ 263156.93829999899026, 592336.041999998968095 ], [ 263191.802000001014676, 592291.985199998947792 ], [ 264315.302000001014676, 591909.771899997955188 ], [ 264580.884799998020753, 591930.922400000970811 ], [ 265038.572000000975095, 592173.868000000948086 ], [ 265126.977000001992565, 591921.416000001016073 ], [ 265502.8519, 591813.197799999034032 ], [ 265688.666000001016073, 591619.011999998008832 ], [ 267067.395000000018626, 591672.136000000056811 ], [ 267181.431899997987784, 591723.111400000983849 ], [ 267634.289999998989515, 591743.370999998995103 ], [ 267892.26639999798499, 592130.010400000959635 ], [ 268259.535999997984618, 592190.146000002045184 ], [ 268572.759000000020023, 592305.966999999945983 ], [ 268857.999000001989771, 592637.243000000948086 ], [ 269055.787000000011176, 592717.511000000056811 ], [ 269163.769000001018867, 592628.193999998038635 ], [ 269065.300999998988118, 592308.556000001961365 ], [ 268883.114, 592269.370999998995103 ], [ 268542.520399998989888, 591793.283399999025278 ], [ 268226.1653, 591475.912000000011176 ], [ 268185.603799998993054, 591504.773999999975786 ], [ 268137.933100000023842, 591451.880600002012216 ], [ 268043.98220000002766, 590746.191100000985898 ], [ 268249.145799998019356, 589779.529300000984222 ], [ 267973.513999998976942, 589203.965100002009422 ], [ 267812.73220000002766, 588462.374899997957982 ], [ 267829.90500000101747, 587996.479999999981374 ], [ 268262.782099999021739, 587448.288800001027994 ], [ 268849.989100001985207, 586969.912500001024455 ], [ 268264.168000000994653, 586675.890000000945292 ], [ 267760.655999999027699, 586115.379999998956919 ], [ 267951.379000001004897, 585950.38800000003539 ], [ 267550.660900000017136, 585609.823899999028072 ], [ 267001.041999999026302, 586240.335999998962507 ], [ 266466.022, 585820.983299999963492 ], [ 265575.010699998994824, 586916.784800000023097 ], [ 265278.346000001009088, 586598.829599999007769 ], [ 265180.616099998005666, 585874.729999999981374 ], [ 265841.07629999902565, 585999.01469999901019 ], [ 266173.158100001979619, 585566.0394 ], [ 265798.6153, 585209.598499997984618 ], [ 264535.337999999988824, 584270.664999998989515 ], [ 265391.869600002013613, 582716.002099997946061 ], [ 265385.055899999977555, 582634.195199999958277 ], [ 265182.35799999901792, 582372.117500000051223 ], [ 264876.500700001022778, 582284.734299998963252 ], [ 264868.7808, 582106.5856 ], [ 265429.0834, 581487.914700001012534 ], [ 265261.406199998978991, 581361.375100002042018 ], [ 265153.593800001021009, 581036.125 ], [ 265014.093699998978991, 581071.187600002042018 ], [ 264855.49989999801619, 581019.625100002042018 ], [ 264664.906199998978991, 580696.625100002042018 ], [ 264289.739100001985207, 580712.676199999055825 ], [ 263086.834100001025945, 584412.793000000994653 ], [ 262793.516300000017509, 584371.327000000048429 ], [ 262728.225499999010935, 584278.022999997949228 ], [ 262731.51579999900423, 584175.015099999029189 ], [ 262270.095899999025278, 583195.610399998957291 ], [ 262277.34430000197608, 583074.947099998942576 ], [ 261689.999899997987086, 582638.625100002042018 ], [ 261145.309900001011556, 582007.368099999031983 ], [ 261091.037000000011176, 581985.884199999039993 ], [ 260821.682200000010198, 583126.381700002006255 ], [ 260555.702100001013605, 582993.300799999036826 ], [ 260531.116700001002755, 583037.195999998948537 ], [ 260321.905400001007365, 582960.56509999895934 ], [ 260296.739100002014311, 583003.316 ], [ 259844.0, 582778.0 ], [ 260693.973200000997167, 580872.478200000012293 ], [ 259500.972100001003128, 580332.384500000975095 ], [ 260172.8959, 579148.479699998977594 ], [ 260740.485100001009414, 579066.388300001970492 ], [ 260766.01590000098804, 579015.276399999973364 ], [ 261182.2414, 578803.588799998047762 ], [ 260595.041900001000613, 578368.030299999052659 ], [ 260451.288199998001801, 578330.081 ], [ 260003.609299998992356, 578548.312600002042018 ], [ 259886.471900000993628, 578662.129700000979938 ], [ 259863.6153, 578604.717500000959262 ], [ 259586.0911, 578657.008099999045953 ], [ 259545.657699998002499, 578798.194099999964237 ], [ 259580.5814, 578397.105999998981133 ], [ 259664.519499999005347, 578110.404800001997501 ], [ 259547.296899999986636, 578143.6875 ], [ 259657.9155, 577637.878899998962879 ], [ 257093.292399998987094, 577309.552000000956468 ], [ 256720.6400000010035, 577226.449999999022111 ], [ 256662.710000001010485, 577315.890000000945292 ], [ 256694.379999998986023, 577468.640000000945292 ], [ 256937.879999998986023, 577566.510000001988374 ], [ 257016.59, 577748.210000001010485 ], [ 256907.190000000991859, 577969.559999999008141 ], [ 256906.600000000995351, 578256.770000000018626 ], [ 257052.399999999004649, 578445.699999999022111 ], [ 257174.309999999008141, 578863.319999999948777 ], [ 257171.870000001013977, 579041.069999999948777 ], [ 257325.489999998011626, 579176.050000000977889 ], [ 257351.417199999006698, 579377.28260000096634 ], [ 257649.068, 579302.258000000962056 ], [ 257704.237199999013683, 579399.340199999976903 ], [ 257792.9802, 579711.352400001022033 ], [ 257619.41539999798988, 579759.62759999895934 ], [ 257762.214600000996143, 580104.153900000965223 ], [ 257350.535599999013357, 580268.471400000038557 ], [ 257314.075199999002507, 580184.776000001002103 ], [ 257068.9038, 580296.497299998998642 ], [ 256914.243799999007024, 580195.965899999951944 ], [ 256060.521600000996841, 580514.977600001031533 ], [ 255888.004799999005627, 580353.015099999029189 ], [ 255672.387699999002507, 580356.189800002030097 ], [ 255556.471000001009088, 580893.460999998962507 ], [ 255194.668000000994653, 580819.118999999016523 ], [ 255603.3156, 579894.945599999045953 ], [ 255711.456, 579436.875999997952022 ], [ 255142.772999998007435, 579454.594000000972301 ], [ 255140.126499998994404, 579517.005499999970198 ], [ 254844.6631, 579524.583099998999387 ], [ 254847.301600002014311, 579688.192600000998937 ], [ 254643.9804, 579711.912300001946278 ], [ 254402.05539999899338, 579678.829300001030788 ], [ 254384.469000001001405, 579465.070900000981055 ], [ 254297.433699999004602, 579569.004700000979938 ], [ 254318.554000000993256, 579668.07739999901969 ], [ 254268.372800000011921, 579696.447500001988374 ], [ 254312.692400000989437, 579702.479899998987094 ], [ 254299.9441, 579786.675999999046326 ], [ 253939.720699998986674, 579798.661100000026636 ], [ 253944.382699999987381, 579904.552099999040365 ], [ 253828.5594, 579904.377700001001358 ], [ 253753.0803, 579802.873500001034699 ], [ 253568.25, 579806.583999998983927 ], [ 253475.098999998997897, 579906.215100002009422 ], [ 253570.453899998014094, 580014.391100001055747 ], [ 253902.059900001011556, 580145.460099998977967 ], [ 253732.482900000992231, 581026.587099998956546 ], [ 253922.643300000985619, 581077.346200000029057 ], [ 252725.69619999799761, 580827.3345 ], [ 252663.734399999986636, 580900.694299999973737 ], [ 252555.467399999004556, 581452.434300001943484 ], [ 252576.526999999012332, 581299.089099999982864 ], [ 252136.4089, 581194.944099999964237 ], [ 251145.942899997986387, 581979.225099998991936 ], [ 251025.926899999001762, 581768.936099999002181 ], [ 250562.389800000994001, 582071.001400000997819 ], [ 250593.958900000987342, 582128.329100001952611 ], [ 250326.3125, 582315.08109999797307 ], [ 250262.052900000999216, 582225.790100001031533 ], [ 250224.1459, 582001.007100000977516 ], [ 249654.256299998989562, 581225.100200001033954 ], [ 249407.146000001986977, 581385.366000000038184 ], [ 249434.61740000199643, 581424.775600000983104 ], [ 249402.499699998996221, 581446.762800000957213 ], [ 249223.348700002010446, 581218.097199999028817 ], [ 249224.47540000101435, 581283.225299999001436 ], [ 249158.844000001001405, 581338.684 ], [ 249297.545899997989181, 581535.544100000988692 ], [ 248987.902399998012697, 581734.908399999025278 ], [ 249240.918800000014016, 581840.413500000024214 ], [ 249357.633299998997245, 581628.715500000980683 ], [ 249633.584199998993427, 582062.942000002018176 ], [ 249685.289500001992565, 582114.430300001055002 ], [ 249750.057599999010563, 582098.76579999900423 ], [ 249836.013, 582186.374000002047978 ], [ 249572.21099999899161, 582356.962000000989065 ], [ 249610.488099999987753, 582450.400800000992604 ], [ 249550.3862, 582496.649599998956546 ], [ 249315.453000001987675, 582525.671999998041429 ], [ 249338.1193, 582668.528099998948164 ], [ 249447.729200002009748, 582618.776900000986643 ], [ 249435.447700001008343, 582735.069200002006255 ], [ 249566.993000001006294, 582752.765999999013729 ], [ 249607.091899997991277, 582824.427099999040365 ], [ 249377.857900000992231, 582985.156100000953302 ], [ 249373.384199999010889, 583119.199000000953674 ], [ 249501.972600001987303, 583109.522 ], [ 249578.4606, 583219.344399999943562 ], [ 249701.23409999901196, 583171.625300001003779 ], [ 249779.5504, 583318.867800001055002 ], [ 249963.728100001986604, 583402.198300000047311 ], [ 250006.982099999004276, 583497.242500000051223 ], [ 249957.8596, 583609.903200000990182 ], [ 249655.8268, 583427.669199998956174 ], [ 249197.6679, 582978.167599997948855 ], [ 248931.868099999002879, 583158.596200000029057 ], [ 249087.263900001009461, 583382.361099999048747 ], [ 249222.78990000099293, 583287.371100001037121 ], [ 249504.741, 583666.340999998035841 ], [ 249314.830899999011308, 583832.679099999018945 ], [ 249382.754900000989437, 583911.186099999002181 ], [ 249457.1109, 583854.967799999052659 ], [ 247861.525899998989189, 585239.607000001007691 ], [ 247773.348299998993753, 585643.187800001003779 ], [ 247883.792100001010112, 586203.903299998026341 ], [ 247756.5955, 586504.3785 ], [ 247838.90590000199154, 586529.495099999010563 ], [ 247934.316599999001483, 586674.846600000048056 ], [ 247808.91, 586827.320999998948537 ], [ 247890.4681, 586836.081500001018867 ] ] ], [ [ [ 242841.979499998997198, 588014.864199999952689 ], [ 243213.087999999988824, 587924.682599999010563 ], [ 243296.534000001993263, 587714.313999998965301 ], [ 243775.375100002012914, 587111.682799999020062 ], [ 244739.212000000989065, 587802.04500000202097 ], [ 246703.849100001010811, 588965.680500000948086 ], [ 246977.931299999007024, 588858.124699998996221 ], [ 246947.906800002005184, 588645.4375 ], [ 246771.714200001006247, 588440.317400000989437 ], [ 246857.444200002006255, 588063.242600001045503 ], [ 247808.91, 586827.320999998948537 ], [ 247742.138500000990462, 586790.150699998950586 ], [ 247621.3891, 586899.995099999010563 ], [ 247396.424199998000404, 586865.243000000948086 ], [ 247118.9747, 587183.372900002053939 ], [ 246869.574499998008832, 587152.4144 ], [ 246780.286200002010446, 587244.170699998969212 ], [ 246869.741199999989476, 587812.300200000056066 ], [ 246798.999400000990136, 587899.250300001003779 ], [ 246269.567200001009041, 588159.004999998956919 ], [ 246217.109000000986271, 588132.390999999013729 ], [ 246130.559300002001692, 588268.961699999985285 ], [ 246196.410100001987303, 588337.366700000944547 ], [ 246118.686999998986721, 588449.853899999987334 ], [ 244770.452100001013605, 587731.275699998950586 ], [ 243488.615400000999216, 586831.31449999997858 ], [ 243193.659099999989849, 586648.663800001027994 ], [ 243106.319800000987016, 586683.343299999949522 ], [ 241887.22679999799584, 585925.197299998020753 ], [ 241808.124000001989771, 585991.449000000953674 ], [ 241774.8127, 586394.743400000035763 ], [ 242633.092700000997866, 587340.88820000004489 ], [ 242617.890700001007644, 587564.558400001027621 ], [ 242502.930799997993745, 587815.038199997972697 ], [ 242701.170000001991866, 588063.473999998997897 ], [ 242759.865699999005301, 587916.504700000979938 ], [ 242774.701000000990462, 588029.681899997987784 ], [ 242841.979499998997198, 588014.864199999952689 ] ] ], [ [ [ 249040.5834, 589761.104200002038851 ], [ 249131.006099999009166, 589822.5427 ], [ 249274.923999999009538, 589621.103 ], [ 248762.567000001989072, 589501.793000000994653 ], [ 248774.3035, 589468.552999999024905 ], [ 248662.876200002006954, 589387.289000001037493 ], [ 248650.214899998012697, 589459.936799998977222 ], [ 248504.5319, 589404.010499999043532 ], [ 248527.8629, 589351.836100001004525 ], [ 248440.170899997989181, 589318.48710000095889 ], [ 248452.275600001012208, 589283.585499997949228 ], [ 248223.542399998987094, 589255.890099999029189 ], [ 248197.528700002003461, 589142.213199998950586 ], [ 248174.355900001013651, 589262.582199997967109 ], [ 248358.9705, 589349.584399997955188 ], [ 248283.135100000014063, 589417.294399998965673 ], [ 248226.26590000098804, 589614.45609999797307 ], [ 248371.228899999987334, 589671.286100000026636 ], [ 248280.700199999002507, 589831.885899998014793 ], [ 248582.901900000986643, 589954.897700001019984 ], [ 248654.220699998986674, 589844.060699998983182 ], [ 248923.035200000012992, 589749.9804 ], [ 249040.5834, 589761.104200002038851 ] ] ], [ [ [ 247638.730000000010477, 598962.760000001988374 ], [ 247633.7163, 598871.7302 ], [ 247604.818300001003081, 598907.790700000012293 ], [ 247580.475000000995351, 598869.480799998971634 ], [ 247554.829599999007769, 599007.73620000097435 ], [ 247638.730000000010477, 598962.760000001988374 ] ] ], [ [ [ 247114.250500001013279, 600251.785500001045875 ], [ 247390.975499999010935, 599993.359299998963252 ], [ 247448.372200001002057, 599825.463699999963865 ], [ 247640.842300001997501, 599611.711599997943267 ], [ 247551.774, 599319.655400000978261 ], [ 247475.6558, 599230.510099999955855 ], [ 247550.357900000992231, 599025.087900002021343 ], [ 247494.788199998001801, 599067.892000001040287 ], [ 247411.579999998008134, 599010.4399 ], [ 247446.160399999003857, 598934.2524 ], [ 247327.68829999899026, 598839.067099999985658 ], [ 247219.879999998986023, 599074.199999999022111 ], [ 247261.298599998990539, 599108.148800001014024 ], [ 247157.129000001004897, 599239.669899999978952 ], [ 247278.789999998989515, 599319.960000001010485 ], [ 247244.93, 599371.57999999797903 ], [ 247132.885899997985689, 599308.354400001000613 ], [ 247100.34, 599395.229899998987094 ], [ 247025.34220000001369, 599402.111699998029508 ], [ 247049.987199999013683, 599360.666299998993054 ], [ 246913.100000000995351, 599242.709899998968467 ], [ 246974.8900000010035, 599153.799899999052286 ], [ 246926.300000001006993, 599119.379999998956919 ], [ 247041.202300000994001, 598805.628800000995398 ], [ 247130.317099999985658, 598839.742899999022484 ], [ 247207.30429999899934, 598641.691300000995398 ], [ 247068.839100000011967, 598625.7465 ], [ 247112.455699999001808, 598518.757599998032674 ], [ 246841.147, 598235.070999998948537 ], [ 246267.6972, 599136.977200001012534 ], [ 246444.3059, 599256.046399998944253 ], [ 246423.616099998005666, 599775.057100001955405 ], [ 246256.739200000010896, 599912.845199998002499 ], [ 246593.721900000993628, 600144.57490000105463 ], [ 246347.482999998988817, 600448.3983 ], [ 246511.368799999007024, 600257.086800002027303 ], [ 246568.3541, 600299.578699999023229 ], [ 246623.18, 600241.56509999895934 ], [ 246941.324400000012247, 600499.660399999003857 ], [ 247114.250500001013279, 600251.785500001045875 ] ] ], [ [ [ 257829.2192, 594937.471099999034777 ], [ 257879.120499998010928, 594990.610599998035468 ], [ 257929.021799999987707, 594943.750100002042018 ], [ 257879.120499998010928, 594890.610599998035468 ], [ 257829.2192, 594937.471099999034777 ] ] ] ] } },
{ "type": "Feature", "properties": { "label": "WSMR Winsum Ranum", "gid": "WSMR Winsum Ranum" }, "geometry": { "type": "MultiPolygon", "coordinates": [ [ [ [ 214615.874899997987086, 592790.652499999967404 ], [ 214538.978999998013023, 592160.311999998986721 ], [ 214774.967, 592075.392000001040287 ], [ 214956.9849999989965, 592101.949999999022111 ], [ 215360.915600001986604, 591871.248799997963943 ], [ 215445.508299998997245, 591702.73229999805335 ], [ 215198.643800001998898, 591366.728300001006573 ], [ 214483.450100001005922, 591129.267200001049787 ], [ 214357.877999999007443, 591237.4981000010157 ], [ 214585.484499998012325, 591470.349700000020675 ], [ 214844.526299997989554, 591307.884100000956096 ], [ 214717.700800001999596, 591614.639400001964532 ], [ 214637.904800001997501, 592012.022 ], [ 214285.106300000014016, 592163.587799999979325 ], [ 214234.72740000099293, 592872.736900001997128 ], [ 214148.295200001011835, 593166.67280000098981 ], [ 214709.2097, 593831.593699999037199 ], [ 214739.209199998993427, 593801.664299997966737 ], [ 214615.874899997987086, 592790.652499999967404 ] ] ], [ [ [ 240471.025800000992604, 591731.885800000047311 ], [ 240187.131200000992976, 591591.342700000968762 ], [ 239788.294599999004276, 591533.004000001004897 ], [ 239333.925900000991533, 591715.416000001016073 ], [ 239224.835000001010485, 591316.519400001037866 ], [ 238240.988299999007722, 591438.543400001013651 ], [ 237525.629000001004897, 591317.534000001964159 ], [ 238139.6074, 589946.420899998047389 ], [ 237915.312199998996221, 589622.367600001045503 ], [ 238502.813000001013279, 589545.611299998941831 ], [ 238739.570799998997245, 590111.041700002038851 ], [ 238064.538600000989391, 588368.691799998050556 ], [ 237868.480599998991238, 588111.645199998980388 ], [ 237602.257399999012705, 587943.832899998989888 ], [ 237296.259, 587872.872699997969903 ], [ 236273.666200000996469, 587770.710000001010485 ], [ 236040.785799998993753, 587839.697500001988374 ], [ 235956.441, 587701.344999999040738 ], [ 235534.78900000100839, 587645.827000000048429 ], [ 235873.612199999013683, 588370.028700002003461 ], [ 235732.169199999014381, 588397.236099999048747 ], [ 235646.552399999985937, 588646.392000001040287 ], [ 235687.655999998998595, 589060.778299998026341 ], [ 235798.5627, 589255.479499998968095 ], [ 235920.351100000989391, 589243.980300002032891 ], [ 236017.568300001003081, 588597.606199997942895 ], [ 236038.011799998988863, 588643.113000001991168 ], [ 235786.456, 590346.609000000986271 ], [ 235742.650699999008793, 590354.081200000015087 ], [ 235724.488600001001032, 590463.888099998002872 ], [ 235391.738400000991533, 590435.36210000095889 ], [ 235389.129099999001483, 590283.651900000986643 ], [ 235335.7650000010035, 590283.622000001021661 ], [ 235341.505299999989802, 589920.714600000996143 ], [ 234835.147999998007435, 589938.285000000032596 ], [ 234840.522999998007435, 589672.631000000983477 ], [ 234801.972600001987303, 589675.88789999904111 ], [ 234859.3574, 589287.01399999903515 ], [ 234486.625700000993675, 588655.5209 ], [ 234542.657499999011634, 588289.264199997996911 ], [ 234271.350499999010935, 587592.670299998950213 ], [ 233598.66400000100839, 587496.500700001022778 ], [ 233574.0583, 587861.085900000995025 ], [ 232761.772999998007435, 587743.646000002045184 ], [ 232610.728999998013023, 587124.096999999019317 ], [ 232341.40549999801442, 587036.718800000962801 ], [ 231967.4153, 588126.459199998993427 ], [ 232026.64790000001085, 587937.787099997978657 ], [ 231738.909099999989849, 587923.029499999945983 ], [ 231818.201099998987047, 587498.269699997967109 ], [ 231674.761300001002382, 587487.881099998950958 ], [ 231713.00800000099116, 587141.37220000103116 ], [ 231867.8774, 586591.3114 ], [ 231544.739, 586555.366000000038184 ], [ 231545.572000001004199, 586508.732999998959713 ], [ 231381.576000000990462, 586401.749000002047978 ], [ 231355.949999998993007, 586438.947000000975095 ], [ 231283.942000001989072, 586348.374000002047978 ], [ 231035.949999998993007, 586347.526000001002103 ], [ 230885.489999998011626, 586139.686000001034699 ], [ 230762.247000000992557, 586281.026000001002103 ], [ 230556.605999999010237, 586311.116000000038184 ], [ 230532.434999999008141, 586364.456 ], [ 229986.263999999006046, 586166.522999997949228 ], [ 229812.403000001009787, 586251.324000000953674 ], [ 229676.343499998998595, 587424.201800000038929 ], [ 229512.805300000996795, 587098.964600000996143 ], [ 229355.828200001007644, 587107.178599998005666 ], [ 228977.721799999009818, 587010.631499998038635 ], [ 228851.147799998987466, 586640.964499998954125 ], [ 228421.965, 586811.085000001010485 ], [ 228351.849199999007396, 586981.972199999028817 ], [ 228227.91290000101435, 586886.170200000982732 ], [ 228182.193700000992976, 586736.894299998995848 ], [ 228117.887600001005922, 586703.312800001003779 ], [ 228183.943999998009531, 587834.701000001048669 ], [ 227827.892999998992309, 587804.706 ], [ 227595.155999998998595, 587727.47100000095088 ], [ 227372.583999999013031, 588183.668000000994653 ], [ 227324.697999999014428, 588589.743999999016523 ], [ 226706.120000001013977, 588627.684999999008141 ], [ 226611.171, 588694.21799999801442 ], [ 226684.885000001988374, 588794.056000001961365 ], [ 226562.857000001007691, 588961.419 ], [ 226566.313999998994404, 589022.693999998038635 ], [ 226477.135000001988374, 588977.738999999943189 ], [ 226428.223000000987668, 589075.535000000032596 ], [ 226116.835000001010485, 588940.057000000029802 ], [ 226069.440000000991859, 588857.131999999051914 ], [ 225847.326000000990462, 588709.065000000991859 ], [ 225675.017000001011183, 588768.572999999043532 ], [ 225703.796999998012325, 588895.274999998975545 ], [ 225527.839000001986278, 588759.47100000095088 ], [ 225402.0, 589004.195999998948537 ], [ 225348.372000000992557, 589019.585999998962507 ], [ 225232.394000000989763, 588888.523999999975786 ], [ 224611.36899999898742, 588461.245000001043081 ], [ 224498.559999999008141, 588743.350000001024455 ], [ 224089.57, 588868.280000000959262 ], [ 224194.920000001991866, 589177.816 ], [ 224172.265500001987675, 589459.887200001976453 ], [ 223965.230099998007063, 589364.572900000959635 ], [ 223906.620700002007652, 589524.973099999013357 ], [ 223238.152600002009422, 589764.983299999963492 ], [ 223197.848299998993753, 589896.466099999961443 ], [ 223262.582400001992937, 590359.841099999961443 ], [ 223194.608100001001731, 590630.4571 ], [ 222423.252900001010858, 591003.102499998989515 ], [ 222276.68829999899026, 590867.107199999969453 ], [ 222384.7502, 590752.305100001045503 ], [ 222053.203000001987675, 590619.625 ], [ 222000.353300001006573, 590639.466099999961443 ], [ 222043.78159999800846, 590733.8715 ], [ 222007.072000001004199, 590751.897 ], [ 221951.840900000010151, 590684.9769 ], [ 221922.0, 590729.875 ], [ 221819.728999998013023, 591042.0 ], [ 221649.045000001991866, 591041.715199999976903 ], [ 221252.6129, 590859.266500000027008 ], [ 220878.781500001001405, 591167.827300001052208 ], [ 220771.402100000996143, 591092.621800001943484 ], [ 220849.559900001011556, 591227.699299999047071 ], [ 220746.568700000992976, 591445.296300000976771 ], [ 220609.064599998004269, 591580.016700000036508 ], [ 220675.778099999006372, 591650.630399998044595 ], [ 221390.857599999988452, 591645.066699999966659 ], [ 221911.154899999004556, 591432.239100001985207 ], [ 221922.0474999989965, 591638.946499999961816 ], [ 221781.3583, 591954.993999999016523 ], [ 221872.920699998998316, 592139.442699998966418 ], [ 221488.058600001008017, 592434.679699997999705 ], [ 221099.263199999986682, 592309.309799998998642 ], [ 220677.516600002010819, 592602.7269 ], [ 220407.8358, 593230.136700000963174 ], [ 220290.800999998988118, 593235.822000000975095 ], [ 220181.197000001004199, 593179.708999998983927 ], [ 219859.607999998988817, 592531.328000001958571 ], [ 219643.881999998993706, 592371.305000000051223 ], [ 219471.199999998993007, 592400.719999999040738 ], [ 219113.489999998011626, 592802.129999998956919 ], [ 218810.91, 592936.07999999797903 ], [ 218577.079999998008134, 592896.960000001010485 ], [ 217943.210000001010485, 592506.270000000018626 ], [ 217780.719999999011634, 592486.839999999967404 ], [ 217457.100000000995351, 592538.710000001010485 ], [ 217081.960000001010485, 592732.289999998989515 ], [ 216930.399999999004649, 592948.969999999040738 ], [ 216883.370000001013977, 593580.180000000051223 ], [ 216697.239200000010896, 593994.29760000098031 ], [ 216465.592700000997866, 593722.694899998954497 ], [ 216407.477000001992565, 593307.46649999904912 ], [ 216055.632199999003205, 593119.380699999979697 ], [ 215452.765299997990951, 593213.46840000199154 ], [ 214750.135100000014063, 593746.677400000044145 ], [ 214925.79659999901196, 595331.182000000029802 ], [ 215169.187899999000365, 595155.479600001010112 ], [ 215329.772, 594657.26300000003539 ], [ 215379.203000001987675, 594679.155000000959262 ], [ 215285.125100002012914, 595051.147899999981746 ], [ 215448.4045, 595018.984399999957532 ], [ 215601.233199998998316, 594905.134300000965595 ], [ 215626.414500001992565, 594935.1435 ], [ 215555.900800000992604, 595039.708099998999387 ], [ 215485.9443, 595046.598800000036135 ], [ 215485.9443, 595110.341200002003461 ], [ 215542.876200002006954, 595124.958799998974428 ], [ 215535.788299999985611, 595069.533000000054017 ], [ 215717.000999998010229, 595014.96799999801442 ], [ 215790.541999998997198, 595153.302999999024905 ], [ 215790.989999998011626, 595204.708900001016445 ], [ 215740.581300001998898, 595210.18829999899026 ], [ 215341.083000001002802, 595146.312899998971261 ], [ 215626.670000001991866, 595257.697000000975095 ], [ 215593.46950000198558, 595356.392000001040287 ], [ 215284.7918, 595244.280999999027699 ], [ 215291.306000001990469, 595192.692000002018176 ], [ 214961.6019, 595429.484399999957532 ], [ 214664.9025, 595493.855999998981133 ], [ 214072.93, 595836.317000002018176 ], [ 213498.412500000995351, 595958.895000000018626 ], [ 213028.504999998986023, 596173.675999999046326 ], [ 212446.620999998995103, 596221.927000000956468 ], [ 211786.555799997993745, 595658.118299997993745 ], [ 211455.048, 595593.692999999970198 ], [ 211335.305300000996795, 595636.3358 ], [ 211269.942299999005627, 595748.993000000948086 ], [ 211343.555, 596050.491999999037944 ], [ 211274.136100002011517, 596525.254000001004897 ], [ 212198.923, 596775.583000001031905 ], [ 212570.059999999008141, 597210.70499999797903 ], [ 212874.581, 597110.86199999996461 ], [ 212937.285999998013722, 597298.761000000056811 ], [ 212332.401000001002103, 597595.22100000095088 ], [ 212123.805, 597372.546999998041429 ], [ 211843.074000001011882, 597250.370000001043081 ], [ 211654.857000001007691, 597260.151000001002103 ], [ 211371.291499998013023, 597425.398999999975786 ], [ 211408.056000001990469, 597558.726000000024214 ], [ 211655.976100000989391, 597829.682700001052581 ], [ 211892.673999999009538, 597957.690000000991859 ], [ 211748.771799999987707, 598054.1899 ], [ 211611.475000000995351, 598430.835999998962507 ], [ 211260.294, 598165.289500002050772 ], [ 210646.804000000993256, 598033.317000002018176 ], [ 210279.421999998012325, 597846.703000001958571 ], [ 210000.811000001005596, 598083.03290000197012 ], [ 209749.498, 598181.274999998975545 ], [ 209760.535500000987668, 598384.228399998974055 ], [ 209993.686999998986721, 598710.326000001048669 ], [ 210651.436000001005596, 598724.833999998983927 ], [ 211226.664999998989515, 598795.265000000945292 ], [ 211340.719000001001405, 598870.87699999997858 ], [ 210823.41400000100839, 598995.50199999997858 ], [ 210567.478300001006573, 598942.838300000992604 ], [ 210352.499600000999635, 598981.783599999034777 ], [ 209584.348000000987668, 599202.521100000012666 ], [ 209467.0024, 599138.071199998026714 ], [ 209154.58599999899161, 599117.969000000972301 ], [ 208516.848299998993753, 599371.280999999027699 ], [ 208143.614, 599367.116000000038184 ], [ 208056.098999998997897, 599425.081799998995848 ], [ 207986.247299998998642, 599725.506999999051914 ], [ 208089.34, 599902.552999999024905 ], [ 208557.890500001987675, 599857.278000000980683 ], [ 209056.699999998993007, 599908.729999999981374 ], [ 209142.616, 599963.774700000998564 ], [ 209193.980999999010237, 600222.960999998962507 ], [ 208862.693300001003081, 600742.693500000983477 ], [ 208668.885100000014063, 600805.645500001031905 ], [ 208562.453000001987675, 600744.017000001040287 ], [ 208507.716499998990912, 600795.249299998977222 ], [ 208641.590999998006737, 600928.039000001037493 ], [ 208509.572500001988374, 601015.690499998978339 ], [ 207785.114999998011626, 601141.76300000003539 ], [ 207703.123, 601203.725299999001436 ], [ 207717.804099998989841, 601356.960000001010485 ], [ 207832.377, 601509.82999999797903 ], [ 207826.471999998990213, 601812.146799999987707 ], [ 207899.269000000989763, 602010.160999997984618 ], [ 208049.99199999900884, 602179.017999998992309 ], [ 208959.583999999013031, 602142.441 ], [ 209223.1105, 601760.264300000038929 ], [ 209771.995000001013977, 601360.756999999051914 ], [ 210186.552099999011261, 600725.161800001049414 ], [ 210515.945999999006744, 600525.177999999024905 ], [ 210677.227600001002429, 600478.934200000017881 ], [ 210805.11699999900884, 600597.098000001045875 ], [ 211306.931000001990469, 600623.067000002018176 ], [ 211497.963100001012208, 600905.036200001952238 ], [ 211319.811500001989771, 601016.162799999001436 ], [ 211248.627999999007443, 601344.896000002045184 ], [ 210658.169, 601454.256999999051914 ], [ 210553.3900000010035, 601550.432999997981824 ], [ 210467.311000001005596, 601444.883000000962056 ], [ 210330.792300000990508, 601524.0035 ], [ 210270.1653, 601654.243299997993745 ], [ 209947.028000001009787, 601821.175999999046326 ], [ 209975.3464, 601871.965899999951944 ], [ 209919.740200002008351, 601929.477600001031533 ], [ 209838.4564, 601940.993400000035763 ], [ 209829.462999999988824, 601894.302999999024905 ], [ 209802.4615, 602026.93550000002142 ], [ 209698.050000001006993, 602067.234000000986271 ], [ 209676.805300000996795, 601979.679299999028444 ], [ 209656.736499999009538, 602037.841699998942204 ], [ 209767.28900000100839, 602314.34600000095088 ], [ 209701.7016, 602405.666900001000613 ], [ 209592.815400001010858, 602369.937399997957982 ], [ 209582.9956, 602323.552700001979247 ], [ 209323.143800001998898, 602280.216999999945983 ], [ 209219.651700001006247, 602328.820399999967776 ], [ 209215.074000001011882, 602404.300999999046326 ], [ 209532.7645, 602424.326900001964532 ], [ 209517.079, 602562.679000001051463 ], [ 209183.778999998990912, 602536.524500000989065 ], [ 209102.737, 602394.614500000956468 ], [ 208806.816, 602597.686000001034699 ], [ 208809.498, 602696.993999999016523 ], [ 208707.747000000992557, 602675.672499999054708 ], [ 208566.646499999013031, 602766.813099998980761 ], [ 208532.309, 602955.103100002044812 ], [ 208452.5724, 603008.774799998966046 ], [ 208482.516600002010819, 603053.1065 ], [ 208616.817000001989072, 602970.947999999043532 ], [ 208850.320199999987381, 603126.738200000952929 ], [ 209042.820300002000295, 603120.224500000011176 ], [ 208994.223999998997897, 603059.943999998038635 ], [ 208894.609000000986271, 603060.667300001019612 ], [ 208836.802999998995801, 602814.15399999904912 ], [ 208889.0233, 602778.733299999963492 ], [ 208948.3292, 602838.39139999798499 ], [ 208992.690000000991859, 602701.537000000011176 ], [ 209256.684999999008141, 602712.452000000048429 ], [ 209867.723999998997897, 602903.155000000959262 ], [ 209801.853999998013023, 603079.006000000983477 ], [ 209212.030999998998595, 602873.980999998981133 ], [ 209061.783, 602866.969999999040738 ], [ 209170.046999998012325, 602949.36100000096485 ], [ 209132.109700002009049, 603065.244700000039302 ], [ 209211.988000001991168, 602936.802999999024905 ], [ 209917.013999999006046, 603126.224300001049414 ], [ 210031.2775, 602862.324999999022111 ], [ 211990.46799999801442, 603541.13899999903515 ], [ 212324.399999999004649, 603590.309 ], [ 212705.647999998007435, 603555.86100000096485 ], [ 213079.443, 603421.581999999005347 ], [ 215599.386, 601902.811999998986721 ], [ 216127.089499999012332, 601101.442899998044595 ], [ 216336.885400000988739, 601132.785599999013357 ], [ 216440.113000001991168, 601266.826000001048669 ], [ 217144.1099999989965, 601756.258000000962056 ], [ 218027.3957, 602224.591600000974722 ], [ 218260.467, 602519.491999999037944 ], [ 218396.064800002000993, 602832.636599999037571 ], [ 218948.381400000012945, 603069.099800001946278 ], [ 219094.631900000997121, 603258.918299998971634 ], [ 219347.206, 603237.686999998986721 ], [ 219549.307999998010928, 603317.675000000977889 ], [ 220196.227600001002429, 603718.382300000987016 ], [ 222095.998, 604208.802200000965968 ], [ 222635.581300001998898, 604207.588300000992604 ], [ 223043.4553, 604314.412400000030175 ], [ 223353.002599998988444, 604494.678199999034405 ], [ 223627.3464, 604400.600099998991936 ], [ 223891.126600001007318, 604483.160500001045875 ], [ 226839.509799997991649, 604841.425599999958649 ], [ 227996.614, 605191.686999998986721 ], [ 228403.094000001001405, 605258.214000002015382 ], [ 229094.138, 605255.313000001013279 ], [ 230391.34299999801442, 605456.567000002018176 ], [ 230427.780999998998595, 605406.776000001002103 ], [ 231467.350000000995351, 605539.281300000962801 ], [ 231432.265999999013729, 605243.831 ], [ 232082.754299997992348, 605359.672499999054708 ], [ 233371.530000000988366, 605740.622000001021661 ], [ 233453.381299998989562, 605695.49800000002142 ], [ 233487.836700000014389, 605786.822900000959635 ], [ 234241.107000001007691, 605932.079500001040287 ], [ 234429.444200002006255, 606061.772899999981746 ], [ 235556.659000001993263, 606458.017000001040287 ], [ 236289.577, 606853.298999998951331 ], [ 236614.515999999013729, 607235.011000000056811 ], [ 237111.127799998997943, 607467.141100001055747 ], [ 237818.5150000010035, 607937.304000001051463 ], [ 238071.7927, 608006.171899999957532 ], [ 238128.012200002005557, 607730.502199999988079 ], [ 238159.153700002003461, 607653.043699997942895 ], [ 238207.865400000999216, 607660.072200000053272 ], [ 238425.735399998986395, 606763.734499998041429 ], [ 238327.563900000997819, 606698.340999998035841 ], [ 238729.970400001999224, 604976.374000002047978 ], [ 238542.40470000001369, 604920.345500000054017 ], [ 238508.613000001991168, 605022.636999998008832 ], [ 237245.96799999801442, 604598.491000000038184 ], [ 237576.023899999010609, 603292.508099999045953 ], [ 237422.469300002005184, 603146.383000000962056 ], [ 237356.01610000099754, 602946.059799998998642 ], [ 237171.693599999009166, 602886.3123 ], [ 237140.012499998993007, 602998.210499997949228 ], [ 237023.754000001004897, 603007.160000000032596 ], [ 236996.961100001004525, 603144.294500001007691 ], [ 236885.699200000992278, 603119.825100000947714 ], [ 236895.445999999006744, 603048.186099999002181 ], [ 236529.652899998996872, 602987.57539999904111 ], [ 236707.665700000012293, 602838.928900000057183 ], [ 236663.9998, 602742.646200001006946 ], [ 236551.504900000989437, 602665.92509999894537 ], [ 236552.8807, 602572.191799998050556 ], [ 236611.7764, 602519.42339999997057 ], [ 236680.7861, 602599.369500000029802 ], [ 236850.269099998986349, 602639.365800000960007 ], [ 236870.662999999010935, 602441.713199998950586 ], [ 236920.7293, 602404.418799999984913 ], [ 236873.582400001992937, 602393.779199998942204 ], [ 236878.903700002003461, 602309.793699997942895 ], [ 237097.221999998990213, 602325.24800000002142 ], [ 237359.780999998998595, 602432.649999998975545 ], [ 238060.168699998001102, 602896.769200001028366 ], [ 238056.978999998013023, 602553.056000001961365 ], [ 237679.0209, 602472.573100000969134 ], [ 237659.524700000998564, 602228.545699998969212 ], [ 237756.193300001003081, 602217.497900002053939 ], [ 237786.087499999004649, 602021.886000000056811 ], [ 237948.4542, 602027.044399998965673 ], [ 237986.339799999987008, 602154.305300001055002 ], [ 238640.23420000099577, 602012.450199999031611 ], [ 238655.9124, 602049.168000000994653 ], [ 239321.870000001013977, 601766.960499997949228 ], [ 239159.853599999012658, 601606.6263 ], [ 239325.674300000013318, 601751.905099999043159 ], [ 239418.218699999008095, 602105.902100000996143 ], [ 239439.789999998989515, 602545.491999999037944 ], [ 239521.711100001004525, 602630.112399999052286 ], [ 239484.556400000990834, 602559.784699999028817 ], [ 239576.307999998010928, 602489.295699998969212 ], [ 239628.145799997990252, 602212.60860000201501 ], [ 239577.049199998000404, 602132.713399998960085 ], [ 239704.245400000014342, 601947.716899998020381 ], [ 239781.173, 601509.9179 ], [ 239739.743599999987055, 601458.212299998966046 ], [ 239640.394200000999263, 601525.352400001022033 ], [ 239611.675299997994443, 601453.723800000036135 ], [ 239662.092700000997866, 601369.698399998014793 ], [ 239799.5112, 601419.635800000047311 ], [ 239842.953899998014094, 601123.278000000980683 ], [ 239495.800700001011137, 601017.295400000992231 ], [ 239593.2544, 600738.295299998950213 ], [ 239574.30539999899338, 600673.851300001027994 ], [ 239467.934999999008141, 600651.533100001979619 ], [ 239513.046, 600421.225200001033954 ], [ 239360.750999998010229, 600164.761000000056811 ], [ 239609.338799997989554, 600169.2267 ], [ 239898.064599998004269, 599964.612700000056066 ], [ 240126.0339, 599952.89249999797903 ], [ 240158.567600000998937, 599791.104999999981374 ], [ 240095.831199999985984, 599758.277199998032302 ], [ 240175.673999999009538, 599706.696299999952316 ], [ 240127.60150000100839, 599311.397799998987466 ], [ 240229.897500001010485, 599254.207800001022406 ], [ 240471.949000001011882, 599244.958999998983927 ], [ 240553.534899997990578, 599011.192999999970198 ], [ 240497.065400001010858, 598962.685899998992682 ], [ 240783.144000000989763, 598612.063000001013279 ], [ 240960.870000001013977, 598633.350000001024455 ], [ 241126.190000000991859, 598490.469999999040738 ], [ 241234.07, 598591.270000000018626 ], [ 241365.559999999008141, 598618.32999999797903 ], [ 241700.690000000991859, 598457.449999999022111 ], [ 241833.460000001010485, 598473.035000000032596 ], [ 242197.329999998008134, 598185.030000000959262 ], [ 241904.385000001988374, 597762.776999998954125 ], [ 242243.708900000987342, 597589.4983000010252 ], [ 242460.962900001992239, 597898.288699998985976 ], [ 242689.479699999006698, 597782.806499999016523 ], [ 242983.3862, 598200.506099998950958 ], [ 243546.51469999901019, 597938.488000001991168 ], [ 243686.302299998991657, 598163.46739999903366 ], [ 243479.876600001007318, 598302.61089999997057 ], [ 243304.563000001013279, 598251.771400001016445 ], [ 243223.20329999900423, 598402.151099998969585 ], [ 243363.620000001013977, 598614.289999998989515 ], [ 243567.98420000099577, 598736.633799999952316 ], [ 243447.917599998007063, 598876.905999999027699 ], [ 243387.000999998010229, 598809.703699999023229 ], [ 243283.3915, 598866.258299999055453 ], [ 243420.3948, 599111.481899998965673 ], [ 243873.238600001001032, 599057.429699997999705 ], [ 244068.3378, 598852.262699999031611 ], [ 244122.120099999010563, 598663.856099999975413 ], [ 244278.294500001007691, 598960.057399999001063 ], [ 244277.3565, 599222.778700002003461 ], [ 244426.002599998988444, 599468.714799999957904 ], [ 244182.0484, 599926.625399998971261 ], [ 243977.185699999012286, 599918.14139999798499 ], [ 244457.216899997991277, 600423.8763 ], [ 245143.688900000997819, 601323.692999999970198 ], [ 245019.208000001002802, 601131.507100000977516 ], [ 245238.51469999901019, 600770.30009999894537 ], [ 245188.9527, 600657.761799999047071 ], [ 245229.593800000991905, 600493.375100002042018 ], [ 245346.889899998990586, 600383.790399997960776 ], [ 245126.059500000992557, 600270.799400001997128 ], [ 245372.203100000013364, 599598.375100002042018 ], [ 245448.796799998992356, 599586.625100002042018 ], [ 245759.093699999008095, 599007.312600002042018 ], [ 245763.499899997987086, 598837.0 ], [ 245704.3004, 598726.694600000977516 ], [ 245743.988099999987753, 598737.597800001967698 ], [ 245815.516899998998269, 598231.256599999964237 ], [ 246007.686500001989771, 597962.633599999942817 ], [ 245854.394000000989763, 597735.374000002047978 ], [ 245848.252, 597657.035000000032596 ], [ 245506.182999998010928, 597395.523200002033263 ], [ 245688.919799997995142, 596970.319499999051914 ], [ 245361.850099998991936, 596633.031399999046698 ], [ 244914.648800001014024, 597032.311900001019239 ], [ 244871.948100000998238, 595875.666900001000613 ], [ 244705.964499999012332, 595726.552000000956468 ], [ 244283.262400000996422, 595749.674400001997128 ], [ 244234.558499998995103, 595820.994899999001063 ], [ 244188.7346, 595704.570999998948537 ], [ 243980.287099998007761, 595584.32570000004489 ], [ 243636.614599999011261, 595632.815699998056516 ], [ 243511.692000001989072, 595601.157499999040738 ], [ 243430.181699998996919, 595490.524599998956546 ], [ 243471.761900000012247, 595201.427999999024905 ], [ 243396.348299998993753, 595076.706799998995848 ], [ 243414.725499999010935, 594947.829300001030788 ], [ 243193.019499999005347, 594680.462999999988824 ], [ 242684.88100000101258, 594484.346400000038557 ], [ 242823.526500001986278, 594485.495400000014342 ], [ 243060.707800000993302, 594266.206599998986349 ], [ 242983.754700001009041, 594308.670600001001731 ], [ 242801.731199998001102, 594041.38879999902565 ], [ 243230.359499998012325, 593592.323300000047311 ], [ 242896.670400000992231, 592837.223200001055375 ], [ 242761.747099998989142, 592710.112199999042787 ], [ 242754.426899999001762, 592302.573699999949895 ], [ 242690.96229999899515, 592118.549800000968389 ], [ 242863.829999998008134, 592021.166000001016073 ], [ 241833.778999998990912, 590892.272999997949228 ], [ 241650.225000000995351, 591007.976000000024214 ], [ 241182.144999999989523, 591470.758999999961816 ], [ 240729.375, 591692.177000000956468 ], [ 240471.025800000992604, 591731.885800000047311 ] ] ], [ [ [ 243960.2511, 593078.213399998960085 ], [ 244105.801899999001762, 593115.92350000096485 ], [ 245014.420699998998316, 592673.231299999984913 ], [ 244906.59, 592557.270000000018626 ], [ 244802.550000001006993, 592575.660000000032596 ], [ 244692.050000001006993, 592498.789999998989515 ], [ 244639.980000000010477, 592358.649999998975545 ], [ 244647.129999998986023, 592195.899999998975545 ], [ 244532.329999998008134, 592145.559999999008141 ], [ 244463.600000000995351, 591808.550000000977889 ], [ 244278.6400000010035, 591765.399999998975545 ], [ 244009.651999999012332, 591881.472899999003857 ], [ 243799.76610000099754, 592037.545200000982732 ], [ 243175.427000000985572, 592298.379999998956919 ], [ 243495.45360000099754, 592803.183400001027621 ], [ 243502.9582, 592926.430700000026263 ], [ 243736.0988, 593312.819999999948777 ], [ 243558.286200002010446, 593484.353899999987334 ], [ 243525.364700000995072, 593546.330699999001808 ], [ 243444.408199998986674, 593747.647700001019984 ], [ 243380.40549999801442, 593794.861400000983849 ], [ 243352.553599998005666, 593831.27959999802988 ], [ 243337.888599998987047, 593917.214299998944625 ], [ 243358.721299997996539, 593828.727000002050772 ], [ 243446.972700000012992, 593755.542300001019612 ], [ 243562.59, 593491.022599998977967 ], [ 243715.791399999987334, 593371.428500000038184 ], [ 243875.203100000013364, 593128.500100002042018 ], [ 243960.2511, 593078.213399998960085 ] ] ], [ [ [ 246501.829900000011548, 596878.884399999049492 ], [ 246601.487399998994078, 596776.51489999901969 ], [ 246604.8123, 596699.773999999975786 ], [ 246769.754099999001483, 596689.751400000997819 ], [ 246593.669799997995142, 596587.8123 ], [ 246430.066199999011587, 596892.170600001001731 ], [ 246512.399999999004649, 596925.702700000023469 ], [ 246501.829900000011548, 596878.884399999049492 ] ] ], [ [ [ 247293.308400000998517, 598645.5016999989748 ], [ 247337.245000001013977, 598621.167300001019612 ], [ 247521.929000000993256, 598108.646100000012666 ], [ 247445.649999999004649, 598049.010000001988374 ], [ 247347.0, 598206.219900000956841 ], [ 247424.403900000994327, 598249.1448 ], [ 247385.75, 598353.119899999001063 ], [ 247323.454399998998269, 598464.169699999969453 ], [ 247237.901700001006247, 598443.305199999012984 ], [ 247310.7542, 598550.701200001058169 ], [ 247255.752599998988444, 598616.043299998971634 ], [ 247252.868900000990834, 598653.697200000053272 ], [ 247293.308400000998517, 598645.5016999989748 ] ] ], [ [ [ 243245.342599999014055, 598814.040100001031533 ], [ 243277.382399999012705, 598859.984700002009049 ], [ 243291.698800001002382, 598845.967500000959262 ], [ 243280.350099998991936, 598811.986900001997128 ], [ 243245.342599999014055, 598814.040100001031533 ] ] ] ] } },
{ "type": "Feature", "properties": { "label": "SKN Stadskanaal", "gid": "SKN Stadskanaal" }, "geometry": { "type": "MultiPolygon", "coordinates": [ [ [ [ 263246.630699999979697, 562447.036800001049414 ], [ 263199.489300001005176, 562389.43670000100974 ], [ 263393.120799999975134, 562128.913500000024214 ], [ 263616.7881, 561961.019699997967109 ], [ 263338.708099998999387, 561645.616900000954047 ], [ 263620.882700000016484, 561947.319200002006255 ], [ 264157.319899999012705, 562342.166900001000613 ], [ 264164.864500001014676, 562095.45609999797307 ], [ 264569.871599997975864, 562062.475400001043454 ], [ 264670.507800002000295, 561983.45499999797903 ], [ 264706.3916999999783, 561842.328800000017509 ], [ 264238.693900000012945, 561646.319400000968017 ], [ 263977.93550000002142, 561369.105900001013651 ], [ 264207.597800002025906, 561387.598400000017136 ], [ 264568.981299999984913, 560991.767000001040287 ], [ 264610.096000001009088, 560763.390099999029189 ], [ 264783.737399998994078, 560436.016700000036508 ], [ 264779.520500000973698, 559675.748599999002181 ], [ 264750.335099998977967, 559607.339200000977144 ], [ 264350.524599999014754, 559426.4619 ], [ 264223.401200000022072, 559496.749899997957982 ], [ 263874.382199999003205, 559267.238200000952929 ], [ 263848.45239999901969, 558872.418699997942895 ], [ 263981.036200002010446, 558890.468899999046698 ], [ 264056.967399998975452, 558976.614100001985207 ], [ 264136.410100002016407, 558988.746900000027381 ], [ 264201.306200000981335, 558938.994700000039302 ], [ 264538.383699998026714, 558914.817299998947419 ], [ 264752.750999998010229, 558788.156300000962801 ], [ 263616.114899999985937, 558081.7511 ], [ 263423.353899999987334, 558049.679099999018945 ], [ 262638.324200001021381, 557624.283199999015778 ], [ 262727.101100001018494, 557455.907299999031238 ], [ 262633.563999999023508, 557404.735800002003089 ], [ 262589.01469999901019, 557452.831500001018867 ], [ 262482.131999998993706, 557379.142999998992309 ], [ 262560.130699999979697, 557169.119199999026023 ], [ 262731.024599999014754, 556921.893800002057105 ], [ 262708.923999999009538, 556894.52899999904912 ], [ 263049.344000000972301, 556168.507499999948777 ], [ 263015.240600001008715, 556137.681600000942126 ], [ 263614.622900001995731, 555071.876200002036057 ], [ 263571.413899998995475, 555034.956799998995848 ], [ 263824.960399999981746, 554508.895000000018626 ], [ 263926.437199998996221, 554505.643900000024587 ], [ 264165.10920000099577, 554076.111699998029508 ], [ 264146.9144, 553988.948800000944175 ], [ 264211.033700000029057, 553991.698899999028072 ], [ 264361.5150000010035, 553694.232999998959713 ], [ 263865.887999999977183, 553511.055599999031983 ], [ 262982.239799998991657, 552865.622299998998642 ], [ 262858.069100000022445, 552826.888400000054389 ], [ 262817.177299998991657, 552630.113000001991168 ], [ 262849.84319999802392, 552606.647899999981746 ], [ 263973.610800002003089, 553435.86030000098981 ], [ 264043.184400000027381, 553371.271899997955188 ], [ 264294.529800001997501, 553461.848600000026636 ], [ 264558.951599999971222, 552915.631599999964237 ], [ 264194.007199999003205, 552865.38789999904111 ], [ 263884.177499998011626, 553081.23620000097435 ], [ 263613.647399999026675, 553083.947900000959635 ], [ 263371.631900001026224, 552656.176800000946969 ], [ 263672.741799999028444, 552080.94990000105463 ], [ 263506.367800000996795, 551954.523200002033263 ], [ 263911.380100000998937, 551404.061000001034699 ], [ 264044.333099998999387, 551488.575800001970492 ], [ 263994.0627, 551357.19119999895338 ], [ 264065.557999997981824, 551263.475200001033954 ], [ 263966.098000000987668, 551259.322500001988374 ], [ 264080.084800001000986, 551082.305000000051223 ], [ 264067.16970000002766, 550989.957400002051145 ], [ 263998.691899999976158, 550952.527499999967404 ], [ 264268.221999999019317, 550586.256999999051914 ], [ 264241.997000001021661, 550566.489999998011626 ], [ 263953.036299999977928, 550967.674899999052286 ], [ 263840.007300000987016, 550801.11120000097435 ], [ 264117.838700000022072, 550406.440499998978339 ], [ 263626.888999998976942, 551072.302700001979247 ], [ 263656.799699998984579, 550978.169399998965673 ], [ 262527.165399998018984, 550181.994100000942126 ], [ 262598.544, 550078.087000000989065 ], [ 262528.84499999898253, 550029.787000000011176 ], [ 262404.805, 550059.51300000003539 ], [ 261564.833799999003531, 549483.143900000024587 ], [ 261597.644999999989523, 549433.726000000024214 ], [ 261266.671, 549169.528000000980683 ], [ 261196.376200002006954, 549268.730700001004152 ], [ 260089.939199999003904, 548477.01749999797903 ], [ 260267.10889999900246, 548218.165600002044812 ], [ 259941.697500001988374, 547991.397999997949228 ], [ 259797.567400000989437, 548275.270300001022406 ], [ 259507.646799999987707, 548077.743600000045262 ], [ 259594.543400001013651, 547773.400400002021343 ], [ 259561.6105, 547749.380899999057874 ], [ 259393.088199999008793, 547999.693300000973977 ], [ 259421.017499998008134, 548052.558300000033341 ], [ 259249.4087, 548093.954799999017268 ], [ 259192.6985, 548158.015200000023469 ], [ 259195.924199998000404, 548235.465300000971183 ], [ 258185.717900001007365, 547535.784299999009818 ], [ 258146.00079999899026, 547588.256299998960458 ], [ 258132.6457, 547542.520199998980388 ], [ 258041.026000001002103, 547670.374000002047978 ], [ 257979.420000001991866, 547627.916999998968095 ], [ 257800.071300000010524, 547885.954799999017268 ], [ 257917.091499998990912, 548357.277399998041801 ], [ 257629.169, 548157.556000001961365 ], [ 257451.164999998989515, 547947.879999998956919 ], [ 256945.699000001011882, 548663.083999998983927 ], [ 257147.726, 548811.863000001991168 ], [ 256657.000999998010229, 549517.539000001037493 ], [ 256709.043000000994653, 549553.67000000202097 ], [ 256405.229899998987094, 549996.28260000096634 ], [ 258218.057999998010928, 551285.984999999054708 ], [ 257535.017900000995724, 552246.312800001003779 ], [ 256955.6400000010035, 551851.982999998959713 ], [ 256921.538400001998525, 551902.470500000054017 ], [ 256638.664500001992565, 551840.197900000959635 ], [ 256603.054000000993256, 551742.84239999903366 ], [ 256560.27210000201012, 551810.948300000047311 ], [ 255952.352000001992565, 551385.302999999024905 ], [ 256004.208999999013031, 551311.17000000202097 ], [ 255622.853999998013023, 551053.905000000959262 ], [ 255191.789999998989515, 551693.517999998992309 ], [ 255627.826000000990462, 551999.162999999010935 ], [ 255035.998, 552855.616000000038184 ], [ 255465.394999999989523, 553164.526999998954125 ], [ 255101.58599999899161, 553941.34600000095088 ], [ 254559.353, 553682.635000001988374 ], [ 253554.684, 555852.552000000956468 ], [ 258450.436799999006325, 557234.717700000968762 ], [ 258274.203100000013364, 557867.5 ], [ 256989.390500001987675, 557489.982900000992231 ], [ 256925.261, 557630.076000001048669 ], [ 256306.520199999009492, 557445.222899999003857 ], [ 256283.206900001008762, 557533.813999998965301 ], [ 256406.700199999002507, 557513.29479999805335 ], [ 256640.769499999005347, 557644.4981000010157 ], [ 256741.749600000999635, 557876.229400001000613 ], [ 258039.372099998989142, 558323.857799998950213 ], [ 255574.787099998007761, 560844.111299998941831 ], [ 255852.035200000012992, 560564.427600000053644 ], [ 256066.0768, 560939.435699998983182 ], [ 256164.327, 560843.242600001045503 ], [ 256329.749899997987086, 561003.587699998053722 ], [ 256516.626699999003904, 560957.82719999901019 ], [ 257164.421300001005875, 560961.681800000020303 ], [ 257217.874099999986356, 560853.570399999967776 ], [ 256954.441300000995398, 560298.846400000038557 ], [ 256872.780000000988366, 560223.158300001057796 ], [ 256767.85150000100839, 560290.978 ], [ 256791.614399999001762, 560178.706300002057105 ], [ 256836.365200002008351, 560158.373599999002181 ], [ 256798.977000001992565, 560083.057000000029802 ], [ 256826.647, 560054.502999998978339 ], [ 258011.074000001011882, 561201.528799999970943 ], [ 259020.011, 560224.721999999019317 ], [ 259310.699999998993007, 560066.975000001024455 ], [ 260267.199000001011882, 559691.555000000051223 ], [ 260448.34529999998631, 560038.494700000039302 ], [ 260510.546999998012325, 560049.661600001039915 ], [ 260545.89710000201012, 560225.817499998956919 ], [ 261851.271000001986977, 562737.223000001045875 ], [ 262385.541900001000613, 562448.203499999013729 ], [ 262679.739100001985207, 562754.101500001037493 ], [ 263011.4496, 562697.632300000987016 ], [ 263246.630699999979697, 562447.036800001049414 ] ] ] ] } },
{ "type": "Feature", "properties": { "label": "VO Veenoord", "gid": "VO Veenoord" }, "geometry": { "type": "MultiPolygon", "coordinates": [ [ [ [ 251195.553599998005666, 523251.647899999981746 ], [ 251151.991700001002755, 523345.056099999987055 ], [ 251146.653999998990912, 523482.827599998970982 ], [ 251215.152299999987008, 523445.273699998972006 ], [ 251261.4824, 523307.743399999977555 ], [ 251195.553599998005666, 523251.647899999981746 ] ] ], [ [ [ 255430.84409999800846, 530125.553599998005666 ], [ 255467.030000000988366, 529904.035000000032596 ], [ 255451.91459999998915, 529946.3519 ], [ 255338.897, 529914.006799999973737 ], [ 255280.505600002012216, 529763.255100000998937 ], [ 255450.291999998997198, 529658.706999999005347 ], [ 255376.529599998000776, 529448.727100000018254 ], [ 255397.056899997987784, 529297.957500000018626 ], [ 255357.631400000012945, 529186.5608000010252 ], [ 255564.72709999998915, 529231.741799999028444 ], [ 255581.416900001000613, 528580.1873 ], [ 255708.989, 528604.530000000959262 ], [ 255718.826000000990462, 528832.272 ], [ 255856.287000000011176, 528894.872000001021661 ], [ 255943.480999999010237, 528737.61100000096485 ], [ 256268.234000000986271, 528779.905000000959262 ], [ 256472.609000000986271, 528201.738999999943189 ], [ 256854.721000001009088, 528526.603999997954816 ], [ 256862.217, 527911.934999999008141 ], [ 257199.535999998013722, 527622.090999998035841 ], [ 257496.875999998010229, 527627.087999999988824 ], [ 257762.4976, 527758.71950000198558 ], [ 257889.592, 527884.06329999899026 ], [ 257957.147, 528088.13800000003539 ], [ 258278.168099998991238, 527998.87869999895338 ], [ 258434.340999998006737, 528074.7707 ], [ 258477.2456, 528145.162599998991936 ], [ 258586.363099999987753, 527926.620400000014342 ], [ 259974.535500000987668, 528550.807599999010563 ], [ 260765.307, 526804.499000002047978 ], [ 260912.190000000991859, 526941.708999998983927 ], [ 260980.58599999899161, 526868.758999999961816 ], [ 261584.931000001990469, 527433.322999999043532 ], [ 261682.071699999010889, 527332.817299998947419 ], [ 261871.850099998991936, 527333.166499997954816 ], [ 261793.846700002002763, 527217.170299998950213 ], [ 261813.761300001002382, 527153.096200000029057 ], [ 261186.626899999013403, 526562.348800000036135 ], [ 261604.785300001996802, 526515.211800002027303 ], [ 261634.9307, 526752.718899999046698 ], [ 261804.5196, 526906.066899999976158 ], [ 261877.3900000010035, 526856.65459999802988 ], [ 261937.1400000010035, 526910.655000000959262 ], [ 261942.307, 527016.576000001048669 ], [ 261869.756700002006255, 527093.627099997946061 ], [ 261864.1428, 527201.387600000947714 ], [ 262137.818, 527357.086499999975786 ], [ 262233.223700002010446, 527334.100000001024455 ], [ 262084.132699999987381, 527185.846700001973659 ], [ 262015.881700002006255, 527211.4144 ], [ 261934.046, 527163.416000001016073 ], [ 261969.394299998995848, 527075.664700001012534 ], [ 262013.2465, 527074.300599999958649 ], [ 262162.76489999901969, 527200.080300000030547 ], [ 262242.769299998995848, 527195.211100001004525 ], [ 262069.9778, 527052.844900000956841 ], [ 262244.4989, 527044.432799999020062 ], [ 262231.544500001007691, 526868.7108 ], [ 262385.989700001024175, 526798.442099999985658 ], [ 261930.2192, 526756.515900001046248 ], [ 262049.649, 526750.886999998008832 ], [ 262047.844799999002134, 526634.944600000977516 ], [ 262142.829900000011548, 526523.829599999007769 ], [ 262459.609799999976531, 526472.417800002032891 ], [ 262542.764400002022739, 526262.936099999002181 ], [ 262216.897500001010485, 526077.983399998047389 ], [ 262178.8106000010157, 525920.618900001049042 ], [ 262245.661100000026636, 525727.247000001021661 ], [ 262592.389099999971222, 525653.427299999049865 ], [ 262862.734000000986271, 525292.97100000095088 ], [ 262806.328099999984261, 525027.954500001040287 ], [ 262614.237599999003578, 524777.7516999989748 ], [ 262560.259399998991285, 524681.851799997966737 ], [ 262523.354999999981374, 524555.987399999052286 ], [ 262515.336100001004525, 524426.050500001991168 ], [ 262586.37699999997858, 524717.234999999054708 ], [ 262770.984900001029018, 524957.936500002047978 ], [ 263014.337099999014754, 524688.244800001033582 ], [ 263437.45129999902565, 524350.194499999051914 ], [ 263735.414000000979286, 524445.072399999946356 ], [ 264618.469599999021739, 524306.961199998972006 ], [ 265629.9981000010157, 524286.378299999982119 ], [ 265642.307100002013613, 524342.927099999040365 ], [ 265719.800799998978619, 524343.237799998023547 ], [ 265716.460999999020714, 524274.291000001016073 ], [ 265816.340000000025611, 524269.386999998008832 ], [ 265774.644699998025317, 523366.909400000993628 ], [ 265632.840399998996872, 523378.991999998979736 ], [ 265584.134799998020753, 523336.878600000985898 ], [ 265221.623399998992682, 522710.900100000028033 ], [ 265219.929000000993256, 522475.852000001992565 ], [ 264848.037000000011176, 522494.513999998976942 ], [ 264805.778000000980683, 521593.603999998013023 ], [ 265148.818000000028405, 521575.295999999972992 ], [ 265153.800999998988118, 521672.818999997980427 ], [ 265303.436999998986721, 521665.879999999015126 ], [ 265300.840000000025611, 521586.175000000977889 ], [ 265861.348999998997897, 521525.778999998990912 ], [ 265841.658, 521415.688999999023508 ], [ 265575.923999999009538, 521428.431999999971595 ], [ 265563.693999997980427, 521365.868999999016523 ], [ 265272.861000001023058, 521379.969000000972301 ], [ 265255.2958000000217, 521432.492699999012984 ], [ 265184.760000001988374, 521298.837600000028033 ], [ 265164.372900001995731, 521218.0869 ], [ 265196.784699999028817, 521206.148400000995025 ], [ 265136.805599998973776, 521101.382300000987016 ], [ 264925.293699998001102, 520167.474399999016896 ], [ 265256.862500000977889, 520112.445400000025984 ], [ 265362.264299999980722, 520033.179299999028444 ], [ 265337.467399998975452, 519943.23389999900246 ], [ 265701.32, 519887.440000000991859 ], [ 266408.520000000018626, 519987.550000000977889 ], [ 266775.82, 519974.100000001024455 ], [ 266789.629999999015126, 520039.559999999008141 ], [ 267916.482099998975173, 519961.013999998976942 ], [ 267857.179000000993256, 518738.32999999797903 ], [ 267917.25, 518732.690000000991859 ], [ 267924.909600001003128, 518637.132900000025984 ], [ 267005.770000000018626, 517415.039999998989515 ], [ 266793.699999999022111, 517428.090000000025611 ], [ 266576.210000001010485, 517643.92000000202097 ], [ 266122.940000000991859, 517609.82 ], [ 265016.309999999008141, 517822.550000000977889 ], [ 264613.03000000101747, 518007.770000000018626 ], [ 264464.57999999797903, 518266.57999999797903 ], [ 264285.129999999015126, 518378.550000000977889 ], [ 264105.57999999797903, 518400.57 ], [ 263649.199999999022111, 518299.100000001024455 ], [ 263089.3900000010035, 518543.199999999022111 ], [ 262927.239999998011626, 518692.770000000018626 ], [ 262522.25, 518822.090000000025611 ], [ 262451.210000001010485, 518804.190000000991859 ], [ 262014.300000001006993, 518318.5 ], [ 261399.620000001013977, 518294.0 ], [ 261022.190000000991859, 517980.800000000977889 ], [ 260471.039999998989515, 518008.059999999008141 ], [ 260012.670000001991866, 517836.03000000101747 ], [ 259743.739999998011626, 517879.039999998989515 ], [ 259324.899999999004649, 518077.270000000018626 ], [ 258698.690000000991859, 518026.17000000202097 ], [ 258497.730000000010477, 518187.510000001988374 ], [ 258358.670000001991866, 518757.620000000984874 ], [ 257573.809999999008141, 518976.199999999022111 ], [ 257281.172200002009049, 519198.473999998997897 ], [ 257174.5902, 519489.68629999802215 ], [ 257012.370099999010563, 519668.400100000028033 ], [ 256821.99179999899934, 519767.468699998978991 ], [ 256704.876699999003904, 520035.9509 ], [ 256651.381999998993706, 519932.256000000983477 ], [ 256589.292199999006698, 519968.62300000002142 ], [ 256472.114999998011626, 519754.537000000011176 ], [ 256298.074999998993007, 519709.631999998993706 ], [ 255713.776600000011967, 519844.479999999981374 ], [ 255484.2641, 519424.953499999013729 ], [ 254986.537000000011176, 519063.445999999006744 ], [ 254225.969999999011634, 519010.75 ], [ 254048.3900000010035, 518905.93 ], [ 253135.690000000991859, 519257.964000002015382 ], [ 252747.263, 519200.618999999016523 ], [ 252497.945, 518937.84499999898253 ], [ 252074.658399998996174, 518763.775600000983104 ], [ 251846.53200000198558, 518763.068000000028405 ], [ 251701.271000001986977, 518859.034000002022367 ], [ 251180.752, 518894.01700000098208 ], [ 251099.86699999900884, 518936.699000001011882 ], [ 250968.285, 519151.502999998978339 ], [ 250818.458999999013031, 519203.881999998993706 ], [ 250217.502999999007443, 519057.120999998995103 ], [ 249915.681000001990469, 519288.840000000025611 ], [ 249720.372000000992557, 519238.940000000991859 ], [ 249440.406199999008095, 520166.406399998988491 ], [ 249520.093800000991905, 520209.593899998988491 ], [ 249510.999899997987086, 520546.18760000198381 ], [ 249255.999899997987086, 520545.593899998988491 ], [ 249138.716499998990912, 520553.20129999902565 ], [ 251870.597399997990578, 520506.181600001000334 ], [ 251841.906199999008095, 521134.6875 ], [ 254245.8900000010035, 521987.250999998010229 ], [ 254114.915199998999014, 522864.977400001022033 ], [ 254164.2324, 522921.910999997984618 ], [ 254099.850499999010935, 523292.355500000994653 ], [ 254049.2349999989965, 523249.631000000983477 ], [ 253845.579999998008134, 524549.184999999008141 ], [ 252661.577100001013605, 524575.56509999895934 ], [ 252679.4419, 523507.550900001020636 ], [ 251445.774, 523564.401000001002103 ], [ 251455.296799998992356, 523680.00010000198381 ], [ 251399.906300000991905, 523674.50010000198381 ], [ 251384.999899997987086, 523881.18760000198381 ], [ 251427.0, 523888.68760000198381 ], [ 251436.593699999008095, 524053.906399998988491 ], [ 251602.5, 524066.50010000198381 ], [ 251614.703000001987675, 524224.093899998988491 ], [ 251321.691, 524238.135000001988374 ], [ 251246.996199999004602, 524134.587400001008064 ], [ 251233.002199999988079, 524012.818399998999666 ], [ 251139.537000000011176, 523957.620000000984874 ], [ 251143.932999998010928, 523772.906500000972301 ], [ 251192.788199998001801, 523797.657600001024548 ], [ 251305.2874, 523749.186099999002181 ], [ 251258.679200001002755, 523627.9168 ], [ 251180.201400001009461, 523586.67110000201501 ], [ 250621.243099999002879, 523618.289299998024944 ], [ 250450.321699999010889, 523582.8356 ], [ 250409.364599999011261, 524225.180100000987295 ], [ 250253.750900000013644, 524510.854899998987094 ], [ 249942.441500001004897, 524869.697900000959635 ], [ 249856.147300001000986, 525112.761599999037571 ], [ 249528.197500001988374, 525560.944699998944998 ], [ 249035.275699999008793, 525417.233199998969212 ], [ 249018.755899998999666, 525543.54960000095889 ], [ 248377.820799998997245, 525764.64359999797307 ], [ 248062.983399997989181, 525084.967599999043159 ], [ 247713.622699997999007, 525294.806600000942126 ], [ 247885.906199999008095, 525672.801699999952689 ], [ 247603.3719, 525780.433899999014102 ], [ 247471.368299997993745, 525664.167399998987094 ], [ 249198.796799998992356, 527185.687600002042018 ], [ 249089.993099999002879, 527329.346700001973659 ], [ 249185.937199998996221, 527424.507499999948777 ], [ 249092.490499998995801, 527640.686500002047978 ], [ 248997.774200000014389, 527716.63879999902565 ], [ 249001.137800000986317, 527845.374000002047978 ], [ 248946.0876, 527858.451699997996911 ], [ 248943.145300000993302, 528049.225800000014715 ], [ 248880.661600001010811, 528164.51300000003539 ], [ 249050.593800000991905, 528409.375100002042018 ], [ 248959.4849999989965, 528638.152499999967404 ], [ 248934.204999998008134, 529183.899999998975545 ], [ 249283.221299997996539, 529322.979999999981374 ], [ 249399.370200000994373, 529249.184300001943484 ], [ 249906.61899999898742, 529369.535999997984618 ], [ 250823.910999998013722, 528568.962999999988824 ], [ 250562.999899997987086, 528282.875100002042018 ], [ 250651.203000001987675, 528208.312600002042018 ], [ 250470.203000001987675, 528027.875100002042018 ], [ 251356.593699999008095, 527248.875100002042018 ], [ 251512.999899997987086, 527445.187600002042018 ], [ 251547.691599999001483, 527484.008999999961816 ], [ 251943.905299998994451, 527562.078000001958571 ], [ 252338.776999999012332, 527566.530000000959262 ], [ 252537.380100000998937, 527725.826000001048669 ], [ 252705.802399999985937, 527528.709600002039224 ], [ 252884.840399998996872, 527534.289099999004975 ], [ 253049.238299999007722, 527642.937899998971261 ], [ 253201.471700002002763, 527672.371599997975864 ], [ 252836.502999999007443, 528716.948100000969134 ], [ 252407.5436, 529353.647100002039224 ], [ 252523.999899997987086, 529476.687600002042018 ], [ 252413.826000000990462, 529615.146499998983927 ], [ 252505.802299998991657, 529632.38989999901969 ], [ 252544.996699999988778, 529696.683699999004602 ], [ 252639.7304, 529697.04610000201501 ], [ 252612.868000001006294, 529497.603 ], [ 252468.469999999011634, 529300.050000000977889 ], [ 252767.117199997999705, 528840.74910000001546 ], [ 253051.004999998986023, 529035.625999997952022 ], [ 253088.539099999004975, 528967.901099998969585 ], [ 253160.838100001012208, 528985.021899997955188 ], [ 253258.720899998996174, 528592.99910000001546 ], [ 253300.955600001005223, 528927.340199999976903 ], [ 253677.090300001000287, 528925.117300000041723 ], [ 253546.087000000989065, 529291.510200000950135 ], [ 253574.571899998991285, 529310.989599999040365 ], [ 253616.032900001999224, 529232.76399999903515 ], [ 253690.955800000985619, 529281.900199998053722 ], [ 254789.8046, 529486.445599999045953 ], [ 255430.84409999800846, 530125.553599998005666 ] ] ], [ [ [ 262355.583299998019356, 527434.585499997949228 ], [ 262262.004000001004897, 527356.204000000027008 ], [ 262240.852299998980016, 527378.855700001004152 ], [ 262323.289299998024944, 527474.539999998989515 ], [ 262367.396600001025945, 527473.362199999042787 ], [ 262355.583299998019356, 527434.585499997949228 ] ] ] ] } },
{ "type": "Feature", "properties": { "label": "DDV Dedemsvaart", "gid": "DDV Dedemsvaart" }, "geometry": { "type": "MultiPolygon", "coordinates": [ [ [ [ 237279.625999998010229, 514284.851000000024214 ], [ 237234.354699999006698, 514277.801399998017587 ], [ 237219.555500001006294, 514381.097499999974389 ], [ 237302.67949999900884, 514365.837600000028033 ], [ 237411.243700001010438, 514253.496399999014102 ], [ 237279.625999998010229, 514284.851000000024214 ] ] ], [ [ [ 229185.887200002005557, 520967.411400000972208 ], [ 229206.142499998008134, 521058.366599999018945 ], [ 229640.506999998993706, 521043.565499998978339 ], [ 229789.666499998013023, 520678.111800000013318 ], [ 229708.152199998003198, 520462.652300000016112 ], [ 229758.129599999985658, 520444.045099999988452 ], [ 229903.359900000999914, 520521.932199999981094 ], [ 229996.0277, 520508.756799999973737 ], [ 230033.593800000991905, 520450.68760000198381 ], [ 230251.499899997987086, 520451.406399998988491 ], [ 230249.906199999008095, 520492.093899998988491 ], [ 230499.480900001013651, 520488.339200000977144 ], [ 230584.9879, 520574.849899999971967 ], [ 230770.677000000985572, 520530.5737 ], [ 230776.532099998992635, 520615.992400002025533 ], [ 231015.865699999005301, 520605.683699999004602 ], [ 231040.821400001994334, 520334.042800001974683 ], [ 231144.013799998996546, 520151.468600001011509 ], [ 230950.218600001011509, 519575.993200000026263 ], [ 231052.745299998990959, 519194.4069 ], [ 230807.409000001993263, 518687.504700000979938 ], [ 230846.739899999985937, 518534.775100000028033 ], [ 230783.188000001013279, 518464.615999999979977 ], [ 230560.4142, 518473.213300000992604 ], [ 230523.436999998986721, 518422.081 ], [ 231279.428599998005666, 518265.860900000028778 ], [ 231278.247099998989142, 517983.84609999897657 ], [ 231506.53049999801442, 518027.806899997987784 ], [ 231718.6732, 517931.878800000995398 ], [ 231681.817699998995522, 517702.166700001980644 ], [ 231528.293900001997827, 517670.581500001018867 ], [ 231398.729699999006698, 517495.460299998987466 ], [ 231326.952, 517502.777500000025611 ], [ 231433.842300001997501, 516483.402600002009422 ], [ 231433.830600001005223, 516516.146100000012666 ], [ 231515.3268, 516516.113200001011137 ], [ 231688.772799998987466, 516230.920600001001731 ], [ 231484.137800000986317, 516005.71799999801442 ], [ 231505.243000001006294, 515804.6776 ], [ 231600.522300001000986, 515815.080600000976119 ], [ 232023.622499999008141, 515427.92260000098031 ], [ 231821.5902, 515154.020399998989888 ], [ 231589.970600002008723, 515004.587799999979325 ], [ 231605.357500001991866, 514846.3873 ], [ 232888.687600002012914, 515007.589899997983593 ], [ 232953.149099998001475, 515096.8726 ], [ 232944.148400000995025, 515501.151900000986643 ], [ 233179.141600002010819, 515673.913500000024214 ], [ 233499.662999999010935, 515733.54870000097435 ], [ 233615.173999999009538, 515804.476000000024214 ], [ 233577.057900000014342, 515871.10799999901792 ], [ 233595.511100002011517, 516040.254099998972379 ], [ 233512.710499998007435, 516159.440499998978339 ], [ 233670.977699998999014, 516226.468899998988491 ], [ 233592.613000001991168, 516361.369899999001063 ], [ 233758.2685, 516505.11010000098031 ], [ 233583.451099998987047, 516553.190099999017548 ], [ 233469.244199998996919, 516689.5474999989965 ], [ 233225.867300000012619, 516748.791000001016073 ], [ 233193.651500001986278, 516841.934599998989142 ], [ 233010.099300000991207, 516974.204599999007769 ], [ 232989.57719999901019, 517087.974599997978657 ], [ 233059.26610000099754, 517146.46819999802392 ], [ 233010.808499998995103, 517367.182700000994373 ], [ 233071.216800001013326, 517409.180899999977555 ], [ 233305.823100000998238, 517261.140200000023469 ], [ 233380.228200000012293, 517269.738000001991168 ], [ 233580.957899998989888, 517172.596399999980349 ], [ 233874.30429999899934, 517272.321800001023803 ], [ 233992.53770000100485, 517424.680899999977555 ], [ 234209.011900000012247, 517412.801800001005176 ], [ 234230.970800000999589, 517337.15680000197608 ], [ 234554.64849999899161, 517615.528799999970943 ], [ 234396.809199999988778, 517653.92000000202097 ], [ 234377.6208, 517797.929000000993256 ], [ 234094.169100000988692, 518098.401399999973364 ], [ 234116.813999998994404, 518297.798 ], [ 234165.728899999987334, 518296.217099997971673 ], [ 234170.104699999006698, 518232.521899998013396 ], [ 234272.455800000985619, 518130.789799998980016 ], [ 234372.854400001000613, 518140.870400000014342 ], [ 234559.218499998998595, 518353.052000001014676 ], [ 234791.333900000987342, 518251.585999999020714 ], [ 234878.801199998997618, 518139.917399998987094 ], [ 234958.245400000014342, 517911.957600001012906 ], [ 234875.213100001012208, 517704.238699998997618 ], [ 234987.346999998990213, 517572.802000001014676 ], [ 235124.802000000985572, 517989.962000000989065 ], [ 237348.679000000993256, 519840.489999998011626 ], [ 237947.8026, 519135.254000001004897 ], [ 237990.649, 518885.617400002025533 ], [ 238111.919, 518901.359000000986271 ], [ 237907.221999998990213, 518842.125 ], [ 237779.457499999989523, 518505.525899999018293 ], [ 238510.313700002006954, 517651.81239999801619 ], [ 238635.877999999007443, 517681.587499998975545 ], [ 238858.13969999901019, 517481.449700001976453 ], [ 238968.1919, 517527.671999997983221 ], [ 239009.4069, 517864.428800001973286 ], [ 239059.607000001007691, 517926.819699999003205 ], [ 239184.321699999010889, 517780.3222 ], [ 239347.3002, 517688.140099998970982 ], [ 239145.93, 517513.89200000098208 ], [ 239381.956999999005347, 517237.451000000990462 ], [ 239198.943, 517101.673 ], [ 239150.78200000198558, 517136.193000000028405 ], [ 239061.352000001992565, 517060.993000001006294 ], [ 239021.393399999011308, 517096.130300000018906 ], [ 238891.677200000995072, 516926.775699999008793 ], [ 238712.033199998986674, 516842.34250000101747 ], [ 238779.9738, 516563.387999999977183 ], [ 238465.5876, 516921.184900000982452 ], [ 238441.126699999003904, 516676.864100001985207 ], [ 238339.134100001014303, 516511.166200001025572 ], [ 238150.050799999007722, 516436.634100001014303 ], [ 238028.211700000014389, 516225.716299999970943 ], [ 238019.082699999009492, 516025.879200000024866 ], [ 237957.422899998986395, 515962.642700002004858 ], [ 238005.2401, 515710.2918 ], [ 237779.058800000988413, 515877.85799999901792 ], [ 237734.783799997996539, 515865.055599998973776 ], [ 237664.021400000987342, 515794.909999999974389 ], [ 237763.299400001997128, 515596.556800000020303 ], [ 237628.372000000992557, 515347.853 ], [ 237488.418000000994653, 515278.366500000993256 ], [ 237377.804699997999705, 515279.84499999898253 ], [ 237413.6195, 515212.925999998988118 ], [ 237178.147300001000986, 514982.517999998992309 ], [ 237214.463300000992604, 514445.665600001986604 ], [ 237198.171999998012325, 514605.890999999013729 ], [ 237115.295000001991866, 514602.175999998988118 ], [ 237089.756999998993706, 514645.543000000994653 ], [ 237084.980000000010477, 514906.747000001021661 ], [ 237015.07, 514899.964000002015382 ], [ 237022.964000001986278, 514812.706999999005347 ], [ 236473.739, 514753.024999998975545 ], [ 236389.230000000010477, 514812.627999998978339 ], [ 236095.425999998988118, 514832.951000000990462 ], [ 236139.638999999006046, 514399.881000000983477 ], [ 236077.581999999005347, 514366.012999999977183 ], [ 236060.162999999010935, 514437.914999998989515 ], [ 235817.473000000987668, 514381.350000001024455 ], [ 235751.33599999899161, 514771.528999998990912 ], [ 235217.280000000988366, 514654.520000000018626 ], [ 235168.8627, 514841.201499998976942 ], [ 235308.524900001008064, 514970.915899998974055 ], [ 235358.805799997993745, 515152.224100000981707 ], [ 235264.11740000199643, 515193.484600000025239 ], [ 235198.6428, 515157.109499997983221 ], [ 235115.152299999987008, 515263.309099997975864 ], [ 235011.247400001011556, 515136.465300000971183 ], [ 234918.579799998988165, 515147.234600000025239 ], [ 234870.083000001002802, 515204.322000000975095 ], [ 234918.189100001007318, 515253.930100000987295 ], [ 234877.923999999009538, 515382.076000000990462 ], [ 234795.681000001990469, 515321.383000001020264 ], [ 234737.504999998986023, 515333.454000000027008 ], [ 234870.598999998997897, 515180.261999998008832 ], [ 234769.870000001013977, 515105.8900000010035 ], [ 234613.530000000988366, 515022.309999999008141 ], [ 234504.936999998986721, 515148.384000000020023 ], [ 234340.338599998998689, 515012.763599999016151 ], [ 234491.322700001008343, 514838.21799999801442 ], [ 234454.876400000997819, 514739.35750000202097 ], [ 234691.144499999005347, 514538.337900002021343 ], [ 234921.781199999008095, 514469.685400001995731 ], [ 235019.364799998991657, 514473.095400002028327 ], [ 235060.525800000992604, 514531.324900000996422 ], [ 235110.195999999006744, 514354.745999998995103 ], [ 235270.769400001008762, 514305.152699999976903 ], [ 235593.085000001010485, 514376.577300000994001 ], [ 235615.801700000010896, 514293.973099999013357 ], [ 235300.899099998001475, 514269.017600000021048 ], [ 235328.024700000998564, 514151.2483000010252 ], [ 235516.611299999000039, 514106.033 ], [ 235669.19570000100066, 513914.005500000028405 ], [ 235144.322999999014428, 513871.254000001004897 ], [ 234625.384, 513470.899999998975545 ], [ 234426.947000001004199, 513735.615999999979977 ], [ 234309.550999998988118, 513671.579000000027008 ], [ 235183.801399997988483, 512489.1371 ], [ 235309.949000001011882, 512378.813000001013279 ], [ 235155.998399998992682, 512490.073800001002382 ], [ 234713.480099998007063, 512161.395199998980388 ], [ 234795.09340000199154, 511821.390099998970982 ], [ 234765.494600002013613, 511744.494499999971595 ], [ 234509.9496, 511577.512400000996422 ], [ 234566.064199999003904, 511356.419399999023881 ], [ 234437.777899998996872, 511187.840700000990182 ], [ 234309.89849999899161, 511143.295099999988452 ], [ 234148.627700001001358, 511233.1457 ], [ 234412.975000000995351, 510893.512999999977183 ], [ 234361.14079999900423, 510855.791200001025572 ], [ 234399.627, 510899.315000000991859 ], [ 233507.465, 512011.383000001020264 ], [ 233682.559999999008141, 512117.193999997980427 ], [ 233498.468800000991905, 512354.28359999897657 ], [ 232721.050999998988118, 511867.454000000027008 ], [ 232808.799600000987994, 511750.2918 ], [ 232879.859399999986636, 511757.663400001998525 ], [ 233170.28159999800846, 511410.242600000987295 ], [ 233198.724300000991207, 511356.958900001016445 ], [ 233146.943700000992976, 511284.31129999802215 ], [ 233704.505299999989802, 510684.363299998978619 ], [ 233583.10909999901196, 510605.592 ], [ 233340.917199999006698, 510556.594799998973031 ], [ 233210.058800000988413, 510587.0955 ], [ 233193.810899998992682, 510711.87489999801619 ], [ 232777.105999999010237, 510905.944299999973737 ], [ 232587.879999998986023, 511188.5222 ], [ 232143.155099999014055, 511048.4474 ], [ 232077.2115, 510645.971900000993628 ], [ 231829.415600001986604, 510435.232599999988452 ], [ 231678.4098, 510225.9976 ], [ 231148.515500001987675, 509847.911800000991207 ], [ 230766.91, 510396.03200000198558 ], [ 230428.087999999988824, 510140.60799999901792 ], [ 230220.421999998012325, 509913.114 ], [ 229985.483700000011595, 509782.618399999977555 ], [ 229565.090399998996872, 510066.945500001020264 ], [ 228989.030000000988366, 509815.281399998988491 ], [ 228984.170299999008421, 509645.891600002010819 ], [ 228826.893199999001808, 509585.837600000028033 ], [ 228678.835000001010485, 510384.74800000002142 ], [ 228559.7643, 510408.991300001973286 ], [ 228320.52290000001085, 510378.51379999902565 ], [ 228365.7025000010035, 509939.636799998988863 ], [ 228076.437100000999635, 509590.340399998996872 ], [ 226244.987, 509603.679000000993256 ], [ 225811.807999998010928, 509780.6099999989965 ], [ 225517.392000001011183, 509794.532600001024548 ], [ 225462.2278, 510273.318700000992976 ], [ 225520.649, 510279.745999998995103 ], [ 225505.190000000991859, 510388.131999998993706 ], [ 225589.425000001006993, 510398.324000001011882 ], [ 225570.796, 510548.394000001018867 ], [ 225431.811999998986721, 510520.447999998985324 ], [ 225425.965999998006737, 510548.454000000027008 ], [ 225569.410999998013722, 510559.554000000993256 ], [ 225364.32, 512243.559 ], [ 225195.403000001009787, 512237.504000001004897 ], [ 224908.603, 512119.684 ], [ 224922.227000001992565, 512059.504999999015126 ], [ 224873.736400001012953, 512195.859799999976531 ], [ 224684.157099998992635, 512188.090599999006372 ], [ 224608.943300001003081, 512342.271899998013396 ], [ 224226.274300001998199, 512519.602899998018984 ], [ 224114.264400001993636, 513090.395199998980388 ], [ 224029.933800000988413, 513231.081900000979658 ], [ 224120.421200000011595, 513262.106099999975413 ], [ 224110.34220000001369, 513997.019400000979658 ], [ 224309.790899999003159, 513998.8785 ], [ 224371.595199998002499, 514042.692400000989437 ], [ 224572.528700002003461, 514018.936900001019239 ], [ 224818.661800000991207, 514568.464299999002833 ], [ 224800.72540000101435, 514733.668400001013651 ], [ 224696.120499998010928, 514753.673099997977261 ], [ 224695.19350000101258, 514913.177200001024175 ], [ 224608.177900000999216, 514923.035399999003857 ], [ 224593.55649999898742, 514996.7465 ], [ 224439.4804, 515005.249499998986721 ], [ 224419.797899998986395, 514927.423400000028778 ], [ 224312.672600001009414, 514875.450300001015421 ], [ 224524.7652, 515139.1724999989965 ], [ 224401.24199999900884, 515196.45499999797903 ], [ 224258.092, 515387.517999998992309 ], [ 224005.498, 515252.133000001020264 ], [ 223986.671, 515198.965999997977633 ], [ 223513.683499998995103, 515259.5931 ], [ 223486.184900001011556, 515052.931499999016523 ], [ 223113.474800002004486, 514927.666000001016073 ], [ 222818.296, 514955.966100000019651 ], [ 222710.1107, 515155.8862 ], [ 222758.090599999006372, 515307.006499997980427 ], [ 222909.842300001997501, 515374.01379999902565 ], [ 222914.563000001013279, 515760.365999999979977 ], [ 222789.85920000099577, 515805.819600000977516 ], [ 222893.850799999985611, 516077.77890000102343 ], [ 222637.396299999003531, 516393.533799997996539 ], [ 222918.658399998996174, 516697.637899998982903 ], [ 222812.080800000985619, 516818.1239 ], [ 222936.907499999011634, 516824.60909999901196 ], [ 223718.221900000993628, 516187.123399998992682 ], [ 223389.818100002012216, 515977.446800001023803 ], [ 223366.651299997989554, 515806.037200000020675 ], [ 223486.078899998014094, 515594.825399998982903 ], [ 223850.456099998002173, 516133.944299999973737 ], [ 223693.042100001010112, 516663.609600000025239 ], [ 224124.704700000991579, 516717.757599997974467 ], [ 224142.002099998004269, 516837.521100000012666 ], [ 224253.4661, 516862.14359999797307 ], [ 224246.0, 516936.8125 ], [ 224452.5, 516961.18760000198381 ], [ 224443.906300000991905, 517107.906399998988491 ], [ 224550.48409999901196, 517510.469000000972301 ], [ 224776.13969999901019, 517423.522899999981746 ], [ 225069.0627, 517624.42049999901792 ], [ 225324.477000001992565, 517575.912000000011176 ], [ 225510.499699998996221, 517950.571699998981785 ], [ 225572.7205, 518293.104800001019612 ], [ 225708.720100000995444, 518226.707600001012906 ], [ 225911.724399998987792, 518233.565200001001358 ], [ 226018.9331, 518189.33109999797307 ], [ 225750.7568, 516757.797400001029018 ], [ 225895.875700000993675, 516862.987199998984579 ], [ 226211.122900001995731, 516784.050000000977889 ], [ 226467.974800002004486, 517008.142999998992309 ], [ 226846.635000001988374, 517052.4606 ], [ 227066.688499998010229, 516799.798799999000039 ], [ 227178.06329999899026, 516800.0011 ], [ 227110.395399998989888, 516545.581200000015087 ], [ 227184.688200000993675, 516552.629599999985658 ], [ 227256.73409999901196, 516490.500599998980761 ], [ 227098.300500001991168, 516189.448299999989104 ], [ 227128.671, 516057.644499999005347 ], [ 227174.9822, 516038.232099998975173 ], [ 227205.50820000100066, 515744.557399999001063 ], [ 227000.5262, 515778.281500000972301 ], [ 227067.008099998987745, 515606.235599997977261 ], [ 226751.467500000988366, 515420.940099999017548 ], [ 226802.7936, 515280.882599997974467 ], [ 226681.628300000011222, 514758.688200001022778 ], [ 227216.25, 514579.1400000010035 ], [ 227700.920000001991866, 514924.149999998975545 ], [ 227812.726599999004975, 515316.542300001019612 ], [ 227463.276299997989554, 515360.637699998973403 ], [ 227350.012800000986317, 515559.763999998976942 ], [ 227384.4155, 515675.614799998991657 ], [ 227351.1426, 515734.484499997983221 ], [ 227623.538400001998525, 515770.299300000013318 ], [ 227548.635299999004928, 515953.067499999015126 ], [ 227409.111800000013318, 516088.548300002003089 ], [ 227359.388199999986682, 516080.866500000993256 ], [ 227429.766800001001684, 516485.480500000994653 ], [ 226850.30429999899934, 517295.412500001024455 ], [ 226915.3387, 517403.574499998008832 ], [ 227011.607299997995142, 517422.844799998973031 ], [ 227095.371199999004602, 517534.742299999983516 ], [ 227055.2874, 517661.903099999006372 ], [ 227073.013199999986682, 517860.64090000098804 ], [ 227383.938000001013279, 517796.283500001009088 ], [ 227377.471700002002763, 518276.2502 ], [ 227591.456199999985984, 518512.672899999015499 ], [ 227684.611299999000039, 518765.877599999017548 ], [ 227660.796899999986636, 519250.906399998988491 ], [ 227754.701299998996546, 520139.917499999981374 ], [ 228414.203100000013364, 520138.8125 ], [ 228491.839299999002833, 520351.489700001024175 ], [ 228726.893599998002173, 520340.702300000994001 ], [ 228837.946400001994334, 520667.783 ], [ 229093.947500001988374, 520693.790700000012293 ], [ 229048.0656, 521058.801399998017587 ], [ 229107.743299997993745, 521056.238499998988118 ], [ 229122.054800000012619, 520965.813999999023508 ], [ 229185.887200002005557, 520967.411400000972208 ] ] ], [ [ [ 222269.7304, 516370.504599999985658 ], [ 222501.528000001009787, 516041.760000001988374 ], [ 222473.8275000010035, 515955.9474 ], [ 222275.4584, 516016.7388 ], [ 222182.793200001004152, 516249.423400000028778 ], [ 221884.6888, 516227.700599998002872 ], [ 221829.029599998000776, 516338.072700001008343 ], [ 221778.139199997996911, 516199.089000002015382 ], [ 221502.862, 516495.284000002022367 ], [ 221439.730999999010237, 516676.977000001992565 ], [ 221465.798, 516910.774999998975545 ], [ 221282.559999999008141, 517114.298 ], [ 221370.01590000098804, 517172.146000001986977 ], [ 221596.784099999989849, 517148.213199999008793 ], [ 221595.770100001012906, 517308.113600000971928 ], [ 221536.067600000998937, 517392.260499998985324 ], [ 222269.7304, 516370.504599999985658 ] ] ] ] } },
{ "type": "Feature", "properties": { "label": "MSKZ Musselkanaal-Zandberg", "gid": "MSKZ Musselkanaal-Zandberg" }, "geometry": { "type": "MultiPolygon", "coordinates": [ [ [ [ 265225.865600001008715, 541973.0231 ], [ 265040.125300001003779, 542246.890299997990951 ], [ 265029.937100001028739, 542259.784499999019317 ], [ 265361.840500000980683, 542251.007100000977516 ], [ 265506.798500001023058, 541815.124600001028739 ], [ 265391.789000000979286, 541736.289000001037493 ], [ 265225.865600001008715, 541973.0231 ] ] ], [ [ [ 264019.940200001001358, 556851.233499999972992 ], [ 264744.456999999005347, 557387.151999998954125 ], [ 265632.348200000997167, 556118.973200001055375 ], [ 266471.43949999997858, 556735.214999999967404 ], [ 266150.561799998977222, 555771.566300000995398 ], [ 266195.437199998996221, 555722.270199998980388 ], [ 266324.940299999027047, 555739.597600001958199 ], [ 266360.8143999989843, 555832.524199999985285 ], [ 266415.775400002021343, 555817.956799998995848 ], [ 266357.9289, 555480.724399999016896 ], [ 266576.069699999003205, 555488.313499997952022 ], [ 266537.992400002025533, 555224.397599998977967 ], [ 266962.706599998986349, 555216.123599999002181 ], [ 266984.398999999975786, 555351.072099998942576 ], [ 266844.829399998998269, 555425.858899998944253 ], [ 266813.321699998981785, 556222.624000002047978 ], [ 267259.255300000018906, 556315.426699999952689 ], [ 267046.45389999798499, 556686.704100001952611 ], [ 267458.602000001992565, 556619.835700002033263 ], [ 267469.78049999801442, 556446.481600000988692 ], [ 268085.816, 556442.81509999895934 ], [ 268083.676199998997618, 554627.651999998954125 ], [ 270288.454100002010819, 555897.2698 ], [ 271687.989500001014676, 556819.9983000010252 ], [ 272507.185300000011921, 556863.3752 ], [ 272754.3125, 556450.312600002042018 ], [ 273185.493500002019573, 556574.836800002027303 ], [ 273220.229999999981374, 556572.059999999008141 ], [ 273205.097100001003128, 556502.230099997948855 ], [ 273349.593800001021009, 556501.6875 ], [ 273407.302700001979247, 556691.678399999043904 ], [ 273492.923999999009538, 556386.0244 ], [ 273702.964600000996143, 556345.931200001039542 ], [ 273499.879000001004897, 555888.121700000017881 ], [ 273621.18760000198381, 555983.312600002042018 ], [ 273822.187100001028739, 556323.989900000044145 ], [ 274029.155099998984952, 556286.035900000017136 ], [ 274084.754000001004897, 555789.916499997954816 ], [ 274457.041900001000613, 555697.839699998032302 ], [ 274612.093800001021009, 554667.375 ], [ 274406.022599998977967, 552288.721799999009818 ], [ 275662.476000000024214, 552191.247499999008141 ], [ 275613.539999998989515, 552003.440000000991859 ], [ 270634.1400000010035, 543237.817499998956919 ], [ 269518.710000001010485, 541648.059999999008141 ], [ 269687.661200002010446, 541102.309999999008141 ], [ 269232.447000000975095, 541084.386300000944175 ], [ 269166.004000001004897, 541635.936000001034699 ], [ 269132.359000000986271, 541635.36100000096485 ], [ 269194.554900002025533, 541221.040600002044812 ], [ 268718.507300000987016, 541126.792599997948855 ], [ 268784.776999999012332, 541503.88899999903515 ], [ 268516.179000000993256, 541104.015000000945292 ], [ 268453.226000000024214, 540280.25199999997858 ], [ 266856.449999999022111, 539291.348000001045875 ], [ 266449.468499999027699, 539897.906100000953302 ], [ 266363.635799999989104, 539801.954000000027008 ], [ 266222.883000001020264, 540030.776000001002103 ], [ 266011.703000002016779, 539898.105999998981133 ], [ 265952.090199999976903, 539989.602000002050772 ], [ 265345.739700001024175, 539608.527499999967404 ], [ 265868.60799999901792, 538755.226000000024214 ], [ 265904.441599998972379, 538589.926499999943189 ], [ 265825.816899999976158, 538547.502099997946061 ], [ 265811.893100000976119, 538640.321899999049492 ], [ 265257.267999998992309, 539551.783599999034777 ], [ 265144.149500000989065, 539487.731699998956174 ], [ 264058.7183, 541259.114199999952689 ], [ 264165.447000000975095, 541332.644000001018867 ], [ 264332.617099999974016, 541066.398800001014024 ], [ 264777.431999999971595, 541340.033700000029057 ], [ 264830.271000001986977, 541262.147999997949228 ], [ 264471.388999998976942, 541035.434999999008141 ], [ 264512.324399999983143, 540968.629999998956919 ], [ 266649.690299999027047, 542322.551800000946969 ], [ 266867.18670000100974, 542585.500100002042018 ], [ 266930.724800002004486, 542946.526099998969585 ], [ 267009.556699999026023, 542949.573300000047311 ], [ 266829.3883000020287, 543212.815200001001358 ], [ 266795.1099999989965, 543197.0 ], [ 266828.585000001010485, 543026.883000000962056 ], [ 266721.427000001014676, 543185.043000000994653 ], [ 266490.397999998007435, 543070.094999999040738 ], [ 266385.276000001002103, 543223.894000001018867 ], [ 265910.592, 543048.091999999945983 ], [ 266067.697999998985324, 542771.602000002050772 ], [ 265942.822000000975095, 542682.136000000056811 ], [ 265760.120000000984874, 542952.511999998008832 ], [ 265734.302999999024905, 542879.714999999967404 ], [ 265687.822000000975095, 542848.456 ], [ 265667.243999999016523, 542878.741000000038184 ], [ 265401.969000000972301, 542702.296999998041429 ], [ 265507.278000000980683, 542548.576000001048669 ], [ 265454.607000001007691, 542512.548999998951331 ], [ 265350.45499999797903, 542666.271000002045184 ], [ 264932.929599999974016, 542374.080600001034327 ], [ 264197.490699998976197, 543420.374699998996221 ], [ 263876.100499999010935, 543072.555700000026263 ], [ 263790.282600001024548, 543139.12420000100974 ], [ 263482.599800002004486, 542810.832899998989888 ], [ 263464.70239999901969, 542839.408300001057796 ], [ 263735.0758000020287, 543126.266700000036508 ], [ 263686.943599999009166, 543205.887800000957213 ], [ 263598.277399997983593, 543231.992899999022484 ], [ 263372.087000000989065, 542987.280000000959262 ], [ 263254.384000000020023, 543180.405000000959262 ], [ 262726.259000000020023, 542823.11100000096485 ], [ 262685.03000000101747, 542883.945999998948537 ], [ 262587.006999998993706, 542818.208000001031905 ], [ 262446.056000002019573, 543026.550000000977889 ], [ 262351.446899998991285, 542965.0185 ], [ 262204.026900000986643, 543185.533399999025278 ], [ 261362.521699998993427, 542828.70039999904111 ], [ 261106.996599998004967, 543102.701699997996911 ], [ 260819.296999998012325, 542880.984000000986271 ], [ 260687.425999998988118, 542536.326000001048669 ], [ 260619.811000001005596, 542496.091999999945983 ], [ 260648.583000001002802, 542438.65700000198558 ], [ 260550.568999998009531, 542367.215999998035841 ], [ 260565.488000001991168, 542243.21799999801442 ], [ 260510.905000000988366, 542226.835000001010485 ], [ 260520.875999998010229, 542156.844000000972301 ], [ 260400.517999998992309, 542046.188999998965301 ], [ 260408.302000000985572, 541913.750999997952022 ], [ 260355.283, 541896.840999998035841 ], [ 260382.65700000198558, 541818.504999998956919 ], [ 260331.353999998013023, 541733.488000001991168 ], [ 260393.114999998011626, 541703.438000001013279 ], [ 260423.638999999006046, 541600.581999999005347 ], [ 260301.783, 541574.098999998997897 ], [ 260296.026999999012332, 541521.88800000003539 ], [ 260356.375999998010229, 541480.98600000096485 ], [ 260300.041000000986969, 541438.942000002018176 ], [ 260306.638999999006046, 541362.530999999027699 ], [ 260004.108100001001731, 541194.233399998047389 ], [ 260040.226599999004975, 541375.087299998966046 ], [ 259796.1373, 541982.556299999007024 ], [ 258957.247099998989142, 541615.088599998969585 ], [ 258430.840700000990182, 541458.395599998999387 ], [ 257871.184999999008141, 542147.313999998965301 ], [ 258892.18670000100974, 542928.208099998999387 ], [ 258944.511999998008832, 542866.432999997981824 ], [ 259014.118000001006294, 542923.329000000027008 ], [ 258973.254000001004897, 542970.977000002050772 ], [ 259827.160999998013722, 543653.620999998995103 ], [ 259809.000999998010229, 543687.859000000986271 ], [ 260575.785999998013722, 544349.469399999943562 ], [ 260676.633099998987745, 544452.278399999951944 ], [ 260640.294199999014381, 544515.263300001970492 ], [ 260725.8112, 544636.755499999970198 ], [ 260712.978700000996469, 544716.096299997996539 ], [ 260555.662099998007761, 544629.395500001031905 ], [ 260415.9921, 544494.493799999007024 ], [ 260395.1965, 544348.327300001052208 ], [ 260292.166000000986969, 544449.253800000995398 ], [ 260193.92159999901196, 544375.819899998954497 ], [ 260108.868799999007024, 544296.633599999942817 ], [ 260175.4712, 544229.534699999028817 ], [ 260115.994600002013613, 544160.055199999012984 ], [ 260102.790800001006573, 544221.777600002009422 ], [ 260021.839699998003198, 544166.480799998971634 ], [ 260053.66400000100839, 544307.853999997954816 ], [ 259988.647, 544253.427999999024905 ], [ 259829.574000001011882, 544244.15700000198558 ], [ 259801.10889999900246, 544198.311900001019239 ], [ 259751.774200000014389, 544168.314800002030097 ], [ 259780.811000001005596, 544218.011000000056811 ], [ 259561.467300001997501, 544477.850400001043454 ], [ 259768.249099999986356, 544651.913899998995475 ], [ 259137.4362, 545358.944899998954497 ], [ 259211.403999998990912, 545417.688000001013279 ], [ 259050.163299999985611, 545649.425599999958649 ], [ 259249.355999999010237, 545947.152699999976903 ], [ 259175.7645, 546037.113400000962429 ], [ 259177.122900001995731, 546122.416200001025572 ], [ 259037.2839, 546257.932799999020062 ], [ 258971.831, 546233.339000002015382 ], [ 258717.50820000100066, 546609.202300001052208 ], [ 258833.6415, 546683.208700001006946 ], [ 258593.535599999013357, 547030.9377 ], [ 258454.607599999988452, 546976.982999998959713 ], [ 258582.861000000993954, 547066.055000000051223 ], [ 258485.133400001010159, 547206.605300002032891 ], [ 258637.211599998001475, 547300.554099999018945 ], [ 258854.797899998986395, 547296.442799999960698 ], [ 259224.075199999002507, 547153.893900000024587 ], [ 258956.858700000011595, 547702.484399999957532 ], [ 259393.088199999008793, 547999.693300000973977 ], [ 259561.136799998988863, 547749.706500001018867 ], [ 259589.563999998994404, 547767.085200001019984 ], [ 259507.646799999987707, 548077.743600000045262 ], [ 259797.567400000989437, 548275.270300001022406 ], [ 259938.056200001010438, 547990.134599998942576 ], [ 260262.748399998992682, 548213.748199998983182 ], [ 260089.939199999003904, 548477.01749999797903 ], [ 261196.376200002006954, 549268.730700001004152 ], [ 261266.671, 549169.528000000980683 ], [ 261597.644999999989523, 549433.726000000024214 ], [ 261564.833799999003531, 549483.143900000024587 ], [ 262404.805, 550059.51300000003539 ], [ 262528.84499999898253, 550029.787000000011176 ], [ 262598.544, 550078.087000000989065 ], [ 262527.165399998018984, 550181.994100000942126 ], [ 263656.799699998984579, 550978.169399998965673 ], [ 263626.888999998976942, 551072.302700001979247 ], [ 264117.838700000022072, 550406.440499998978339 ], [ 263840.007300000987016, 550801.11120000097435 ], [ 263953.036299999977928, 550967.674899999052286 ], [ 264241.997000001021661, 550566.489999998011626 ], [ 264268.221999999019317, 550586.256999999051914 ], [ 263998.691899999976158, 550952.527499999967404 ], [ 264067.16970000002766, 550989.957400002051145 ], [ 264080.084800001000986, 551082.305000000051223 ], [ 263966.098000000987668, 551259.322500001988374 ], [ 264065.557999997981824, 551263.475200001033954 ], [ 263994.0627, 551357.19119999895338 ], [ 264044.333099998999387, 551488.575800001970492 ], [ 263911.380100000998937, 551404.061000001034699 ], [ 263506.367800000996795, 551954.523200002033263 ], [ 263672.741799999028444, 552080.94990000105463 ], [ 263371.631900001026224, 552656.176800000946969 ], [ 263613.647399999026675, 553083.947900000959635 ], [ 263884.177499998011626, 553081.23620000097435 ], [ 264194.007199999003205, 552865.38789999904111 ], [ 264558.951599999971222, 552915.631599999964237 ], [ 264294.529800001997501, 553461.848600000026636 ], [ 264043.184400000027381, 553371.271899997955188 ], [ 263973.610800002003089, 553435.86030000098981 ], [ 262849.84319999802392, 552606.647899999981746 ], [ 262817.177299998991657, 552630.113000001991168 ], [ 262858.069100000022445, 552826.888400000054389 ], [ 262982.239799998991657, 552865.622299998998642 ], [ 263865.887999999977183, 553511.055599999031983 ], [ 264361.5150000010035, 553694.232999998959713 ], [ 264211.033700000029057, 553991.698899999028072 ], [ 264146.9144, 553988.948800000944175 ], [ 264165.10920000099577, 554076.111699998029508 ], [ 263926.437199998996221, 554505.643900000024587 ], [ 263824.960399999981746, 554508.895000000018626 ], [ 263571.413899998995475, 555034.956799998995848 ], [ 263614.622900001995731, 555071.876200002036057 ], [ 263015.240600001008715, 556137.681600000942126 ], [ 263049.344000000972301, 556168.507499999948777 ], [ 262708.923999999009538, 556894.52899999904912 ], [ 262731.024599999014754, 556921.893800002057105 ], [ 262560.130699999979697, 557169.119199999026023 ], [ 262482.131999998993706, 557379.142999998992309 ], [ 262589.01469999901019, 557452.831500001018867 ], [ 262633.563999999023508, 557404.735800002003089 ], [ 262727.101100001018494, 557455.907299999031238 ], [ 262638.324200001021381, 557624.283199999015778 ], [ 263385.620900001027621, 558031.625100002042018 ], [ 263616.114899999985937, 558081.7511 ], [ 263834.9793, 558214.598600000026636 ], [ 263898.490600001008715, 556988.78180000197608 ], [ 264019.940200001001358, 556851.233499999972992 ] ] ], [ [ [ 263932.155200001026969, 551296.005499999970198 ], [ 263905.102000001992565, 551349.695999998948537 ], [ 263919.180100000987295, 551357.43839999998454 ], [ 263974.587999999988824, 551320.006999999051914 ], [ 263932.155200001026969, 551296.005499999970198 ] ] ] ] } },
{ "type": "Feature", "properties": { "label": "CVD Coevorden", "gid": "CVD Coevorden" }, "geometry": { "type": "MultiPolygon", "coordinates": [ [ [ [ 239947.500900000013644, 515943.710999999020714 ], [ 240195.958000001002802, 515655.490999999979977 ], [ 240313.02259999900707, 515772.0823 ], [ 240266.620700002007652, 515719.647300001000986 ], [ 240321.5055, 515670.852899998018984 ], [ 240182.989200000010896, 515451.368700000981335 ], [ 240265.475499999010935, 515281.720100001024548 ], [ 240025.468699999008095, 515174.449000001011882 ], [ 239960.479200002009748, 515187.051899998972658 ], [ 239928.244199998996919, 515101.269299998995848 ], [ 240019.011999998008832, 514965.603100001986604 ], [ 239993.75869999799761, 514923.075199998973403 ], [ 239914.6494, 514837.524300002027303 ], [ 239712.791000000986969, 514800.027100000996143 ], [ 239648.809999999008141, 514726.379999999015126 ], [ 239154.0737, 515071.04390000202693 ], [ 239538.7073, 515547.332899998989888 ], [ 239889.46720000001369, 515750.565299999027047 ], [ 239947.500900000013644, 515943.710999999020714 ] ] ], [ [ [ 245644.65700000198558, 533227.903099998948164 ], [ 245684.716400000994327, 533230.892900001024827 ], [ 245681.4454, 533126.031399999046698 ], [ 245802.577399998990586, 532824.357099998975173 ], [ 245952.093699999008095, 532606.875100002042018 ], [ 245948.536499998997897, 532344.317099999985658 ], [ 246443.702300000994001, 531997.7097 ], [ 246639.369899999001063, 531778.469900000956841 ], [ 246884.583099998999387, 531673.080699999001808 ], [ 246937.105300002003787, 531574.098999998997897 ], [ 247024.296799998992356, 531623.500100002042018 ], [ 247357.921, 530940.050200000056066 ], [ 247964.101, 530364.214899998041801 ], [ 248129.852000001992565, 530279.413500000024214 ], [ 248492.019499999005347, 529556.2256 ], [ 248865.121399999014102, 529330.986400000983849 ], [ 248923.690499999007443, 529242.076900001964532 ], [ 248981.319499998993706, 528813.580300000030547 ], [ 248959.616099998005666, 528637.28290000197012 ], [ 249050.593800000991905, 528409.375100002042018 ], [ 248880.661600001010811, 528164.51300000003539 ], [ 248943.145300000993302, 528049.225800000014715 ], [ 248946.0876, 527858.451699997996911 ], [ 249001.137800000986317, 527845.374000002047978 ], [ 248997.774200000014389, 527716.63879999902565 ], [ 249092.490499998995801, 527640.686500002047978 ], [ 249185.937199998996221, 527424.507499999948777 ], [ 249089.993099999002879, 527329.346700001973659 ], [ 249198.796799998992356, 527185.687600002042018 ], [ 247471.368299997993745, 525664.167399998987094 ], [ 247603.3719, 525780.433899999014102 ], [ 247885.906199999008095, 525672.801699999952689 ], [ 247713.622699997999007, 525294.806600000942126 ], [ 248062.983399997989181, 525084.967599999043159 ], [ 248377.820799998997245, 525764.64359999797307 ], [ 249018.755899998999666, 525543.54960000095889 ], [ 249035.275699999008793, 525417.233199998969212 ], [ 249528.197500001988374, 525560.944699998944998 ], [ 249856.147300001000986, 525112.761599999037571 ], [ 249942.441500001004897, 524869.697900000959635 ], [ 250253.750900000013644, 524510.854899998987094 ], [ 250409.364599999011261, 524225.180100000987295 ], [ 250450.321699999010889, 523582.8356 ], [ 250621.243099999002879, 523618.289299998024944 ], [ 251180.201400001009461, 523586.67110000201501 ], [ 251258.679200001002755, 523627.9168 ], [ 251305.2874, 523749.186099999002181 ], [ 251192.788199998001801, 523797.657600001024548 ], [ 251143.932999998010928, 523772.906500000972301 ], [ 251139.537000000011176, 523957.620000000984874 ], [ 251233.002199999988079, 524012.818399998999666 ], [ 251246.996199999004602, 524134.587400001008064 ], [ 251321.691, 524238.135000001988374 ], [ 251614.703000001987675, 524224.093899998988491 ], [ 251602.5, 524066.50010000198381 ], [ 251436.593699999008095, 524053.906399998988491 ], [ 251427.0, 523888.68760000198381 ], [ 251384.999899997987086, 523881.18760000198381 ], [ 251399.906300000991905, 523674.50010000198381 ], [ 251455.296799998992356, 523680.00010000198381 ], [ 251445.774, 523564.401000001002103 ], [ 252679.4419, 523507.550900001020636 ], [ 252661.577100001013605, 524575.56509999895934 ], [ 253845.579999998008134, 524549.184999999008141 ], [ 254049.2349999989965, 523249.631000000983477 ], [ 254099.850499999010935, 523292.355500000994653 ], [ 254164.2324, 522921.910999997984618 ], [ 254114.915199998999014, 522864.977400001022033 ], [ 254245.8900000010035, 521987.250999998010229 ], [ 251841.906199999008095, 521134.6875 ], [ 251870.597399997990578, 520506.181600001000334 ], [ 249138.716499998990912, 520553.20129999902565 ], [ 249510.999899997987086, 520546.18760000198381 ], [ 249520.093800000991905, 520209.593899998988491 ], [ 249440.406199999008095, 520166.406399998988491 ], [ 249720.372000000992557, 519238.940000000991859 ], [ 249504.835000001010485, 519252.045999999972992 ], [ 249074.602000001992565, 519146.738000001991168 ], [ 248857.440000000991859, 518979.897999998007435 ], [ 248716.600000000995351, 518960.710000001010485 ], [ 248438.528000001009787, 518599.230999998981133 ], [ 247823.239, 518807.261999998008832 ], [ 247464.399999999004649, 518464.440000000991859 ], [ 247357.374000001989771, 518598.670999999972992 ], [ 247452.427999998995801, 518661.576000000990462 ], [ 247465.431000001990469, 518709.71799999801442 ], [ 247401.811999998986721, 518719.743000001006294 ], [ 247261.730000000010477, 518580.8599999989965 ], [ 246689.355999999010237, 518397.169 ], [ 246276.16, 517837.68 ], [ 245941.3599999989965, 517514.210000001010485 ], [ 245659.57, 517029.899999998975545 ], [ 245283.370000001013977, 516823.93 ], [ 245108.602000001992565, 516806.763999998976942 ], [ 244895.1099999989965, 516686.940000000991859 ], [ 244564.1400000010035, 516408.729999999981374 ], [ 244571.410999998013722, 516352.618999999016523 ], [ 244766.587999999988824, 516297.624000001989771 ], [ 245454.013999999006046, 515589.940000000991859 ], [ 245757.579999998008134, 514995.840000000025611 ], [ 245363.918000000994653, 513143.701000000990462 ], [ 245350.82, 512913.105999998981133 ], [ 245411.7349999989965, 512757.570999999006744 ], [ 245304.296999998012325, 512571.006000000983477 ], [ 245263.049300000013318, 512268.361099998990539 ], [ 244933.9527, 512208.0018999989843 ], [ 244525.855900001013651, 512299.304599999974016 ], [ 244412.375500001013279, 512404.015399999974761 ], [ 244063.459199998993427, 512279.880800000973977 ], [ 244092.568999998009531, 512155.686999998986721 ], [ 243542.444400000997121, 512490.882599997974467 ], [ 243407.558200002007652, 512388.007599997974467 ], [ 243421.229699999006698, 512257.532400001015048 ], [ 243162.832600001012906, 512411.416200001025572 ], [ 243012.9849999989965, 512406.398999999975786 ], [ 242810.920400000992231, 512506.029399998020381 ], [ 242599.138, 512740.017999998992309 ], [ 242887.757699999987381, 513034.132599997974467 ], [ 242833.432999998010928, 513187.055700000026263 ], [ 242674.494199998996919, 513349.928300001018215 ], [ 242662.78929999799584, 513563.345199998002499 ], [ 242468.299699999013683, 513675.521600001025945 ], [ 242287.296999998012325, 513690.895000000018626 ], [ 242232.921, 513579.951000000990462 ], [ 242116.447000001004199, 513606.585999999020714 ], [ 242071.011, 513571.65500000101747 ], [ 241983.803599998005666, 513220.727499998989515 ], [ 241432.774200000014389, 513368.334600001981016 ], [ 241493.557999998010928, 513138.28200000198558 ], [ 241043.4849999989965, 513112.022999998007435 ], [ 241014.870999998995103, 512815.348999998997897 ], [ 240786.568999998009531, 512530.401000001002103 ], [ 240381.583999999013031, 512442.896000001986977 ], [ 240003.607999998988817, 512505.395000000018626 ], [ 239813.002999999007443, 512485.480999998981133 ], [ 239617.142000001011183, 512379.39200000098208 ], [ 239398.673999999009538, 512116.901999999012332 ], [ 239802.501899999013403, 512700.195300002000295 ], [ 239542.119399997987784, 512717.357900000992231 ], [ 239509.447299997991649, 512571.567299999005627 ], [ 239348.633099998987745, 512601.698600001982413 ], [ 239429.719599998992635, 512722.354600001010112 ], [ 239377.7555, 512784.031300001021009 ], [ 239094.620400000014342, 512729.543200001004152 ], [ 238965.982299997995142, 512780.708600000012666 ], [ 238681.286499998997897, 513164.669799997995142 ], [ 238825.221000001009088, 512994.023999999975786 ], [ 239206.875, 513113.592 ], [ 239549.971000001009088, 513071.710999999020714 ], [ 239715.829, 513245.888999998976942 ], [ 239960.36899999898742, 513339.284999999974389 ], [ 239909.081, 513466.250999998010229 ], [ 239927.824000001011882, 513486.022 ], [ 239991.11699999900884, 513307.624000001989771 ], [ 240191.579999998008134, 513320.956999999005347 ], [ 240280.620999998995103, 513543.465000000025611 ], [ 240384.688499998010229, 513558.974700000020675 ], [ 240782.892000001011183, 513872.2349999989965 ], [ 240779.434999999008141, 514134.67000000202097 ], [ 240832.339000001986278, 514325.316 ], [ 240976.289999998989515, 514489.15700000198558 ], [ 241003.24199999900884, 514599.212000000989065 ], [ 240963.68, 514629.699000001011882 ], [ 241402.75759999800357, 515340.2991 ], [ 242545.052999998995801, 516239.556999999971595 ], [ 242228.161699999007396, 516635.9399 ], [ 241950.54659999901196, 516469.650600000983104 ], [ 241582.224399998987792, 516179.23409999901196 ], [ 241440.0504, 516009.756000000983477 ], [ 241210.043000000994653, 515943.884000000020023 ], [ 240916.7432, 515654.783100001979619 ], [ 241135.396100000012666, 515289.991199999989476 ], [ 241016.659899997990578, 515146.106199998001102 ], [ 240932.719900000985945, 515126.565200001001358 ], [ 240907.204900000011548, 514990.089499999012332 ], [ 240789.380100000998937, 514870.335299998987466 ], [ 240742.860800002003089, 514878.710999999020714 ], [ 240740.947000001004199, 514930.397 ], [ 240606.203000001987675, 514937.177999999024905 ], [ 240622.346000001009088, 515080.353999998013023 ], [ 240516.982599999988452, 515154.73620000097435 ], [ 240586.365800000989111, 515168.226500000979286 ], [ 240662.545600001001731, 515106.555799997993745 ], [ 240717.202300000994001, 515137.1261 ], [ 240661.9738, 515270.619699999981094 ], [ 240762.462000000989065, 515389.622900001995731 ], [ 240601.02459999898565, 515705.083000000973698 ], [ 240469.133499999006744, 515694.423 ], [ 240437.568900000012945, 516033.284200001973659 ], [ 240135.433400000998517, 516010.866999998979736 ], [ 240071.752099998004269, 516097.162300002004486 ], [ 240043.4879, 516613.989999998011626 ], [ 240296.285300001996802, 516337.174800001026597 ], [ 240292.401999999012332, 516248.907699998002499 ], [ 240348.177299998991657, 516270.89110000099754 ], [ 240419.826000000990462, 516221.136999998008832 ], [ 240507.647500001010485, 516321.1019 ], [ 240439.750500001013279, 516641.799699998984579 ], [ 240197.211700000014389, 517055.539000000979286 ], [ 240287.203000001987675, 517171.99879999802215 ], [ 240602.2489, 517145.903200000990182 ], [ 240947.447999999014428, 517438.34499999898253 ], [ 240811.409600001003128, 517593.62579999899026 ], [ 240684.870499998010928, 517648.376600001007318 ], [ 240309.098099999013357, 518085.487000000022817 ], [ 239795.739999998011626, 517661.270000000018626 ], [ 239663.644000000989763, 517815.604999999981374 ], [ 239347.3002, 517688.140099998970982 ], [ 239184.321699999010889, 517780.3222 ], [ 239059.607000001007691, 517926.819699999003205 ], [ 239009.4069, 517864.428800001973286 ], [ 238969.24240000199643, 517530.373199998983182 ], [ 238908.894699997996213, 517483.012999999977183 ], [ 238855.71099999899161, 517482.959399998013396 ], [ 238635.022399998997571, 517681.995600000023842 ], [ 238510.313700002006954, 517651.81239999801619 ], [ 237779.457499999989523, 518505.525899999018293 ], [ 237907.221999998990213, 518842.125 ], [ 238111.919, 518901.359000000986271 ], [ 237990.649, 518885.617400002025533 ], [ 237947.251499998994404, 519136.039700001012534 ], [ 236628.75, 520693.581999999005347 ], [ 235792.480300002003787, 519976.6985 ], [ 235673.134599999000784, 519642.998599999002181 ], [ 235415.184, 519409.863000001991168 ], [ 235154.4395, 519707.634399998991285 ], [ 235272.5013, 519735.739500001014676 ], [ 235361.312899999000365, 519840.682300000975374 ], [ 235403.517700002004858, 520098.8849 ], [ 235362.568399998999666, 520354.646799999987707 ], [ 235601.587999999988824, 520853.166399999987334 ], [ 237615.687399997987086, 521342.677000001014676 ], [ 237576.695999999006744, 521333.340999997977633 ], [ 237596.203499999013729, 522240.730099998007063 ], [ 237314.944800000987016, 522257.345400002028327 ], [ 237371.4067, 522674.029300000984222 ], [ 237446.831900001008762, 522663.365400000999216 ], [ 237515.52210000201012, 522834.006700002006255 ], [ 237400.917599998007063, 523175.160199999983888 ], [ 237579.678100001008715, 523210.149500000989065 ], [ 237644.931000001990469, 523382.45389999798499 ], [ 237494.5251, 523545.046999997983221 ], [ 237256.925000001006993, 523600.602100000018254 ], [ 237263.160599999013357, 523715.410999997984618 ], [ 237393.989999998011626, 523709.760100000014063 ], [ 237482.740600001008715, 523831.939100001007318 ], [ 237664.415600001986604, 523856.410399999003857 ], [ 237654.864500000985572, 524317.794100000988692 ], [ 237778.103200000012293, 524343.752700001001358 ], [ 237775.535999998013722, 524211.458000000973698 ], [ 238467.36699999900884, 524196.3946 ], [ 238465.7018, 524076.216600000974722 ], [ 238941.0150000010035, 524122.405999999027699 ], [ 238958.385799999989104, 525105.432100001955405 ], [ 238395.9855, 524930.675000000977889 ], [ 238350.522399998997571, 525539.210700002033263 ], [ 238436.481400001997827, 525720.253800000995398 ], [ 238834.0150000010035, 525734.875 ], [ 239229.406199999008095, 525820.187600002042018 ], [ 239568.164099999004975, 525971.408100001979619 ], [ 239618.086100001004525, 526060.76469999901019 ], [ 239813.807200000010198, 526117.912400000030175 ], [ 239771.394200000999263, 526139.370700001949444 ], [ 239810.113200001011137, 526157.519699997967109 ], [ 239774.798900001012953, 526228.067200000979938 ], [ 239948.128199997998308, 526312.573300000047311 ], [ 239861.2214, 526499.230900001013651 ], [ 239865.595400001999224, 526643.912000000011176 ], [ 240121.750100002012914, 526785.461300001014024 ], [ 240290.566100000985898, 526948.36010000098031 ], [ 240563.036200002010446, 527092.13989999901969 ], [ 240684.5075, 527109.049699999042787 ], [ 241495.241, 525830.300999999046326 ], [ 241523.7214, 525847.373199998983182 ], [ 241039.9265, 526610.783199999015778 ], [ 241044.938000001013279, 526693.688700002036057 ], [ 241205.350699998001801, 526902.130399998044595 ], [ 241357.330600001005223, 526803.076000001048669 ], [ 241706.45960000201012, 526897.059 ], [ 241661.999899997987086, 526894.312600002042018 ], [ 241612.186599999986356, 526978.174899999052286 ], [ 241665.64090000098804, 526987.994100000942126 ], [ 241698.385100000014063, 527147.109399999957532 ], [ 241962.209399998013396, 527159.448300000047311 ], [ 241860.551899999001762, 527468.239399999030866 ], [ 242077.083299997990252, 527461.408000000054017 ], [ 242087.226, 527495.497000001021661 ], [ 239685.4582, 527525.260099999955855 ], [ 240319.406199999008095, 527548.125100002042018 ], [ 239979.2357, 528042.1858000010252 ], [ 240492.18, 528396.71799999801442 ], [ 239990.703000001987675, 529067.187600002042018 ], [ 239910.703000001987675, 529059.187600002042018 ], [ 239818.593800000991905, 529182.3125 ], [ 240290.894000000989763, 529457.98600000096485 ], [ 240109.093800000991905, 529958.0 ], [ 240164.906300000991905, 530061.0 ], [ 240161.906300000991905, 530492.0 ], [ 240251.9849999989965, 530768.446499999961816 ], [ 240308.796899999986636, 530791.812600002042018 ], [ 240437.841699999000411, 531095.0627 ], [ 240502.241, 531149.427999999024905 ], [ 240537.813499998010229, 531344.284100000048056 ], [ 243068.486400001012953, 531406.824999999022111 ], [ 243731.767299998988165, 532120.49800000002142 ], [ 243798.2302, 532017.094200000050478 ], [ 244554.796799998992356, 532627.875100002042018 ], [ 244895.243500001990469, 532700.026199999963865 ], [ 244894.0002, 532887.419100000988692 ], [ 245005.276500001986278, 532865.90960000094492 ], [ 245149.4155, 532935.176300000050105 ], [ 245242.557100002013613, 532904.079900000011548 ], [ 245403.5123, 533253.807300001033582 ], [ 245634.256900000997121, 533272.181499999016523 ], [ 245644.65700000198558, 533227.903099998948164 ] ] ] ] } },
{ "type": "Feature", "properties": { "label": "MP Meppel", "gid": "MP Meppel" }, "geometry": { "type": "MultiPolygon", "coordinates": [ [ [ [ 209980.529399997991277, 511296.408899999980349 ], [ 209806.848700002010446, 511312.444699999003205 ], [ 209899.854400001000613, 511642.3739 ], [ 210290.2249, 511539.953000002016779 ], [ 209980.529399997991277, 511296.408899999980349 ] ] ], [ [ [ 211767.431000001990469, 511612.063999999023508 ], [ 211724.774700000998564, 511644.65590000199154 ], [ 211376.8598, 511510.417499999981374 ], [ 211287.247000000992557, 512085.305 ], [ 211979.060600000986597, 512197.400699999008793 ], [ 212143.808800000988413, 512629.035399999003857 ], [ 211767.431000001990469, 511612.063999999023508 ] ] ], [ [ [ 212632.733600001985906, 513801.37300000002142 ], [ 212252.89110000099754, 512835.925299998023547 ], [ 212016.410999998013722, 512867.039999998989515 ], [ 211784.981199998001102, 513298.76489999901969 ], [ 211694.146299999003531, 513500.386700001021381 ], [ 211709.8884, 513465.849300000991207 ], [ 212099.248199999012286, 513579.366099998005666 ], [ 212486.228200000012293, 513471.5016999989748 ], [ 212710.872000000992557, 514034.416000001016073 ], [ 212632.733600001985906, 513801.37300000002142 ] ] ], [ [ [ 217574.688000001013279, 529452.716800000984222 ], [ 217929.499899997987086, 529086.625 ], [ 217946.713599998998689, 528993.995700001949444 ], [ 217765.67990000199643, 528600.166000001016073 ], [ 218080.285399999003857, 528482.786800001049414 ], [ 218297.291299998993054, 528594.038199997972697 ], [ 218550.295899997989181, 528335.850699997972697 ], [ 218643.816799997992348, 527952.047499999054708 ], [ 218503.313099999009864, 527526.432100001955405 ], [ 218615.497699997999007, 527197.846099999034777 ], [ 218756.613600001001032, 526984.548799998941831 ], [ 218652.535599999013357, 526698.001200002036057 ], [ 218584.172200002009049, 526663.573399998014793 ], [ 219003.2018, 525845.311000001034699 ], [ 219223.167800002003787, 525936.70149999903515 ], [ 219415.203799999988405, 525760.609599999967031 ], [ 219637.259399998991285, 525943.107099998975173 ], [ 219692.593699999008095, 526060.581400000024587 ], [ 219712.610199999005999, 526191.447299998020753 ], [ 219646.010299999004928, 526304.583999998983927 ], [ 219797.829799998988165, 526662.605900001013651 ], [ 219789.690099998988444, 526764.831200000015087 ], [ 219497.924199998000404, 527139.066 ], [ 219793.203000001987675, 527318.875100002042018 ], [ 220684.931400000990834, 527403.764300000038929 ], [ 220657.006900000997121, 527475.319899998954497 ], [ 220985.982500001991866, 527621.657099999021739 ], [ 221217.186000001005596, 527027.491400000057183 ], [ 221427.96070000200416, 527123.966800000984222 ], [ 221499.4087, 527034.915399997960776 ], [ 221265.353, 526909.945599999045953 ], [ 221782.171300001005875, 525471.003299999982119 ], [ 220441.807200000010198, 524679.242800001055002 ], [ 221747.910999998013722, 522463.427000001014676 ], [ 220312.94460000100662, 522158.240600001008715 ], [ 219580.203100000013364, 521686.5 ], [ 220033.413699998985976, 521064.868700000981335 ], [ 220134.8059, 521081.450499999977183 ], [ 220563.780000000988366, 520973.241300001973286 ], [ 220698.357900000992231, 520259.460700001975056 ], [ 221068.4661, 519802.405999999027699 ], [ 219695.408199998986674, 518913.543699998001102 ], [ 219675.078100000013364, 518914.9608 ], [ 219983.899999999004649, 519102.895500000973698 ], [ 219859.89710000201012, 519323.799800001026597 ], [ 220040.877599998988444, 519955.0306 ], [ 219864.6318, 520078.450199998973403 ], [ 219488.8123, 519933.0474999989965 ], [ 219469.5403, 519634.79390000202693 ], [ 218995.927000000985572, 519439.620600000023842 ], [ 218958.291200000996469, 519508.137899998982903 ], [ 219001.598200000997167, 519836.596000001009088 ], [ 218890.884300000994699, 520369.135400001017842 ], [ 218908.790199998999014, 520582.783199999015778 ], [ 218858.0528, 520702.693300000973977 ], [ 218680.284000001993263, 520724.263700000999961 ], [ 218559.0185, 520611.127999998978339 ], [ 218690.035, 520334.715000000025611 ], [ 218643.087999999988824, 520266.568000000028405 ], [ 218731.120999998995103, 520186.120999998995103 ], [ 218678.839000001986278, 520183.175000000977889 ], [ 218620.600000000995351, 519997.636 ], [ 218505.760000001988374, 519906.888999998976942 ], [ 218505.98409999901196, 519710.909499999019317 ], [ 218598.559999999008141, 519633.353999998013023 ], [ 218508.905000000988366, 519550.056999999971595 ], [ 218540.877, 519466.942000002018176 ], [ 218639.873, 519438.692000002018176 ], [ 218536.526000001002103, 519288.278000000980683 ], [ 218404.5394, 518693.1268999989843 ], [ 218429.486000000993954, 518755.077 ], [ 218915.690000000991859, 518563.881999998993706 ], [ 218883.219999999011634, 518485.34499999898253 ], [ 218953.278000001009787, 518451.664999998989515 ], [ 218910.651000001002103, 518373.01700000098208 ], [ 219063.230000000010477, 518320.668000000994653 ], [ 219053.103, 518264.822999998985324 ], [ 219251.324000001011882, 518157.556000002019573 ], [ 219220.236000000993954, 518052.215999997977633 ], [ 219341.735100001009414, 517997.269699998025317 ], [ 219214.903499998006737, 517642.98420000099577 ], [ 219024.145199999009492, 517662.151900000986643 ], [ 218897.813999998994404, 517757.894400000979658 ], [ 218943.875700000993675, 517507.1858000010252 ], [ 218887.1138, 517385.356199998001102 ], [ 218712.24199999900884, 517361.258200000971556 ], [ 218142.920400000992231, 517502.066899999976158 ], [ 217897.454799998988165, 516404.841800000984222 ], [ 218009.119100001000334, 516313.241500000993256 ], [ 218143.236499999009538, 515837.302700001979247 ], [ 218739.918900001997827, 515626.930799997993745 ], [ 218879.659099999989849, 515265.1457 ], [ 219050.9835, 515041.068599999009166 ], [ 219030.84409999800846, 514792.695900000981055 ], [ 218868.418800000014016, 514688.445400000025984 ], [ 218771.504500001989072, 514760.089899997983593 ], [ 218556.026999999012332, 514532.260000001988374 ], [ 218388.107900000992231, 514625.9356000010157 ], [ 218346.796500000986271, 514502.933200002007652 ], [ 218492.0055, 514418.622900001995731 ], [ 218392.718800000991905, 514346.763599999016151 ], [ 217902.666099999012658, 514462.163300000014715 ], [ 217874.016600002010819, 514377.57889999798499 ], [ 217786.556000001990469, 514410.504399999976158 ], [ 217639.2082, 514643.423799999000039 ], [ 217521.145500001002802, 514715.563099998980761 ], [ 217773.346000001009088, 515860.306000002019573 ], [ 217622.112599999003578, 515200.522899999981746 ], [ 217371.993799999007024, 515253.008099998987745 ], [ 217320.664700001012534, 514769.62589999998454 ], [ 217076.96040000001085, 514864.335299998987466 ], [ 217075.7652, 514955.076400001009461 ], [ 216922.198800001002382, 514949.426600001985207 ], [ 216842.061299997993046, 514999.12379999802215 ], [ 216846.6274, 514946.304599999974016 ], [ 216673.897700000990881, 514938.948399998014793 ], [ 216538.260899997985689, 515276.918099999020342 ], [ 216275.643800001998898, 515208.530299998994451 ], [ 216248.048799999000039, 515313.23389999900246 ], [ 216082.8279, 515261.84609999897657 ], [ 216035.829500001011183, 515418.166399999987334 ], [ 215999.183600001008017, 515406.598299999022856 ], [ 216013.419300000998192, 515660.17280000098981 ], [ 215926.217500000988366, 515698.628299999982119 ], [ 215963.728, 515791.395000000018626 ], [ 215521.679200001002755, 516009.745600000023842 ], [ 215535.356300000014016, 516086.806099999987055 ], [ 215710.751499998994404, 516124.299300000013318 ], [ 215538.020599998999387, 516127.1395 ], [ 215318.954, 516273.532400001015048 ], [ 215060.170400000992231, 516192.2597 ], [ 215093.121699999988778, 516530.401900000986643 ], [ 215082.868000001006294, 516477.294899999978952 ], [ 214977.712900001992239, 516500.322900001017842 ], [ 214847.861699998000404, 516412.213799997989554 ], [ 214948.992600000987295, 516273.128199997998308 ], [ 214841.080200002004858, 516203.777699999976903 ], [ 214840.876499998994404, 516158.596799999009818 ], [ 214680.673799999000039, 516113.771200001006946 ], [ 214500.803399998985697, 516323.193999997980427 ], [ 214315.908100002008723, 516211.589299999002833 ], [ 214339.017700002004858, 516137.774599999014754 ], [ 214251.307500001013977, 516191.553699999989476 ], [ 214061.417500000010477, 516057.191399999021087 ], [ 213963.978100001986604, 516111.946600001014303 ], [ 213848.224800002004486, 515975.639800000994001 ], [ 213670.03790000101435, 516071.880300000018906 ], [ 213649.6116, 516172.335700001975056 ], [ 213574.739599999011261, 516125.574999999022111 ], [ 213358.877999999007443, 515942.805 ], [ 213129.679000000993256, 515642.342 ], [ 212584.831300001998898, 515311.087699997995514 ], [ 212668.429800000012619, 515273.640399999974761 ], [ 212709.073800001002382, 515078.100000001024455 ], [ 212617.962000000989065, 515011.614500001014676 ], [ 212410.006900000997121, 514627.014800000994001 ], [ 211999.806600001000334, 514646.901599999982864 ], [ 211725.454900000011548, 514570.189100001007318 ], [ 211695.4155, 514516.973700002010446 ], [ 211538.188999998994404, 514592.431000002019573 ], [ 211380.170499998988817, 514262.42170000099577 ], [ 211377.971900000993628, 514126.599700000020675 ], [ 211612.002799998997943, 513694.653099999006372 ], [ 211223.1175, 513510.957400001992937 ], [ 210589.964000001986278, 514020.874699998996221 ], [ 211135.8528, 514767.380800000973977 ], [ 210983.228200000012293, 514838.849800002004486 ], [ 210725.723700002010446, 515190.847100001003128 ], [ 210482.710000001010485, 515196.674500000022817 ], [ 210410.629999998986023, 515255.524999998975545 ], [ 209834.486200001003454, 514616.137899998982903 ], [ 209570.082899998989888, 514837.533799997996539 ], [ 209579.070999999006744, 514763.680599998973776 ], [ 209377.743000001006294, 514602.006400000012945 ], [ 209206.251499998994404, 514606.1789 ], [ 209136.283100002008723, 514534.6017 ], [ 209635.493700001010438, 514282.124299998977222 ], [ 210053.884399998991285, 513951.275199997995514 ], [ 210026.925599999987753, 513720.2489 ], [ 210174.163199998001801, 513489.074200001021381 ], [ 210450.52369999900111, 513266.287799999001436 ], [ 209651.786699999007396, 511049.811799998977222 ], [ 209250.7623, 511253.960499998007435 ], [ 209298.342099998000776, 511508.8836 ], [ 209212.138300001999596, 512121.035199999983888 ], [ 209339.245999998995103, 512404.750300001003779 ], [ 209330.182900000014342, 512569.296300000976771 ], [ 208402.538400001998525, 512519.338500001002103 ], [ 208511.102200001012534, 511434.268199999001808 ], [ 207331.53929999799584, 511255.219900001015048 ], [ 207415.1393, 511702.507599997974467 ], [ 207138.066500001004897, 511977.758000001020264 ], [ 206977.897500001010485, 511769.974599997978657 ], [ 206349.428100001008715, 513905.0614 ], [ 205234.929000000993256, 513860.804000000993256 ], [ 205164.648600001004525, 514952.688900000997819 ], [ 205759.096599999989849, 515157.724399999016896 ], [ 206221.3369, 515256.843899998988491 ], [ 206038.627300002000993, 517181.818900000012945 ], [ 206431.443, 517228.842 ], [ 206396.972600001987303, 517563.809099997975864 ], [ 206751.63320000100066, 518602.463899999973364 ], [ 205701.281800002005184, 518928.4692 ], [ 205557.280099999014055, 519174.2905 ], [ 205552.3873, 519297.8237 ], [ 205669.657499999011634, 519519.084199998993427 ], [ 206055.712400001008064, 519908.770500000973698 ], [ 206108.713199999008793, 520189.316599998972379 ], [ 206066.311099999002181, 520348.102000001992565 ], [ 206122.385000001988374, 520434.633000001020264 ], [ 206408.087999999988824, 520684.99800000002142 ], [ 206550.120000001013977, 520885.640500002016779 ], [ 206781.602499998989515, 521053.3519 ], [ 207163.71009999900707, 521488.510100000014063 ], [ 207349.035, 521560.115999999979977 ], [ 206776.090599999006372, 521805.673 ], [ 206723.2009, 521757.925099999003578 ], [ 206454.10130000099889, 521866.310699998983182 ], [ 206721.767000001011183, 522141.609000000986271 ], [ 206804.489999998011626, 522309.863000001991168 ], [ 206899.760000001988374, 522584.300000000977889 ], [ 206877.440000000991859, 522829.370000000984874 ], [ 207178.092, 523026.601000000024214 ], [ 207165.9849999989965, 523062.752999998978339 ], [ 207018.140999999013729, 523002.991999998979736 ], [ 206694.936299997993046, 523946.272899999981746 ], [ 207057.082800000993302, 524161.851599999004975 ], [ 207189.560800000996096, 524317.15590000199154 ], [ 207539.06170000100974, 524296.644299998995848 ], [ 207706.517200000991579, 523936.990800001018215 ], [ 207810.791000000986969, 524030.072900001017842 ], [ 207578.417599998007063, 524625.35729999805335 ], [ 207646.61899999898742, 524728.932399999001063 ], [ 207518.17139999900246, 525058.79670000099577 ], [ 208244.152299999987008, 525341.507599998032674 ], [ 207877.4399, 526341.055000000051223 ], [ 208150.269900001992937, 526525.195500000962056 ], [ 208312.714600000996143, 526742.915100001031533 ], [ 208178.316300000995398, 527174.885299999034032 ], [ 208624.3829, 527327.837400001008064 ], [ 208441.166999998997198, 527756.86210000095889 ], [ 209569.923999999009538, 528324.466099999961443 ], [ 209832.377700001001358, 527581.988699999055825 ], [ 209900.932399999001063, 527151.817699998966418 ], [ 209963.822000001004199, 527095.648999999975786 ], [ 209791.526000001002103, 526448.129000001004897 ], [ 209933.075100001005922, 526091.79870000097435 ], [ 210119.220800000999589, 526252.389300000038929 ], [ 210293.121399999014102, 526191.140400000032969 ], [ 210317.95340000098804, 525665.414099999004975 ], [ 210676.2084, 525648.376600001007318 ], [ 210730.427200000995072, 525755.712099998956546 ], [ 211032.6347, 525659.367500000051223 ], [ 211021.125999998010229, 526012.563999998965301 ], [ 211105.763, 526313.515999999013729 ], [ 211544.1987, 527199.239700000965968 ], [ 211879.972700000012992, 527213.043400001013651 ], [ 212252.2469, 526902.757300000987016 ], [ 212402.276099998998689, 526834.692400000989437 ], [ 212448.332800000993302, 526619.952700000023469 ], [ 212475.203000001987675, 526659.812600002042018 ], [ 212723.593800000991905, 526688.687600002042018 ], [ 212638.906300000991905, 526960.8125 ], [ 212679.228399999003159, 526980.507399998954497 ], [ 212947.787999999010935, 526849.221999999019317 ], [ 212865.93149999898742, 527019.296199999982491 ], [ 212885.296799998992356, 526984.500100002042018 ], [ 213238.203000001987675, 527133.125100002042018 ], [ 213508.593699999008095, 527303.500100002042018 ], [ 214586.406199999008095, 528127.875100002042018 ], [ 214515.796899999986636, 528224.3125 ], [ 214675.499899997987086, 528321.125100002042018 ], [ 214729.999899997987086, 528240.312600002042018 ], [ 215155.093699999008095, 528626.812600002042018 ], [ 215258.093699999008095, 528841.375100002042018 ], [ 215550.94509999800357, 529036.779199998942204 ], [ 215558.993700001010438, 528847.868299997993745 ], [ 215419.450599998002872, 528733.291099998983555 ], [ 215640.263799998996546, 528366.523499998962507 ], [ 215615.004999998986023, 528258.01300000003539 ], [ 215671.805100000987295, 528096.45160000002943 ], [ 215743.015700001007644, 528193.165700000012293 ], [ 215912.702, 528116.349900000030175 ], [ 216128.1653, 527905.943399999057874 ], [ 216541.269400001008762, 527791.223800000036135 ], [ 216805.4822, 528272.3948 ], [ 216774.0286, 528430.672699998947792 ], [ 216831.7678, 528547.774500000989065 ], [ 217043.453499999013729, 528713.156500000972301 ], [ 217234.433600001008017, 528991.299400001997128 ], [ 217310.4027, 529428.927900001057424 ], [ 217503.864799998991657, 529558.101199998985976 ], [ 217574.688000001013279, 529452.716800000984222 ] ] ], [ [ [ 205621.02349999899161, 520371.061000000976492 ], [ 205390.870000001013977, 520349.348999998997897 ], [ 205354.783799997996539, 520546.429900002025533 ], [ 205644.0, 520794.228799998993054 ], [ 205750.247400001011556, 520610.838199999008793 ], [ 205682.484399999986636, 520382.773400000995025 ], [ 205621.02349999899161, 520371.061000000976492 ] ] ], [ [ [ 207101.272999998007435, 527914.953600001055747 ], [ 207090.192600000998937, 527843.590700000990182 ], [ 207196.811599999986356, 527600.978500001016073 ], [ 207252.083299997990252, 527608.947500001988374 ], [ 207130.879000001004897, 527565.54610000201501 ], [ 207006.39869999900111, 527878.824400000041351 ], [ 206706.1998, 527743.452300001052208 ], [ 206254.691, 527411.077000000048429 ], [ 205945.94460000100662, 528202.422200002009049 ], [ 206733.7502, 528681.708700001006946 ], [ 206728.041000000986969, 528519.201900001964532 ], [ 207067.5319, 528340.234700002009049 ], [ 207138.115800000989111, 528195.384199999039993 ], [ 207225.730999999010237, 527963.57999999797903 ], [ 207101.272999998007435, 527914.953600001055747 ] ] ], [ [ [ 214942.03790000101435, 529344.684200000017881 ], [ 214679.5502, 529794.569600000977516 ], [ 214764.625399999000365, 530011.308400001027621 ], [ 215141.575300000986317, 530101.2291 ], [ 215512.480000000010477, 530087.379099998972379 ], [ 215039.311299997993046, 529180.9791 ], [ 214942.03790000101435, 529344.684200000017881 ] ] ] ] } },
{ "type": "Feature", "properties": { "label": "MAK Marsdijk", "gid": "MAK Marsdijk" }, "geometry": { "type": "MultiPolygon", "coordinates": [ [ [ [ 232240.876499998994404, 558470.359000000986271 ], [ 232345.1151, 558400.334100001025945 ], [ 232327.568100002012216, 558371.399500000989065 ], [ 232250.864, 558447.519000001018867 ], [ 232240.876499998994404, 558470.359000000986271 ] ] ], [ [ [ 232282.596900000993628, 558614.862399999052286 ], [ 232261.3599999989965, 558626.883599999942817 ], [ 232291.734700002009049, 558668.3748 ], [ 232321.817299999005627, 558638.969599999021739 ], [ 232282.596900000993628, 558614.862399999052286 ] ] ], [ [ [ 227985.153900000994327, 565352.545699998969212 ], [ 228014.551399997988483, 565331.1446 ], [ 227722.359399999986636, 565202.375 ], [ 227634.96070000200416, 565243.181000001961365 ], [ 227877.509, 565465.910999997984618 ], [ 227985.153900000994327, 565352.545699998969212 ] ] ], [ [ [ 227993.886900000012247, 565564.363999999943189 ], [ 227989.743700001010438, 565492.945099998032674 ], [ 227920.74399999898742, 565441.475200001033954 ], [ 227898.741199999989476, 565488.311999998986721 ], [ 227993.886900000012247, 565564.363999999943189 ] ] ], [ [ [ 228528.442499998986023, 566234.473299999022856 ], [ 228503.324000001011882, 566498.131900000968017 ], [ 228586.432900000014342, 566477.478399998974055 ], [ 228708.2777, 566525.476500001037493 ], [ 228713.71009999900707, 566566.138599999016151 ], [ 228865.747000000992557, 566499.223999998997897 ], [ 228562.8585, 566185.344900000956841 ], [ 228528.442499998986023, 566234.473299999022856 ] ] ], [ [ [ 229835.546100001985906, 566620.917800002032891 ], [ 229775.0777, 566506.693500000983477 ], [ 229722.954100002010819, 566542.122699997969903 ], [ 229760.752099998004269, 566635.722399997990578 ], [ 229835.546100001985906, 566620.917800002032891 ] ] ], [ [ [ 232945.025400001992239, 557937.42460000095889 ], [ 232909.207699999009492, 557968.63899999903515 ], [ 232949.807999998010928, 557995.952799997990951 ], [ 232963.075300000986317, 557936.771000002045184 ], [ 232945.025400001992239, 557937.42460000095889 ] ] ], [ [ [ 232660.9496, 558414.497299998998642 ], [ 232721.170600001001731, 558357.463300000992604 ], [ 232674.85909999901196, 558298.822299998020753 ], [ 232589.607000001007691, 558343.272999997949228 ], [ 232660.9496, 558414.497299998998642 ] ] ], [ [ [ 232386.238499998988118, 558397.63740000105463 ], [ 232402.578699998994125, 558409.209199998993427 ], [ 232435.777299999987008, 558391.229800001019612 ], [ 232414.261, 558368.745000001043081 ], [ 232386.238499998988118, 558397.63740000105463 ] ] ], [ [ [ 231104.037999999010935, 572949.148499998962507 ], [ 231263.522, 572762.303800001973286 ], [ 231478.188000001013279, 572834.608100001001731 ], [ 231341.806299999007024, 572282.044500001007691 ], [ 231450.20960000201012, 572303.749400001019239 ], [ 232050.661899998987792, 572101.303300000960007 ], [ 232205.717599999014055, 571536.409400001051836 ], [ 232432.215399998996872, 571184.462099998956546 ], [ 232499.8627, 570877.839899998041801 ], [ 232704.810800000996096, 570626.443999998038635 ], [ 232718.245499998010928, 570337.118600000045262 ], [ 232880.341200002003461, 570028.84710000094492 ], [ 232767.297400000999914, 569969.452300001052208 ], [ 232862.906199999008095, 569897.125100002042018 ], [ 232839.093899998988491, 569708.3125 ], [ 233072.217900001007365, 569230.524700000998564 ], [ 233175.772500001010485, 569352.458500002045184 ], [ 233681.056899997987784, 569649.473600000026636 ], [ 234219.406199999008095, 568405.375100002042018 ], [ 234702.432399999001063, 568581.571899999049492 ], [ 234879.434099998004967, 568239.5856 ], [ 235309.309099998004967, 568408.798799998941831 ], [ 235608.137600001005922, 568405.637200001976453 ], [ 235725.662300002004486, 568307.064599997946061 ], [ 235866.925900000991533, 568532.666000001016073 ], [ 235799.123, 568570.95499999797903 ], [ 235883.7278, 568682.627900001010858 ], [ 235933.418200001004152, 568931.595199998002499 ], [ 235583.9661, 569989.992800001055002 ], [ 235762.593699999008095, 570039.625100002042018 ], [ 235771.075800001999596, 570107.543400001013651 ], [ 236050.093699999008095, 570103.625100002042018 ], [ 236142.001200002006954, 570014.867600001045503 ], [ 236140.703100000013364, 570068.875100002042018 ], [ 236110.037599998991936, 570217.995900001027621 ], [ 236039.737100000987994, 570207.260299999034032 ], [ 236006.145199999009492, 570383.026900000986643 ], [ 236067.784600001003128, 570423.464200000977144 ], [ 236042.278000001009787, 570547.4983000010252 ], [ 235766.15700000198558, 570425.476000000024214 ], [ 235712.656399998988491, 570450.275899998960085 ], [ 235636.033100002008723, 570654.335499997949228 ], [ 235813.222600001987303, 570665.461599997943267 ], [ 235780.691799997992348, 570797.1274 ], [ 235886.42990000199643, 570945.258099999045953 ], [ 235967.703000001987675, 570644.125100002042018 ], [ 236134.430599999002879, 570713.896299998974428 ], [ 236026.472700000012992, 571116.6891999989748 ], [ 236123.0319, 571265.346400000038557 ], [ 236048.877199999988079, 571376.730799998971634 ], [ 236124.141299999988405, 571282.768800002057105 ], [ 236257.490600001008715, 571406.829000000027008 ], [ 236423.638999999006046, 571450.003899998962879 ], [ 237116.11630000200239, 571979.035000000032596 ], [ 237152.35020000100485, 571911.976199998985976 ], [ 237157.604600001010112, 571248.986499998951331 ], [ 236955.927299998991657, 571064.907099999021739 ], [ 236595.346999998990213, 570855.447299998020753 ], [ 236605.97630000099889, 570524.863000001991168 ], [ 236849.040600001986604, 570398.633000000962056 ], [ 236821.019000000989763, 570213.179900001967326 ], [ 236861.673900001012953, 570075.148899998981506 ], [ 238001.870099999010563, 568944.794500001007691 ], [ 237985.347600001987303, 569153.924699999042787 ], [ 238602.703000001987675, 569430.125 ], [ 238743.093800000991905, 569450.0 ], [ 238759.499000001989771, 569292.411600001039915 ], [ 238693.893599998002173, 569178.3101 ], [ 238823.108399997989181, 569139.235599998035468 ], [ 238826.093800000991905, 568903.312600002042018 ], [ 239004.499899997987086, 568990.125100002042018 ], [ 239074.203000001987675, 568967.5 ], [ 239058.9461, 568880.174800000968389 ], [ 239146.203100000013364, 568796.6875 ], [ 239016.296899999986636, 568630.5 ], [ 239080.406300000991905, 568546.812600002042018 ], [ 238968.593699999008095, 568482.375 ], [ 239041.999899997987086, 568416.375 ], [ 239009.7568, 568348.3143999989843 ], [ 239069.999899997987086, 568399.125100002042018 ], [ 239111.796899999986636, 568362.875100002042018 ], [ 238903.714200001006247, 568105.117300000041723 ], [ 238923.0, 567953.125100002042018 ], [ 239063.0, 567872.125 ], [ 238952.09, 567784.11199999996461 ], [ 239010.906300000991905, 567727.375 ], [ 239099.999899997987086, 567804.687600002042018 ], [ 239240.315299998997943, 567731.381799999973737 ], [ 239208.0559, 567663.136300000944175 ], [ 239351.203000001987675, 567592.875100002042018 ], [ 239299.9285, 567486.578200001036748 ], [ 239428.785300001996802, 567312.851599999004975 ], [ 239403.0, 567410.375 ], [ 239468.999899997987086, 567434.000100002042018 ], [ 239529.406199999008095, 567298.875100002042018 ], [ 239471.500100002012914, 567065.125 ], [ 239535.546799998992356, 566929.562600002042018 ], [ 239568.482999998988817, 566636.515999999013729 ], [ 239601.420000001991866, 566599.23699999996461 ], [ 239702.044, 566654.903000000980683 ], [ 239885.541999998997198, 566663.537000000011176 ], [ 239941.429000000993256, 566444.806000001961365 ], [ 239879.754999998986023, 566392.51300000003539 ], [ 239922.800999998988118, 566304.86199999996461 ], [ 239979.203000001987675, 566308.008000000962056 ], [ 239991.427000000985572, 566436.828000001958571 ], [ 240137.061999998986721, 566259.908000000054017 ], [ 240273.802999998995801, 566255.061000001034699 ], [ 240256.412000000011176, 566121.022 ], [ 240301.945999999006744, 566035.680000000051223 ], [ 240371.8900000010035, 566032.465999998035841 ], [ 240442.0, 566110.848999998997897 ], [ 240385.144000000989763, 565892.684999999008141 ], [ 240526.987, 565706.068999998038635 ], [ 240732.401999999012332, 565784.530999999027699 ], [ 240602.093800000991905, 565456.911800001049414 ], [ 240572.597100001003128, 565504.972700000042096 ], [ 240488.344700001005549, 565509.015700001036748 ], [ 240426.1899, 565631.224500000011176 ], [ 240276.1631, 565586.700900000054389 ], [ 240217.193, 565498.672999999951571 ], [ 240162.699499998008832, 565586.684099997975864 ], [ 239853.192499998986023, 565582.948399998014793 ], [ 239775.7322, 565653.568199999979697 ], [ 239698.124600000999635, 565584.326000001048669 ], [ 239734.796899999986636, 565455.812600002042018 ], [ 239678.499899997987086, 565443.187600002042018 ], [ 239829.257699999987381, 565059.881700002006255 ], [ 239876.017299998988165, 565026.599399999016896 ], [ 239973.579100002010819, 565057.712699998053722 ], [ 240515.469999999011634, 564470.357900000992231 ], [ 240607.559199999988778, 564445.512699999031611 ], [ 240685.096999998990213, 564317.502999998978339 ], [ 240795.144999999989523, 564249.409000001964159 ], [ 240746.682, 564166.605999998981133 ], [ 240633.458000001002802, 564168.47100000095088 ], [ 240478.9067, 564011.811099999002181 ], [ 240434.5473, 563689.061299997963943 ], [ 240492.758400001010159, 563674.714099999982864 ], [ 240436.149300001998199, 563591.354600001010112 ], [ 241313.177299998991657, 563263.368400000035763 ], [ 242763.1083, 564575.273499998962507 ], [ 242927.671799998992356, 564536.812600002042018 ], [ 243220.730999999010237, 564616.98600000096485 ], [ 243870.636100002011517, 563332.421599998953752 ], [ 244968.406199999008095, 561820.375100002042018 ], [ 243736.102299999009119, 560956.300500001991168 ], [ 243444.169100000988692, 560661.98420000099577 ], [ 243461.015500001987675, 560624.136199999949895 ], [ 243316.273800001014024, 560534.0231 ], [ 243337.055, 560476.629599999985658 ], [ 243289.847199998999713, 560518.434400000027381 ], [ 242409.606899998994777, 560049.539299997966737 ], [ 242431.751499998994404, 560114.546500000986271 ], [ 241759.488699998997618, 560504.927999999024905 ], [ 241753.222899999003857, 560026.407099999021739 ], [ 241438.581500000989763, 559877.934999999008141 ], [ 241160.85920000099577, 559821.694299999973737 ], [ 240867.221700002002763, 559869.932999997981824 ], [ 240880.140700001007644, 559802.728 ], [ 240823.536800000991207, 559778.534800000023097 ], [ 240872.46909999800846, 559758.899500000989065 ], [ 240823.624899997987086, 559518.062600002042018 ], [ 240581.798799999000039, 559668.563499997952022 ], [ 240417.531300000991905, 558914.125 ], [ 240209.989100002014311, 558558.086100001004525 ], [ 240309.8499, 558019.186900001019239 ], [ 240231.430100000987295, 557875.796199999982491 ], [ 240565.377099998004269, 557216.266199999023229 ], [ 240581.875, 556721.562600002042018 ], [ 241226.986400001012953, 556833.449000000953674 ], [ 241396.39820000200416, 556531.551499999943189 ], [ 241406.053699999989476, 556436.967799999052659 ], [ 241608.3748, 556499.78350000095088 ], [ 241798.906300000991905, 556360.1875 ], [ 242063.562399997987086, 556350.125100002042018 ], [ 242184.171799998992356, 556283.125100002042018 ], [ 242309.234399999986636, 556352.375 ], [ 242405.281300000991905, 556102.25 ], [ 242606.281300000991905, 555807.437600002042018 ], [ 243174.687399997987086, 555685.687600002042018 ], [ 243520.875, 555752.6875 ], [ 243785.600000000995351, 555503.877300002030097 ], [ 243800.21099999899161, 555538.02989999903366 ], [ 244127.249899997987086, 555492.500100002042018 ], [ 244372.543200001004152, 555261.553800001973286 ], [ 244529.136999998008832, 555422.493999999016523 ], [ 244884.1677, 555109.233699999982491 ], [ 244310.586599998001475, 554834.476799997966737 ], [ 244404.840300001000287, 554623.79610000201501 ], [ 244474.994800001004478, 554571.550900000962429 ], [ 244131.654399997991277, 554420.578400001046248 ], [ 243892.852600001002429, 554246.715500000980683 ], [ 244016.687399997987086, 553887.812600002042018 ], [ 243785.499899997987086, 553774.625100002042018 ], [ 243649.499899997987086, 553571.375100002042018 ], [ 243559.203000001987675, 553580.500100002042018 ], [ 243443.593699999008095, 553476.125100002042018 ], [ 243433.093800000991905, 553396.625100002042018 ], [ 243251.296799998992356, 553407.000100002042018 ], [ 243059.545899997989181, 553550.506799999973737 ], [ 242688.406199999008095, 553241.687600002042018 ], [ 242410.2291, 553232.425700000952929 ], [ 240751.858100001001731, 552944.640099999029189 ], [ 239853.093699999008095, 552059.312600002042018 ], [ 239495.999899997987086, 551906.500100002042018 ], [ 239308.988899997988483, 551953.028799999970943 ], [ 239221.7458, 551804.442499998956919 ], [ 238863.182900000014342, 552047.10920000099577 ], [ 239144.534200002002763, 552241.911100000026636 ], [ 239394.285100001987303, 552510.315699998056516 ], [ 239499.037500000995351, 552523.120499997981824 ], [ 239504.7476, 553015.609700002009049 ], [ 239690.095699998986674, 553072.864599999040365 ], [ 239721.0682, 552994.4987 ], [ 239865.242600000987295, 553227.599399999016896 ], [ 239968.369100001000334, 553466.244899999001063 ], [ 240076.520399998989888, 554005.413600001018494 ], [ 240293.993000001006294, 554078.370000001043081 ], [ 240132.188900000997819, 554533.946499999961816 ], [ 240046.526000001002103, 554424.569699998944998 ], [ 239875.7137, 554338.92449999996461 ], [ 239596.760499999014428, 554466.667399998987094 ], [ 239599.322999999014428, 554312.684599998989142 ], [ 239339.002500000991859, 554339.615699999034405 ], [ 239348.370499998010928, 554499.499600001028739 ], [ 239099.460299998987466, 554501.109799999976531 ], [ 239119.203000001987675, 554647.1875 ], [ 238323.423500000993954, 554499.583299997961149 ], [ 238404.277100000996143, 554934.71539999905508 ], [ 238490.547600001009414, 554981.649599998956546 ], [ 238564.119199998996919, 555072.618600000045262 ], [ 238494.088399998989189, 554995.393800002057105 ], [ 238271.903099999006372, 555298.857199999969453 ], [ 238106.160599999013357, 555172.974199999007396 ], [ 238056.703000001987675, 555293.812600002042018 ], [ 237874.499899997987086, 555196.125100002042018 ], [ 237864.0, 555132.625 ], [ 237915.093800000991905, 554920.187600002042018 ], [ 238087.296799998992356, 554916.875 ], [ 238125.703000001987675, 554856.375 ], [ 238090.406300000991905, 554775.812600002042018 ], [ 238170.406199999008095, 554758.875 ], [ 238036.954300001001684, 554474.7293 ], [ 235007.848099999013357, 554092.946699999039993 ], [ 234475.365899998985697, 554103.681200001039542 ], [ 233962.927000000985572, 554186.359999999054708 ], [ 233894.865499998995801, 553860.1261 ], [ 234116.721900000993628, 553420.928500000038184 ], [ 234133.366, 552904.227100000018254 ], [ 234038.333999999013031, 552712.574999999022111 ], [ 233958.848999998997897, 552648.965599998948164 ], [ 233879.238000001991168, 552674.248199998983182 ], [ 233618.101, 552407.576099999016151 ], [ 233622.103700000996469, 552509.401099998969585 ], [ 233522.696899998991285, 552015.982599999988452 ], [ 234173.239999998011626, 551527.951000001048669 ], [ 234885.692799999989802, 550056.167599997948855 ], [ 234745.019200000999263, 549940.554099999018945 ], [ 234678.638099998002872, 549921.056800000020303 ], [ 234471.683400000998517, 549991.993999999016523 ], [ 234243.176100001001032, 549853.728200000012293 ], [ 234026.705699999001808, 549882.892099999007769 ], [ 233873.981600000988692, 549957.538300000014715 ], [ 233193.967900001007365, 550015.565699998056516 ], [ 233130.68149999898742, 550074.129500002018176 ], [ 232903.304099998989841, 548950.533399999025278 ], [ 232852.7744, 548954.622099998989142 ], [ 232799.072999999014428, 549529.313000001013279 ], [ 232745.867699999012984, 549402.347600001958199 ], [ 232658.499899997987086, 549417.875 ], [ 232599.296799998992356, 549089.125100002042018 ], [ 232308.203000001987675, 549082.812600002042018 ], [ 232161.294799997995142, 549317.310400002053939 ], [ 232236.432500001013977, 549965.219000000972301 ], [ 232147.408, 550107.859999999054708 ], [ 232134.300999998988118, 550225.690000000991859 ], [ 232048.666999998997198, 550215.785000000032596 ], [ 232041.690000000991859, 550281.484999999054708 ], [ 231862.342, 550253.451000001048669 ], [ 231892.973999998997897, 550477.506000000983477 ], [ 231679.3871, 550448.2293 ], [ 231433.493799999007024, 551687.585700002033263 ], [ 231491.432399999001063, 552143.122900002053939 ], [ 231663.4778, 552100.490800000960007 ], [ 232004.546999998012325, 552445.002500000991859 ], [ 232028.488600001001032, 552616.51489999901969 ], [ 232154.38259999800357, 552629.306400001049042 ], [ 232349.953499999013729, 552541.678100000950508 ], [ 232543.629599999985658, 552533.585299998987466 ], [ 232633.661899998987792, 552740.470500000054017 ], [ 232728.040100001002429, 552746.889300000038929 ], [ 232840.488000001991168, 553294.674099999945611 ], [ 232839.951000000990462, 553849.096999999019317 ], [ 232996.074000001011882, 554403.738099999958649 ], [ 232984.611900001997128, 554585.239399999030866 ], [ 232842.057900000014342, 554579.445500000962056 ], [ 232969.068900000012945, 554715.58020000194665 ], [ 232993.023899999010609, 555165.364900000044145 ], [ 233112.122000000992557, 555300.667100001010112 ], [ 233025.727000001992565, 555372.287999999010935 ], [ 232973.956999999005347, 555679.480700001004152 ], [ 233326.682999998010928, 555881.305000000051223 ], [ 233257.692000001989072, 555998.01300000003539 ], [ 233384.138999999006046, 556066.827500000945292 ], [ 233401.5196, 556206.703600001055747 ], [ 233716.482799999008421, 556292.905299999052659 ], [ 233659.918900001997827, 556445.412000000011176 ], [ 233563.272799998987466, 556406.652499999967404 ], [ 233579.629099999001483, 556543.130399998044595 ], [ 233752.322000001004199, 556737.072099998942576 ], [ 233645.848099999013357, 556823.170600001001731 ], [ 233664.423999999009538, 556901.174099999945611 ], [ 233582.393699999985984, 556873.536600001039915 ], [ 233569.628899998991983, 556941.03069999802392 ], [ 233099.035999998013722, 556957.114999998011626 ], [ 233098.647999998007435, 557025.53200000198558 ], [ 233124.6065, 556983.899599998956546 ], [ 233236.270500001002802, 556981.923799998941831 ], [ 233327.873399998992682, 557145.958500002045184 ], [ 233272.741, 556971.198100000969134 ], [ 233623.194899999012705, 556966.079100001952611 ], [ 233595.721000001009088, 557016.496100001037121 ], [ 233467.620999998995103, 557054.794699999969453 ], [ 233459.84450000198558, 557138.146600001025945 ], [ 233592.594999999011634, 557159.916000001016073 ], [ 233455.55539999899338, 557288.031700000050478 ], [ 233533.662799999001436, 557369.424800000968389 ], [ 233844.1083, 557520.723200001055375 ], [ 234473.728999998013023, 557597.394299998995848 ], [ 234379.6041, 557918.605799998971634 ], [ 234189.4003, 557926.396600001025945 ], [ 234231.623799997993046, 557933.371100001037121 ], [ 234232.685300000011921, 558041.718299999949522 ], [ 234279.119899999001063, 558077.875599998980761 ], [ 234158.429400001012255, 558138.267800000030547 ], [ 234171.972899999003857, 558200.687899998971261 ], [ 234102.28900000100839, 558160.789799998980016 ], [ 234137.697999999014428, 558088.49800000002142 ], [ 234080.891299999988405, 558068.305500000948086 ], [ 234064.016899998998269, 557950.77959999802988 ], [ 233946.212200000998564, 557923.259599998942576 ], [ 233905.442200001009041, 558031.943700000992976 ], [ 233505.542800002003787, 558137.92429999995511 ], [ 233184.86740000199643, 558319.109299998963252 ], [ 232945.640099999000086, 558065.14359999797307 ], [ 232862.927299998991657, 558085.347199999028817 ], [ 232822.263999999006046, 558017.941 ], [ 232662.795000001991866, 558138.618500001961365 ], [ 232808.802299998991657, 558253.079500001040287 ], [ 232767.4069, 558290.1481 ], [ 232818.195300002000295, 558341.238699999055825 ], [ 232722.9373, 558431.124299998977222 ], [ 232524.064699999988079, 558510.064699999988079 ], [ 232667.838599998998689, 558748.649199999985285 ], [ 232748.221599999989849, 558794.418099998962134 ], [ 232762.489899999985937, 558717.023400000995025 ], [ 232751.298999999009538, 558825.48510000098031 ], [ 232806.918000000994653, 558883.655999999027699 ], [ 232752.166999998997198, 558960.24910000001546 ], [ 232787.278000001009787, 558995.415100001031533 ], [ 232731.306000001990469, 559045.4351 ], [ 232729.0150000010035, 559139.410200000042096 ], [ 232598.446899998991285, 559147.991599999018945 ], [ 233001.1099999989965, 559676.79500000202097 ], [ 232980.704999998008134, 559747.291999998968095 ], [ 233175.650699999008793, 559980.897399998968467 ], [ 233147.741099998005666, 560013.209399997955188 ], [ 233427.322500001988374, 560262.0196 ], [ 233957.6512, 560593.924099999945611 ], [ 233213.318999998009531, 561385.385099999955855 ], [ 233060.022999998007435, 561337.641100001055747 ], [ 233044.743000001006294, 561880.068999998038635 ], [ 233140.488000001991168, 562373.589099999982864 ], [ 233647.340700000990182, 562047.227100000018254 ], [ 233713.809999999008141, 562143.96909999800846 ], [ 233851.50600000101258, 562124.894099998986349 ], [ 233821.873, 561906.872099998989142 ], [ 234113.539999998989515, 561867.926100000971928 ], [ 234181.34, 561883.792100001010112 ], [ 234275.684999999008141, 562285.199999999022111 ], [ 234264.670000001991866, 562544.588199998950586 ], [ 234359.293299999000737, 562535.607999998959713 ], [ 234370.889899998990586, 562696.692299998947419 ], [ 234046.877700001001358, 562742.444999999948777 ], [ 234047.0044, 562973.309999999008141 ], [ 233969.002199999988079, 563264.021200001006946 ], [ 233761.927700002008351, 563433.980099997948855 ], [ 233486.184099998004967, 563842.178500000038184 ], [ 233351.522500001010485, 563930.115299999946728 ], [ 233305.892000001011183, 564160.728 ], [ 234276.140700001007644, 564316.085399999981746 ], [ 234017.093699999008095, 564402.125100002042018 ], [ 233554.307100002013613, 564901.157099999021739 ], [ 233545.464100000011967, 565101.060400002053939 ], [ 233494.4848, 565097.065699998056516 ], [ 233478.796799998992356, 565258.625 ], [ 233387.963100001012208, 565420.753899998962879 ], [ 233372.845899998996174, 565404.3766999989748 ], [ 233360.982099999004276, 565403.137600000947714 ], [ 233576.878400001995033, 565646.550000000977889 ], [ 233510.602000001992565, 565741.221200000029057 ], [ 233532.725499999010935, 565955.819400000968017 ], [ 233162.316500001004897, 566065.585099998977967 ], [ 233176.10240000099293, 566233.24630000104662 ], [ 233242.703100000013364, 566256.812600002042018 ], [ 233179.885499999014428, 566465.312100001028739 ], [ 233006.120499998010928, 566685.271000002045184 ], [ 233134.14090000098804, 566792.880800000973977 ], [ 233109.999899997987086, 566820.125100002042018 ], [ 232866.248500001005596, 566964.044500001007691 ], [ 232454.7443, 566642.663400002056733 ], [ 230650.5999, 565722.988099999958649 ], [ 230381.271000001986977, 565816.229999999981374 ], [ 229826.101599999004975, 566870.851599999004975 ], [ 229173.818999998009531, 566625.228 ], [ 229064.143399999011308, 566990.547299999976531 ], [ 228967.886399998998968, 567071.736699998029508 ], [ 228784.206199999985984, 567411.822799999034032 ], [ 228723.03959999998915, 567820.652699999976903 ], [ 228528.877500000991859, 568033.8519 ], [ 228931.570999999006744, 568331.13800000003539 ], [ 228866.524, 568462.660000000032596 ], [ 228519.107999998988817, 569362.835000001010485 ], [ 228895.929000000993256, 568408.668499998981133 ], [ 229357.78900000100839, 567629.567000002018176 ], [ 230298.807500001013977, 568148.394499999005347 ], [ 231080.809, 568675.381000000983477 ], [ 230808.245400000014342, 568937.489599999040365 ], [ 230587.393599998002173, 569021.492400001967326 ], [ 230490.302399999985937, 569141.130399998044595 ], [ 230283.582499999989523, 569829.939100001007318 ], [ 230722.440900001995033, 570022.941 ], [ 229842.329, 571209.979999999981374 ], [ 230326.193, 571570.267999998992309 ], [ 230212.155000000988366, 572134.870000001043081 ], [ 230466.15659999800846, 572190.028299998026341 ], [ 230365.930799997993745, 572217.919 ], [ 230317.397, 572312.393300001043826 ], [ 230465.20960000201012, 572354.151299998047762 ], [ 230587.5887, 572321.279800001997501 ], [ 230663.394699997996213, 572501.5427 ], [ 230608.969999999011634, 572605.019499999005347 ], [ 230430.030099999014055, 572616.622299998998642 ], [ 230388.855099998007063, 572749.295200000982732 ], [ 230769.593800000991905, 572843.875100002042018 ], [ 230745.133900001994334, 572928.088199998950586 ], [ 231005.082800000993302, 572986.982099998975173 ], [ 231016.802099999011261, 572942.95149999903515 ], [ 231104.037999999010935, 572949.148499998962507 ] ] ], [ [ [ 244208.789500001992565, 563918.924199998029508 ], [ 244252.118000001006294, 563858.872000001021661 ], [ 244334.339000001986278, 563963.978 ], [ 244448.100000000995351, 563891.572299998020753 ], [ 244502.945900001010159, 563923.149300002027303 ], [ 244580.736099998990539, 563887.365499999024905 ], [ 244610.8807, 563775.396400001016445 ], [ 244686.443999998009531, 563715.416700002038851 ], [ 244844.280000000988366, 563922.363000001991168 ], [ 245105.927000000985572, 563931.591200002003461 ], [ 245094.320799998997245, 563755.038899998995475 ], [ 244980.093800000991905, 563812.500100002042018 ], [ 244880.519499999005347, 563675.741099998005666 ], [ 244735.156800002005184, 563622.221099999034777 ], [ 244701.433899999014102, 563681.649700000998564 ], [ 244638.057500001013977, 563643.703499999013729 ], [ 244721.029199999000411, 563537.2269 ], [ 244613.093699999008095, 563462.375100002042018 ], [ 244266.204100002010819, 563418.407800000044517 ], [ 244636.8246, 562881.867899999022484 ], [ 244547.783, 562741.847600001958199 ], [ 244318.057900000014342, 562745.651099998969585 ], [ 243981.3726, 563282.305100001045503 ], [ 244229.079500001011183, 563451.910700001055375 ], [ 244116.118599999987055, 563625.550500001991168 ], [ 244163.117699999012984, 563662.255800000973977 ], [ 244207.896299999003531, 563619.960900000995025 ], [ 244272.269000000989763, 563728.615800000960007 ], [ 244208.842, 563685.12300000002142 ], [ 244124.2892, 563740.947099998942576 ], [ 244148.377799998997943, 563852.942299998947419 ], [ 244087.484000000986271, 563953.719000000972301 ], [ 244192.028000001009787, 563989.182999997981824 ], [ 244208.789500001992565, 563918.924199998029508 ] ] ] ] } },
{ "type": "Feature", "properties": { "label": "GNHU Groningen Hunze", "gid": "GNHU Groningen Hunze" }, "geometry": { "type": "MultiPolygon", "coordinates": [ [ [ [ 238539.3900000010035, 578468.319999999948777 ], [ 238723.965500001009787, 578437.74720000103116 ], [ 239881.210499998007435, 577911.616999999037944 ], [ 240116.329, 577411.885000001988374 ], [ 240195.581999999005347, 576978.353999997954816 ], [ 240291.945999999006744, 576787.86100000096485 ], [ 240463.256999998993706, 576628.223999998997897 ], [ 240737.559999999008141, 576579.59299999801442 ], [ 240943.920000001991866, 576318.504000001004897 ], [ 241329.548999999009538, 576117.223000001045875 ], [ 241439.432, 575960.444999999948777 ], [ 241463.21799999801442, 575836.966999999945983 ], [ 241770.00800000099116, 575550.726000000024214 ], [ 241856.74399999898742, 575309.48600000096485 ], [ 242062.548999999009538, 574996.561999998986721 ], [ 242173.53900000100839, 574613.863000001991168 ], [ 242171.456999999005347, 574529.030000000959262 ], [ 241958.317000001989072, 574366.245999998995103 ], [ 241912.940000000991859, 574241.006000000983477 ], [ 242142.68, 573739.640000000945292 ], [ 242575.079999998008134, 571284.160000000032596 ], [ 241214.087000000989065, 570853.225000001024455 ], [ 240927.363099999987753, 570714.882899999967776 ], [ 240814.928300000989111, 570797.130199998966418 ], [ 240571.0768, 570705.203100000042468 ], [ 240397.608199998998316, 571069.492400001967326 ], [ 240339.837999999988824, 571043.49720000103116 ], [ 240299.145500001002802, 571129.704799999017268 ], [ 240020.734000000986271, 571019.334800001000986 ], [ 239981.9014, 571112.492600001045503 ], [ 240151.673500000993954, 571183.261599999037571 ], [ 240113.318599999009166, 571266.399199999985285 ], [ 240335.4263, 571370.15960000094492 ], [ 240086.2535, 571687.8748 ], [ 239978.317099999985658, 571682.225000001024455 ], [ 239767.720199998002499, 571533.658599999034777 ], [ 239690.282499999011634, 571674.512299999943934 ], [ 239462.6624, 571895.104699998977594 ], [ 239617.915100001002429, 572053.773699998972006 ], [ 239504.789999998989515, 572155.640000000945292 ], [ 239299.664999998989515, 572075.015000000945292 ], [ 239196.785999998013722, 571932.773999999975786 ], [ 238971.712999999988824, 571807.604999999981374 ], [ 238702.703000001987675, 571471.399999998975545 ], [ 238539.57, 571543.397999997949228 ], [ 238412.359000000986271, 571127.666999998968095 ], [ 238241.364999998011626, 571008.118000000948086 ], [ 238112.142000001011183, 571017.883999999961816 ], [ 238017.85889999900246, 571388.04780000098981 ], [ 237711.699000001011882, 571665.482999998959713 ], [ 237638.155999998998595, 571773.052000000956468 ], [ 237604.767000001011183, 571990.464000002015382 ], [ 237445.035899999988033, 572162.593299999949522 ], [ 237096.004299997992348, 571989.428399999043904 ], [ 236559.796899999986636, 571569.125100002042018 ], [ 236679.703100000013364, 572470.875100002042018 ], [ 236644.339899998012697, 572720.108800000976771 ], [ 236566.091200002003461, 572719.604400001000613 ], [ 236296.787999999010935, 572504.450599998002872 ], [ 236209.148899999010609, 572226.250500001013279 ], [ 235949.660599999013357, 572054.43839999998454 ], [ 235563.426899999001762, 572295.179000001051463 ], [ 235483.331999999005347, 572227.07999999797903 ], [ 235373.873300000996096, 572388.185300000011921 ], [ 235450.468699999008095, 572410.168400001013651 ], [ 235469.7806, 572500.4144 ], [ 235725.203100000013364, 572637.8125 ], [ 235698.0, 572716.6875 ], [ 236104.906199999008095, 573010.875100002042018 ], [ 236251.999899997987086, 572823.187600002042018 ], [ 236519.552099999011261, 572928.373399998992682 ], [ 236412.659699998999713, 573199.754299998050556 ], [ 236549.503600000985898, 573256.385099999955855 ], [ 236178.36899999898742, 573747.133000000962056 ], [ 235328.271000001986977, 573909.091999999945983 ], [ 235295.812800001003779, 574219.258299999055453 ], [ 235101.853, 574841.795999999972992 ], [ 235261.958999999013031, 575058.256000000983477 ], [ 235014.636, 575310.317999999970198 ], [ 234849.497000000992557, 575762.354999999981374 ], [ 234874.426600002014311, 575864.88969999901019 ], [ 233730.269999999989523, 575210.427999999024905 ], [ 234373.330400000995724, 575593.477400001022033 ], [ 234243.625999998010229, 576015.163699998985976 ], [ 234097.017700002004858, 576137.663300000014715 ], [ 234033.210299998987466, 576300.926899999030866 ], [ 234285.864799998991657, 576746.98600000096485 ], [ 234348.3900000010035, 577036.563900000997819 ], [ 234025.427499998011626, 577445.361400000983849 ], [ 233940.109499998012325, 577633.914299997966737 ], [ 234191.91459999998915, 577932.578200001036748 ], [ 233901.376899999013403, 578117.102699998999014 ], [ 233841.229400001000613, 578183.492899999022484 ], [ 234118.41400000100839, 578007.155999999027699 ], [ 234430.695, 578001.179000001051463 ], [ 234457.100299999001436, 578017.452599999029189 ], [ 234304.017999998992309, 578138.820700000971556 ], [ 234338.099599998007761, 578214.453800000017509 ], [ 234944.859700002009049, 578437.356899998965673 ], [ 235868.36699999900884, 578882.892999998992309 ], [ 235975.215999998006737, 578891.947000000975095 ], [ 235778.50600000101258, 579374.672999999951571 ], [ 236268.942400000989437, 579542.548599999048747 ], [ 235977.634, 579786.40659999800846 ], [ 237538.3552, 579030.423999998951331 ], [ 237763.75, 578857.416999998968095 ], [ 237779.859000000986271, 578889.850000001024455 ], [ 238197.912000000011176, 578690.954000000027008 ], [ 238299.63300000099116, 578575.925000000977889 ], [ 238335.783, 578624.316 ], [ 238437.052999998995801, 578577.243999999016523 ], [ 238512.885000001988374, 578510.559 ], [ 238478.633400001010159, 578469.136000000056811 ], [ 238539.3900000010035, 578468.319999999948777 ] ] ], [ [ [ 235140.6085, 580551.700599998002872 ], [ 235142.017499998008134, 580569.072099998942576 ], [ 235151.414099999004975, 580572.578600001055747 ], [ 235138.0055, 580542.360599998035468 ], [ 235140.6085, 580551.700599998002872 ] ] ], [ [ [ 235550.47709999998915, 580910.364700000965968 ], [ 235462.397, 580834.335999998962507 ], [ 235581.175599999987753, 580690.69029999896884 ], [ 235544.689800002000993, 580595.358100001001731 ], [ 235650.559, 580566.348099999013357 ], [ 235756.024300001998199, 580691.924400001997128 ], [ 235628.13210000100662, 580458.85750000202097 ], [ 235622.760000001988374, 580180.712999999988824 ], [ 235427.2696, 580231.978 ], [ 235273.253600000985898, 580332.643800002057105 ], [ 235150.358199998998316, 580511.76399999903515 ], [ 235237.558600001008017, 580610.925999999046326 ], [ 234991.774700000998564, 580859.878099999972619 ], [ 235147.4976, 580918.887600000947714 ], [ 235246.674899998994078, 580896.278799999970943 ], [ 235368.1395, 581079.754999998956919 ], [ 235550.47709999998915, 580910.364700000965968 ] ] ], [ [ [ 245118.503300000011222, 593694.006299998960458 ], [ 245423.475900001998525, 593594.752999998978339 ], [ 245499.260000001988374, 593515.458000001031905 ], [ 245181.796100001985906, 593155.756799999973737 ], [ 245464.7311, 592953.825300000957213 ], [ 245664.396699998993427, 592974.413699998985976 ], [ 245947.759799997991649, 592851.882100000977516 ], [ 245847.1402, 592604.32719999901019 ], [ 245787.334199998993427, 592526.1448 ], [ 245694.120000001013977, 592559.069999999948777 ], [ 245670.911600001010811, 592487.656300000962801 ], [ 245770.135499999014428, 592440.165600002044812 ], [ 245818.098700002010446, 592326.591999999945983 ], [ 246177.039999998989515, 592362.227299998980016 ], [ 246170.09, 592415.307000000029802 ], [ 246334.1261, 592431.451200001058169 ], [ 246380.730999999010237, 592525.257800002000295 ], [ 246540.211300001014024, 592529.716699998942204 ], [ 246643.909200002002763, 592499.968499999027699 ], [ 246472.886900000012247, 592420.156700000050478 ], [ 246409.4815, 592471.840899999951944 ], [ 246406.969000001001405, 592409.867100000032224 ], [ 246623.509300000994699, 592443.09039999905508 ], [ 246625.204599999007769, 592407.293799999984913 ], [ 246520.906500001001405, 592423.1006 ], [ 246553.3321, 592321.593800000962801 ], [ 246636.868599999987055, 592273.449799999943934 ], [ 246648.559, 592159.288300000014715 ], [ 246470.335499998007435, 592144.333299997961149 ], [ 246388.430300000996795, 592390.109599999967031 ], [ 245885.221999998990213, 592277.741000000038184 ], [ 245760.5911, 592330.71709999802988 ], [ 245096.785399999003857, 591794.886500000953674 ], [ 245134.876699999003904, 591783.664500002050772 ], [ 244993.537099998007761, 591633.711699999985285 ], [ 245017.8125, 591563.557799999020062 ], [ 244692.043200001004152, 591288.901500002015382 ], [ 244727.180300000996795, 591167.159800000023097 ], [ 244862.673, 591066.827000000048429 ], [ 244820.8682, 590991.760200000950135 ], [ 245012.7322, 590809.37130000104662 ], [ 244859.736499999009538, 590603.853 ], [ 245143.78929999799584, 590338.274599998956546 ], [ 245456.905099999014055, 590520.019499999005347 ], [ 246020.234499998012325, 590073.123399998992682 ], [ 246251.242600000987295, 590188.292800002032891 ], [ 246618.606400001997827, 589712.616700000944547 ], [ 246884.59220000001369, 589570.712000000989065 ], [ 247106.519999999989523, 589218.317600000998937 ], [ 248968.256700002006255, 590361.175799999036826 ], [ 249198.027199998003198, 589888.504599999985658 ], [ 249157.947799999004928, 589839.029399998020381 ], [ 249581.107299997995142, 589190.989300000946969 ], [ 249974.332199997996213, 589183.603599998983555 ], [ 249983.391899998998269, 589232.057300001033582 ], [ 250074.607000001007691, 589269.857999998959713 ], [ 250081.02259999900707, 589360.4391999989748 ], [ 250925.3145, 589723.111599999945611 ], [ 251094.4811, 589492.920999999972992 ], [ 251087.123500001005596, 589270.312399997957982 ], [ 251057.675299997994443, 589128.039900001022033 ], [ 250824.092500000988366, 588760.45070000004489 ], [ 251196.816, 588398.334800001000986 ], [ 251415.525600001012208, 588310.326000001048669 ], [ 251597.092500000988366, 588350.060300000011921 ], [ 251451.002900001010858, 588197.520100001012906 ], [ 251221.923900001012953, 588129.263099998002872 ], [ 250463.556899997987784, 588250.548099998035468 ], [ 250212.0779, 588226.191100000985898 ], [ 249892.9089, 588000.821099999942817 ], [ 249565.828899998014094, 587663.255100000998937 ], [ 249121.041900001000613, 587394.72210000094492 ], [ 248917.747900001995731, 587168.48510000098031 ], [ 248895.2128, 587082.617300000041723 ], [ 248776.978500000986969, 587142.025899998960085 ], [ 248469.079700000991579, 587100.466999999945983 ], [ 248306.205899999011308, 587027.395100001012906 ], [ 248186.620099999010563, 587210.546300000976771 ], [ 247808.91, 586827.320999998948537 ], [ 246857.444200002006255, 588063.242600001045503 ], [ 246771.714200001006247, 588440.317400000989437 ], [ 246947.906800002005184, 588645.4375 ], [ 246977.931299999007024, 588858.124699998996221 ], [ 246703.849100001010811, 588965.680500000948086 ], [ 244739.212000000989065, 587802.04500000202097 ], [ 243775.375100002012914, 587111.682799999020062 ], [ 243296.534000001993263, 587714.313999998965301 ], [ 243212.382399999012705, 587925.320300002000295 ], [ 242774.701000000990462, 588029.681899997987784 ], [ 242759.865699999005301, 587916.504700000979938 ], [ 242701.170000001991866, 588063.473999998997897 ], [ 242502.930799997993745, 587815.038199997972697 ], [ 242617.890700001007644, 587564.558400001027621 ], [ 242633.5933, 587341.711499999975786 ], [ 241774.8127, 586394.743400000035763 ], [ 241808.124000001989771, 585991.449000000953674 ], [ 241887.22679999799584, 585925.197299998020753 ], [ 243106.319800000987016, 586683.343299999949522 ], [ 243193.659099999989849, 586648.663800001027994 ], [ 243488.615400000999216, 586831.31449999997858 ], [ 244770.452100001013605, 587731.275699998950586 ], [ 246116.856300000014016, 588449.424400001997128 ], [ 246196.015700001007644, 588339.107399999978952 ], [ 246129.4833, 588275.515700001036748 ], [ 246217.109000000986271, 588132.390999999013729 ], [ 246269.567200001009041, 588159.004999998956919 ], [ 246798.999400000990136, 587899.250300001003779 ], [ 246869.266800001001684, 587813.113999999943189 ], [ 246780.286200002010446, 587244.170699998969212 ], [ 246869.574499998008832, 587152.4144 ], [ 246665.483399997989181, 586459.871700000017881 ], [ 246256.410599999013357, 586218.203800000017509 ], [ 246152.493500001990469, 586169.957199997967109 ], [ 246108.070999999006744, 586193.298999998951331 ], [ 245900.597899999003857, 585954.261100001982413 ], [ 246343.8959, 585546.59409999800846 ], [ 246192.9399, 585072.953100000042468 ], [ 246355.91290000101435, 584976.888099998002872 ], [ 246323.432900000014342, 584919.518100001034327 ], [ 246391.730900001013651, 584869.539099999004975 ], [ 246226.807900000014342, 584591.741099998005666 ], [ 245794.880899998999666, 584905.46909999800846 ], [ 245913.584899998997571, 584997.007100000977516 ], [ 245823.282900001999224, 585081.589099999982864 ], [ 245559.047899998986395, 584819.263099998002872 ], [ 245685.269900001992937, 584677.502099997946061 ], [ 245665.484900000999914, 584639.651099998969585 ], [ 245435.02290000001085, 584493.077100001042709 ], [ 245409.369899999001063, 584416.558100000023842 ], [ 245333.767900000995724, 584407.309099997975864 ], [ 245272.695900001010159, 584298.731099999975413 ], [ 245206.482900000992231, 584311.6261 ], [ 245342.16, 583976.245000001043081 ], [ 244991.785899999988033, 584044.363899998017587 ], [ 243244.625, 584000.740299999946728 ], [ 243451.177000000985572, 584304.238000001991168 ], [ 243424.570999999006744, 584325.416999998968095 ], [ 243821.037999999010935, 584742.034000001964159 ], [ 243705.855500000994653, 584844.418099998962134 ], [ 243334.932900000014342, 584718.374400001019239 ], [ 243050.960900000995025, 584715.858100001001731 ], [ 242912.0317, 584758.759899999946356 ], [ 242443.394999999989523, 585149.342300001997501 ], [ 242401.78790000101435, 585625.395799997961149 ], [ 242546.85020000100485, 585851.719900000956841 ], [ 242461.597399997990578, 586190.999400001019239 ], [ 240234.321800000994699, 584769.93670000100974 ], [ 240614.6732, 584435.336399998981506 ], [ 240328.450800001999596, 584134.772599998977967 ], [ 240108.815000000991859, 584109.15960000094492 ], [ 240077.119600002013613, 583978.479400001000613 ], [ 239841.5066, 583958.3356 ], [ 240100.267700002004858, 583960.450599998002872 ], [ 240096.453499999013729, 583731.313000001013279 ], [ 240396.478599999012658, 583776.030299999052659 ], [ 240520.377, 583544.254099998972379 ], [ 240530.2064, 583588.085900000995025 ], [ 240762.3596, 583603.655200000968762 ], [ 240770.873799997993046, 583554.084399997955188 ], [ 240585.575599998002872, 583544.507699999958277 ], [ 240554.4364, 583474.886900000041351 ], [ 240471.824000001011882, 583472.55009999894537 ], [ 240504.007699999987381, 582744.912200000020675 ], [ 240449.920000001991866, 582757.960000001010485 ], [ 240437.292300000990508, 582691.365699999034405 ], [ 240505.960000001010485, 582669.348000001045875 ], [ 240462.670000001991866, 582480.25 ], [ 240262.958600000012666, 582536.531199999037199 ], [ 239854.066, 581367.618999999016523 ], [ 239611.452100001013605, 581469.728300001006573 ], [ 239264.880399997986387, 581951.826800000038929 ], [ 238913.574000001011882, 582975.769900002051145 ], [ 238708.548, 583200.0 ], [ 238878.446300000010524, 583388.818500000983477 ], [ 238839.323800001002382, 583470.762200001976453 ], [ 238728.7753, 583452.211300001014024 ], [ 238656.63369999799761, 583603.072200000053272 ], [ 238895.625700000993675, 583717.577900000032969 ], [ 238887.546, 583893.374000002047978 ], [ 239252.587000000989065, 584091.863000001991168 ], [ 239622.6336, 584377.913400002056733 ], [ 239496.376499998994404, 584527.1285 ], [ 239374.914500001992565, 584581.76210000005085 ], [ 238852.4859, 583994.989900000044145 ], [ 238286.197999999014428, 585690.653000000980683 ], [ 237238.778000001009787, 585468.151000001002103 ], [ 237171.416999998997198, 585693.857000001007691 ], [ 236374.771000001986977, 585672.583000001031905 ], [ 236366.658, 585931.162999999010935 ], [ 235041.7947, 586141.195199999958277 ], [ 235113.353, 586712.530000000959262 ], [ 234625.092, 586739.581 ], [ 234367.38969999901019, 586165.65289999905508 ], [ 234190.343800000991905, 585465.344200000050478 ], [ 234050.502700001001358, 585576.547299999976531 ], [ 234091.61630000200239, 585763.874299998977222 ], [ 234029.297200002009049, 585894.416399999987334 ], [ 233889.4388, 586015.857799998950213 ], [ 233695.745000001013977, 586984.913899998995475 ], [ 233141.050000001006993, 586908.07999999797903 ], [ 233133.105000000010477, 586846.109000000986271 ], [ 232762.513999999006046, 586809.550999999046326 ], [ 232683.002999999007443, 586831.276000001002103 ], [ 232705.434999999008141, 586942.228999997954816 ], [ 232556.892000001011183, 587055.640999999013729 ], [ 232607.91, 587111.660999997984618 ], [ 232761.772999998007435, 587743.646000002045184 ], [ 233574.0583, 587861.085900000995025 ], [ 233598.66400000100839, 587496.500700001022778 ], [ 234271.350499999010935, 587592.670299998950213 ], [ 234542.657499999011634, 588289.264199997996911 ], [ 234486.625700000993675, 588655.5209 ], [ 234859.3574, 589287.01399999903515 ], [ 234801.972600001987303, 589675.88789999904111 ], [ 234840.522999998007435, 589672.631000000983477 ], [ 234835.147999998007435, 589938.285000000032596 ], [ 235341.505299999989802, 589920.714600000996143 ], [ 235335.7650000010035, 590283.622000001021661 ], [ 235389.129099999001483, 590283.651900000986643 ], [ 235391.738400000991533, 590435.36210000095889 ], [ 235724.488600001001032, 590463.888099998002872 ], [ 235742.650699999008793, 590354.081200000015087 ], [ 235786.456, 590346.609000000986271 ], [ 236038.011799998988863, 588643.113000001991168 ], [ 236017.568300001003081, 588597.606199997942895 ], [ 235920.351100000989391, 589243.980300002032891 ], [ 235798.5627, 589255.479499998968095 ], [ 235687.655999998998595, 589060.778299998026341 ], [ 235646.552399999985937, 588646.392000001040287 ], [ 235732.169199999014381, 588397.236099999048747 ], [ 235873.612199999013683, 588370.028700002003461 ], [ 235534.78900000100839, 587645.827000000048429 ], [ 235956.441, 587701.344999999040738 ], [ 236040.785799998993753, 587839.697500001988374 ], [ 236273.666200000996469, 587770.710000001010485 ], [ 237531.517400000011548, 587917.150199998053722 ], [ 237826.0123, 588074.877999998978339 ], [ 238034.692299999005627, 588313.637200001976453 ], [ 238739.570799998997245, 590111.041700002038851 ], [ 238502.813000001013279, 589545.611299998941831 ], [ 237915.312199998996221, 589622.367600001045503 ], [ 238139.6074, 589946.420899998047389 ], [ 237525.629000001004897, 591317.534000001964159 ], [ 238240.988299999007722, 591438.543400001013651 ], [ 239224.835000001010485, 591316.519400001037866 ], [ 239333.925900000991533, 591715.416000001016073 ], [ 239787.320799998997245, 591532.995999998995103 ], [ 240187.131200000992976, 591591.342700000968762 ], [ 240471.043800000014016, 591732.066500001004897 ], [ 240592.905000000988366, 591722.416999998968095 ], [ 241198.594999999011634, 591460.304000001051463 ], [ 241650.225000000995351, 591007.976000000024214 ], [ 241833.778999998990912, 590892.272999997949228 ], [ 242863.829999998008134, 592021.166000001016073 ], [ 242690.96229999899515, 592118.549800000968389 ], [ 242754.426899999001762, 592302.573699999949895 ], [ 242761.747099998989142, 592710.112199999042787 ], [ 242896.670400000992231, 592837.223200001055375 ], [ 243230.359499998012325, 593592.323300000047311 ], [ 243502.596500001993263, 593601.966200002003461 ], [ 243560.011, 593481.995600000023842 ], [ 243736.0988, 593312.819999999948777 ], [ 243502.9582, 592926.430700000026263 ], [ 243495.45360000099754, 592803.183400001027621 ], [ 243175.427000000985572, 592298.379999998956919 ], [ 243799.76610000099754, 592037.545200000982732 ], [ 244009.651999999012332, 591881.472899999003857 ], [ 244278.6400000010035, 591765.399999998975545 ], [ 244471.16, 591813.780000000959262 ], [ 244532.329999998008134, 592145.559999999008141 ], [ 244647.129999998986023, 592195.899999998975545 ], [ 244639.980000000010477, 592358.649999998975545 ], [ 244692.050000001006993, 592498.789999998989515 ], [ 244802.550000001006993, 592575.660000000032596 ], [ 244906.59, 592557.270000000018626 ], [ 245014.420699998998316, 592673.231299999984913 ], [ 244490.860100001009414, 592919.565599999972619 ], [ 244637.068799998989562, 593207.168499998981133 ], [ 244541.130100000998937, 593291.231199997942895 ], [ 244614.972199998999713, 593361.494600001955405 ], [ 244761.697000001004199, 593709.68490000104066 ], [ 244905.877, 593664.566100000985898 ], [ 245118.503300000011222, 593694.006299998960458 ] ] ], [ [ [ 246287.0152, 592556.20149999903515 ], [ 246327.267900000995724, 592799.537000000011176 ], [ 246262.859499998012325, 592870.403700002003461 ], [ 246382.14759999900707, 592894.661400001030415 ], [ 246505.535200000012992, 592701.868500001961365 ], [ 246433.107299997995142, 592616.438999998965301 ], [ 246456.3105, 592560.012299999943934 ], [ 246287.0152, 592556.20149999903515 ] ] ] ] } },
{ "type": "Feature", "properties": { "label": "ZYV Zeijerveen", "gid": "ZYV Zeijerveen" }, "geometry": { "type": "MultiPolygon", "coordinates": [ [ [ [ 225064.160300001996802, 550388.336699999985285 ], [ 224976.371300000988413, 550321.203000001958571 ], [ 224885.448100000998238, 550325.091299999970943 ], [ 224966.999899997987086, 550437.875100002042018 ], [ 224846.244700000010198, 550526.658399999025278 ], [ 225064.160300001996802, 550388.336699999985285 ] ] ], [ [ [ 233642.814199999003904, 557019.622499999008141 ], [ 233605.404899999004556, 557056.057799999020062 ], [ 233659.536600001010811, 557077.6891999989748 ], [ 233710.226399998995475, 557026.900499999988824 ], [ 233642.814199999003904, 557019.622499999008141 ] ] ], [ [ [ 233601.9965, 557125.913199997972697 ], [ 233609.921899999986636, 557136.864100001985207 ], [ 233615.087000000989065, 557130.431000001961365 ], [ 233601.032299999002134, 557116.938000001013279 ], [ 233601.9965, 557125.913199997972697 ] ] ], [ [ [ 233629.090700000990182, 558323.302700001979247 ], [ 233639.624699998996221, 558265.0612 ], [ 233564.611000000993954, 558291.372000001021661 ], [ 233582.119199998996919, 558337.820999998948537 ], [ 233629.090700000990182, 558323.302700001979247 ] ] ], [ [ [ 232822.815299998997943, 558532.693399999057874 ], [ 232846.3517, 558496.315900002024136 ], [ 232782.377500000991859, 558428.852899997960776 ], [ 232750.84, 558459.5 ], [ 232822.815299998997943, 558532.693399999057874 ] ] ], [ [ [ 232765.844999999011634, 558685.727100000018254 ], [ 232842.616199999989476, 558766.834299999987707 ], [ 232909.978999998013023, 558652.363499999046326 ], [ 232863.506999998993706, 558576.359999999054708 ], [ 232765.844999999011634, 558685.727100000018254 ] ] ], [ [ [ 228312.146799999987707, 567878.421899999957532 ], [ 228523.6248, 568039.184799998998642 ], [ 228714.170099999988452, 567835.21819999802392 ], [ 228784.206199999985984, 567411.822799999034032 ], [ 228967.886399998998968, 567071.736699998029508 ], [ 229064.143399999011308, 566990.547299999976531 ], [ 229173.818999998009531, 566625.228 ], [ 229826.101599999004975, 566870.851599999004975 ], [ 230381.271000001986977, 565816.229999999981374 ], [ 230650.5999, 565722.988099999958649 ], [ 232454.7443, 566642.663400002056733 ], [ 232866.248500001005596, 566964.044500001007691 ], [ 232961.802399999985937, 566913.7489 ], [ 233134.909299999009818, 566795.385899998014793 ], [ 233006.120499998010928, 566685.271000002045184 ], [ 233179.885499999014428, 566465.312100001028739 ], [ 233242.703100000013364, 566256.812600002042018 ], [ 233176.10240000099293, 566233.24630000104662 ], [ 233162.316500001004897, 566065.585099998977967 ], [ 233532.595100000995444, 565956.359599999967031 ], [ 233510.602000001992565, 565741.221200000029057 ], [ 233576.878400001995033, 565646.550000000977889 ], [ 233360.982099999004276, 565403.137600000947714 ], [ 233387.963100001012208, 565420.753899998962879 ], [ 233478.796799998992356, 565258.625 ], [ 233494.4848, 565097.065699998056516 ], [ 233545.464100000011967, 565101.060400002053939 ], [ 233554.307100002013613, 564901.157099999021739 ], [ 234017.093699999008095, 564402.125100002042018 ], [ 234276.140700001007644, 564316.085399999981746 ], [ 233305.892000001011183, 564160.728 ], [ 233351.522500001010485, 563930.115299999946728 ], [ 233486.184099998004967, 563842.178500000038184 ], [ 233761.927700002008351, 563433.980099997948855 ], [ 233969.002199999988079, 563264.021200001006946 ], [ 234047.0044, 562973.309999999008141 ], [ 234046.877700001001358, 562742.444999999948777 ], [ 234370.889899998990586, 562696.692299998947419 ], [ 234359.293299999000737, 562535.607999998959713 ], [ 234264.670000001991866, 562544.588199998950586 ], [ 234275.684999999008141, 562285.199999999022111 ], [ 234181.34, 561883.792100001010112 ], [ 234113.539999998989515, 561867.926100000971928 ], [ 233821.873, 561906.872099998989142 ], [ 233851.50600000101258, 562124.894099998986349 ], [ 233713.809999999008141, 562143.96909999800846 ], [ 233647.340700000990182, 562047.227100000018254 ], [ 233140.488000001991168, 562373.589099999982864 ], [ 233044.743000001006294, 561880.068999998038635 ], [ 233060.022999998007435, 561337.641100001055747 ], [ 233213.318999998009531, 561385.385099999955855 ], [ 233957.6512, 560593.924099999945611 ], [ 233427.322500001988374, 560262.0196 ], [ 233147.741099998005666, 560013.209399997955188 ], [ 233175.650699999008793, 559980.897399998968467 ], [ 232980.704999998008134, 559747.291999998968095 ], [ 233001.1099999989965, 559676.79500000202097 ], [ 232598.446899998991285, 559147.991599999018945 ], [ 232729.0150000010035, 559139.410200000042096 ], [ 232731.306000001990469, 559045.4351 ], [ 232787.278000001009787, 558995.415100001031533 ], [ 232752.166999998997198, 558960.24910000001546 ], [ 232806.918000000994653, 558883.655999999027699 ], [ 232751.298999999009538, 558825.48510000098031 ], [ 232762.489899999985937, 558717.023400000995025 ], [ 232748.221599999989849, 558794.418099998962134 ], [ 232667.838599998998689, 558748.649199999985285 ], [ 232524.064699999988079, 558510.064699999988079 ], [ 232722.9373, 558431.124299998977222 ], [ 232818.195300002000295, 558341.238699999055825 ], [ 232767.4069, 558290.1481 ], [ 232808.802299998991657, 558253.079500001040287 ], [ 232662.795000001991866, 558138.618500001961365 ], [ 232822.263999999006046, 558017.941 ], [ 232862.927299998991657, 558085.347199999028817 ], [ 232945.640099999000086, 558065.14359999797307 ], [ 233184.86740000199643, 558319.109299998963252 ], [ 233505.542800002003787, 558137.92429999995511 ], [ 233905.442200001009041, 558031.943700000992976 ], [ 233946.212200000998564, 557923.259599998942576 ], [ 234064.016899998998269, 557950.77959999802988 ], [ 234080.891299999988405, 558068.305500000948086 ], [ 234137.697999999014428, 558088.49800000002142 ], [ 234102.28900000100839, 558160.789799998980016 ], [ 234171.972899999003857, 558200.687899998971261 ], [ 234158.429400001012255, 558138.267800000030547 ], [ 234279.119899999001063, 558077.875599998980761 ], [ 234232.685300000011921, 558041.718299999949522 ], [ 234231.623799997993046, 557933.371100001037121 ], [ 234189.4003, 557926.396600001025945 ], [ 234379.6041, 557918.605799998971634 ], [ 234473.728999998013023, 557597.394299998995848 ], [ 233844.1083, 557520.723200001055375 ], [ 233533.662799999001436, 557369.424800000968389 ], [ 233455.55539999899338, 557288.031700000050478 ], [ 233592.594999999011634, 557159.916000001016073 ], [ 233459.84450000198558, 557138.146600001025945 ], [ 233467.620999998995103, 557054.794699999969453 ], [ 233595.721000001009088, 557016.496100001037121 ], [ 233623.194899999012705, 556966.079100001952611 ], [ 233272.741, 556971.198100000969134 ], [ 233327.873399998992682, 557145.958500002045184 ], [ 233236.270500001002802, 556981.923799998941831 ], [ 233124.6065, 556983.899599998956546 ], [ 233098.647999998007435, 557025.53200000198558 ], [ 233099.035999998013722, 556957.114999998011626 ], [ 233569.628899998991983, 556941.03069999802392 ], [ 233582.393699999985984, 556873.536600001039915 ], [ 233664.423999999009538, 556901.174099999945611 ], [ 233645.848099999013357, 556823.170600001001731 ], [ 233752.322000001004199, 556737.072099998942576 ], [ 233579.629099999001483, 556543.130399998044595 ], [ 233563.272799998987466, 556406.652499999967404 ], [ 233659.918900001997827, 556445.412000000011176 ], [ 233716.482799999008421, 556292.905299999052659 ], [ 233401.5196, 556206.703600001055747 ], [ 233384.138999999006046, 556066.827500000945292 ], [ 233257.692000001989072, 555998.01300000003539 ], [ 233326.682999998010928, 555881.305000000051223 ], [ 232973.956999999005347, 555679.480700001004152 ], [ 233025.727000001992565, 555372.287999999010935 ], [ 233112.122000000992557, 555300.667100001010112 ], [ 232993.023899999010609, 555165.364900000044145 ], [ 232969.068900000012945, 554715.58020000194665 ], [ 232842.057900000014342, 554579.445500000962056 ], [ 232984.611900001997128, 554585.239399999030866 ], [ 232996.074000001011882, 554403.738099999958649 ], [ 232839.951000000990462, 553849.096999999019317 ], [ 232840.488000001991168, 553294.674099999945611 ], [ 232728.040100001002429, 552746.889300000038929 ], [ 232633.661899998987792, 552740.470500000054017 ], [ 232543.629599999985658, 552533.585299998987466 ], [ 232349.953499999013729, 552541.678100000950508 ], [ 232154.38259999800357, 552629.306400001049042 ], [ 232029.333299997990252, 552617.025800000992604 ], [ 232004.546999998012325, 552445.002500000991859 ], [ 231663.4778, 552100.490800000960007 ], [ 231490.780299998994451, 552141.744899999001063 ], [ 231434.819400000997121, 551652.457800001022406 ], [ 231529.7388, 551089.224199999007396 ], [ 231635.161800000991207, 550767.920400000992231 ], [ 231736.035500000987668, 550019.360599998035468 ], [ 231651.026999999012332, 549913.647999997949228 ], [ 231103.108399997989181, 550279.584600002039224 ], [ 230535.603599999012658, 549509.448199999053031 ], [ 230227.0097, 549712.091299999970943 ], [ 230482.9465, 549516.855900001013651 ], [ 230281.807100002013613, 549306.784899997990578 ], [ 230206.347199998999713, 549147.231600000988692 ], [ 229998.809700001002057, 549061.658599999034777 ], [ 229834.658300000999589, 548841.879299998050556 ], [ 228981.936999998986721, 549462.84600000095088 ], [ 229787.384799997991649, 550730.485399998957291 ], [ 229504.775499999988824, 550840.366200000047684 ], [ 229256.795099999988452, 551034.027399998041801 ], [ 228406.359900000999914, 551442.812600002042018 ], [ 228265.107599999988452, 551558.602100000018254 ], [ 228208.832800000993302, 551481.435199997969903 ], [ 227999.286600001010811, 551611.822299998020753 ], [ 227904.666900001000613, 551473.364999998011626 ], [ 227681.8499, 551607.425799999036826 ], [ 227542.923, 551388.107000001007691 ], [ 228201.051199998997618, 550965.979499998968095 ], [ 227797.03790000101435, 550328.239199999952689 ], [ 227508.595800000999589, 550138.426499999943189 ], [ 227391.4914, 550206.019099998986349 ], [ 227387.2678, 550012.218899999046698 ], [ 227461.772, 549924.289900001022033 ], [ 226488.296899999986636, 549122.375 ], [ 225849.041299998993054, 549552.431600000942126 ], [ 226472.412999999010935, 550615.258000000962056 ], [ 226623.53090000199154, 550531.208700001006946 ], [ 226867.916299998993054, 550986.763300001970492 ], [ 226942.7817, 550955.649700000998564 ], [ 227022.8972, 551081.801499999943189 ], [ 226933.914799999009119, 551113.666000001016073 ], [ 226931.35179999799584, 551164.234999999054708 ], [ 227057.153400000010151, 551182.468800000962801 ], [ 227055.35920000099577, 551294.505299999960698 ], [ 226951.394499999005347, 551347.519900002051145 ], [ 226984.550700001011137, 551508.988299999036826 ], [ 226905.477600001002429, 551587.200599998002872 ], [ 226632.406199999008095, 551151.812600002042018 ], [ 225992.235199999005999, 551129.972500000032596 ], [ 225952.909499998990213, 551234.810899998992682 ], [ 225711.752, 551233.32999999797903 ], [ 225996.9443, 551684.141800001030788 ], [ 226047.229899998987094, 551650.564100001007318 ], [ 226140.448600002011517, 551724.048300002003089 ], [ 226107.120999998995103, 551856.210999998962507 ], [ 226303.750999998010229, 552163.671999998041429 ], [ 226277.787000000011176, 552179.324999999022111 ], [ 226087.710499998007435, 551880.173799998941831 ], [ 225895.748399998992682, 551923.68949999997858 ], [ 225776.057200000010198, 551735.961699999985285 ], [ 225991.618299997993745, 551727.018800002057105 ], [ 225863.734299998992356, 551523.507699999958277 ], [ 225735.953699998994125, 551673.061999998986721 ], [ 225205.384199999010889, 550838.929600000032224 ], [ 225333.2302, 550684.467900000978261 ], [ 225146.351, 550395.925000000977889 ], [ 225070.857099999004276, 550627.028399999951944 ], [ 225016.796799998992356, 550541.875 ], [ 224887.703000001987675, 550600.375100002042018 ], [ 224846.244700000010198, 550526.658399999025278 ], [ 224044.978899999987334, 550990.5209 ], [ 223919.548099998006364, 550784.569099999964237 ], [ 223606.5416, 550974.228599998983555 ], [ 223354.550999998988118, 550924.044500001007691 ], [ 223185.734499998012325, 551038.682999997981824 ], [ 223401.826299998996546, 551460.307599999010563 ], [ 223470.3035, 551444.874299998977222 ], [ 224028.079999998008134, 551627.307900000014342 ], [ 224121.273400000995025, 551454.717500000959262 ], [ 224503.798099998006364, 551213.271200001006946 ], [ 224812.068100002012216, 551734.412999999010935 ], [ 223854.108399997989181, 552345.000100002042018 ], [ 223918.589699998003198, 552471.026999998954125 ], [ 224613.0623, 551992.54960000095889 ], [ 225171.124000001989771, 552872.325800001970492 ], [ 224398.100699998001801, 553408.218800000962801 ], [ 224891.16, 554371.890000000945292 ], [ 223906.541000000986969, 555883.385000001988374 ], [ 227427.24199999900884, 557492.343600000953302 ], [ 226938.296899999986636, 559390.5 ], [ 226305.5, 559208.8125 ], [ 224811.406300000991905, 559101.3125 ], [ 224625.234499998012325, 559221.353300001006573 ], [ 224527.840100002009422, 559386.0233 ], [ 224473.117800000996795, 559325.192799999960698 ], [ 224549.3358, 559268.054600000032224 ], [ 224623.173500000993954, 558984.312100001028739 ], [ 224446.177099999011261, 558886.600499999010935 ], [ 224459.658399998996174, 558694.872800000011921 ], [ 224527.672899998986395, 558621.278099998948164 ], [ 224422.4454, 558477.076800000038929 ], [ 224347.269000000989763, 558195.362300000968389 ], [ 224560.995700002007652, 558057.90850000095088 ], [ 224558.956799998995848, 557622.569200002006255 ], [ 224418.415899999003159, 557488.755100000998937 ], [ 223136.952599999000086, 557066.643700000015087 ], [ 223179.300000001006993, 557000.572000000975095 ], [ 220494.983600001985906, 561119.661100000026636 ], [ 221068.566100000985898, 560253.129700000979938 ], [ 221420.60920000099577, 560481.942200000979938 ], [ 221707.0755, 560998.470500000054017 ], [ 221857.046300001005875, 560923.497000001021661 ], [ 221962.696600001014303, 561116.020199998980388 ], [ 221159.583000001002802, 561599.552099999040365 ], [ 220471.515700001007644, 561930.190200001001358 ], [ 220729.324999998993007, 564947.410000000032596 ], [ 216518.087000000989065, 566431.144000001018867 ], [ 216642.169599999004276, 566708.6448 ], [ 217025.863000001991168, 566704.886399999028072 ], [ 217296.435300000011921, 566388.257399998954497 ], [ 217661.823100000998238, 566273.141300000017509 ], [ 217940.817299999005627, 566420.056100000045262 ], [ 218229.7764, 566255.616900000954047 ], [ 218420.596599999989849, 566001.434300001943484 ], [ 218854.880600002012216, 565898.815599999972619 ], [ 219040.405400001007365, 565960.669399998965673 ], [ 219150.048700001003454, 565913.781500000972301 ], [ 219510.663600000989391, 566078.177000000956468 ], [ 219684.263300001999596, 566087.415800001006573 ], [ 219748.052900000999216, 566253.70389999798499 ], [ 219626.678599998005666, 566270.008000000962056 ], [ 219682.735599998006364, 566501.487399999052286 ], [ 219475.370400000014342, 566561.885400000959635 ], [ 219320.900899998989189, 566528.29390000202693 ], [ 218931.03900000100839, 566593.010800000047311 ], [ 218819.0911, 566904.847500000032596 ], [ 218915.789099999004975, 567035.583700001006946 ], [ 219145.799600000987994, 567162.572200000053272 ], [ 219755.056600001000334, 567071.51770000194665 ], [ 219739.2269, 566963.805399999022484 ], [ 219840.0253, 566976.816699999966659 ], [ 219837.753300000011222, 566752.279399998020381 ], [ 219927.558499998995103, 566735.744300000020303 ], [ 220262.066199999011587, 566808.579599999007769 ], [ 221627.960499998007435, 566836.166299998993054 ], [ 221998.389600001013605, 566909.619899999001063 ], [ 222247.406199999008095, 566414.5 ], [ 222137.826900001993636, 565983.40700000198558 ], [ 222406.1393, 565969.722300000023097 ], [ 222407.2762, 565504.265099999029189 ], [ 222846.912799999001436, 565706.26379999902565 ], [ 223416.826000000990462, 565795.447299998020753 ], [ 223442.321400001994334, 565924.545899998047389 ], [ 223516.434, 565794.458500002045184 ], [ 223577.834899998997571, 565794.449200000963174 ], [ 223952.311599999986356, 567195.089000002015382 ], [ 223952.694800000987016, 567728.993299997993745 ], [ 224107.906199999008095, 567981.375100002042018 ], [ 224349.999899997987086, 568211.625100002042018 ], [ 224478.796799998992356, 568565.125100002042018 ], [ 224764.126499998994404, 568925.364900000044145 ], [ 224890.761900000012247, 569015.817999999970198 ], [ 224870.402299999987008, 569179.131000000983477 ], [ 224752.686500001989771, 569419.120900001027621 ], [ 224684.2355, 569375.155799999949522 ], [ 224617.1285, 569429.598900001030415 ], [ 224551.650800000992604, 569630.138400000054389 ], [ 224481.597100001003128, 569641.884799998020753 ], [ 224467.146200001006946, 569698.471400000038557 ], [ 224521.776299997989554, 569717.446499999961816 ], [ 224474.940099998988444, 569852.86100000096485 ], [ 224356.2995, 569877.841299999970943 ], [ 224441.657400000985945, 569631.202700000023469 ], [ 224350.733199998998316, 569572.8554 ], [ 224233.634799997991649, 569796.4756 ], [ 224042.687399997987086, 569815.479200002038851 ], [ 223652.2051, 569068.783399999025278 ], [ 223311.2106, 569305.304499999037944 ], [ 223715.090700000990182, 569757.741000000038184 ], [ 223492.0035, 570091.5614 ], [ 223505.748100000986597, 570156.031300000962801 ], [ 223627.5491, 570121.340500000980683 ], [ 223748.2403, 570011.62410000001546 ], [ 223798.4509, 570023.620600000023842 ], [ 223940.9003, 569896.23789999994915 ], [ 224082.103100001986604, 569924.210999998962507 ], [ 224031.810800000996096, 570059.567600000998937 ], [ 224172.615200002008351, 570169.660200000042096 ], [ 224208.262200002005557, 570133.725099998991936 ], [ 224309.885899997985689, 570256.523600001004525 ], [ 224372.32009999800357, 570122.599199999007396 ], [ 224436.796799998992356, 570210.875100002042018 ], [ 224546.906300000991905, 570225.625100002042018 ], [ 224544.703100000013364, 570282.812600002042018 ], [ 224553.406300000991905, 570350.625 ], [ 224558.835900000995025, 570367.419100000988692 ], [ 224551.870400000014342, 570282.964099999982864 ], [ 224574.846000001009088, 570061.925799999036826 ], [ 224567.416700002009748, 570197.505899999057874 ], [ 224648.376400000997819, 570227.3763 ], [ 224825.409699998999713, 570427.780600000056438 ], [ 224965.179000000993256, 570472.164600000018254 ], [ 225015.408500001009088, 570386.846299997996539 ], [ 225296.439300000987714, 570301.439800002030097 ], [ 225466.329900000011548, 570689.864599999040365 ], [ 225378.844300002005184, 570840.739799999049865 ], [ 225405.556099999987055, 570888.8323 ], [ 225454.8900000010035, 570891.180000000051223 ], [ 225540.579999998008134, 570567.361900001997128 ], [ 225594.719999999011634, 570523.256000000983477 ], [ 225669.049800000997493, 570554.263900000951253 ], [ 225718.9113, 570474.961300001014024 ], [ 225737.6796, 569777.8981 ], [ 225655.379000001004897, 569596.942999999970198 ], [ 225954.004099999001483, 569450.616400000057183 ], [ 226444.346500001993263, 569529.682900000014342 ], [ 226795.855099998007063, 569411.46649999904912 ], [ 227205.495999998995103, 569420.113000001991168 ], [ 227616.067400000989437, 569229.743700001039542 ], [ 227806.618099999002879, 569046.822900000959635 ], [ 227976.25820000100066, 568674.230900001013651 ], [ 228179.454900000011548, 568473.554800000041723 ], [ 228253.731199998001102, 567940.603999997954816 ], [ 228312.146799999987707, 567878.421899999957532 ] ], [ [ 228840.2848, 566523.508799999952316 ], [ 228712.940099998988444, 566566.113400000962429 ], [ 228708.2777, 566525.476500001037493 ], [ 228587.319699999003205, 566477.765500001958571 ], [ 228503.324000001011882, 566498.131900000968017 ], [ 228518.747699997999007, 566250.447599999955855 ], [ 228562.8585, 566185.344900000956841 ], [ 228865.747000000992557, 566499.223999998997897 ], [ 228840.2848, 566523.508799999952316 ] ], [ [ 227973.706300001998898, 565566.774900001008064 ], [ 227898.741199999989476, 565488.311999998986721 ], [ 227921.559500000992557, 565441.077599999029189 ], [ 227990.579599999007769, 565494.554099999018945 ], [ 228007.928399998985697, 565563.338799998047762 ], [ 227973.706300001998898, 565566.774900001008064 ] ], [ [ 227875.401500001986278, 565463.681200001039542 ], [ 227715.277299999987008, 565296.244700000039302 ], [ 227634.96070000200416, 565243.181000001961365 ], [ 227722.359399999986636, 565202.375 ], [ 228014.551399997988483, 565331.1446 ], [ 227875.401500001986278, 565463.681200001039542 ] ], [ [ 229836.387899999012006, 566619.146000002045184 ], [ 229760.752099998004269, 566635.722399997990578 ], [ 229722.954100002010819, 566542.122699997969903 ], [ 229775.0777, 566506.693500000983477 ], [ 229836.387899999012006, 566619.146000002045184 ] ] ], [ [ [ 224352.668400001013651, 570300.321400001994334 ], [ 224364.325100001005922, 570310.123799997963943 ], [ 224372.2126, 570266.757499999948777 ], [ 224342.135200001008343, 570290.864799999049865 ], [ 224352.668400001013651, 570300.321400001994334 ] ] ], [ [ [ 224394.575100001005922, 570305.757699999958277 ], [ 224380.098299998993753, 570323.085099998977967 ], [ 224443.417199999006698, 570379.76210000005085 ], [ 224470.09340000199154, 570319.811500002047978 ], [ 224394.575100001005922, 570305.757699999958277 ] ] ], [ [ [ 224511.671999998012325, 570422.44960000005085 ], [ 224504.173300002003089, 570441.003199998056516 ], [ 224609.158799997996539, 570529.482199999969453 ], [ 224568.6741, 570397.849599997978657 ], [ 224511.671999998012325, 570422.44960000005085 ] ] ] ] } },
{ "type": "Feature", "properties": { "label": "EMW Emmen Weerdinge", "gid": "EMW Emmen Weerdinge" }, "geometry": { "type": "MultiPolygon", "coordinates": [ [ [ [ 256519.6941, 534123.977600001031533 ], [ 256556.08599999899161, 534138.346099999034777 ], [ 256528.284400000993628, 534014.7315 ], [ 256524.996399999014102, 534083.123399998992682 ], [ 256519.6941, 534123.977600001031533 ] ] ], [ [ [ 256640.642999998992309, 534163.686999998986721 ], [ 256695.383499999006744, 534196.954000000027008 ], [ 256719.2082, 534158.646699998993427 ], [ 256653.594599998992635, 534133.975200001033954 ], [ 256640.642999998992309, 534163.686999998986721 ] ] ], [ [ [ 260499.768599998002173, 534268.332699998980388 ], [ 260363.314699999988079, 534126.210099998977967 ], [ 260320.99289999899338, 534123.068599998950958 ], [ 260364.745999998995103, 534284.256999999051914 ], [ 260499.768599998002173, 534268.332699998980388 ] ] ], [ [ [ 260626.61699999900884, 534162.602499998989515 ], [ 260603.001200002006954, 534249.133499998948537 ], [ 261040.219700001005549, 534223.543400001013651 ], [ 261009.10150000100839, 534159.921599998953752 ], [ 260626.61699999900884, 534162.602499998989515 ] ] ], [ [ [ 266873.3237, 534290.667499999981374 ], [ 266821.212499998975545, 534237.132499999948777 ], [ 266819.137999999977183, 534447.01300000003539 ], [ 266996.065799999982119, 534453.7892 ], [ 266996.050999998988118, 534401.522999997949228 ], [ 266907.932999997981824, 534397.283000000054017 ], [ 266906.011599998979364, 534289.314800002030097 ], [ 266873.3237, 534290.667499999981374 ] ] ], [ [ [ 266798.926899998972658, 534801.864999998011626 ], [ 266598.3957, 534805.446499999961816 ], [ 266571.660999997984618, 533783.495000001043081 ], [ 265891.03180000197608, 533748.627500000991859 ], [ 265857.107799999008421, 534399.013400000054389 ], [ 265188.68, 534366.546999998041429 ], [ 265251.771000001986977, 534565.28200000198558 ], [ 265182.396000001986977, 534587.136000000056811 ], [ 265304.248599999002181, 535052.250500001013279 ], [ 265117.111099998990539, 535114.629599999985658 ], [ 265063.445900000981055, 534793.90659999800846 ], [ 264907.9694, 534818.348600000026636 ], [ 264865.109000000986271, 534343.783000000054017 ], [ 263163.340100002009422, 534257.291099998983555 ], [ 263159.093499999027699, 534058.524099997943267 ], [ 262740.475800000014715, 533797.205600001034327 ], [ 262848.578800000017509, 533342.820399999967776 ], [ 262818.419599998975173, 532924.301499999943189 ], [ 262159.078800000017509, 532923.266800001030788 ], [ 261488.8599999989965, 534195.923999998951331 ], [ 261576.486000000993954, 534205.21799999801442 ], [ 261524.493599999987055, 535349.494199999026023 ], [ 261110.2293, 535387.616300001973286 ], [ 261059.9124, 536223.210900000995025 ], [ 260313.64959999898565, 536169.157800000044517 ], [ 260406.771000001986977, 534937.324999999022111 ], [ 260350.982000001007691, 534295.098999998997897 ], [ 260312.199999998993007, 534297.309999999008141 ], [ 260327.912999999010935, 534355.500999997952022 ], [ 260053.976, 534316.901999998954125 ], [ 259952.589000001986278, 534350.142000001040287 ], [ 259493.406800002005184, 534276.128600000985898 ], [ 259456.762800000986317, 534161.569699998944998 ], [ 259570.844799999002134, 534173.688000001013279 ], [ 259620.650400001992239, 533978.778599999961443 ], [ 259521.978599999012658, 533883.82660000002943 ], [ 259321.022999998007435, 533891.256999999051914 ], [ 259310.999099999986356, 533849.512600000947714 ], [ 259283.347199998999713, 533900.763900000951253 ], [ 259201.1888, 533887.254199999966659 ], [ 259150.522300001000986, 533847.992500000051223 ], [ 259165.8605, 533720.170400000992231 ], [ 258733.03959999998915, 533637.795799999963492 ], [ 258615.714600000996143, 533540.112700000056066 ], [ 258417.074400000012247, 533525.628800000995398 ], [ 258349.566799997992348, 533582.128199998056516 ], [ 258225.921, 533563.041999998968095 ], [ 258221.811099999002181, 533494.004500002018176 ], [ 257997.311900000990136, 533477.121700000017881 ], [ 257410.177000000985572, 533508.333999998983927 ], [ 257371.994199998996919, 533835.02989999903366 ], [ 257201.461800001998199, 533965.341299999970943 ], [ 257159.78880000099889, 533951.516300000017509 ], [ 257208.326000000990462, 533860.240800000960007 ], [ 257160.813000001013279, 533807.941699999966659 ], [ 257111.723000000987668, 534157.480900001013651 ], [ 257066.6400000010035, 534118.081799998995848 ], [ 256925.883299998997245, 534147.883499998948537 ], [ 256919.564300000987714, 534205.839400000986643 ], [ 256758.4278, 534306.460099998977967 ], [ 256680.2709, 534240.964899998041801 ], [ 256608.0526, 534279.640200000023469 ], [ 256608.174199998000404, 534209.984700002009049 ], [ 256506.049899998994078, 534189.221099999034777 ], [ 256494.960000001010485, 534272.72100000095088 ], [ 256410.7733, 534258.232399999978952 ], [ 256406.946300000010524, 533971.600200001033954 ], [ 256490.979400001000613, 533936.297899998957291 ], [ 256438.273600001004525, 533812.209899998968467 ], [ 256386.669100000988692, 533805.869399997987784 ], [ 256387.544399998994777, 533724.005399998044595 ], [ 256341.698199998994824, 533717.443500000983477 ], [ 256287.056299999007024, 533930.886399999028072 ], [ 256212.226599999004975, 533842.334800001000986 ], [ 255823.451000000990462, 533657.035000000032596 ], [ 255908.015999999013729, 533198.315200001001358 ], [ 255679.285, 533117.811000001034699 ], [ 255698.555, 533055.675000000977889 ], [ 255566.677999998995801, 532999.572999999043532 ], [ 255371.772999998007435, 533249.140999999013729 ], [ 255436.0942, 533376.277800000971183 ], [ 255517.202799997990951, 533419.379999998956919 ], [ 255430.061500001989771, 533512.899799998966046 ], [ 255444.92880000200239, 533600.226100001018494 ], [ 254991.312800001003779, 533498.426699999952689 ], [ 254852.756999998993706, 533197.678199999034405 ], [ 254642.138, 533160.392099999007769 ], [ 254751.570599998987745, 533000.195799999055453 ], [ 254635.7465, 532808.056000001961365 ], [ 254518.42139999900246, 532771.962099998956546 ], [ 254235.9989, 532988.43660000001546 ], [ 254069.453799999988405, 532795.903799999970943 ], [ 253995.897399998997571, 532847.882100000977516 ], [ 253711.864399999001762, 532686.70149999903515 ], [ 253465.301399997988483, 532824.385800000047311 ], [ 253449.716800001013326, 532676.823899999028072 ], [ 253397.024200000014389, 532651.948300000047311 ], [ 253331.497900001995731, 532445.253099999972619 ], [ 253270.262699999002507, 531879.473600000026636 ], [ 253201.109399999986636, 531630.183600001037121 ], [ 253143.845800000999589, 531512.891600001952611 ], [ 253279.511100002011517, 532014.227400001022033 ], [ 253423.246199999004602, 534112.521799999987707 ], [ 253459.2947, 534413.311799998977222 ], [ 253542.688099999009864, 534603.179000001051463 ], [ 253545.041999998997198, 534721.13800000003539 ], [ 253496.030699997994816, 534757.322299998020753 ], [ 253644.692400000989437, 535324.724700000020675 ], [ 253958.477000001992565, 536074.557999997981824 ], [ 253775.0143, 536141.101300001027994 ], [ 253636.415899999003159, 536271.783399999025278 ], [ 253606.333999999013031, 536242.767999998992309 ], [ 253232.92159999901196, 536588.891700000036508 ], [ 252982.708900000987342, 536855.910599999013357 ], [ 252860.2817, 537089.4606 ], [ 252525.328000001987675, 537416.239999998011626 ], [ 252574.785799998993753, 537294.208000001031905 ], [ 252329.593699999008095, 537268.812600002042018 ], [ 252324.593800000991905, 537176.125100002042018 ], [ 252153.093800000991905, 537162.812600002042018 ], [ 252151.796899999986636, 537287.875 ], [ 252059.335900000995025, 537286.829100001952611 ], [ 252031.6316, 537400.121100001037121 ], [ 252151.3664, 537402.959100001025945 ], [ 252140.995200000994373, 537512.167199998977594 ], [ 251482.557100002013613, 537445.320099998032674 ], [ 251346.071699999010889, 537572.368500001961365 ], [ 252051.894000000989763, 537913.931499999016523 ], [ 251839.480999999010237, 538124.524999998975545 ], [ 251814.581999999005347, 538078.214000002015382 ], [ 251326.721000001009088, 538559.583999998983927 ], [ 247977.782600000995444, 541096.44990000105463 ], [ 247417.296799998992356, 540661.500100002042018 ], [ 247545.9375, 540410.034299999009818 ], [ 247447.391600002010819, 540358.716400000965223 ], [ 247471.642200000991579, 540309.358100001001731 ], [ 247377.81960000100662, 540092.192200000979938 ], [ 247196.796899999986636, 539994.375 ], [ 247226.796799998992356, 539951.625100002042018 ], [ 247044.296799998992356, 539838.187600002042018 ], [ 247856.637400000996422, 538166.347800001967698 ], [ 247619.831500000989763, 538235.647799998987466 ], [ 247132.378400001995033, 538486.941399998962879 ], [ 246932.275199997995514, 538452.369700000039302 ], [ 246408.295000001991866, 538544.797400000970811 ], [ 246364.0484, 538380.520100001012906 ], [ 246152.790100001002429, 538337.49920000100974 ], [ 246110.782400000985945, 538424.271499998983927 ], [ 246386.002999999007443, 539105.9155 ], [ 245958.89710000201012, 539196.558200001949444 ], [ 246055.653499998006737, 539540.662099997978657 ], [ 246582.4553, 539592.284400001051836 ], [ 246846.912999999010935, 540244.300000000977889 ], [ 246683.406300000991905, 540232.312600002042018 ], [ 246661.558600001008017, 540410.960000001010485 ], [ 246327.0, 540248.625 ], [ 246233.203000001987675, 540634.3125 ], [ 246189.499699998996221, 540660.314599997946061 ], [ 246211.066300000995398, 540743.025800000992604 ], [ 246108.836800001998199, 540770.498500001034699 ], [ 245963.1292, 540903.4571 ], [ 246055.513, 540941.874000002047978 ], [ 245992.30649999898742, 541034.6677 ], [ 246075.080499998992309, 541081.303599998005666 ], [ 245940.071400001994334, 541243.943999998038635 ], [ 245754.627700001001358, 541066.0222 ], [ 245481.068, 541123.336300001014024 ], [ 245471.3081, 541199.621900000027381 ], [ 245418.250500001013279, 541223.103 ], [ 245508.683499998995103, 541399.096999999019317 ], [ 245336.0150000010035, 541574.886000000056811 ], [ 245169.607000001007691, 541959.951000001048669 ], [ 244749.82860000099754, 542425.234599999967031 ], [ 244873.318, 542958.881000000983477 ], [ 244477.949499998008832, 543114.243299997993745 ], [ 245122.090100002009422, 543661.918799999984913 ], [ 245103.118700001010438, 543758.490100000053644 ], [ 245822.313999998994404, 544353.784000001964159 ], [ 245907.947000001004199, 543934.11199999996461 ], [ 246071.918800000014016, 543597.368700001039542 ], [ 246331.556000001990469, 543985.5627 ], [ 246347.203699998994125, 544137.965599998948164 ], [ 246773.423599998990539, 544157.9767 ], [ 246978.587699997995514, 544530.024199999985285 ], [ 246959.502799998997943, 544655.504399999976158 ], [ 247030.554200001002755, 544634.147599998977967 ], [ 247182.341400000994327, 544701.75369999895338 ], [ 247087.903999998990912, 544942.1677 ], [ 247268.433600001008017, 545432.981800000998192 ], [ 247301.642000001011183, 545401.923999998951331 ], [ 247139.390999999013729, 544913.662000000011176 ], [ 247209.024, 544895.447000000975095 ], [ 247248.072999999014428, 544804.901000001002103 ], [ 247184.780000000988366, 544705.624000002047978 ], [ 247482.581, 543980.552000000956468 ], [ 248931.082899998989888, 544631.744199999026023 ], [ 248974.362500001006993, 544529.195799999055453 ], [ 249558.886100002011517, 544400.826099999016151 ], [ 249579.226199998985976, 544095.419 ], [ 249648.502799998997943, 543973.478700001025572 ], [ 249992.101399998995475, 544165.945399999967776 ], [ 249657.592, 544953.841999999945983 ], [ 250303.884799997991649, 545245.12130000104662 ], [ 250620.043000000994653, 544536.995999998995103 ], [ 250462.019999999989523, 544463.771000002045184 ], [ 250505.90700000198558, 544367.425999999046326 ], [ 251719.100000000995351, 544926.719999999040738 ], [ 251753.559999999008141, 544996.129999998956919 ], [ 251769.134, 544960.603999997954816 ], [ 251811.462999999988824, 544984.250999997952022 ], [ 251829.330800000985619, 545051.134799998020753 ], [ 251904.4879, 544764.920200000982732 ], [ 252137.131700002006255, 544550.943399999057874 ], [ 252188.010299999004928, 544564.022399998968467 ], [ 252187.4375, 544638.781700000050478 ], [ 252251.295000001991866, 544631.916000001016073 ], [ 252232.4278, 544735.527100000996143 ], [ 252309.217900001007365, 544775.633200000971556 ], [ 252764.780699997994816, 544765.832199997967109 ], [ 252761.861400001012953, 545034.087200000998564 ], [ 252680.760299999004928, 545032.411600001039915 ], [ 252591.2214, 545170.022500001010485 ], [ 252638.049800000997493, 545211.211300001014024 ], [ 252649.588100001012208, 545497.745000001043081 ], [ 252699.660300001996802, 545518.74740000104066 ], [ 252696.938000001013279, 545793.261000000056811 ], [ 252797.300000001006993, 545845.006000000983477 ], [ 252738.555500001006294, 545905.631799999973737 ], [ 252859.14090000098804, 546281.901500002015382 ], [ 252737.029100001003826, 546479.954100001952611 ], [ 252709.276299997989554, 546463.920099999988452 ], [ 252593.7753, 546597.956700001028366 ], [ 253952.628699999011587, 547594.285000000032596 ], [ 253729.892000001011183, 547981.033000000054017 ], [ 254354.612799997994443, 548376.578800000017509 ], [ 254562.544, 548058.469399999943562 ], [ 255111.046999998012325, 548471.044 ], [ 255623.00800000099116, 547732.645000000018626 ], [ 255799.026999999012332, 547128.302999999024905 ], [ 255928.807999998010928, 546397.627999998978339 ], [ 256117.453000001987675, 546161.164999998989515 ], [ 256089.837999999988824, 546115.600299999001436 ], [ 256326.957800000993302, 546322.230500000994653 ], [ 256517.5495, 546611.178300000960007 ], [ 257149.5691, 546791.440599999972619 ], [ 257250.6446, 546865.728700001025572 ], [ 257357.072000001004199, 547205.122000001021661 ], [ 257646.057999998010928, 547449.75 ], [ 257485.25600000101258, 547681.305000000051223 ], [ 257574.355999999010237, 547770.984999999054708 ], [ 257451.164999998989515, 547947.879999998956919 ], [ 257629.169, 548157.556000001961365 ], [ 257917.091499998990912, 548357.277399998041801 ], [ 257800.071300000010524, 547885.954799999017268 ], [ 257979.420000001991866, 547627.916999998968095 ], [ 258041.026000001002103, 547670.374000002047978 ], [ 258132.6457, 547542.520199998980388 ], [ 258146.00079999899026, 547588.256299998960458 ], [ 258185.717900001007365, 547535.784299999009818 ], [ 259195.924199998000404, 548235.465300000971183 ], [ 259192.6985, 548158.015200000023469 ], [ 259249.4087, 548093.954799999017268 ], [ 259436.730700001004152, 548029.427499998011626 ], [ 258956.858700000011595, 547702.484399999957532 ], [ 259224.075199999002507, 547153.893900000024587 ], [ 258857.683899999014102, 547295.952700000023469 ], [ 258637.211599998001475, 547300.554099999018945 ], [ 258485.133400001010159, 547206.605300002032891 ], [ 258582.861000000993954, 547066.055000000051223 ], [ 258454.607599999988452, 546976.982999998959713 ], [ 258593.535599999013357, 547030.9377 ], [ 258833.6415, 546683.208700001006946 ], [ 258717.50820000100066, 546609.202300001052208 ], [ 258971.831, 546233.339000002015382 ], [ 259037.2839, 546257.932799999020062 ], [ 259177.122900001995731, 546122.416200001025572 ], [ 259175.7645, 546037.113400000962429 ], [ 259249.355999999010237, 545947.152699999976903 ], [ 259050.163299999985611, 545649.425599999958649 ], [ 259211.403999998990912, 545417.688000001013279 ], [ 259137.4362, 545358.944899998954497 ], [ 259768.249099999986356, 544651.913899998995475 ], [ 259561.467300001997501, 544477.850400001043454 ], [ 259780.811000001005596, 544218.011000000056811 ], [ 259751.939800002000993, 544168.178100000950508 ], [ 259829.574000001011882, 544244.15700000198558 ], [ 259988.647, 544253.427999999024905 ], [ 260053.66400000100839, 544307.853999997954816 ], [ 260021.839699998003198, 544166.480799998971634 ], [ 260102.790800001006573, 544221.777600002009422 ], [ 260115.994600002013613, 544160.055199999012984 ], [ 260175.4712, 544229.534699999028817 ], [ 260108.868799999007024, 544296.633599999942817 ], [ 260193.92159999901196, 544375.819899998954497 ], [ 260292.166000000986969, 544449.253800000995398 ], [ 260395.1965, 544348.327300001052208 ], [ 260415.9921, 544494.493799999007024 ], [ 260555.662099998007761, 544629.395500001031905 ], [ 260712.978700000996469, 544716.096299997996539 ], [ 260725.928399998985697, 544637.726599999004975 ], [ 260640.294199999014381, 544515.263300001970492 ], [ 260676.633099998987745, 544452.278399999951944 ], [ 260575.785999998013722, 544349.469399999943562 ], [ 259809.000999998010229, 543687.859000000986271 ], [ 259827.160999998013722, 543653.620999998995103 ], [ 258973.254000001004897, 542970.977000002050772 ], [ 259014.118000001006294, 542923.329000000027008 ], [ 258944.511999998008832, 542866.432999997981824 ], [ 258892.18670000100974, 542928.208099998999387 ], [ 257871.184999999008141, 542147.313999998965301 ], [ 258430.840700000990182, 541458.395599998999387 ], [ 258957.247099998989142, 541615.088599998969585 ], [ 259795.471700002002763, 541982.6891999989748 ], [ 260040.226599999004975, 541375.087299998966046 ], [ 260004.108100001001731, 541194.233399998047389 ], [ 260270.557, 541318.429000001051463 ], [ 260300.041000000986969, 541438.942000002018176 ], [ 260356.375999998010229, 541480.98600000096485 ], [ 260296.026999999012332, 541521.88800000003539 ], [ 260301.783, 541574.098999998997897 ], [ 260423.085000001010485, 541597.664000001037493 ], [ 260393.114999998011626, 541703.438000001013279 ], [ 260333.079, 541725.508999999961816 ], [ 260382.65700000198558, 541818.504999998956919 ], [ 260354.638, 541893.333999998983927 ], [ 260408.302000000985572, 541913.750999997952022 ], [ 260432.855000000010477, 542111.375999997952022 ], [ 260515.702, 542149.702000000048429 ], [ 260507.247000000992557, 542221.870000001043081 ], [ 260568.806000001990469, 542250.063999998965301 ], [ 260550.568999998009531, 542367.215999998035841 ], [ 260648.583000001002802, 542438.65700000198558 ], [ 260619.811000001005596, 542496.091999999945983 ], [ 260687.425999998988118, 542536.326000001048669 ], [ 260830.030000000988366, 542895.318999998038635 ], [ 261106.996599998004967, 543102.701699997996911 ], [ 261362.521699998993427, 542828.70039999904111 ], [ 262204.026900000986643, 543185.533399999025278 ], [ 262351.446899998991285, 542965.0185 ], [ 262446.056000002019573, 543026.550000000977889 ], [ 262587.006999998993706, 542818.208000001031905 ], [ 262685.03000000101747, 542883.945999998948537 ], [ 262726.259000000020023, 542823.11100000096485 ], [ 263254.384000000020023, 543180.405000000959262 ], [ 263372.087000000989065, 542987.280000000959262 ], [ 263598.277399997983593, 543231.992899999022484 ], [ 263686.943599999009166, 543205.887800000957213 ], [ 263735.0758000020287, 543126.266700000036508 ], [ 263464.70239999901969, 542839.408300001057796 ], [ 263482.599800002004486, 542810.832899998989888 ], [ 263790.282600001024548, 543139.12420000100974 ], [ 263876.100499999010935, 543072.555700000026263 ], [ 264197.490699998976197, 543420.374699998996221 ], [ 264932.929599999974016, 542374.080600001034327 ], [ 265350.45499999797903, 542666.271000002045184 ], [ 265454.607000001007691, 542512.548999998951331 ], [ 265507.278000000980683, 542548.576000001048669 ], [ 265401.969000000972301, 542702.296999998041429 ], [ 265667.243999999016523, 542878.741000000038184 ], [ 265687.822000000975095, 542848.456 ], [ 265734.302999999024905, 542879.714999999967404 ], [ 265760.120000000984874, 542952.511999998008832 ], [ 265942.822000000975095, 542682.136000000056811 ], [ 266067.697999998985324, 542771.602000002050772 ], [ 265910.592, 543048.091999999945983 ], [ 266385.276000001002103, 543223.894000001018867 ], [ 266490.397999998007435, 543070.094999999040738 ], [ 266721.427000001014676, 543185.043000000994653 ], [ 266828.585000001010485, 543026.883000000962056 ], [ 266795.1099999989965, 543197.0 ], [ 266829.3883000020287, 543212.815200001001358 ], [ 267009.556699999026023, 542949.573300000047311 ], [ 266930.724800002004486, 542946.526099998969585 ], [ 266867.18670000100974, 542585.500100002042018 ], [ 266649.690299999027047, 542322.551800000946969 ], [ 264512.324399999983143, 540968.629999998956919 ], [ 264471.388999998976942, 541035.434999999008141 ], [ 264830.271000001986977, 541262.147999997949228 ], [ 264777.431999999971595, 541340.033700000029057 ], [ 264332.617099999974016, 541066.398800001014024 ], [ 264165.447000000975095, 541332.644000001018867 ], [ 264058.7183, 541259.114199999952689 ], [ 265144.149500000989065, 539487.731699998956174 ], [ 265257.267999998992309, 539551.783599999034777 ], [ 265811.893100000976119, 538640.321899999049492 ], [ 265825.020100001012906, 538547.493700001039542 ], [ 265904.441599998972379, 538589.926499999943189 ], [ 265868.60799999901792, 538755.226000000024214 ], [ 265345.739700001024175, 539608.527499999967404 ], [ 265952.090199999976903, 539989.602000002050772 ], [ 266011.703000002016779, 539898.105999998981133 ], [ 266222.883000001020264, 540030.776000001002103 ], [ 266363.635799999989104, 539801.954000000027008 ], [ 266449.468499999027699, 539897.906100000953302 ], [ 266856.449999999022111, 539291.348000001045875 ], [ 268453.226000000024214, 540280.25199999997858 ], [ 268516.179000000993256, 541104.015000000945292 ], [ 268784.776999999012332, 541503.88899999903515 ], [ 268718.507300000987016, 541126.792599997948855 ], [ 269194.554900002025533, 541221.040600002044812 ], [ 269132.359000000986271, 541635.36100000096485 ], [ 269166.004000001004897, 541635.936000001034699 ], [ 269232.447000000975095, 541084.386300000944175 ], [ 269687.661200002010446, 541102.309999999008141 ], [ 269918.649999998975545, 540356.07999999797903 ], [ 269070.760000001988374, 538490.57999999797903 ], [ 268563.239999998011626, 537232.449999999022111 ], [ 268474.275100000028033, 533880.052000000956468 ], [ 267864.024199999985285, 533850.777399998041801 ], [ 267884.423799999000039, 534494.641899998998269 ], [ 266897.520000000018626, 534452.925999999046326 ], [ 266921.7333000000217, 535366.179900001967326 ], [ 266830.022599998977967, 535385.540399997960776 ], [ 266798.926899998972658, 534801.864999998011626 ] ], [ [ 256617.05449999900884, 534356.123500001034699 ], [ 256621.716200002003461, 534361.741799999028444 ], [ 256622.134100001014303, 534364.746700000017881 ], [ 256615.266800001001684, 534362.118299997993745 ], [ 256617.05449999900884, 534356.123500001034699 ] ] ], [ [ [ 259421.9551, 548219.700199999031611 ], [ 259289.797600001009414, 548126.061900001019239 ], [ 259263.498500001005596, 548155.419500001007691 ], [ 259476.473999998997897, 548314.219999999040738 ], [ 259505.482999998988817, 548272.15459999802988 ], [ 259421.9551, 548219.700199999031611 ] ] ] ] } },
{ "type": "Feature", "properties": { "label": "VVL10 Vierverlaten", "gid": "VVL10 Vierverlaten" }, "geometry": { "type": "MultiPolygon", "coordinates": [ [ [ [ 225218.506999998993706, 567721.591899998020381 ], [ 225398.77369999900111, 567104.130100000998937 ], [ 225608.17880000200239, 566910.997499999008141 ], [ 225581.36789999899338, 566836.555799997993745 ], [ 225738.625100002012914, 566744.598099999013357 ], [ 225944.431099999987055, 566907.6065 ], [ 225740.296799998992356, 566742.187600002042018 ], [ 224705.098200000997167, 567352.150699998950586 ], [ 224650.705400000995724, 567586.371700000017881 ], [ 225218.506999998993706, 567721.591899998020381 ] ] ], [ [ [ 217032.628600000985898, 567795.197200000053272 ], [ 217076.521600000996841, 567697.651799998944625 ], [ 216871.378800000995398, 567296.808300000033341 ], [ 216353.704, 567584.629000001004897 ], [ 216353.0286, 567854.868299997993745 ], [ 216093.021899998013396, 567947.850699997972697 ], [ 215944.93, 568082.358699999982491 ], [ 216069.239, 568160.806000001961365 ], [ 217032.628600000985898, 567795.197200000053272 ] ] ], [ [ [ 224686.8323, 569790.202000000048429 ], [ 224811.009599999000784, 569692.32629999902565 ], [ 224690.122099998989142, 569614.229499998968095 ], [ 224610.855999999010237, 569853.870200001052581 ], [ 224670.867800000996795, 569851.274700000998564 ], [ 224686.8323, 569790.202000000048429 ] ] ], [ [ [ 235827.947799999004928, 570499.287900001043454 ], [ 235826.7291, 570520.206200000015087 ], [ 235867.574299998988863, 570514.729699998977594 ], [ 235842.660599999013357, 570496.197900000959635 ], [ 235827.947799999004928, 570499.287900001043454 ] ] ], [ [ [ 237954.064399999013403, 571445.856899998965673 ], [ 238017.85889999900246, 571388.04780000098981 ], [ 238112.142000001011183, 571017.883999999961816 ], [ 238241.364999998011626, 571008.118000000948086 ], [ 238068.998, 570759.581999999005347 ], [ 238080.203000001987675, 570614.574000000953674 ], [ 238200.487, 570484.048999998951331 ], [ 238471.344999999011634, 570435.273999999975786 ], [ 238601.408, 570347.71799999801442 ], [ 238699.030999998998595, 569820.96799999801442 ], [ 238551.977699998999014, 569546.092799999052659 ], [ 238540.311900000990136, 569487.60729999805335 ], [ 238602.703000001987675, 569430.125 ], [ 237985.347600001987303, 569153.924699999042787 ], [ 238001.870099999010563, 568944.794500001007691 ], [ 236870.64849999899161, 570060.827700000023469 ], [ 236821.068599999009166, 570212.197399999946356 ], [ 236849.040600001986604, 570398.633000000962056 ], [ 236605.97630000099889, 570524.863000001991168 ], [ 236595.346999998990213, 570855.447299998020753 ], [ 236955.927299998991657, 571064.907099999021739 ], [ 237157.942000001989072, 571249.757800002000295 ], [ 237148.160500000987668, 571929.572099998942576 ], [ 237113.589000001986278, 571979.392600000021048 ], [ 236898.9542, 571831.508200000971556 ], [ 237131.292300000990508, 572011.909499999019317 ], [ 237445.035899999988033, 572162.593299999949522 ], [ 237604.767000001011183, 571990.464000002015382 ], [ 237638.155999998998595, 571773.052000000956468 ], [ 237711.699000001011882, 571665.482999998959713 ], [ 237954.064399999013403, 571445.856899998965673 ] ] ], [ [ [ 217120.809999999008141, 592702.57999999797903 ], [ 217457.100000000995351, 592538.710000001010485 ], [ 217862.5, 592489.059999999008141 ], [ 218059.84, 592559.489999998011626 ], [ 218577.079999998008134, 592896.960000001010485 ], [ 218832.469999999011634, 592933.870000001043081 ], [ 219113.489999998011626, 592802.129999998956919 ], [ 219471.199999998993007, 592400.719999999040738 ], [ 219626.239, 592367.818999998038635 ], [ 219859.607999998988817, 592531.328000001958571 ], [ 220181.197000001004199, 593179.708999998983927 ], [ 220290.800999998988118, 593235.822000000975095 ], [ 220407.8358, 593230.136700000963174 ], [ 220677.516600002010819, 592602.7269 ], [ 221099.263199999986682, 592309.309799998998642 ], [ 221488.058600001008017, 592434.679699997999705 ], [ 221872.920699998998316, 592139.442699998966418 ], [ 221781.3583, 591954.993999999016523 ], [ 221922.0474999989965, 591638.946499999961816 ], [ 221911.154899999004556, 591432.239100001985207 ], [ 221390.857599999988452, 591645.066699999966659 ], [ 220675.778099999006372, 591650.630399998044595 ], [ 220609.064599998004269, 591580.016700000036508 ], [ 220746.568700000992976, 591445.296300000976771 ], [ 220849.559900001011556, 591227.699299999047071 ], [ 220771.402100000996143, 591092.621800001943484 ], [ 220878.781500001001405, 591167.827300001052208 ], [ 221252.6129, 590859.266500000027008 ], [ 221649.045000001991866, 591041.715199999976903 ], [ 221819.728999998013023, 591042.0 ], [ 221922.0, 590729.875 ], [ 221951.840900000010151, 590684.9769 ], [ 222007.072000001004199, 590751.897 ], [ 222043.78159999800846, 590733.8715 ], [ 222000.353300001006573, 590639.466099999961443 ], [ 222053.203000001987675, 590619.625 ], [ 222384.7502, 590752.305100001045503 ], [ 222276.68829999899026, 590867.107199999969453 ], [ 222423.252900001010858, 591003.102499998989515 ], [ 223194.608100001001731, 590630.4571 ], [ 223262.582400001992937, 590359.841099999961443 ], [ 223197.848299998993753, 589896.466099999961443 ], [ 223238.152600002009422, 589764.983299999963492 ], [ 223906.620700002007652, 589524.973099999013357 ], [ 223965.230099998007063, 589364.572900000959635 ], [ 224172.265500001987675, 589459.887200001976453 ], [ 224194.920000001991866, 589177.816 ], [ 224089.57, 588868.280000000959262 ], [ 224498.559999999008141, 588743.350000001024455 ], [ 224605.239999998011626, 588463.989999998011626 ], [ 225232.394000000989763, 588888.523999999975786 ], [ 225348.372000000992557, 589019.585999998962507 ], [ 225402.0, 589004.195999998948537 ], [ 225527.839000001986278, 588759.47100000095088 ], [ 225703.796999998012325, 588895.274999998975545 ], [ 225675.017000001011183, 588768.572999999043532 ], [ 225847.326000000990462, 588709.065000000991859 ], [ 226069.440000000991859, 588857.131999999051914 ], [ 226116.835000001010485, 588940.057000000029802 ], [ 226208.587000000989065, 588948.469000000972301 ], [ 226355.837999999988824, 589066.934999999008141 ], [ 226428.223000000987668, 589075.535000000032596 ], [ 226477.135000001988374, 588977.738999999943189 ], [ 226566.313999998994404, 589022.693999998038635 ], [ 226562.857000001007691, 588961.419 ], [ 226684.885000001988374, 588794.056000001961365 ], [ 226611.171, 588694.21799999801442 ], [ 226706.120000001013977, 588627.684999999008141 ], [ 227324.697999999014428, 588589.743999999016523 ], [ 227372.583999999013031, 588183.668000000994653 ], [ 227595.155999998998595, 587727.47100000095088 ], [ 227827.892999998992309, 587804.706 ], [ 228183.943999998009531, 587834.701000001048669 ], [ 228117.887600001005922, 586703.312800001003779 ], [ 228182.193700000992976, 586736.894299998995848 ], [ 228227.91290000101435, 586886.170200000982732 ], [ 228351.849199999007396, 586981.972199999028817 ], [ 228421.965, 586811.085000001010485 ], [ 228851.147799998987466, 586640.964499998954125 ], [ 228977.721799999009818, 587010.631499998038635 ], [ 229355.828200001007644, 587107.178599998005666 ], [ 229512.805300000996795, 587098.964600000996143 ], [ 229676.343499998998595, 587424.201800000038929 ], [ 229824.36699999900884, 586086.574000000953674 ], [ 230032.09299999801442, 585869.642000001040287 ], [ 229908.66, 585718.965999998035841 ], [ 229871.276999999012332, 585751.392999998992309 ], [ 229879.473999998997897, 585678.482000001007691 ], [ 229808.679400001012255, 585607.962599999969825 ], [ 229386.9639, 585677.9377 ], [ 229043.264600001013605, 585520.82829999900423 ], [ 229115.016199998994125, 585078.245299999020062 ], [ 229015.318, 584907.438999998965301 ], [ 228860.947999999014428, 584933.686999998986721 ], [ 228748.212999999988824, 584897.021000002045184 ], [ 228776.355999999010237, 585022.116999999037944 ], [ 228641.649, 585054.078000001958571 ], [ 228641.206, 585091.975000001024455 ], [ 228527.754999998986023, 585080.272999997949228 ], [ 228516.449999998993007, 585278.780000000959262 ], [ 228001.811999998986721, 585401.046999998041429 ], [ 227963.21099999899161, 584752.12699999997858 ], [ 227558.013999999006046, 583328.11199999996461 ], [ 227595.989999998011626, 583240.313000001013279 ], [ 227307.151099998998689, 582082.879000001004897 ], [ 227936.514800000994001, 581583.2119 ], [ 227910.370999998995103, 581406.0627 ], [ 228058.865899998985697, 581001.098600000026636 ], [ 228417.061500001989771, 581128.632699999958277 ], [ 228488.032499999011634, 581094.201699997996911 ], [ 228563.71909999800846, 580882.937199998996221 ], [ 228599.664999998989515, 580886.991000000038184 ], [ 228305.5449, 580771.980999998981133 ], [ 228423.511900000012247, 580634.01859999797307 ], [ 228303.996800002001692, 580244.872299998998642 ], [ 228400.620000001013977, 580246.479999999981374 ], [ 228874.18, 579910.359000000986271 ], [ 228930.078000001987675, 579661.962999999988824 ], [ 229126.006900000997121, 579624.95219999901019 ], [ 229818.629999998986023, 579859.127999998978339 ], [ 230261.300999998988118, 579508.95499999797903 ], [ 230414.559999999008141, 579663.969999999040738 ], [ 231377.779899999004556, 579396.135200000950135 ], [ 231820.489300001005176, 579417.330100000021048 ], [ 231830.17929999899934, 579198.70239999901969 ], [ 231925.246300000988413, 579066.442799999960698 ], [ 231956.322099999000784, 578917.208999998983927 ], [ 232076.049300000013318, 578965.815400001010858 ], [ 232103.482799999008421, 578903.6888 ], [ 232189.119399997987784, 578935.7487 ], [ 232159.9375, 578846.8528 ], [ 232300.013099998002872, 578896.257699999958277 ], [ 232395.4736, 578710.53460000094492 ], [ 232391.161600001010811, 578553.453200001036748 ], [ 232274.7542, 578268.054499999037944 ], [ 232529.40549999801442, 577773.207400002051145 ], [ 232434.571899998991285, 577671.464200000977144 ], [ 232392.278700002003461, 577730.942099999985658 ], [ 232350.743099999002879, 577717.905600000056438 ], [ 232371.218499998998595, 577599.390600000042468 ], [ 232687.780000000988366, 577794.951000001048669 ], [ 232658.730000000010477, 577847.063000001013279 ], [ 233195.190000000991859, 578096.859999999054708 ], [ 233282.1099999989965, 577898.960000001010485 ], [ 233841.229400001000613, 578183.492899999022484 ], [ 234190.796799998992356, 577935.525299999979325 ], [ 233940.109499998012325, 577633.914299997966737 ], [ 234025.427499998011626, 577445.361400000983849 ], [ 234348.3900000010035, 577036.563900000997819 ], [ 234285.864799998991657, 576746.98600000096485 ], [ 234033.210299998987466, 576300.926899999030866 ], [ 234097.017700002004858, 576137.663300000014715 ], [ 234243.625999998010229, 576015.163699998985976 ], [ 234373.330400000995724, 575593.477400001022033 ], [ 233730.269999999989523, 575210.427999999024905 ], [ 234874.426600002014311, 575864.88969999901019 ], [ 234849.497000000992557, 575762.354999999981374 ], [ 235014.636, 575310.317999999970198 ], [ 235261.958999999013031, 575058.256000000983477 ], [ 235101.853, 574841.795999999972992 ], [ 235295.812800001003779, 574219.258299999055453 ], [ 235328.271000001986977, 573909.091999999945983 ], [ 236178.36899999898742, 573747.133000000962056 ], [ 236549.503600000985898, 573256.385099999955855 ], [ 236412.659699998999713, 573199.754299998050556 ], [ 236519.552099999011261, 572928.373399998992682 ], [ 236251.999899997987086, 572823.187600002042018 ], [ 236104.906199999008095, 573010.875100002042018 ], [ 235698.0, 572716.6875 ], [ 235725.203100000013364, 572637.8125 ], [ 235469.7806, 572500.4144 ], [ 235450.468699999008095, 572410.168400001013651 ], [ 235373.873300000996096, 572388.185300000011921 ], [ 235483.331999999005347, 572227.07999999797903 ], [ 235563.426899999001762, 572295.179000001051463 ], [ 235948.79670000099577, 572054.255100000998937 ], [ 236208.543200001004152, 572225.509700000053272 ], [ 236270.513799998996546, 572473.651199999963865 ], [ 236565.284200002002763, 572719.060300000011921 ], [ 236644.339899998012697, 572720.108800000976771 ], [ 236676.406300000991905, 572558.812600002042018 ], [ 236578.228300001006573, 571583.001800001016818 ], [ 236423.638999999006046, 571450.003899998962879 ], [ 236257.490600001008715, 571406.829000000027008 ], [ 236124.9067, 571283.057900000014342 ], [ 236048.877199999988079, 571376.730799998971634 ], [ 236123.0319, 571265.346400000038557 ], [ 236026.472700000012992, 571116.6891999989748 ], [ 236134.430599999002879, 570713.896299998974428 ], [ 235967.703000001987675, 570644.125100002042018 ], [ 235886.42990000199643, 570945.258099999045953 ], [ 235780.691799997992348, 570797.1274 ], [ 235813.222600001987303, 570665.461599997943267 ], [ 235636.033100002008723, 570654.335499997949228 ], [ 235712.656399998988491, 570450.275899998960085 ], [ 235766.15700000198558, 570425.476000000024214 ], [ 236042.278000001009787, 570547.4983000010252 ], [ 236067.784600001003128, 570423.464200000977144 ], [ 236006.145199999009492, 570383.026900000986643 ], [ 236039.737100000987994, 570207.260299999034032 ], [ 236110.037599998991936, 570217.995900001027621 ], [ 236140.703100000013364, 570068.875100002042018 ], [ 236142.001200002006954, 570014.867600001045503 ], [ 236050.093699999008095, 570103.625100002042018 ], [ 235771.075800001999596, 570107.543400001013651 ], [ 235762.593699999008095, 570039.625100002042018 ], [ 235583.9661, 569989.992800001055002 ], [ 235933.923099998006364, 568927.837200000998564 ], [ 235883.7278, 568682.627900001010858 ], [ 235799.123, 568570.95499999797903 ], [ 235866.925900000991533, 568532.666000001016073 ], [ 235725.662300002004486, 568307.064599997946061 ], [ 235608.137600001005922, 568405.637200001976453 ], [ 235309.309099998004967, 568408.798799998941831 ], [ 234879.434099998004967, 568239.5856 ], [ 234701.63369999799761, 568581.690000000991859 ], [ 234219.406199999008095, 568405.375100002042018 ], [ 233681.056899997987784, 569649.473600000026636 ], [ 233175.772500001010485, 569352.458500002045184 ], [ 233072.217900001007365, 569230.524700000998564 ], [ 232839.093899998988491, 569708.3125 ], [ 232862.906199999008095, 569897.125100002042018 ], [ 232767.297400000999914, 569969.452300001052208 ], [ 232880.341200002003461, 570028.84710000094492 ], [ 232718.245499998010928, 570337.118600000045262 ], [ 232704.810800000996096, 570626.443999998038635 ], [ 232499.8627, 570877.839899998041801 ], [ 232432.215399998996872, 571184.462099998956546 ], [ 232205.717599999014055, 571536.409400001051836 ], [ 232050.661899998987792, 572101.303300000960007 ], [ 231450.20960000201012, 572303.749400001019239 ], [ 231341.806299999007024, 572282.044500001007691 ], [ 231478.188000001013279, 572834.608100001001731 ], [ 231263.522, 572762.303800001973286 ], [ 231110.14869999900111, 572947.667399998987094 ], [ 231016.802099999011261, 572942.95149999903515 ], [ 231004.267999998992309, 572986.894099998986349 ], [ 230745.133900001994334, 572928.088199998950586 ], [ 230769.593800000991905, 572843.875100002042018 ], [ 230388.855099998007063, 572749.295200000982732 ], [ 230430.030099999014055, 572616.622299998998642 ], [ 230608.969999999011634, 572605.019499999005347 ], [ 230663.394699997996213, 572501.5427 ], [ 230587.5887, 572321.279800001997501 ], [ 230465.20960000201012, 572354.151299998047762 ], [ 230317.397, 572312.393300001043826 ], [ 230365.930799997993745, 572217.919 ], [ 230466.15659999800846, 572190.028299998026341 ], [ 230212.155000000988366, 572134.870000001043081 ], [ 230326.193, 571570.267999998992309 ], [ 229842.329, 571209.979999999981374 ], [ 230722.440900001995033, 570022.941 ], [ 230283.582499999989523, 569829.939100001007318 ], [ 230490.302399999985937, 569141.130399998044595 ], [ 230587.393599998002173, 569021.492400001967326 ], [ 230808.245400000014342, 568937.489599999040365 ], [ 231080.809, 568675.381000000983477 ], [ 230286.531300000991905, 568141.090799998026341 ], [ 229357.78900000100839, 567629.567000002018176 ], [ 228895.929000000993256, 568408.668499998981133 ], [ 228519.107999998988817, 569362.835000001010485 ], [ 228866.524, 568462.660000000032596 ], [ 228931.570999999006744, 568331.13800000003539 ], [ 228290.796799998992356, 567869.312600002042018 ], [ 228181.568900000012945, 568469.388400000054389 ], [ 227974.904599998000776, 568676.313000001013279 ], [ 227806.618099999002879, 569046.822900000959635 ], [ 227616.067400000989437, 569229.743700001039542 ], [ 227205.495999998995103, 569420.113000001991168 ], [ 226795.855099998007063, 569411.46649999904912 ], [ 226444.346500001993263, 569529.682900000014342 ], [ 225954.004099999001483, 569450.616400000057183 ], [ 225655.379000001004897, 569596.942999999970198 ], [ 225737.6796, 569777.8981 ], [ 225718.9113, 570474.961300001014024 ], [ 225669.049800000997493, 570554.263900000951253 ], [ 225594.719999999011634, 570523.256000000983477 ], [ 225540.579999998008134, 570567.361900001997128 ], [ 225454.8900000010035, 570891.180000000051223 ], [ 225403.8561, 570888.566500001004897 ], [ 225378.844300002005184, 570840.739799999049865 ], [ 225466.329900000011548, 570689.864599999040365 ], [ 225296.439300000987714, 570301.439800002030097 ], [ 225015.408500001009088, 570386.846299997996539 ], [ 224965.179000000993256, 570472.164600000018254 ], [ 224825.409699998999713, 570427.780600000056438 ], [ 224648.376400000997819, 570227.3763 ], [ 224567.416700002009748, 570197.505899999057874 ], [ 224574.846000001009088, 570061.925799999036826 ], [ 224551.870400000014342, 570282.964099999982864 ], [ 224558.835900000995025, 570367.419100000988692 ], [ 224546.906300000991905, 570225.625100002042018 ], [ 224436.796799998992356, 570210.875100002042018 ], [ 224372.32009999800357, 570122.599199999007396 ], [ 224309.885899997985689, 570256.523600001004525 ], [ 224208.262200002005557, 570133.725099998991936 ], [ 224172.615200002008351, 570169.660200000042096 ], [ 224031.810800000996096, 570059.567600000998937 ], [ 224082.103100001986604, 569924.210999998962507 ], [ 223940.9003, 569896.23789999994915 ], [ 223798.4509, 570023.620600000023842 ], [ 223748.2403, 570011.62410000001546 ], [ 223627.5491, 570121.340500000980683 ], [ 223505.748100000986597, 570156.031300000962801 ], [ 223492.0035, 570091.5614 ], [ 223715.090700000990182, 569757.741000000038184 ], [ 223311.2106, 569305.304499999037944 ], [ 223652.2051, 569068.783399999025278 ], [ 224042.687399997987086, 569815.479200002038851 ], [ 224233.634799997991649, 569796.4756 ], [ 224350.733199998998316, 569572.8554 ], [ 224441.657400000985945, 569631.202700000023469 ], [ 224356.2995, 569877.841299999970943 ], [ 224474.940099998988444, 569852.86100000096485 ], [ 224521.776299997989554, 569717.446499999961816 ], [ 224467.146200001006946, 569698.471400000038557 ], [ 224481.597100001003128, 569641.884799998020753 ], [ 224551.650800000992604, 569630.138400000054389 ], [ 224617.1285, 569429.598900001030415 ], [ 224684.2355, 569375.155799999949522 ], [ 224752.686500001989771, 569419.120900001027621 ], [ 224870.402299999987008, 569179.131000000983477 ], [ 224890.761900000012247, 569015.817999999970198 ], [ 224764.126499998994404, 568925.364900000044145 ], [ 224478.796799998992356, 568565.125100002042018 ], [ 224349.999899997987086, 568211.625100002042018 ], [ 224107.906199999008095, 567981.375100002042018 ], [ 223952.694800000987016, 567728.993299997993745 ], [ 223952.311599999986356, 567195.089000002015382 ], [ 223577.834899998997571, 565794.449200000963174 ], [ 223516.434, 565794.458500002045184 ], [ 223442.321400001994334, 565924.545899998047389 ], [ 223416.826000000990462, 565795.447299998020753 ], [ 222846.912799999001436, 565706.26379999902565 ], [ 222408.256999998993706, 565503.61199999996461 ], [ 222406.1393, 565969.722300000023097 ], [ 222137.826900001993636, 565983.40700000198558 ], [ 222247.406199999008095, 566414.5 ], [ 221998.389600001013605, 566909.619899999001063 ], [ 221627.960499998007435, 566836.166299998993054 ], [ 220262.066199999011587, 566808.579599999007769 ], [ 219927.558499998995103, 566735.744300000020303 ], [ 219837.753300000011222, 566752.279399998020381 ], [ 219840.0253, 566976.816699999966659 ], [ 219739.2269, 566963.805399999022484 ], [ 219755.056600001000334, 567071.51770000194665 ], [ 219145.799600000987994, 567162.572200000053272 ], [ 218915.789099999004975, 567035.583700001006946 ], [ 218819.0911, 566904.847500000032596 ], [ 218931.03900000100839, 566593.010800000047311 ], [ 219320.900899998989189, 566528.29390000202693 ], [ 219475.370400000014342, 566561.885400000959635 ], [ 219682.735599998006364, 566501.487399999052286 ], [ 219626.678599998005666, 566270.008000000962056 ], [ 219747.761, 566251.744399997987784 ], [ 219684.263300001999596, 566087.415800001006573 ], [ 219510.663600000989391, 566078.177000000956468 ], [ 219155.583299997990252, 565914.488899998017587 ], [ 219040.405400001007365, 565960.669399998965673 ], [ 218852.916399999987334, 565899.071400001994334 ], [ 218419.829700000991579, 566001.86259999894537 ], [ 218229.7764, 566255.616900000954047 ], [ 217940.817299999005627, 566420.056100000045262 ], [ 217656.954599999007769, 566273.483399998047389 ], [ 217293.10020000100485, 566389.9131 ], [ 217028.6325, 566704.150899998960085 ], [ 216642.169599999004276, 566708.6448 ], [ 217161.923, 567871.02899999904912 ], [ 215506.559999999008141, 568492.881999999051914 ], [ 214993.478, 569269.351000000024214 ], [ 214390.822999999014428, 569740.254999998956919 ], [ 213552.662000000011176, 570078.541999998968095 ], [ 212059.371699999988778, 569960.056299999007024 ], [ 211160.829, 570050.941 ], [ 210935.399, 570116.659000001964159 ], [ 209796.68039999899338, 570165.063000001013279 ], [ 209578.326900001993636, 570357.815799999982119 ], [ 208938.652899998996872, 571033.531899999943562 ], [ 208902.7513, 571080.80990000104066 ], [ 209154.334199998993427, 570817.286899999016896 ], [ 209341.892299998988165, 571079.142600000021048 ], [ 209488.416499998013023, 571399.173999998951331 ], [ 209334.833799999003531, 571644.297299999976531 ], [ 209053.798500000993954, 571881.427999999024905 ], [ 208729.809500000992557, 572023.519099998986349 ], [ 208664.995700002007652, 571967.2709 ], [ 208608.479800000990508, 572042.136399999028072 ], [ 208291.845800000999589, 571897.867100000032224 ], [ 208447.811999998986721, 571679.909000001964159 ], [ 207997.039999998989515, 572206.770000000018626 ], [ 207768.728999998013023, 572324.949999999022111 ], [ 207753.833799999003531, 573340.452000000048429 ], [ 207840.846000001009088, 575876.797999999951571 ], [ 208096.649999999004649, 576254.180000000051223 ], [ 208537.033399998996174, 577610.03090000199154 ], [ 208867.056000001990469, 578369.535999997984618 ], [ 209009.952, 578618.304000001051463 ], [ 209174.879999998986023, 578684.199999999022111 ], [ 209285.469999999011634, 578816.739999998011626 ], [ 209291.723999998997897, 579384.625 ], [ 209590.210000001010485, 579544.17000000202097 ], [ 209955.050000001006993, 579570.859999999054708 ], [ 210592.91, 580264.770000000018626 ], [ 210959.280000000988366, 580922.789999998989515 ], [ 210949.969999999011634, 581209.25 ], [ 211295.670000001991866, 581573.879999998956919 ], [ 211302.0, 582088.379999998956919 ], [ 210975.25, 582420.129999998956919 ], [ 210922.033199998986674, 582933.540399997960776 ], [ 210722.879999998986023, 583108.629999998956919 ], [ 210246.401999999012332, 583330.517999998992309 ], [ 210306.215999998006737, 583695.653000000980683 ], [ 210619.317000001989072, 583739.62300000002142 ], [ 210933.704999998008134, 583881.848000001045875 ], [ 210908.49399999898742, 584004.886999998008832 ], [ 210789.087999999988824, 583980.875999997952022 ], [ 210462.487, 584248.052999999024905 ], [ 210559.769999999989523, 584353.199999999022111 ], [ 210810.434999999008141, 584413.341899998020381 ], [ 210872.774099998001475, 584516.754399999976158 ], [ 211110.09, 584623.699999999022111 ], [ 211241.82, 584570.949999999022111 ], [ 211333.989999998011626, 584611.370000001043081 ], [ 211396.797400000999914, 584836.8565 ], [ 211229.350000000995351, 585033.960000001010485 ], [ 211275.230000000010477, 585202.92000000202097 ], [ 211498.6415, 585202.489300000946969 ], [ 211590.579999998008134, 585532.559999999008141 ], [ 211423.789999998989515, 585665.17000000202097 ], [ 211363.510000001988374, 585818.359999999054708 ], [ 211390.75800000099116, 585907.807999997981824 ], [ 211575.789999998989515, 585905.140000000945292 ], [ 211750.82, 586001.059999999008141 ], [ 211826.68, 586239.460000001010485 ], [ 211771.489999998011626, 586450.469999999040738 ], [ 211865.670000001991866, 586625.270000000018626 ], [ 212011.921999998012325, 586716.984999999054708 ], [ 212134.098000000987668, 586886.295400000992231 ], [ 212142.149999999004649, 586997.660000000032596 ], [ 212355.760000001988374, 587204.589999999967404 ], [ 212564.960000001010485, 587087.350000001024455 ], [ 212797.59, 587146.309999999008141 ], [ 212894.547600001009414, 587236.510400000959635 ], [ 212946.1400000010035, 587494.456999999005347 ], [ 212755.931000001990469, 587785.044 ], [ 212647.057999998010928, 588205.25 ], [ 212822.387200002005557, 589474.859399999957532 ], [ 213195.052000000985572, 589750.148999999975786 ], [ 213698.995000001013977, 589731.703000001958571 ], [ 213820.561999998986721, 589669.037000000011176 ], [ 213917.289999998989515, 589868.530000000959262 ], [ 213884.566199999011587, 589990.516800001030788 ], [ 214152.600000000995351, 590364.339999999967404 ], [ 214156.490899998985697, 590660.309099997975864 ], [ 214406.175000001006993, 591062.256999999051914 ], [ 214483.450100001005922, 591129.267200001049787 ], [ 215198.643800001998898, 591366.728300001006573 ], [ 215445.508299998997245, 591702.73229999805335 ], [ 215360.915600001986604, 591871.248799997963943 ], [ 214956.9849999989965, 592101.949999999022111 ], [ 214774.967, 592075.392000001040287 ], [ 214538.978999998013023, 592160.311999998986721 ], [ 214739.209199998993427, 593801.664299997966737 ], [ 214752.681099999987055, 593743.909200001973659 ], [ 215332.6974, 593272.759700000053272 ], [ 215836.552399999985937, 593125.967300001997501 ], [ 216055.632199999003205, 593119.380699999979697 ], [ 216407.477000001992565, 593307.46649999904912 ], [ 216465.592700000997866, 593722.694899998954497 ], [ 216697.239200000010896, 593994.29760000098031 ], [ 216883.370000001013977, 593580.180000000051223 ], [ 216915.269999999989523, 592989.780000000959262 ], [ 217120.809999999008141, 592702.57999999797903 ] ] ], [ [ [ 230535.182399999001063, 579868.93490000104066 ], [ 230549.260000001988374, 579959.180000000051223 ], [ 230639.0099, 580018.686299997963943 ], [ 230666.445799998997245, 579951.713500001002103 ], [ 230535.182399999001063, 579868.93490000104066 ] ] ], [ [ [ 229160.134799997991649, 581539.991700000944547 ], [ 229216.962499999004649, 581561.191799998050556 ], [ 229251.864500000985572, 581469.22010000096634 ], [ 229146.92949999900884, 581429.165100001031533 ], [ 229115.524300001998199, 581298.945399999967776 ], [ 229152.7744, 581208.6864 ], [ 228620.612, 581269.294 ], [ 228627.8891, 581415.88899999903515 ], [ 228793.317200001009041, 581397.965100002009422 ], [ 229054.625100002012914, 581498.182100001955405 ], [ 229107.2973, 581561.575199999031611 ], [ 229160.134799997991649, 581539.991700000944547 ] ] ], [ [ [ 222128.921200000011595, 590961.411800001049414 ], [ 222112.787099998007761, 590904.339299998944625 ], [ 221985.1888, 590839.828499999013729 ], [ 221966.123799997993046, 590911.815900002024136 ], [ 222011.962499999004649, 590956.842700000968762 ], [ 222088.8035, 590994.0832 ], [ 222128.921200000011595, 590961.411800001049414 ] ] ], [ [ [ 221920.346299997996539, 591394.816100000985898 ], [ 221925.864, 591367.664900001022033 ], [ 221918.0823, 591357.738600000971928 ], [ 221907.563700002006954, 591403.509100000956096 ], [ 221920.346299997996539, 591394.816100000985898 ] ] ] ] } }
]
}
