{
"type": "FeatureCollection",
"name": "municipalities_vvl",
"crs": { "type": "name", "properties": { "name": "urn:ogc:def:crs:OGC:1.3:CRS84" } },
"features": [
{ "type": "Feature", "properties": { "identificatie": "GM1699", "fid": 255, "naam": "Noordenveld", "code": "1699", "ligt_in_provincie_code": "22", "ligt_in_provincie_naam": "Drenthe", "gid": "GM1699", "label": "Noordenveld" }, "geometry": { "type": "MultiPolygon", "coordinates": [ [ [ [ 6.315157448505333, 53.09405278464002 ], [ 6.315507856679448, 53.093970008516287 ], [ 6.316807701952508, 53.093662949806117 ], [ 6.320074894487416, 53.092891082350043 ], [ 6.320090549237367, 53.092887383784017 ], [ 6.320817704768362, 53.092715575088938 ], [ 6.321404705365027, 53.092580980985524 ], [ 6.321829250290082, 53.092484244923419 ], [ 6.321946664166389, 53.092458840339951 ], [ 6.322722931726152, 53.092268960243153 ], [ 6.323505400061576, 53.092079655628339 ], [ 6.323515498314517, 53.092077213229537 ], [ 6.324328872131091, 53.091880157829323 ], [ 6.32465190147264, 53.091803760638818 ], [ 6.324692906866722, 53.091794030785557 ], [ 6.325977256059629, 53.091489410305527 ], [ 6.326997787221936, 53.091247505412277 ], [ 6.327377424773084, 53.091158578690994 ], [ 6.32750427716907, 53.091128861881721 ], [ 6.328228238704221, 53.090957688864528 ], [ 6.329367237478726, 53.090688214607297 ], [ 6.329391801265198, 53.090682404786321 ], [ 6.3305537384188, 53.090407867978527 ], [ 6.330837065970574, 53.090340923936203 ], [ 6.331189215414144, 53.090257881090572 ], [ 6.331795583920811, 53.09011287427839 ], [ 6.331802147563605, 53.090111303785896 ], [ 6.33181487383805, 53.090108255828056 ], [ 6.331929381551668, 53.090080878291865 ], [ 6.332521805867517, 53.089944901338839 ], [ 6.333022148176608, 53.089821573889211 ], [ 6.333072940860299, 53.089809049915431 ], [ 6.333115424696284, 53.089799521146503 ], [ 6.333432671060534, 53.08972834889336 ], [ 6.33401282618881, 53.089591472947873 ], [ 6.334187394665265, 53.089550282368421 ], [ 6.33457015238714, 53.089459977959301 ], [ 6.334820010415668, 53.089400280690491 ], [ 6.335392007072119, 53.089263417638577 ], [ 6.335958773076151, 53.089127797462382 ], [ 6.33596492050214, 53.089126319902313 ], [ 6.335982220285765, 53.089122201813311 ], [ 6.336109227306436, 53.0890918994453 ], [ 6.336939958854039, 53.088893712376134 ], [ 6.337604238477677, 53.088735222065857 ], [ 6.337933894511933, 53.088655447064369 ], [ 6.33816999239318, 53.088598314294018 ], [ 6.338522705060629, 53.088512953658473 ], [ 6.338568148826905, 53.088503057933373 ], [ 6.339250931726541, 53.088354368378127 ], [ 6.339267436423903, 53.088350777347372 ], [ 6.339277018262022, 53.088348688185462 ], [ 6.339353805139538, 53.088332557931601 ], [ 6.339479526997059, 53.088307159799839 ], [ 6.339545389603356, 53.08829384819478 ], [ 6.339590731332696, 53.088283404715469 ], [ 6.33961649865828, 53.088277466379893 ], [ 6.340250427519076, 53.088127083814157 ], [ 6.340253114939731, 53.088126433369361 ], [ 6.341287920781117, 53.087874227080178 ], [ 6.342264282609513, 53.087637152888547 ], [ 6.342270993547227, 53.08763552672302 ], [ 6.343251145351552, 53.087407005242348 ], [ 6.343552050978492, 53.087336844053333 ], [ 6.344395616149749, 53.087143579619244 ], [ 6.344433412370765, 53.08713492001722 ], [ 6.344626307709825, 53.087454437430374 ], [ 6.344627624589873, 53.087456619599465 ], [ 6.344772495148494, 53.08769656813157 ], [ 6.34512895493528, 53.088287003665613 ], [ 6.34529730351156, 53.088565836870082 ], [ 6.345362576852806, 53.088673951986976 ], [ 6.345431573091418, 53.088783681795597 ], [ 6.345564430616091, 53.088994977742004 ], [ 6.34580292146005, 53.089374265663757 ], [ 6.345852076702538, 53.089458758304211 ], [ 6.346252317501963, 53.090107952787548 ], [ 6.346309276890669, 53.090200344731429 ], [ 6.346309973719535, 53.090201480431105 ], [ 6.346478490762601, 53.090471719481897 ], [ 6.346712141490256, 53.090849435710943 ], [ 6.346713565238519, 53.090851715850725 ], [ 6.346746188117486, 53.090903980319666 ], [ 6.346866413672003, 53.09110644343896 ], [ 6.347144015879802, 53.091572440032294 ], [ 6.34715273569521, 53.091588725491889 ], [ 6.347153370085452, 53.091589735876518 ], [ 6.347163938945257, 53.091609304543979 ], [ 6.347290206421702, 53.091817488086534 ], [ 6.347402965023794, 53.092003394536952 ], [ 6.347569145230092, 53.092277362130304 ], [ 6.347731764219376, 53.092545462929301 ], [ 6.347979988935162, 53.09295471896565 ], [ 6.348013440004011, 53.09300986108228 ], [ 6.348253148267438, 53.093388891496787 ], [ 6.348254772782354, 53.093391466559218 ], [ 6.348315970360579, 53.093498228785641 ], [ 6.3484100027731, 53.093655168412745 ], [ 6.348619399480401, 53.094004615314255 ], [ 6.348827377096059, 53.094344439742052 ], [ 6.348828275265343, 53.094345897321979 ], [ 6.348835209069417, 53.0943576588326 ], [ 6.349093215335241, 53.094795069350774 ], [ 6.349181386591786, 53.094943266666697 ], [ 6.349234078470668, 53.095031818272865 ], [ 6.349241890372506, 53.095044120877894 ], [ 6.349275968953259, 53.095097792790128 ], [ 6.349621883046019, 53.095642719706824 ], [ 6.349683591592986, 53.095739915499479 ], [ 6.350110904121353, 53.096413016501906 ], [ 6.350113070241134, 53.096416440896171 ], [ 6.350113286593897, 53.09641677165525 ], [ 6.350524090345476, 53.097063871257674 ], [ 6.350531964884475, 53.097076272122017 ], [ 6.350538416070239, 53.097086428836306 ], [ 6.350547249806993, 53.097100340693977 ], [ 6.350595224695158, 53.097175908247635 ], [ 6.350673028320534, 53.097317987168921 ], [ 6.350755501377034, 53.097455175778457 ], [ 6.350838354201722, 53.097590617900174 ], [ 6.350960016305844, 53.097789506508811 ], [ 6.351220664757184, 53.098215594981092 ], [ 6.351227457747672, 53.098227680992181 ], [ 6.351231418513141, 53.098233921650156 ], [ 6.351310225982936, 53.098357839418981 ], [ 6.351391463381797, 53.098485601742929 ], [ 6.351650712262996, 53.098893350171203 ], [ 6.351702776054279, 53.098986111356254 ], [ 6.351705822922296, 53.09899153260514 ], [ 6.351799519182146, 53.099158447108763 ], [ 6.351814008353574, 53.099184265292863 ], [ 6.352239445027329, 53.099892834001082 ], [ 6.352647813500393, 53.100565116653883 ], [ 6.352992809980218, 53.101134016636649 ], [ 6.353009517403773, 53.101160823260429 ], [ 6.353020000391362, 53.101177651207777 ], [ 6.353078732504058, 53.101271903650066 ], [ 6.353086103302303, 53.101283742255667 ], [ 6.353207733383689, 53.101478917327057 ], [ 6.353522104119541, 53.102004190921321 ], [ 6.35366684836243, 53.102239411304915 ], [ 6.353684018677691, 53.102268191112252 ], [ 6.353793149838855, 53.102451002233209 ], [ 6.353845148679688, 53.102543798905039 ], [ 6.353994360377282, 53.102796407526689 ], [ 6.354036981044872, 53.102869689373428 ], [ 6.35415854037867, 53.103078712111731 ], [ 6.354401204550689, 53.103502332461844 ], [ 6.354439055691377, 53.103571923303647 ], [ 6.354441064102243, 53.103575609496538 ], [ 6.354634451489487, 53.103885787084295 ], [ 6.354647273662447, 53.1039063433319 ], [ 6.354704323612698, 53.103997822730754 ], [ 6.354707307483829, 53.10400172569949 ], [ 6.354718212244838, 53.104015979961737 ], [ 6.354774089425941, 53.104089010652245 ], [ 6.354784932709633, 53.10410318452697 ], [ 6.354785840199591, 53.104104372391646 ], [ 6.35487568373153, 53.10423610661018 ], [ 6.354919686926585, 53.104307642572842 ], [ 6.355029064290433, 53.104484959807017 ], [ 6.355169592799696, 53.104706508036195 ], [ 6.355197288700562, 53.104753858389991 ], [ 6.355458717088317, 53.105185700183235 ], [ 6.355582181528511, 53.105395847277592 ], [ 6.355752129954315, 53.105664066108609 ], [ 6.355819381713542, 53.105773516200117 ], [ 6.35584371182365, 53.105819869164478 ], [ 6.355857903263443, 53.105853543385983 ], [ 6.355983807847444, 53.106066465090343 ], [ 6.355992637992316, 53.106081392024279 ], [ 6.356167864611783, 53.106377757990344 ], [ 6.356208276944683, 53.106446114351151 ], [ 6.356301121965947, 53.10658879560949 ], [ 6.356370334611184, 53.106700332335286 ], [ 6.356415004306567, 53.106768726063002 ], [ 6.356451062143793, 53.106822613471444 ], [ 6.35647182735946, 53.106854392194421 ], [ 6.356523577839986, 53.106933575201303 ], [ 6.356530023544533, 53.106942689196131 ], [ 6.356578815260415, 53.107011750440705 ], [ 6.35662047728214, 53.107084517866731 ], [ 6.356643732415313, 53.107086046040685 ], [ 6.35706283231976, 53.10711353031882 ], [ 6.35748019056622, 53.107140568935137 ], [ 6.357819186209213, 53.107162534808644 ], [ 6.357882973457165, 53.107166888492394 ], [ 6.35793452691544, 53.107170415697368 ], [ 6.35836017470838, 53.107199477904231 ], [ 6.358420133433023, 53.107203574781067 ], [ 6.358989494714644, 53.107242459672158 ], [ 6.36022357604764, 53.107324541977178 ], [ 6.360297890140266, 53.107329491823165 ], [ 6.360765459538785, 53.10736058628919 ], [ 6.361554936645969, 53.107414573018424 ], [ 6.361654769304227, 53.107421399271693 ], [ 6.362367927056642, 53.107470169382069 ], [ 6.362963051301357, 53.10751085658972 ], [ 6.363186737196433, 53.107526144163202 ], [ 6.363238904862932, 53.107529718003299 ], [ 6.363348534325527, 53.107537208883457 ], [ 6.363366182688443, 53.107538413007866 ], [ 6.363428131739349, 53.107542652916621 ], [ 6.363558460930202, 53.107551565479419 ], [ 6.363566786720885, 53.107602333902726 ], [ 6.363681985449799, 53.108304889197576 ], [ 6.363742982927605, 53.108708529981165 ], [ 6.363804773604458, 53.109123469159378 ], [ 6.36389121717776, 53.109669517023988 ], [ 6.363891756330332, 53.109672900513573 ], [ 6.363895325308311, 53.109688804359926 ], [ 6.36392989022909, 53.109842981339561 ], [ 6.363953005254236, 53.110006633516143 ], [ 6.363988110703973, 53.110199375833567 ], [ 6.364263444201163, 53.111935061093277 ], [ 6.364274463839673, 53.111993293128521 ], [ 6.364287179156026, 53.112060497758421 ], [ 6.364298453004837, 53.112120066693713 ], [ 6.364393511836229, 53.11273306425219 ], [ 6.364402417388861, 53.112792239112807 ], [ 6.364437464872394, 53.113025294738833 ], [ 6.364437697869302, 53.11302701823179 ], [ 6.364438091377478, 53.113029899664241 ], [ 6.364460547905891, 53.113194653317407 ], [ 6.364506191574277, 53.113529384727045 ], [ 6.364531455770401, 53.113714649416771 ], [ 6.364576044556334, 53.114041625088504 ], [ 6.364779086367423, 53.115530635859244 ], [ 6.364789270359887, 53.11560539165059 ], [ 6.364773221366123, 53.115606376339869 ], [ 6.364895251102713, 53.116447740313895 ], [ 6.365016346270946, 53.117282551515032 ], [ 6.365101980889937, 53.117854880173695 ], [ 6.365122277833208, 53.117990544119742 ], [ 6.365235635695087, 53.118759412718447 ], [ 6.365360887348931, 53.119571956729828 ], [ 6.365410567479953, 53.11989429793438 ], [ 6.365413593601764, 53.119912560564693 ], [ 6.365446625803213, 53.12011140266965 ], [ 6.365460926928465, 53.120205005130977 ], [ 6.365503623059491, 53.120448808158748 ], [ 6.365604092338516, 53.121113287226962 ], [ 6.365627513463423, 53.121294576387534 ], [ 6.365644475078059, 53.121472269813289 ], [ 6.36564478765144, 53.121475529325096 ], [ 6.3656734419179, 53.121578252517658 ], [ 6.365683156828116, 53.121612896632591 ], [ 6.365689709114166, 53.121636477356255 ], [ 6.365692505325136, 53.121646528275669 ], [ 6.365760875746389, 53.121892655573269 ], [ 6.365766121737022, 53.121911304439934 ], [ 6.36585500204282, 53.12222751982587 ], [ 6.365888429914467, 53.12229814046816 ], [ 6.366055562298783, 53.122564192309888 ], [ 6.366315178511732, 53.123010689860912 ], [ 6.366461787423793, 53.123254119332621 ], [ 6.366463401648252, 53.123256802057661 ], [ 6.366561462997324, 53.1234202987971 ], [ 6.366839965749924, 53.123834109987918 ], [ 6.366889728303557, 53.123910177311103 ], [ 6.367253238985979, 53.124527436322488 ], [ 6.367271772899896, 53.124558907835031 ], [ 6.367315312460947, 53.124631233622445 ], [ 6.367392134392758, 53.124766883822254 ], [ 6.36755879330338, 53.125035606302987 ], [ 6.367574675368217, 53.125060117036519 ], [ 6.367813187324391, 53.125428215809613 ], [ 6.367929162724809, 53.12561510910124 ], [ 6.367955009360269, 53.125656765130486 ], [ 6.367997414931708, 53.125725092009027 ], [ 6.367999337431046, 53.125728185562828 ], [ 6.368023122185361, 53.125766524504058 ], [ 6.368291154766967, 53.126210180839827 ], [ 6.368303814492729, 53.126230898642959 ], [ 6.368503333342898, 53.126562794590647 ], [ 6.368505115380187, 53.126565619694645 ], [ 6.368513172300367, 53.126578350325858 ], [ 6.368541062646254, 53.126622460741011 ], [ 6.368550870943095, 53.126637980778575 ], [ 6.368763306069072, 53.126971388023676 ], [ 6.36885502294204, 53.127117195635215 ], [ 6.368874038719776, 53.127147413830741 ], [ 6.368876472181499, 53.127151293985627 ], [ 6.368983996916721, 53.127322187782561 ], [ 6.369000920833038, 53.127349089147884 ], [ 6.369010839720035, 53.127364859858837 ], [ 6.369027779217707, 53.127391788051682 ], [ 6.369069639820588, 53.127458330707263 ], [ 6.369350586306178, 53.127902606622946 ], [ 6.369548542713714, 53.128215624163495 ], [ 6.369564426191442, 53.128240754671332 ], [ 6.369568578944546, 53.128247316631324 ], [ 6.369588986741183, 53.128279581177878 ], [ 6.369624843977843, 53.128336278840948 ], [ 6.369626641303086, 53.128339112788552 ], [ 6.369630406988997, 53.128345075832087 ], [ 6.369833404129052, 53.128666076393628 ], [ 6.369850620456516, 53.128693307731837 ], [ 6.369854618215285, 53.128699619333759 ], [ 6.369870439853761, 53.128724642469841 ], [ 6.369888911005197, 53.128753840515856 ], [ 6.369892382148801, 53.128759329688044 ], [ 6.369929548815246, 53.128823663932764 ], [ 6.370111168551497, 53.129138000703065 ], [ 6.370114403192091, 53.129143599645417 ], [ 6.370310535202922, 53.12946856475935 ], [ 6.370380798231908, 53.12958498197272 ], [ 6.370390666944679, 53.129601130404282 ], [ 6.370468672054125, 53.129728842824022 ], [ 6.370515503086271, 53.129805507763628 ], [ 6.370574143183902, 53.129901513314195 ], [ 6.370640395994582, 53.130008383794205 ], [ 6.370694661061035, 53.130095924072492 ], [ 6.370776997401938, 53.130228749927682 ], [ 6.370846731798244, 53.130354022783912 ], [ 6.370876201341511, 53.130406935310191 ], [ 6.370891933490893, 53.130435203124797 ], [ 6.370901295039618, 53.130452029654975 ], [ 6.370901776686764, 53.130452843461597 ], [ 6.370911453225172, 53.130469065316987 ], [ 6.370943697495131, 53.130523096315031 ], [ 6.371046426488455, 53.130695249700025 ], [ 6.371055994079217, 53.130711274737294 ], [ 6.371127131258678, 53.130830479078313 ], [ 6.371269963541063, 53.131067085767867 ], [ 6.371558301377918, 53.131539378009691 ], [ 6.371613426194475, 53.131624475478503 ], [ 6.371640951582088, 53.131668021995687 ], [ 6.37194060210821, 53.132142008616725 ], [ 6.371978977018885, 53.132202701763333 ], [ 6.37198384364224, 53.13221039903889 ], [ 6.371994105981893, 53.132228035836071 ], [ 6.371994976864828, 53.132229538390227 ], [ 6.372005611632813, 53.132247783199254 ], [ 6.372039644605076, 53.13231202568803 ], [ 6.37206514507175, 53.132355849352315 ], [ 6.37211830772553, 53.132433414146988 ], [ 6.372174885090105, 53.132543535463782 ], [ 6.372186437637328, 53.132565996310127 ], [ 6.372188657825693, 53.132570327466929 ], [ 6.372270829368742, 53.132698121227747 ], [ 6.372277861511375, 53.132709053756933 ], [ 6.372329720627795, 53.132789711499427 ], [ 6.372533998652856, 53.133107407727636 ], [ 6.372535935111455, 53.133110429199441 ], [ 6.372538721368243, 53.133115995814656 ], [ 6.372608801813778, 53.133256056322921 ], [ 6.372609193275419, 53.133256843904888 ], [ 6.372852606016544, 53.133631550809696 ], [ 6.373103614322496, 53.134050946864619 ], [ 6.373124963485767, 53.134086914409487 ], [ 6.373282301393735, 53.13435195793253 ], [ 6.373284954627536, 53.134356267531146 ], [ 6.37331071015837, 53.134398057896121 ], [ 6.373313533868444, 53.134402635682434 ], [ 6.373352616671648, 53.134466027442365 ], [ 6.373354819900833, 53.134469603860104 ], [ 6.373375750187409, 53.134503561856967 ], [ 6.373429681819547, 53.134591058650003 ], [ 6.373577668825605, 53.134831133699251 ], [ 6.373583114778866, 53.134839967407544 ], [ 6.373759094086419, 53.135125453588664 ], [ 6.373999467587312, 53.135515406004345 ], [ 6.374044914391052, 53.135589133366402 ], [ 6.374253981144225, 53.135928300472344 ], [ 6.374259737435746, 53.135937625842594 ], [ 6.374261242716815, 53.135940075709136 ], [ 6.374468931592994, 53.136276989206543 ], [ 6.374472872810721, 53.136283381990495 ], [ 6.374509011029866, 53.136341998893492 ], [ 6.374944246126972, 53.137048011864557 ], [ 6.374947706097974, 53.13705360881216 ], [ 6.374947908108922, 53.137053948628996 ], [ 6.375194959958454, 53.137454690033081 ], [ 6.375196744522595, 53.137457586903125 ], [ 6.375883582058639, 53.138571641502928 ], [ 6.375890938063165, 53.138583586598202 ], [ 6.375894584544543, 53.1385894875148 ], [ 6.376012481922382, 53.138778926859018 ], [ 6.376012667983395, 53.138779221873811 ], [ 6.37613863291791, 53.138984230796062 ], [ 6.376138772926365, 53.138984472272568 ], [ 6.376200420336577, 53.139084772560707 ], [ 6.376276534224972, 53.139208650460809 ], [ 6.376339223141512, 53.139310685432825 ], [ 6.376403238343881, 53.13941450669536 ], [ 6.376409927128463, 53.139425360928421 ], [ 6.376426221804278, 53.139451781127384 ], [ 6.376428971468356, 53.139456359448069 ], [ 6.376455799400574, 53.139500997916812 ], [ 6.376455892536717, 53.139501149916143 ], [ 6.376494636065348, 53.139565639740525 ], [ 6.376688757675699, 53.139888687415457 ], [ 6.37675610696167, 53.140002968038232 ], [ 6.37696869838024, 53.140363713284309 ], [ 6.3770180451707, 53.140447436035572 ], [ 6.377179526224088, 53.140704675742761 ], [ 6.377698861812954, 53.141531928384019 ], [ 6.377706477361121, 53.141544068917241 ], [ 6.377735511918474, 53.141590324364195 ], [ 6.377771951705913, 53.141651283184338 ], [ 6.377819627057124, 53.141731056419808 ], [ 6.378162373162537, 53.142304571895323 ], [ 6.378208931764574, 53.142382503012321 ], [ 6.37833755558618, 53.142598945132626 ], [ 6.378623019840784, 53.14307931307016 ], [ 6.378709150094808, 53.143224251386435 ], [ 6.378830363710387, 53.143428191330152 ], [ 6.378857970545791, 53.143474647019445 ], [ 6.378858684446066, 53.143475800352178 ], [ 6.37902608048036, 53.143746270345211 ], [ 6.379031791755555, 53.143755496997919 ], [ 6.379550024407083, 53.144592770154517 ], [ 6.379556884513197, 53.144603856430038 ], [ 6.379573569208665, 53.14463082111849 ], [ 6.379596896819458, 53.144668523408335 ], [ 6.379782496277165, 53.144971812491363 ], [ 6.37993213955753, 53.145221705659026 ], [ 6.380291141610274, 53.14582121239507 ], [ 6.380382711719228, 53.145974111210137 ], [ 6.380851829775981, 53.146736120392873 ], [ 6.380943444741098, 53.14688493858295 ], [ 6.381068113881271, 53.147087436639026 ], [ 6.381069992407296, 53.14709048540616 ], [ 6.381137641883562, 53.147199261303719 ], [ 6.381140838702801, 53.14720439295612 ], [ 6.381146705277305, 53.147213833887676 ], [ 6.38213416068406, 53.148801678874825 ], [ 6.382163214988343, 53.148848373366086 ], [ 6.38222553127672, 53.148948583975745 ], [ 6.382263014283344, 53.149008858724542 ], [ 6.382360330473276, 53.149165329744839 ], [ 6.382363636532046, 53.149170649169371 ], [ 6.382423547919259, 53.149266988552242 ], [ 6.382612271281847, 53.14957048973384 ], [ 6.381988618387145, 53.149583467933553 ], [ 6.381695527402549, 53.149589566710539 ], [ 6.38167350493269, 53.149590028021684 ], [ 6.381546329972633, 53.149592673777235 ], [ 6.381561733139808, 53.14984041629603 ], [ 6.381572308476667, 53.15020081569044 ], [ 6.381584243340802, 53.150531872346647 ], [ 6.381584304788919, 53.150533246747017 ], [ 6.381601387372945, 53.150880813497487 ], [ 6.381601073367359, 53.151061171945159 ], [ 6.381601016571241, 53.151198690369434 ], [ 6.381580201240504, 53.151282373116217 ], [ 6.381569950877893, 53.151323579645265 ], [ 6.381586851401916, 53.151392984705872 ], [ 6.381582674146054, 53.151446739695068 ], [ 6.381574045064543, 53.15155791837396 ], [ 6.381628335845079, 53.151811107329195 ], [ 6.381637024632386, 53.152194113800419 ], [ 6.381624761778252, 53.152365791660657 ], [ 6.381606460045799, 53.152463265521149 ], [ 6.381642622529078, 53.152631306512895 ], [ 6.381667162443581, 53.152720238364225 ], [ 6.381667273511233, 53.152757629582432 ], [ 6.381664196586516, 53.152818941915235 ], [ 6.381652653082504, 53.152889131101361 ], [ 6.381650738487413, 53.152899499243929 ], [ 6.381649435288937, 53.152899384247732 ], [ 6.381626240401701, 53.153015536348512 ], [ 6.38154568954877, 53.153236028321089 ], [ 6.381485573467088, 53.153418104873261 ], [ 6.381414284159534, 53.153505504201668 ], [ 6.381530212460659, 53.153547074850465 ], [ 6.381539000215958, 53.153550228042029 ], [ 6.381688662523302, 53.153603883874275 ], [ 6.381769270133177, 53.153634550377959 ], [ 6.381811387548094, 53.15365301826958 ], [ 6.381840472378896, 53.153665762166696 ], [ 6.381929849633214, 53.153721562451693 ], [ 6.382338453411235, 53.153967999738882 ], [ 6.382458557551395, 53.154038318048599 ], [ 6.382796243103008, 53.154241651084575 ], [ 6.383221428389133, 53.154499468125493 ], [ 6.383623645090395, 53.154743806399047 ], [ 6.383977486221172, 53.154951638769823 ], [ 6.384243091295669, 53.15510595361954 ], [ 6.384277972563453, 53.155126889178966 ], [ 6.384310599937915, 53.155148625288817 ], [ 6.384338900257998, 53.155167476829057 ], [ 6.384449894141687, 53.155238551904581 ], [ 6.384417052913653, 53.155259475725714 ], [ 6.384451620711101, 53.155280422829122 ], [ 6.384488720675762, 53.155302912475975 ], [ 6.38472733020863, 53.155447485023863 ], [ 6.385154091289956, 53.155704545255276 ], [ 6.385411855103182, 53.155861394055201 ], [ 6.385657975615059, 53.156007906162486 ], [ 6.385827891780673, 53.156110741077924 ], [ 6.385932205476012, 53.156175229544637 ], [ 6.38612415598664, 53.156288933633107 ], [ 6.386171266985881, 53.156315643784602 ], [ 6.386220160349607, 53.156346382911096 ], [ 6.386338812917765, 53.156435517843114 ], [ 6.386527808068227, 53.156578487440981 ], [ 6.386543961121389, 53.156566472842442 ], [ 6.386549065944571, 53.156570006841626 ], [ 6.386549339350626, 53.156570193275122 ], [ 6.386731932300612, 53.156696761959239 ], [ 6.386803770011477, 53.156748652052563 ], [ 6.38688487092537, 53.156819057564064 ], [ 6.386979735120873, 53.156902144757936 ], [ 6.387021797093835, 53.156931574616031 ], [ 6.387053561069332, 53.156954000145767 ], [ 6.387087025048677, 53.156970408618108 ], [ 6.387254650527802, 53.157050776834048 ], [ 6.387370621529372, 53.157109074066163 ], [ 6.387391422562331, 53.15711900113412 ], [ 6.387482627188422, 53.157143258010443 ], [ 6.387530702097362, 53.157157252917237 ], [ 6.387609416143829, 53.157178612501404 ], [ 6.387704086336211, 53.157208555592085 ], [ 6.387765652172297, 53.157229258422525 ], [ 6.387777093274602, 53.157235902666692 ], [ 6.38783001116914, 53.157266670450333 ], [ 6.387867614290155, 53.157310784952507 ], [ 6.38798854692066, 53.157446565233592 ], [ 6.388054803111536, 53.157531112570112 ], [ 6.388125510294846, 53.157625166183657 ], [ 6.388230339776779, 53.157724596186945 ], [ 6.388321184918452, 53.157810187126145 ], [ 6.388373546065808, 53.157859507102657 ], [ 6.38839971927549, 53.157898073487054 ], [ 6.38840837526425, 53.157912280463329 ], [ 6.388448541919702, 53.158009024266036 ], [ 6.388455415362563, 53.158019202280393 ], [ 6.388502176644051, 53.158095950316593 ], [ 6.388714638786429, 53.158000789435725 ], [ 6.388846259926504, 53.158133082712631 ], [ 6.388866038223171, 53.158140771490494 ], [ 6.388919695766988, 53.158142677514341 ], [ 6.388961411027341, 53.158137620064345 ], [ 6.389014923078584, 53.158133236831574 ], [ 6.389076577099436, 53.15814215718045 ], [ 6.389122772009063, 53.158161415183095 ], [ 6.389167775629357, 53.158185400948383 ], [ 6.389198214380898, 53.158200863599355 ], [ 6.389254226931577, 53.158248328446511 ], [ 6.389306471922981, 53.158302897004866 ], [ 6.389322825106314, 53.158331840049364 ], [ 6.38933732274238, 53.15839301459097 ], [ 6.389355021423802, 53.158480096910388 ], [ 6.389366230418462, 53.158512219183713 ], [ 6.389418010195819, 53.158578321039464 ], [ 6.38942444055212, 53.158584198251958 ], [ 6.389566838046798, 53.158537258191508 ], [ 6.389699174091818, 53.158492936250965 ], [ 6.389743784691561, 53.158477313352982 ], [ 6.389785369517876, 53.158465966279103 ], [ 6.38981810031877, 53.158468046932576 ], [ 6.389839285476016, 53.158479659795518 ], [ 6.38984896119019, 53.158502368192281 ], [ 6.389851940921405, 53.158518060356698 ], [ 6.389851553277065, 53.15855814262369 ], [ 6.389842814543467, 53.158632083336506 ], [ 6.389840907987042, 53.158662742662393 ], [ 6.389838619501844, 53.158676906284512 ], [ 6.389859562658563, 53.158741989818736 ], [ 6.38987571556223, 53.158810042960219 ], [ 6.389893009541565, 53.158882175332465 ], [ 6.389917651221202, 53.158984943531173 ], [ 6.389916807101708, 53.159020806037454 ], [ 6.389916753017952, 53.159022990167323 ], [ 6.389915885554574, 53.159070112736089 ], [ 6.389914556660595, 53.159163168279775 ], [ 6.389914772729051, 53.159197035937339 ], [ 6.38991550687768, 53.159315909908024 ], [ 6.389915604939117, 53.159330475922502 ], [ 6.389910283094986, 53.159452545760054 ], [ 6.389909657394103, 53.159466848238289 ], [ 6.389930117517074, 53.159558184844215 ], [ 6.389935719368451, 53.159583155914547 ], [ 6.389986901969069, 53.159667280092435 ], [ 6.391107317260427, 53.159423278003658 ], [ 6.391113178568398, 53.159422006775188 ], [ 6.391128129136705, 53.159418754322274 ], [ 6.391355835808546, 53.159695989333905 ], [ 6.391357420704632, 53.159697926090281 ], [ 6.391411593984908, 53.159763890213938 ], [ 6.391417553628622, 53.159771370829411 ], [ 6.391599555664353, 53.159999536492194 ], [ 6.391719965616415, 53.160151268114852 ], [ 6.391838691122516, 53.160302537456054 ], [ 6.391881294966658, 53.160367924350382 ], [ 6.392027773149926, 53.160530849805539 ], [ 6.392292924638284, 53.160803320894765 ], [ 6.392369865155084, 53.160881863250552 ], [ 6.392650069350368, 53.16117330326346 ], [ 6.392736682979756, 53.161287170365583 ], [ 6.392723092190851, 53.161293628712045 ], [ 6.392705147042594, 53.161307025077946 ], [ 6.392690699651117, 53.161317804041246 ], [ 6.392684784123573, 53.161356027563173 ], [ 6.392687905427988, 53.161379051302696 ], [ 6.392695631697436, 53.161396914211863 ], [ 6.392715674894955, 53.161427506276475 ], [ 6.392729646628401, 53.161423929345879 ], [ 6.392738563220675, 53.161443471696359 ], [ 6.392764764738104, 53.161480419343903 ], [ 6.392809732104193, 53.161513552130515 ], [ 6.392845779938145, 53.161534097997709 ], [ 6.392892162579217, 53.16155992198604 ], [ 6.392932782624093, 53.161582262678657 ], [ 6.392969987654227, 53.161611425670529 ], [ 6.392968405147205, 53.161618610034019 ], [ 6.392963709697892, 53.161639830193309 ], [ 6.392950841600475, 53.161672899990393 ], [ 6.392914202977114, 53.161722200814395 ], [ 6.392880710571016, 53.161767269632129 ], [ 6.392894063639594, 53.161793703205383 ], [ 6.392897057273583, 53.161799636022366 ], [ 6.392901116905218, 53.161807689654587 ], [ 6.393124555945536, 53.161920138900264 ], [ 6.393131772901355, 53.161923789691208 ], [ 6.393232281135382, 53.161974644556629 ], [ 6.393310019256507, 53.162010773152126 ], [ 6.393398036128813, 53.16205168600888 ], [ 6.393667226456706, 53.162176789376488 ], [ 6.393744532302881, 53.162216803412932 ], [ 6.393819801040856, 53.162259871882732 ], [ 6.393840961020683, 53.162279922410157 ], [ 6.393853383441695, 53.16230359590422 ], [ 6.393824676337812, 53.162333231226164 ], [ 6.393762905080199, 53.162371025177222 ], [ 6.393727687898405, 53.16238883521936 ], [ 6.394603481502727, 53.163132222876108 ], [ 6.395093718112014, 53.163528721334771 ], [ 6.395165335250714, 53.163576636332117 ], [ 6.395381530242679, 53.163676579430174 ], [ 6.395439524411765, 53.163702592347406 ], [ 6.39557671287029, 53.163764118041179 ], [ 6.395650301412295, 53.163797125835238 ], [ 6.395670534533076, 53.163806202552806 ], [ 6.395864624980288, 53.163884035673846 ], [ 6.395899144497704, 53.163897880705598 ], [ 6.396002189863165, 53.163939204388484 ], [ 6.396007710074831, 53.163941242761652 ], [ 6.396167660633659, 53.164000302696735 ], [ 6.396168113107848, 53.164000469628604 ], [ 6.396633035213034, 53.164172121477719 ], [ 6.396823994403692, 53.164235439556073 ], [ 6.396824853255138, 53.16423571988517 ], [ 6.397237243441183, 53.164372441657022 ], [ 6.397491369195428, 53.164473076847173 ], [ 6.397702750350036, 53.16454124478237 ], [ 6.39800914726388, 53.164646075209525 ], [ 6.398078545316817, 53.164669816014793 ], [ 6.398078816516251, 53.164669903591161 ], [ 6.398079253425371, 53.164670043688176 ], [ 6.398083366477132, 53.164671365940023 ], [ 6.398084963354147, 53.164671873681186 ], [ 6.398124933708162, 53.164684719563091 ], [ 6.398398428801472, 53.164772599671352 ], [ 6.398478451709257, 53.164807555417845 ], [ 6.398535850242, 53.164832888912315 ], [ 6.398557182427673, 53.164843519494241 ], [ 6.398594809031241, 53.164862280019676 ], [ 6.398678541088773, 53.164901095418003 ], [ 6.398760988466209, 53.164939319514858 ], [ 6.398766250700214, 53.164942465256161 ], [ 6.398787648746243, 53.164955269931355 ], [ 6.398787951948441, 53.164955447099302 ], [ 6.398872295354034, 53.165001212617064 ], [ 6.399179670537537, 53.165159149961603 ], [ 6.399362686742077, 53.165251422096304 ], [ 6.399545382767212, 53.165348513325263 ], [ 6.39972334005619, 53.16544307421308 ], [ 6.399772973741645, 53.165468805194322 ], [ 6.400073531488389, 53.165624596196679 ], [ 6.400425201142069, 53.165817400475909 ], [ 6.400672743977448, 53.165944675130696 ], [ 6.400799974419463, 53.166010089272795 ], [ 6.400897504917137, 53.166060702329318 ], [ 6.401165559402192, 53.166199790284615 ], [ 6.40146274550153, 53.166348462220668 ], [ 6.401565991617095, 53.166402342333377 ], [ 6.401870561712801, 53.166558418420422 ], [ 6.402223367729841, 53.166737153239005 ], [ 6.402529472636535, 53.166911286158943 ], [ 6.402687250940914, 53.167005663107624 ], [ 6.402807804463043, 53.167100454051592 ], [ 6.402921511217619, 53.167205511342097 ], [ 6.403056716434139, 53.167368312175249 ], [ 6.403190737351459, 53.167553247207302 ], [ 6.403310038073349, 53.167694579420967 ], [ 6.403471468919935, 53.167855809553132 ], [ 6.403497680353889, 53.167881791464779 ], [ 6.403536247237867, 53.167920015830994 ], [ 6.403605006298978, 53.167988160277986 ], [ 6.403753028473026, 53.168134873980151 ], [ 6.403911040876823, 53.16829176515246 ], [ 6.403970853247132, 53.168355231498055 ], [ 6.404055020135404, 53.168444533598297 ], [ 6.404137894491498, 53.168572379931113 ], [ 6.404185120864787, 53.168681252949966 ], [ 6.40420649994762, 53.168798774373954 ], [ 6.40421528468037, 53.168935911920236 ], [ 6.404210277154053, 53.169128252574119 ], [ 6.404195971839108, 53.169559483401628 ], [ 6.404103254568658, 53.170946165899117 ], [ 6.404098783519255, 53.170976748289632 ], [ 6.404098950662838, 53.171032884351519 ], [ 6.404100749085249, 53.171125994227907 ], [ 6.404102629711256, 53.171244885126285 ], [ 6.404106030592129, 53.171366737594191 ], [ 6.404111213123913, 53.171447291843265 ], [ 6.404112457254174, 53.171482426744873 ], [ 6.404121286308489, 53.171510029690403 ], [ 6.404124389754165, 53.171535821032634 ], [ 6.404109328028094, 53.171577133033864 ], [ 6.404097302470058, 53.171618455226422 ], [ 6.404091077963245, 53.171695358927856 ], [ 6.404086696893928, 53.171753330813793 ], [ 6.40408659593416, 53.171846438805652 ], [ 6.404091744574865, 53.171918546201695 ], [ 6.404093384423227, 53.171957793470654 ], [ 6.404108865934619, 53.172053393295542 ], [ 6.404117748331828, 53.172104270319771 ], [ 6.404119025702445, 53.172150368226511 ], [ 6.404108192558043, 53.172210623432612 ], [ 6.40409932898108, 53.172292330217772 ], [ 6.404104706302612, 53.172439740909191 ], [ 6.404107101592078, 53.172604727140467 ], [ 6.404106330138263, 53.172726587984393 ], [ 6.404110030999725, 53.172818549400652 ], [ 6.404115241245766, 53.17290982403955 ], [ 6.404120699733252, 53.172955005814437 ], [ 6.404132258793864, 53.173011584397763 ], [ 6.404150705193373, 53.173081853608018 ], [ 6.404179494942973, 53.173239067436008 ], [ 6.404187688237392, 53.173275877730987 ], [ 6.404202437879841, 53.173346663544912 ], [ 6.404230698324962, 53.173461601282668 ], [ 6.404260707664798, 53.173570125927505 ], [ 6.404287741873928, 53.173655778700237 ], [ 6.404336501885766, 53.173802929142433 ], [ 6.404384856866602, 53.173958287489725 ], [ 6.404439188848791, 53.174112759376925 ], [ 6.404913008994011, 53.175318357485864 ], [ 6.404995266198346, 53.175514692856275 ], [ 6.405057716844778, 53.175615438310579 ], [ 6.40514396899421, 53.175761542195957 ], [ 6.405241720533839, 53.175929771494822 ], [ 6.405612882245938, 53.176505265222957 ], [ 6.405647820916504, 53.176546530086831 ], [ 6.405649636247711, 53.176548671378896 ], [ 6.405667774826921, 53.176570093409417 ], [ 6.405723267066642, 53.176635608421442 ], [ 6.405768865510775, 53.176710984542964 ], [ 6.405805096841734, 53.176763309495634 ], [ 6.40591066906449, 53.176857532548347 ], [ 6.406281526519435, 53.177146229125327 ], [ 6.406489960865146, 53.177309598615508 ], [ 6.406817089779094, 53.177536686779398 ], [ 6.406984949560108, 53.177654408569779 ], [ 6.407047705381863, 53.177680177714855 ], [ 6.407247484932075, 53.17775216598536 ], [ 6.407320982762807, 53.177778661359277 ], [ 6.407427236742174, 53.177834299118445 ], [ 6.407486722311245, 53.177876774422757 ], [ 6.407774356322117, 53.178068924836893 ], [ 6.407809547011866, 53.17808838617529 ], [ 6.407893084825388, 53.178122595848315 ], [ 6.407896808726129, 53.178123840203291 ], [ 6.407970277615108, 53.17814843033424 ], [ 6.408062705305356, 53.178175231394775 ], [ 6.408136946454962, 53.178191969814534 ], [ 6.408261000801016, 53.178209506159874 ], [ 6.408484926154114, 53.178237101161308 ], [ 6.408821749068068, 53.178278471437686 ], [ 6.409269356034954, 53.178332133344625 ], [ 6.409597576620506, 53.178371471979922 ], [ 6.409812676026198, 53.178396425903138 ], [ 6.409986230821274, 53.178417285594506 ], [ 6.410337449282442, 53.178456893332523 ], [ 6.410570902866504, 53.178477420799183 ], [ 6.410687547276424, 53.178487676079435 ], [ 6.410748972162227, 53.178493073740412 ], [ 6.410968779214168, 53.178510212265138 ], [ 6.4112287073805, 53.178535104413399 ], [ 6.411398004177194, 53.178554857171761 ], [ 6.411506749145765, 53.178567551512216 ], [ 6.411430671042905, 53.178683747183463 ], [ 6.411412337465976, 53.178711761302623 ], [ 6.411317925159936, 53.178855971013547 ], [ 6.411323995234877, 53.178857114348034 ], [ 6.411453632090571, 53.178881600052442 ], [ 6.411781118691928, 53.178929475993549 ], [ 6.412073809728367, 53.178987290743756 ], [ 6.415464602984726, 53.179833617173976 ], [ 6.415671823671169, 53.179784023946226 ], [ 6.415681446980049, 53.179781721791798 ], [ 6.41627609573985, 53.179639408210406 ], [ 6.416563975968764, 53.179700775970332 ], [ 6.418116781355756, 53.180031782207863 ], [ 6.418227106173352, 53.180055294380672 ], [ 6.41927718844464, 53.180530847357801 ], [ 6.420265111075441, 53.180978224484122 ], [ 6.420550437526711, 53.181107433343534 ], [ 6.420690793378262, 53.181088547704626 ], [ 6.421426328376803, 53.18098955741057 ], [ 6.424049606046076, 53.181511923142274 ], [ 6.424287415394671, 53.181602120093146 ], [ 6.424487530526685, 53.181678021923823 ], [ 6.426900228098405, 53.182593051327139 ], [ 6.427871290042889, 53.182817993553407 ], [ 6.429675826100699, 53.18314654937123 ], [ 6.429739293322734, 53.183158102177678 ], [ 6.429742358490241, 53.183158659639908 ], [ 6.430014043873047, 53.183273128353306 ], [ 6.430020618109353, 53.183275901870417 ], [ 6.430075342103287, 53.183298952128276 ], [ 6.43084945115618, 53.183625106379687 ], [ 6.432271005835681, 53.184224001948323 ], [ 6.432453608881026, 53.1844805152041 ], [ 6.433283172207203, 53.184911364215296 ], [ 6.434436306731334, 53.185609618574013 ], [ 6.434437162596278, 53.185748826954317 ], [ 6.435210089109963, 53.185845075916184 ], [ 6.435312277820889, 53.185857797105299 ], [ 6.435385925785689, 53.185866966461234 ], [ 6.435770552559512, 53.185914861943935 ], [ 6.435920798681964, 53.185744425847233 ], [ 6.435926418873341, 53.185738050338415 ], [ 6.436055231778106, 53.18559193871134 ], [ 6.436726636490277, 53.185406868703808 ], [ 6.437618467383333, 53.185575857064421 ], [ 6.438017906438779, 53.185651536069159 ], [ 6.438035198762441, 53.185660083294678 ], [ 6.438843331061359, 53.186059674800426 ], [ 6.438947072321676, 53.186110966505204 ], [ 6.43895608375724, 53.186115488464978 ], [ 6.439738358969, 53.186508632910986 ], [ 6.440406562910116, 53.186910610198424 ], [ 6.440527542413772, 53.186983388191742 ], [ 6.440611794197885, 53.187034076821618 ], [ 6.441167914110285, 53.187329899581364 ], [ 6.442124776201921, 53.187514755054885 ], [ 6.442181145580689, 53.187525644851789 ], [ 6.442250171696405, 53.187538975388804 ], [ 6.442471141563283, 53.187611168289031 ], [ 6.442515947953976, 53.187625808116678 ], [ 6.442866783736709, 53.187740423089224 ], [ 6.443889194268728, 53.18853856042638 ], [ 6.443936628087412, 53.188590883134445 ], [ 6.444086341577228, 53.188756035258685 ], [ 6.444344379697807, 53.189040675901602 ], [ 6.444767748832482, 53.189499810109396 ], [ 6.445336705336542, 53.190589009372005 ], [ 6.445434816701887, 53.19071766335167 ], [ 6.445460214369326, 53.190750976145523 ], [ 6.445661941956331, 53.191015487182668 ], [ 6.446301508601807, 53.192440981862632 ], [ 6.446368654592417, 53.192666214671206 ], [ 6.446413693687049, 53.192941256030799 ], [ 6.446479588183067, 53.193116544959999 ], [ 6.446547707176594, 53.193297718197648 ], [ 6.446582679664596, 53.193390749994911 ], [ 6.44659713228471, 53.193429173563011 ], [ 6.446615202606327, 53.193477234432081 ], [ 6.447259888457713, 53.1951918750323 ], [ 6.447710518203193, 53.196436303375734 ], [ 6.447712074699051, 53.196440585061325 ], [ 6.447730954047683, 53.196441586353451 ], [ 6.448083355367014, 53.196460342612099 ], [ 6.448095462274495, 53.196460990377709 ], [ 6.448171939003428, 53.196465058692212 ], [ 6.448184600127533, 53.196465728505444 ], [ 6.448856642252478, 53.196549977451461 ], [ 6.449176326102785, 53.196590991577814 ], [ 6.449496866195484, 53.196632114094065 ], [ 6.449608491556807, 53.196646429091963 ], [ 6.449989445010243, 53.196702858011953 ], [ 6.450110609028033, 53.196725337444171 ], [ 6.450120681008218, 53.196727207202144 ], [ 6.450360484069548, 53.196771702801762 ], [ 6.450563922994444, 53.196814920750498 ], [ 6.450735215678056, 53.196851306248732 ], [ 6.450775796124005, 53.196862152333566 ], [ 6.450769431977841, 53.196871105196784 ], [ 6.45069097698797, 53.196981379710529 ], [ 6.451383341784447, 53.197150291960035 ], [ 6.452077473904787, 53.197317827617653 ], [ 6.452773472983767, 53.197482565932823 ], [ 6.453468209692501, 53.197649297427745 ], [ 6.454160198057349, 53.197820263944081 ], [ 6.454854925866482, 53.197986798824765 ], [ 6.455550525396989, 53.198152054874832 ], [ 6.456243964156453, 53.198320489350927 ], [ 6.456936548150186, 53.198490446150963 ], [ 6.457630584806451, 53.198658409028425 ], [ 6.458323907668323, 53.198827542508425 ], [ 6.459017361454629, 53.198996302398392 ], [ 6.459712124448093, 53.199162719147367 ], [ 6.460406644156033, 53.199330571882314 ], [ 6.461101290724793, 53.199497889294101 ], [ 6.461661401565307, 53.199628926020537 ], [ 6.461692312366029, 53.199636458229875 ], [ 6.461813531624189, 53.199665997635179 ], [ 6.461817852711687, 53.199667046266086 ], [ 6.461874450044109, 53.199680845402376 ], [ 6.461905292364475, 53.199688027704973 ], [ 6.461913676400193, 53.199689974505816 ], [ 6.461916058466477, 53.199691283136083 ], [ 6.462078005334159, 53.199731932873519 ], [ 6.46210883164411, 53.199739672418275 ], [ 6.462375034251359, 53.199806490143153 ], [ 6.462439623667719, 53.199822706583561 ], [ 6.46316533844037, 53.199989985237686 ], [ 6.463461420829451, 53.200058230954397 ], [ 6.464800794649635, 53.20036693623203 ], [ 6.464996929021975, 53.200406421226006 ], [ 6.46522641196247, 53.200457513052051 ], [ 6.4656601298444, 53.200542183430628 ], [ 6.466165039380599, 53.200628593282815 ], [ 6.467124554806444, 53.200795011964942 ], [ 6.46801814359219, 53.200947252544957 ], [ 6.469197916418368, 53.201156996875596 ], [ 6.469795356899132, 53.201261248372219 ], [ 6.470045842726145, 53.201304386294126 ], [ 6.470543073326442, 53.201390020390178 ], [ 6.471470257402145, 53.201550693623169 ], [ 6.472234306515872, 53.201695357069177 ], [ 6.472396791978882, 53.201727549944664 ], [ 6.472805375707454, 53.201808503973744 ], [ 6.473195468455066, 53.201889677942255 ], [ 6.473699939665499, 53.201994922475066 ], [ 6.474473712509854, 53.202147131014343 ], [ 6.475085399574858, 53.202270493823775 ], [ 6.475086858649348, 53.202270786126057 ], [ 6.475781560867971, 53.202415903223709 ], [ 6.475795417625639, 53.202418796876927 ], [ 6.476477695020646, 53.202557669397372 ], [ 6.4772917065602, 53.202726658323968 ], [ 6.478251692360743, 53.202918199793345 ], [ 6.479406199253924, 53.203155680022476 ], [ 6.479605243523908, 53.203188446925488 ], [ 6.479705332391622, 53.203207116602506 ], [ 6.480076307729361, 53.203275807674117 ], [ 6.480547866081995, 53.203354813792345 ], [ 6.480978232474649, 53.20343300746471 ], [ 6.481078664636199, 53.203452185091884 ], [ 6.481143203805587, 53.203474790238353 ], [ 6.481204494001009, 53.203486695319491 ], [ 6.481213588653888, 53.203493594745012 ], [ 6.48127567455831, 53.203507370673236 ], [ 6.48151183153256, 53.203553437168608 ], [ 6.481791883551861, 53.203598213036301 ], [ 6.482255235034392, 53.203666701482305 ], [ 6.482414637594804, 53.203688260222343 ], [ 6.482591531169971, 53.203706657606745 ], [ 6.482841115429214, 53.20373262230617 ], [ 6.483166256665572, 53.20375876788777 ], [ 6.483566396898897, 53.203791416219254 ], [ 6.483661358389352, 53.203796038926953 ], [ 6.483962457407001, 53.203810710905266 ], [ 6.484024392574478, 53.20381258891075 ], [ 6.484559640845743, 53.203828793681431 ], [ 6.48517052301524, 53.203832280132005 ], [ 6.485458409831132, 53.203829375224025 ], [ 6.485626902303501, 53.20382217113989 ], [ 6.485716829354194, 53.203821257815676 ], [ 6.485712244552355, 53.20364488933253 ], [ 6.485710354797145, 53.203572261215747 ], [ 6.485710084366559, 53.20356161490119 ], [ 6.48571271634539, 53.203555048757153 ], [ 6.485757649721503, 53.203442649735464 ], [ 6.485853010240672, 53.203361079235471 ], [ 6.485998517651419, 53.20332110532047 ], [ 6.486207334318126, 53.20330472444217 ], [ 6.486540814341666, 53.203282725620703 ], [ 6.486946192656245, 53.203255986958467 ], [ 6.487545833692187, 53.203218550731862 ], [ 6.487690196178514, 53.203209534156223 ], [ 6.488436668578411, 53.203160178439994 ], [ 6.4886866396945, 53.203144898167693 ], [ 6.488728107200868, 53.203142360678079 ], [ 6.488741033063949, 53.203141568010238 ], [ 6.488857022804463, 53.203134482018399 ], [ 6.488924238005463, 53.203131564219092 ], [ 6.488932329889503, 53.20312138028325 ], [ 6.488939926044678, 53.203108774591385 ], [ 6.488946064002004, 53.203095328590599 ], [ 6.488955008478428, 53.203079250778067 ], [ 6.488965887663606, 53.203054519334771 ], [ 6.488989130366662, 53.203006336842186 ], [ 6.489016300872598, 53.202942553947516 ], [ 6.489037250013761, 53.202883069736266 ], [ 6.489045190067706, 53.202855768231188 ], [ 6.489070611877878, 53.202780337128004 ], [ 6.489080721512828, 53.202753015690732 ], [ 6.489096422829203, 53.202719595089704 ], [ 6.489108907596107, 53.202695621705224 ], [ 6.489122740588629, 53.202673460159239 ], [ 6.48913585512065, 53.202651296224815 ], [ 6.489151864484066, 53.202629968383903 ], [ 6.489168636230705, 53.202610367898551 ], [ 6.489184711722658, 53.202591636494375 ], [ 6.489206492949536, 53.202570695952431 ], [ 6.489242371006017, 53.202537952658474 ], [ 6.489270034249345, 53.20251643685922 ], [ 6.48930455995634, 53.202487597050457 ], [ 6.489360958596885, 53.20244083522357 ], [ 6.489387152990792, 53.202433333593341 ], [ 6.489430709697553, 53.202381846093239 ], [ 6.489480230665329, 53.202342408357339 ], [ 6.489541037352534, 53.202299497016696 ], [ 6.489572943141246, 53.202280620083521 ], [ 6.489600605820599, 53.20226437918528 ], [ 6.489650188258132, 53.202233235194178 ], [ 6.489719797655792, 53.202191024669311 ], [ 6.489764495840507, 53.202165550963372 ], [ 6.489789347536024, 53.202152355264069 ], [ 6.489813470012933, 53.202138734918364 ], [ 6.489886669710111, 53.20210175728225 ], [ 6.490090002436006, 53.201997380908779 ], [ 6.490237125993283, 53.201924281272539 ], [ 6.490614699421687, 53.201737478578977 ], [ 6.490701492958684, 53.201693698542023 ], [ 6.490726668767816, 53.201677390389783 ], [ 6.490728361948828, 53.201676296453371 ], [ 6.490824002920689, 53.201619135158829 ], [ 6.490920078749502, 53.201563776037396 ], [ 6.491671442366984, 53.201185032697602 ], [ 6.491760744508672, 53.201204402721267 ], [ 6.49177884953947, 53.201208360734526 ], [ 6.492029429410008, 53.201263089337715 ], [ 6.492592552247863, 53.201386100527756 ], [ 6.492691510672257, 53.201248066055143 ], [ 6.49270271013242, 53.201232452422509 ], [ 6.492725432229295, 53.201200988530474 ], [ 6.492746968719796, 53.201171153101427 ], [ 6.492786323037194, 53.201117061074889 ], [ 6.492801489585254, 53.201096225751115 ], [ 6.49287733500244, 53.200991968106102 ], [ 6.492826846672729, 53.200945965113817 ], [ 6.492786157053639, 53.200896879337606 ], [ 6.492757083155277, 53.200830315898273 ], [ 6.492725633380473, 53.200736374999501 ], [ 6.492695201233333, 53.200576851392086 ], [ 6.492697761124938, 53.20051247662083 ], [ 6.492703069105566, 53.200388748703752 ], [ 6.492708964453668, 53.200334255121611 ], [ 6.49273913235416, 53.200105813892193 ], [ 6.492800249491096, 53.199820626193947 ], [ 6.492842406311725, 53.199647313440146 ], [ 6.492914776877364, 53.199406063973143 ], [ 6.49293938577966, 53.199316737528143 ], [ 6.492956633748546, 53.199259685987919 ], [ 6.492962362150711, 53.199248436196434 ], [ 6.493087286359417, 53.198936267136396 ], [ 6.493164148563451, 53.198778306419008 ], [ 6.493207965991988, 53.198707485399304 ], [ 6.493243229829407, 53.19866735072776 ], [ 6.493334658564765, 53.198599181931641 ], [ 6.493455952101474, 53.198524968397606 ], [ 6.49350490587698, 53.198497018680527 ], [ 6.493626527110892, 53.198433297998918 ], [ 6.493730768731452, 53.19838576017635 ], [ 6.493852045897129, 53.198335521955329 ], [ 6.494025416660999, 53.198273048784245 ], [ 6.494227144169636, 53.198217547662701 ], [ 6.494317714868866, 53.198207159246998 ], [ 6.494476682167462, 53.198195303664995 ], [ 6.494554316545763, 53.198196932414028 ], [ 6.494606260353442, 53.198195796859004 ], [ 6.494879272624563, 53.198207240793906 ], [ 6.494941719928081, 53.198209539732837 ], [ 6.495028481663336, 53.198211119828031 ], [ 6.495117850362364, 53.198211067224378 ], [ 6.495365806563675, 53.198198361515615 ], [ 6.495407914326225, 53.19819414430328 ], [ 6.495577509050769, 53.198177138743667 ], [ 6.495650233081082, 53.198171101868297 ], [ 6.49574846210146, 53.198157667116085 ], [ 6.495944254349292, 53.198134604749832 ], [ 6.496009459626823, 53.198127738520114 ], [ 6.496121139934702, 53.198123569853344 ], [ 6.496341294775138, 53.198131446270359 ], [ 6.496354442534781, 53.198132367111597 ], [ 6.496472454753398, 53.198140522759758 ], [ 6.496508065723046, 53.198145567266067 ], [ 6.496618593691371, 53.198161816798915 ], [ 6.496795085686153, 53.198200775626411 ], [ 6.497122315653024, 53.198282174892967 ], [ 6.497416261048524, 53.198363423046786 ], [ 6.497452874948931, 53.198373130894687 ], [ 6.497485425026905, 53.198380764554649 ], [ 6.497937198512068, 53.198480913505918 ], [ 6.498353221581411, 53.198568199979647 ], [ 6.498832577980006, 53.198661880490953 ], [ 6.499281088065507, 53.198741961167848 ], [ 6.499404749333295, 53.198768932914291 ], [ 6.499463382103219, 53.198784052457221 ], [ 6.499536673601919, 53.198793078084208 ], [ 6.499606715483558, 53.198804344446565 ], [ 6.49987574500299, 53.198846331638038 ], [ 6.500190891216801, 53.19889970738727 ], [ 6.500630719320907, 53.198985318320339 ], [ 6.501731452886023, 53.199196276961054 ], [ 6.501838096611801, 53.199217248678607 ], [ 6.50197211426482, 53.199244121557022 ], [ 6.50223946242961, 53.199294413507644 ], [ 6.502272144483957, 53.199305944728543 ], [ 6.502311542521412, 53.199313279782373 ], [ 6.502354631594495, 53.199316923061602 ], [ 6.502441787688428, 53.199331955707024 ], [ 6.502502566942998, 53.199342030443525 ], [ 6.502604152014904, 53.199355994229073 ], [ 6.502886779405274, 53.199407957908875 ], [ 6.50312552570269, 53.199455144039604 ], [ 6.503322705902884, 53.199499121926664 ], [ 6.503352598036845, 53.199506329418078 ], [ 6.504048672887425, 53.199635310745705 ], [ 6.504148066518223, 53.199655350439883 ], [ 6.504926510606659, 53.199812504739242 ], [ 6.505166553194443, 53.199861031692478 ], [ 6.50580886379481, 53.199979998887997 ], [ 6.50597135018355, 53.200010322189534 ], [ 6.506000313411586, 53.200015722444377 ], [ 6.506075549106377, 53.200029767309786 ], [ 6.506502924265545, 53.20010746614458 ], [ 6.506610716466797, 53.200124639669163 ], [ 6.506711355715678, 53.200140675683549 ], [ 6.506784870694108, 53.200148355850153 ], [ 6.506844706842174, 53.200145038537791 ], [ 6.506859257196028, 53.200144031045966 ], [ 6.506965162195761, 53.200124719272779 ], [ 6.507146273680096, 53.200080163505461 ], [ 6.50716208340766, 53.200075199205983 ], [ 6.507253082084343, 53.200046626617855 ], [ 6.507343130525987, 53.200018350396746 ], [ 6.507374663862882, 53.200004522466351 ], [ 6.507435052629611, 53.199978059816154 ], [ 6.507610122167942, 53.199901352643614 ], [ 6.507876030979812, 53.199758214083175 ], [ 6.508025862108531, 53.19966629452211 ], [ 6.508039187318859, 53.1996561322429 ], [ 6.508250392234538, 53.199530209620249 ], [ 6.508507853466573, 53.199371377492788 ], [ 6.508669047266669, 53.19927279083285 ], [ 6.508825946577967, 53.199195604696506 ], [ 6.508987147041869, 53.199142910904293 ], [ 6.509143268483521, 53.199106161280497 ], [ 6.509254571803718, 53.199079904420159 ], [ 6.509387653823358, 53.199047476760448 ], [ 6.509467424905223, 53.199041392538213 ], [ 6.509815440374927, 53.199009703096117 ], [ 6.509816760160919, 53.19895042564891 ], [ 6.509819052030818, 53.198847303599173 ], [ 6.509819352124194, 53.198834072856606 ], [ 6.509826151626206, 53.198819864675848 ], [ 6.509833898358812, 53.19880582735658 ], [ 6.509842608448578, 53.198792005679621 ], [ 6.509852251971822, 53.198778399924848 ], [ 6.509862829860592, 53.198765046028726 ], [ 6.5098742976963, 53.198751962379482 ], [ 6.509886656177948, 53.198739175929433 ], [ 6.509899860887142, 53.198726705066846 ], [ 6.509913927018052, 53.198714558635494 ], [ 6.509928795890651, 53.198702782116243 ], [ 6.509944467504664, 53.198691375508751 ], [ 6.509960897675279, 53.198680366185414 ], [ 6.512542049072829, 53.197430328830301 ], [ 6.512762246575736, 53.197323679286953 ], [ 6.512782198616571, 53.197327868423876 ], [ 6.51280249242267, 53.197331389358411 ], [ 6.512823097603728, 53.197334224402894 ], [ 6.512843924393251, 53.197336374399491 ], [ 6.512864912712765, 53.197337830925534 ], [ 6.512886017444678, 53.19733858541808 ], [ 6.512907148588579, 53.197338629735228 ], [ 6.512928246767357, 53.197337982407028 ], [ 6.512949266629571, 53.197336625886379 ], [ 6.512970118876292, 53.197334578984197 ], [ 6.51299075862377, 53.197331842121791 ], [ 6.513011111066442, 53.197328416001447 ], [ 6.513031117061233, 53.197324328137483 ], [ 6.513050701802726, 53.197319579232236 ], [ 6.513069835602178, 53.19731417855099 ], [ 6.51308842939495, 53.197308153889054 ], [ 6.513106453726357, 53.197301523495881 ], [ 6.513123834259066, 53.197294306042323 ], [ 6.513140511616795, 53.197286520058768 ], [ 6.513156456345187, 53.197278183794694 ], [ 6.513171609535935, 53.197269333748928 ], [ 6.513185912047009, 53.19725999743612 ], [ 6.513199349619216, 53.197250201949558 ], [ 6.513211847916017, 53.197239965960044 ], [ 6.513223393146216, 53.19722933452929 ], [ 6.513233941363081, 53.197218344015631 ], [ 6.513243448152243, 53.197207012809045 ], [ 6.513251899488965, 53.19719537698694 ], [ 6.513259266621625, 53.197183481751367 ], [ 6.513265535525676, 53.197171363179677 ], [ 6.513270662021026, 53.197159048645972 ], [ 6.51327464751193, 53.197146592055489 ], [ 6.51327749246712, 53.197134011376697 ], [ 6.51327916836922, 53.19712136079562 ], [ 6.513279661193969, 53.197108676389568 ], [ 6.513279001799662, 53.19709599381433 ], [ 6.513277161201198, 53.197083349287539 ], [ 6.513275758009206, 53.197073135962711 ], [ 6.513275461451641, 53.197062894275788 ], [ 6.513276287424115, 53.197052660023104 ], [ 6.513278222134461, 53.197042478265985 ], [ 6.513281251790545, 53.197032394065751 ], [ 6.513284471057363, 53.197024419884158 ], [ 6.513288381327238, 53.197016547051675 ], [ 6.51329295361376, 53.197008811785871 ], [ 6.513298203345227, 53.197001231914555 ], [ 6.513385989039731, 53.196937017803997 ], [ 6.513375350430723, 53.196931887618213 ], [ 6.512999970443692, 53.196750894173171 ], [ 6.512999652059502, 53.196750735406717 ], [ 6.5122967432073, 53.196411795562561 ], [ 6.512138515257455, 53.196304930886562 ], [ 6.512125537771348, 53.196296165070599 ], [ 6.512083223821176, 53.196267580841443 ], [ 6.512009380657136, 53.196217715978797 ], [ 6.512327268031368, 53.195869199202491 ], [ 6.512570018355391, 53.195582880318156 ], [ 6.514150224119756, 53.193834282136258 ], [ 6.514464276234236, 53.193532847971134 ], [ 6.514622135328734, 53.193363345664338 ], [ 6.514689387078807, 53.193265444784643 ], [ 6.514766930389497, 53.192972253692801 ], [ 6.51487231706483, 53.192729510947061 ], [ 6.514895714445263, 53.192684556694267 ], [ 6.514944402073063, 53.192598386686349 ], [ 6.51499415010817, 53.192519036342972 ], [ 6.515005812097086, 53.192498599459519 ], [ 6.515017645388191, 53.192477846440191 ], [ 6.515080165556406, 53.192382200444143 ], [ 6.515105404251685, 53.192339017119579 ], [ 6.515167044547982, 53.192244646427447 ], [ 6.515249106828785, 53.192110606389754 ], [ 6.5152739351492, 53.19207005989734 ], [ 6.515298619497496, 53.192034322474726 ], [ 6.515335747706363, 53.191972569205745 ], [ 6.515444478157924, 53.191791701674973 ], [ 6.515512595284839, 53.191678380443911 ], [ 6.51572091602625, 53.191367342291159 ], [ 6.515802171752247, 53.191215705048897 ], [ 6.515874801649368, 53.190851602595693 ], [ 6.515902363101883, 53.190713419949041 ], [ 6.515959324064976, 53.190621644948386 ], [ 6.515995910201623, 53.190562709277671 ], [ 6.516088937385859, 53.190517674507362 ], [ 6.516246540251323, 53.190453106405222 ], [ 6.516397643271429, 53.190408953489495 ], [ 6.516523816782014, 53.190395094641993 ], [ 6.516916756721374, 53.190323582564289 ], [ 6.516981189648618, 53.190310628297993 ], [ 6.517070905368869, 53.190285519842917 ], [ 6.517126250483032, 53.190261463040635 ], [ 6.517177018596002, 53.190234025516084 ], [ 6.51720341459797, 53.190212937346494 ], [ 6.51721801254438, 53.190198421558208 ], [ 6.517260112950583, 53.190147898716084 ], [ 6.517270336828023, 53.190130323826011 ], [ 6.517305162481586, 53.190001211517327 ], [ 6.517413301805483, 53.189684814606601 ], [ 6.517611528078946, 53.189400611488772 ], [ 6.517668767149308, 53.189318538299638 ], [ 6.517702281265929, 53.189240651726067 ], [ 6.517704528904546, 53.189217876956469 ], [ 6.517705797327589, 53.189118691009718 ], [ 6.517699952727259, 53.189088551773942 ], [ 6.517698716982654, 53.189063590196049 ], [ 6.517684994323432, 53.189006224513498 ], [ 6.517658189749486, 53.188975563933298 ], [ 6.5176310116035, 53.188954081990587 ], [ 6.517614965128903, 53.188949784967861 ], [ 6.517114294056916, 53.188850368572986 ], [ 6.516518260554355, 53.188753267971848 ], [ 6.516459798433499, 53.188724909196161 ], [ 6.516415941977279, 53.18867029837282 ], [ 6.516392415280294, 53.188626459536998 ], [ 6.516370070878096, 53.188586644461353 ], [ 6.516366394609979, 53.188532347256881 ], [ 6.516422278175161, 53.188359884149008 ], [ 6.516437226166685, 53.188256184035794 ], [ 6.516400195341819, 53.18799988987044 ], [ 6.516391904383406, 53.187942472890825 ], [ 6.516396293649986, 53.187844659432095 ], [ 6.516408426141237, 53.187797609180372 ], [ 6.51645443951416, 53.187734837198299 ], [ 6.516608533555213, 53.187621082962423 ], [ 6.516663708992514, 53.187598097312595 ], [ 6.516723628568914, 53.187591215534304 ], [ 6.516802878319474, 53.18759809856445 ], [ 6.517533028058162, 53.187678737675093 ], [ 6.517867487633747, 53.187690789889018 ], [ 6.517919260486525, 53.18769048149538 ], [ 6.517995527720001, 53.187679976193685 ], [ 6.518054183143609, 53.187662510690082 ], [ 6.51812843395355, 53.187628668631625 ], [ 6.518273439354849, 53.187546297603376 ], [ 6.518299345294468, 53.187516847431375 ], [ 6.518370449643007, 53.18741817995091 ], [ 6.518374832497574, 53.187404416357985 ], [ 6.518393648528073, 53.18734527902167 ], [ 6.518426778712565, 53.187178996445169 ], [ 6.518438800197283, 53.187059696238379 ], [ 6.518442248186266, 53.187012467065557 ], [ 6.51845379189233, 53.186854296126086 ], [ 6.518470084446106, 53.186831981938688 ], [ 6.518552754396745, 53.18678203739946 ], [ 6.518642382175329, 53.18675159058418 ], [ 6.518710124213493, 53.186737247166398 ], [ 6.519444660387662, 53.186601152721124 ], [ 6.519640982702418, 53.186564782202893 ], [ 6.519766360604843, 53.186529566643358 ], [ 6.519957568634939, 53.186468162807984 ], [ 6.520076338883978, 53.186414874739995 ], [ 6.520530732611183, 53.186132280999715 ], [ 6.520658681991108, 53.18606337705733 ], [ 6.520713293296272, 53.186033861709554 ], [ 6.520771568772931, 53.186003161439096 ], [ 6.520828771998518, 53.185977791236454 ], [ 6.520883848838784, 53.185956916345049 ], [ 6.520949644943815, 53.185935185230001 ], [ 6.521011663232136, 53.185922296488272 ], [ 6.521035024161311, 53.185917438628437 ], [ 6.521150488801077, 53.185897394535601 ], [ 6.521154837626708, 53.18589664348751 ], [ 6.521208301004822, 53.185885569914291 ], [ 6.521271950095338, 53.185865269790682 ], [ 6.521295593083739, 53.185852339405457 ], [ 6.521324656074071, 53.185827585545695 ], [ 6.521383581111364, 53.185762335021302 ], [ 6.521431552565949, 53.18570498827912 ], [ 6.521555082972524, 53.185539530086835 ], [ 6.521622728248671, 53.185441144883228 ], [ 6.521661190546674, 53.185390888415348 ], [ 6.521688327090128, 53.185343461964102 ], [ 6.522044968080716, 53.184813492026969 ], [ 6.522059831267476, 53.184792107461554 ], [ 6.522102055997317, 53.184731337056256 ], [ 6.522235707529551, 53.184539011725356 ], [ 6.522484482677601, 53.184198120139548 ], [ 6.522552470657538, 53.18412492904227 ], [ 6.52260172641371, 53.184083017291137 ], [ 6.522667115420369, 53.184030519517435 ], [ 6.522694104661962, 53.184005488380997 ], [ 6.522732658814991, 53.183951986558569 ], [ 6.522790140797453, 53.183847316483281 ], [ 6.522808389422011, 53.183809598371262 ], [ 6.522823056480854, 53.183769937158203 ], [ 6.52283250124983, 53.183727377848541 ], [ 6.522834224926377, 53.183653969349564 ], [ 6.522825701319388, 53.183602800455013 ], [ 6.522802871773641, 53.183503581792181 ], [ 6.522792882106114, 53.183423337699594 ], [ 6.522789061944316, 53.183344464023925 ], [ 6.522793440252412, 53.183320905072293 ], [ 6.522809210341014, 53.18327995733501 ], [ 6.522859178451574, 53.183222483199621 ], [ 6.522906684083053, 53.18318803762827 ], [ 6.522933258922547, 53.183173461571705 ], [ 6.522979448980101, 53.18313392413647 ], [ 6.523007910869661, 53.183102902991884 ], [ 6.52303075053282, 53.183074262578188 ], [ 6.523105901208415, 53.182971995074674 ], [ 6.52317304350594, 53.182898613885776 ], [ 6.523235357903424, 53.182835082591794 ], [ 6.523286939034371, 53.182794074100791 ], [ 6.523324641008275, 53.182770289278089 ], [ 6.523360886966224, 53.182762271456426 ], [ 6.523409481577694, 53.182753381761316 ], [ 6.523600443710723, 53.182739835975134 ], [ 6.523681077745223, 53.182730229167028 ], [ 6.523744136845724, 53.18272015083916 ], [ 6.523781490570277, 53.182709318622798 ], [ 6.523811046940637, 53.182685826522686 ], [ 6.523841803880257, 53.182651089991957 ], [ 6.523908776766269, 53.182549115141413 ], [ 6.524005159371871, 53.182365129817555 ], [ 6.524033680634809, 53.182316485449931 ], [ 6.524069670357433, 53.182269693367139 ], [ 6.524187539651697, 53.182108725116713 ], [ 6.524212208582458, 53.18207972563124 ], [ 6.524224705870244, 53.182054912406201 ], [ 6.52424208316286, 53.182010866864481 ], [ 6.524256617270402, 53.181950277288507 ], [ 6.524273809647034, 53.181889518719963 ], [ 6.524313528186341, 53.181777431684694 ], [ 6.524357335316226, 53.181670086643976 ], [ 6.524387626293955, 53.181622216199898 ], [ 6.524405379033426, 53.181576531533828 ], [ 6.524419557227298, 53.181498996878865 ], [ 6.524419715223621, 53.181494762767791 ], [ 6.524426792986053, 53.181305854614088 ], [ 6.524432888681424, 53.181275395679968 ], [ 6.524459694072614, 53.181210457070733 ], [ 6.524488426785316, 53.181151691831644 ], [ 6.524573007291201, 53.181003224439628 ], [ 6.524587514932914, 53.180958163618961 ], [ 6.524606656060777, 53.180911252571647 ], [ 6.524631108283838, 53.180844449080816 ], [ 6.524658245122509, 53.18078360508764 ], [ 6.524700222150559, 53.180703452233729 ], [ 6.524742053531603, 53.180640527752537 ], [ 6.524775384313664, 53.18059908061548 ], [ 6.52479390180728, 53.18058308880714 ], [ 6.524903013766512, 53.180500672412023 ], [ 6.524918725072007, 53.180475810629659 ], [ 6.524923142405986, 53.180453221734211 ], [ 6.524744253938758, 53.179978736251933 ], [ 6.52470764345497, 53.179837340373261 ], [ 6.524694505946815, 53.179774020702446 ], [ 6.524688652273041, 53.179733996689642 ], [ 6.524692320015293, 53.179702805894621 ], [ 6.524697847596578, 53.179687170964677 ], [ 6.524716764486532, 53.179665900329496 ], [ 6.52474358966699, 53.179642173261186 ], [ 6.524858981762801, 53.179573976749921 ], [ 6.524911212961891, 53.179543107009913 ], [ 6.524929695495945, 53.179529218331652 ], [ 6.524942044470197, 53.179517014393767 ], [ 6.524949924800124, 53.179503253267001 ], [ 6.524948407652802, 53.179476838526384 ], [ 6.524940451981837, 53.179453594185865 ], [ 6.524924676487234, 53.179426496963373 ], [ 6.524829544159149, 53.179288909436565 ], [ 6.52480425954496, 53.179242626487046 ], [ 6.524779613107607, 53.17918192321816 ], [ 6.524770886064397, 53.179125912614147 ], [ 6.524789006812918, 53.179092005584799 ], [ 6.524820818665632, 53.179057123935678 ], [ 6.524872543502622, 53.179013273592034 ], [ 6.524925872323688, 53.178984352466884 ], [ 6.525084814552229, 53.178914780941135 ], [ 6.525126231067913, 53.178900449932179 ], [ 6.52518603226245, 53.178882745257781 ], [ 6.525233497935198, 53.178872059218769 ], [ 6.525273606281955, 53.178860885830304 ], [ 6.525360074932825, 53.178796998226922 ], [ 6.525416317185026, 53.178752044359854 ], [ 6.525465661415497, 53.17870018246213 ], [ 6.525503321403569, 53.178652232729668 ], [ 6.525539965089906, 53.178610574159826 ], [ 6.525555575160369, 53.178585883975394 ], [ 6.525568982016468, 53.178556478846538 ], [ 6.525578161087016, 53.178526709462822 ], [ 6.525574488452524, 53.178504799421027 ], [ 6.525561774820889, 53.178487198841516 ], [ 6.525551282340314, 53.178467034009152 ], [ 6.525467542290978, 53.178338891389537 ], [ 6.525425206721088, 53.178277870882603 ], [ 6.525420705466055, 53.178250612776651 ], [ 6.525424893066999, 53.178233525731244 ], [ 6.525446483435934, 53.178200196730188 ], [ 6.525492715609287, 53.178157997823639 ], [ 6.525578938522399, 53.178100187209608 ], [ 6.525663067343508, 53.178050915568335 ], [ 6.525702630074048, 53.178029269006444 ], [ 6.52574397663363, 53.178019710242538 ], [ 6.526116527849148, 53.177953545658248 ], [ 6.526160496247206, 53.177941310843281 ], [ 6.526194691736945, 53.17791750443017 ], [ 6.526203497823493, 53.17789916031176 ], [ 6.526208367596343, 53.177883567492216 ], [ 6.526207500888789, 53.177870527397154 ], [ 6.526200589452519, 53.177852305619446 ], [ 6.526156146458494, 53.177805009714845 ], [ 6.526123171826146, 53.177754136093299 ], [ 6.52610711487176, 53.177725442095714 ], [ 6.52609647397776, 53.17769622935797 ], [ 6.526099134946737, 53.177672866267429 ], [ 6.526106460574368, 53.177652262643861 ], [ 6.52611736760263, 53.177633611008403 ], [ 6.52615057963148, 53.177592335295159 ], [ 6.526198022689464, 53.177545613398465 ], [ 6.526255872820478, 53.177502171526477 ], [ 6.526308330694741, 53.177472089788452 ], [ 6.52634605773537, 53.177452904758738 ], [ 6.526411577884843, 53.177432646882437 ], [ 6.526483341654885, 53.177429107355465 ], [ 6.526570949901356, 53.177431411194746 ], [ 6.526603142998838, 53.17743611074205 ], [ 6.527025126520423, 53.177525694062865 ], [ 6.527044595756515, 53.177527746615645 ], [ 6.527059218612866, 53.177525253157967 ], [ 6.527095157230679, 53.177512573111947 ], [ 6.527105969770932, 53.177497166390829 ], [ 6.527212226701837, 53.177280696968232 ], [ 6.527586690034175, 53.177038213272319 ], [ 6.527595408849339, 53.177031345575898 ], [ 6.527619268253773, 53.176981468482133 ], [ 6.527631117263502, 53.176962834699658 ], [ 6.527652697572647, 53.176921264787154 ], [ 6.527674816850402, 53.176887094583876 ], [ 6.527708758974243, 53.176816272987281 ], [ 6.527768755969856, 53.176708520823041 ], [ 6.527801134550258, 53.17664478640917 ], [ 6.52785389151174, 53.176542135480538 ], [ 6.527886444790655, 53.176470850751812 ], [ 6.527945985995566, 53.176345839829779 ], [ 6.527962961092188, 53.176309462902815 ], [ 6.528032286715542, 53.176145402538836 ], [ 6.528078880764784, 53.176058096091936 ], [ 6.528099770883276, 53.17601307286106 ], [ 6.528120218926518, 53.175985325808 ], [ 6.528141811368227, 53.175967515872841 ], [ 6.528178086217892, 53.175937012135272 ], [ 6.528231730254531, 53.175923677980101 ], [ 6.528310488270344, 53.17591378025886 ], [ 6.528410998936166, 53.175909741312843 ], [ 6.528506423435945, 53.175911915407305 ], [ 6.528610858678245, 53.175924544768002 ], [ 6.528687592477702, 53.175944519090812 ], [ 6.528775509750932, 53.175962050410455 ], [ 6.528855546163411, 53.175973402126466 ], [ 6.528935549506971, 53.175981797558464 ], [ 6.528984135755143, 53.175980858623895 ], [ 6.529033121522517, 53.175972385210621 ], [ 6.529073276351999, 53.175952906583255 ], [ 6.529098374504883, 53.175925124060761 ], [ 6.529109100927681, 53.175891187880111 ], [ 6.529118375013166, 53.175842455840659 ], [ 6.529118383071021, 53.17578380112775 ], [ 6.529104430054042, 53.175714145146749 ], [ 6.529060562369195, 53.175566798515803 ], [ 6.529054383889985, 53.175520262546435 ], [ 6.529046497068816, 53.175332996863155 ], [ 6.529090005209111, 53.175220674094767 ], [ 6.529134759297137, 53.175126105677812 ], [ 6.529178170170753, 53.17506113347288 ], [ 6.529215531787263, 53.174995913326939 ], [ 6.529240931947205, 53.174917812670564 ], [ 6.529303599914262, 53.174822534361454 ], [ 6.529328177172297, 53.174789212088129 ], [ 6.529422487727091, 53.17471072455006 ], [ 6.529493437847056, 53.174655563692809 ], [ 6.529608222764261, 53.174584977747081 ], [ 6.529725664621266, 53.174537434628746 ], [ 6.52982179344999, 53.174492745509539 ], [ 6.530004684110243, 53.174399268619858 ], [ 6.530254785399963, 53.174276762467599 ], [ 6.530356025573686, 53.174230271819084 ], [ 6.530474523506165, 53.174181441802553 ], [ 6.530516992599416, 53.174146043535103 ], [ 6.530569627706286, 53.17409066125358 ], [ 6.53062958153235, 53.174003765496778 ], [ 6.530688274101579, 53.173921222199354 ], [ 6.530743182470544, 53.173852266557795 ], [ 6.530775169617188, 53.173805097035874 ], [ 6.5307915868897, 53.173755658648993 ], [ 6.530790585693043, 53.173717763267298 ], [ 6.530764215489672, 53.173671833310678 ], [ 6.530740356205423, 53.173629231353509 ], [ 6.530713153511108, 53.173593679711878 ], [ 6.530657268656906, 53.173524882069238 ], [ 6.530601503171442, 53.173437382416274 ], [ 6.530555727209769, 53.173339632764502 ], [ 6.530500298835457, 53.173228073064308 ], [ 6.530418506107186, 53.173094550163597 ], [ 6.530377033006823, 53.172990370029162 ], [ 6.530354657906373, 53.172883877997769 ], [ 6.530349629117962, 53.172802193980488 ], [ 6.530358342362763, 53.172679634272377 ], [ 6.530360154173771, 53.172654230212558 ], [ 6.530368326187599, 53.172627273756405 ], [ 6.530365767083168, 53.172523576286231 ], [ 6.530365975653506, 53.172470311471471 ], [ 6.53039233298289, 53.172398572767349 ], [ 6.530433932497906, 53.172358060499008 ], [ 6.53049046607999, 53.172322384316828 ], [ 6.530572126390012, 53.172283341200078 ], [ 6.530724545735173, 53.172244962160576 ], [ 6.530896609166354, 53.172219875252935 ], [ 6.531088944254583, 53.172200130362477 ], [ 6.531177938886631, 53.172182845000243 ], [ 6.531259247019885, 53.172159935491415 ], [ 6.531326318586755, 53.172093514470092 ], [ 6.531356039238096, 53.172067610410608 ], [ 6.531395066079934, 53.172031660517355 ], [ 6.531444516022401, 53.171975301700684 ], [ 6.53151774364471, 53.171905290127796 ], [ 6.531613618982443, 53.171795297174967 ], [ 6.531677083061796, 53.171735021180389 ], [ 6.531787775072224, 53.171655997826853 ], [ 6.531887428409513, 53.171588249949529 ], [ 6.53192422394116, 53.171569754943192 ], [ 6.531994464585638, 53.171544065930078 ], [ 6.532046478418689, 53.171530979219007 ], [ 6.532117686177865, 53.171516415144545 ], [ 6.532225505728821, 53.171516562719781 ], [ 6.53229796043611, 53.171517479318169 ], [ 6.532406310523139, 53.171544464275911 ], [ 6.532543112724255, 53.171595989008253 ], [ 6.532667604500584, 53.1716621263894 ], [ 6.532783805649034, 53.171733141638093 ], [ 6.532966918273295, 53.171855531101578 ], [ 6.533183278383306, 53.171980163654169 ], [ 6.53325649024507, 53.172013037346105 ], [ 6.533439219518978, 53.172075669676325 ], [ 6.533538322454159, 53.172094501424489 ], [ 6.533621352400781, 53.172092045040181 ], [ 6.53369762787837, 53.172080765559919 ], [ 6.533783985062585, 53.172045827070001 ], [ 6.533879790502367, 53.171992681411616 ], [ 6.533973017280309, 53.171945518374564 ], [ 6.534055711869847, 53.171916303157651 ], [ 6.534140356316511, 53.171884481123826 ], [ 6.534247965202959, 53.171868740804769 ], [ 6.534398824756785, 53.171849558116676 ], [ 6.534531715117129, 53.171827285101266 ], [ 6.534630725034407, 53.171821170366258 ], [ 6.534669874171347, 53.171826052784432 ], [ 6.534724028249844, 53.171848584810768 ], [ 6.53480433767956, 53.171874973286762 ], [ 6.534867108746809, 53.171889694395787 ], [ 6.534926527882461, 53.171878961898422 ], [ 6.534967277742627, 53.171850578915524 ], [ 6.535064604605131, 53.171798478134555 ], [ 6.535171196591183, 53.171742720927774 ], [ 6.535269394468475, 53.171695284606514 ], [ 6.535333503007875, 53.171667396737782 ], [ 6.535367567337633, 53.17164240263368 ], [ 6.535370906972589, 53.171610432692546 ], [ 6.53533637704445, 53.171573325674913 ], [ 6.53529685477996, 53.171528430240208 ], [ 6.535212231519012, 53.171452154500336 ], [ 6.535193842528085, 53.171396569449435 ], [ 6.535194980642787, 53.17137237592592 ], [ 6.53519703323902, 53.171327963045236 ], [ 6.535217116154935, 53.171265835905082 ], [ 6.535271814938799, 53.171209110670674 ], [ 6.535338355193258, 53.171137039922549 ], [ 6.535380301595214, 53.171081631956056 ], [ 6.535418160483018, 53.171031690955751 ], [ 6.535429434831645, 53.170985940626572 ], [ 6.535407664288077, 53.17094777683274 ], [ 6.535330716093306, 53.170896949281904 ], [ 6.53524621229487, 53.170851073692425 ], [ 6.535167132660734, 53.170810654823541 ], [ 6.535056942910152, 53.170778585644541 ], [ 6.534944202731372, 53.170753541251941 ], [ 6.534784109618997, 53.170731160686664 ], [ 6.534689727633236, 53.1707024535798 ], [ 6.534590955435145, 53.170657630715233 ], [ 6.534456906018903, 53.170602738993814 ], [ 6.534284969942943, 53.170537497723693 ], [ 6.534082530435924, 53.170467362804217 ], [ 6.533922487989308, 53.17040054244822 ], [ 6.533814423813338, 53.170355484309752 ], [ 6.533633617411173, 53.170239274730029 ], [ 6.533570018500201, 53.170170030915742 ], [ 6.533563618571989, 53.170133921509986 ], [ 6.533563864124785, 53.170085589848561 ], [ 6.533579966885957, 53.170057766492782 ], [ 6.533649615694457, 53.170009858556362 ], [ 6.533719310780017, 53.169971044458151 ], [ 6.533777083667107, 53.169927042309382 ], [ 6.533805340148731, 53.169907514039053 ], [ 6.533834423085636, 53.169883053263533 ], [ 6.533861406967412, 53.169856698434806 ], [ 6.53388321866553, 53.16980841212397 ], [ 6.533863411010353, 53.169772574747704 ], [ 6.533817964525624, 53.16970715642848 ], [ 6.533727103929482, 53.169582043819162 ], [ 6.533661678151023, 53.16949404474488 ], [ 6.533586671741462, 53.169387607108611 ], [ 6.533552378540747, 53.169297755619006 ], [ 6.533535836673533, 53.169214105808663 ], [ 6.533560456764016, 53.169149886611926 ], [ 6.533584565603646, 53.169064104726871 ], [ 6.53360667909334, 53.169026653271885 ], [ 6.533634779575518, 53.168967370302269 ], [ 6.533748558956626, 53.168813898363602 ], [ 6.533770691729323, 53.168777749729976 ], [ 6.533820861657238, 53.168722856726987 ], [ 6.533889880575903, 53.168681182275371 ], [ 6.534022396333659, 53.168619157091712 ], [ 6.534166598580387, 53.168560228131774 ], [ 6.53431230956661, 53.16850181476179 ], [ 6.534412318468877, 53.168477250312677 ], [ 6.534528336111492, 53.168455785687279 ], [ 6.534642185221116, 53.168430935823558 ], [ 6.534746711339566, 53.168399084746902 ], [ 6.53482707326353, 53.168383128344722 ], [ 6.534944095541984, 53.168340346725195 ], [ 6.535013866084276, 53.168325956389666 ], [ 6.535145384083886, 53.168287313357766 ], [ 6.535291807719448, 53.168243450070953 ], [ 6.535441086935715, 53.168213101897614 ], [ 6.535575133435141, 53.16821004764212 ], [ 6.535649187401415, 53.168211135576968 ], [ 6.535789147418358, 53.16820325260661 ], [ 6.535908651034769, 53.168190353310891 ], [ 6.535988387272569, 53.168176208403928 ], [ 6.536090390956625, 53.168164887491365 ], [ 6.536200559797105, 53.168140044442843 ], [ 6.536256878402005, 53.168112428369675 ], [ 6.536290282507439, 53.168083531155318 ], [ 6.536292323812573, 53.168053388861495 ], [ 6.536265311087846, 53.168002496642181 ], [ 6.536172346072386, 53.167894013005572 ], [ 6.536041699288032, 53.167768169026374 ], [ 6.535986339307802, 53.16771185993062 ], [ 6.53589763644156, 53.167640530341465 ], [ 6.535833014571671, 53.167590214044594 ], [ 6.535764594324587, 53.167510018061158 ], [ 6.535730601929007, 53.167441201623532 ], [ 6.535727111824894, 53.167377287158601 ], [ 6.535729378240249, 53.16729361015939 ], [ 6.535741626745573, 53.167219803551269 ], [ 6.535775485318558, 53.167144918215513 ], [ 6.535804617059405, 53.1670739333615 ], [ 6.535815943276444, 53.166984535017434 ], [ 6.535812399393575, 53.166907887194249 ], [ 6.535809973258699, 53.166839550156467 ], [ 6.535803829590201, 53.166761857844726 ], [ 6.53578402925814, 53.166676136632169 ], [ 6.535760421114051, 53.166608092390319 ], [ 6.535745912535222, 53.166546530095623 ], [ 6.535729816181652, 53.1664662641343 ], [ 6.535720093663585, 53.166431786220301 ], [ 6.535730063119421, 53.166366215084665 ], [ 6.535736408123499, 53.166330873304993 ], [ 6.535741790973746, 53.166267718542791 ], [ 6.535752800802802, 53.166209236768182 ], [ 6.53579237928096, 53.166157212170688 ], [ 6.535863873083191, 53.166086171876465 ], [ 6.535926785330343, 53.166030994058218 ], [ 6.535982110485957, 53.165990267307727 ], [ 6.536033419189842, 53.165964990867046 ], [ 6.536200696055443, 53.165846239737938 ], [ 6.536390214574239, 53.165745194243662 ], [ 6.536471099426422, 53.165705767921111 ], [ 6.536546155432597, 53.16566533701782 ], [ 6.53660611295103, 53.165641424233051 ], [ 6.536644226382362, 53.16562552114496 ], [ 6.536750860963314, 53.165581588134984 ], [ 6.536825781069035, 53.165541688558584 ], [ 6.536879681413224, 53.165492410904051 ], [ 6.536919460841842, 53.165452533733358 ], [ 6.536996055169545, 53.165361385936968 ], [ 6.537115702059653, 53.16524383616543 ], [ 6.537242442533945, 53.1651135742053 ], [ 6.537309402577342, 53.165043142640087 ], [ 6.537335382018751, 53.16501632030544 ], [ 6.537357472078926, 53.164998449892366 ], [ 6.53738411924803, 53.164976500812195 ], [ 6.537417571090916, 53.164911243376814 ], [ 6.537436621418384, 53.164838620378411 ], [ 6.537429808394069, 53.164744273523837 ], [ 6.537434395696652, 53.164626506287483 ], [ 6.537441292805947, 53.164530392336545 ], [ 6.537440991489349, 53.164458260543334 ], [ 6.53741499816376, 53.16440743064166 ], [ 6.53735742907019, 53.164362996533129 ], [ 6.537226343525688, 53.164344214211511 ], [ 6.537052032267679, 53.164349229249204 ], [ 6.536922245167618, 53.164369201927855 ], [ 6.536806696396242, 53.164407307491885 ], [ 6.536722988326233, 53.164425903468569 ], [ 6.536643599734736, 53.16443823032224 ], [ 6.536546995706607, 53.164423924417719 ], [ 6.536445737249659, 53.164380735496387 ], [ 6.536329616253994, 53.164310531739687 ], [ 6.536240889989187, 53.16419638189749 ], [ 6.536164048269292, 53.164097871428496 ], [ 6.536122154454365, 53.164024799274173 ], [ 6.53613247213584, 53.163952107396803 ], [ 6.536147894044779, 53.163857637225277 ], [ 6.536160321582582, 53.163763591153725 ], [ 6.536171117055703, 53.163630020090508 ], [ 6.536207096814265, 53.163555186084608 ], [ 6.536168654438373, 53.163484812753971 ], [ 6.53609718556075, 53.163418548241054 ], [ 6.536053787838904, 53.163366536865745 ], [ 6.536021677785263, 53.163299239091849 ], [ 6.536018043953085, 53.163214692905775 ], [ 6.536049642328474, 53.16307110021819 ], [ 6.536060257451121, 53.163033291099204 ], [ 6.536126890926091, 53.162972577684357 ], [ 6.536159982615533, 53.16291232949763 ], [ 6.536216917982828, 53.162840592666939 ], [ 6.536309522172624, 53.162779818929941 ], [ 6.536457250231922, 53.162733452241255 ], [ 6.536527461678165, 53.162701667810815 ], [ 6.536557303126459, 53.162665462620879 ], [ 6.536558678171837, 53.16262262871637 ], [ 6.536551086068432, 53.162569258731097 ], [ 6.536529313333147, 53.162521874921545 ], [ 6.536476687845584, 53.162424705077697 ], [ 6.536452318359774, 53.16237299667722 ], [ 6.536417448738558, 53.162312141813402 ], [ 6.536365266129088, 53.162259810361959 ], [ 6.536304928746021, 53.162212895045215 ], [ 6.536224384572495, 53.162142646697788 ], [ 6.536162838989787, 53.162080052442079 ], [ 6.536118740016264, 53.162024668869591 ], [ 6.536060278533058, 53.161992077923273 ], [ 6.53598135535298, 53.161959790874832 ], [ 6.535868756538713, 53.16191668319086 ], [ 6.53578584026121, 53.161876463241789 ], [ 6.535709656205861, 53.161825664517544 ], [ 6.535648140472746, 53.161790083166579 ], [ 6.535567659245624, 53.161753146775581 ], [ 6.535489387906079, 53.161731313460947 ], [ 6.535477240815062, 53.161728275552129 ], [ 6.535398547436023, 53.161708567037984 ], [ 6.535339082806739, 53.161685475107504 ], [ 6.535293443432775, 53.161643558795291 ], [ 6.53525274048669, 53.161574087478151 ], [ 6.535216687413762, 53.161505164725575 ], [ 6.535176098444233, 53.16145746660721 ], [ 6.535107680721207, 53.161420944588357 ], [ 6.535028790243069, 53.161406746453494 ], [ 6.534928652971995, 53.161401019284604 ], [ 6.534812079016627, 53.161409800847267 ], [ 6.534648541151423, 53.161419750767443 ], [ 6.534491873902649, 53.161417008659654 ], [ 6.534424023280362, 53.161398480808018 ], [ 6.53435295889792, 53.161357975707951 ], [ 6.534265142190621, 53.1612873283539 ], [ 6.534203497865706, 53.161208998666986 ], [ 6.534173878280593, 53.161145235210817 ], [ 6.534141356203273, 53.161066159542656 ], [ 6.534131238457154, 53.160996907439525 ], [ 6.534126066435515, 53.160933170665452 ], [ 6.534158614313038, 53.160869279679559 ], [ 6.534225992601892, 53.160801712426078 ], [ 6.534289296751711, 53.160740654406986 ], [ 6.534335841859987, 53.160702258957592 ], [ 6.534378230586226, 53.160629448975364 ], [ 6.534434703543477, 53.160572428285633 ], [ 6.534520492295115, 53.16049942754664 ], [ 6.534605860772897, 53.160423555081003 ], [ 6.534672440976927, 53.160369933279995 ], [ 6.534756149452376, 53.16029914498499 ], [ 6.534799572520751, 53.160264841136382 ], [ 6.534867941737714, 53.160193552578676 ], [ 6.534944473777266, 53.160119984126077 ], [ 6.535028238760177, 53.160061515600731 ], [ 6.535129571277754, 53.160035176320939 ], [ 6.535253477452788, 53.160027321700646 ], [ 6.535374794134739, 53.160022744873828 ], [ 6.535490610043913, 53.160010330456565 ], [ 6.535594631369817, 53.159975454792473 ], [ 6.535671012756145, 53.159939675606026 ], [ 6.535739234747976, 53.159892786334801 ], [ 6.53577658428007, 53.159852770968747 ], [ 6.535795819291572, 53.159823164805722 ], [ 6.535815933626317, 53.159797962593416 ], [ 6.535847371076976, 53.159750392272564 ], [ 6.535906432854047, 53.159681169314318 ], [ 6.535956693203294, 53.159623416589056 ], [ 6.535994950992256, 53.159573129840794 ], [ 6.536013139526188, 53.159528885642594 ], [ 6.535998357261173, 53.159484544045284 ], [ 6.535942582984459, 53.159419539873277 ], [ 6.535886909099665, 53.159349295572696 ], [ 6.535875359568075, 53.159297176601349 ], [ 6.535892955829602, 53.159250332002635 ], [ 6.535919886885011, 53.159216644074363 ], [ 6.535963487410926, 53.159167123901014 ], [ 6.536024832135896, 53.159143413680731 ], [ 6.536117596063198, 53.159088946974407 ], [ 6.536201084845357, 53.159039925065883 ], [ 6.536339810521485, 53.158987210323325 ], [ 6.536481378396002, 53.158939069265372 ], [ 6.536662321337288, 53.158867589904766 ], [ 6.536928760961472, 53.158754087052209 ], [ 6.537168312039939, 53.158652227476779 ], [ 6.53730563894459, 53.158595912430627 ], [ 6.537333242661956, 53.158580289611194 ], [ 6.537615985885724, 53.158543715162601 ], [ 6.537759473580792, 53.158481840708788 ], [ 6.537852058506326, 53.158441591023632 ], [ 6.537794564034684, 53.158323152348501 ], [ 6.53771851700813, 53.158166501282842 ], [ 6.537654611073237, 53.158067265371457 ], [ 6.537591751520237, 53.157989398325526 ], [ 6.537327468377693, 53.157761645714643 ], [ 6.537131078646381, 53.157543413961868 ], [ 6.537102330251336, 53.157491693715791 ], [ 6.537059765102192, 53.157362183838885 ], [ 6.53703398225481, 53.157208734609355 ], [ 6.537017610334791, 53.157051034331992 ], [ 6.537065846018019, 53.156919449204082 ], [ 6.537172387146575, 53.156737690069342 ], [ 6.537571745298361, 53.156392576606123 ], [ 6.53762122761717, 53.156346845538707 ], [ 6.537685596572544, 53.156240186676513 ], [ 6.537744666850446, 53.156119236131993 ], [ 6.537752345989298, 53.156057694552452 ], [ 6.537753333231502, 53.156014945135837 ], [ 6.537753637153801, 53.156001624179879 ], [ 6.537743941067128, 53.155922527939751 ], [ 6.537674802200077, 53.155734797926364 ], [ 6.537631495092023, 53.155676971878577 ], [ 6.537556504673775, 53.155594233683551 ], [ 6.537455043118489, 53.155515074489095 ], [ 6.53651108578079, 53.154885142063186 ], [ 6.536015609263929, 53.154560328894448 ], [ 6.535840026314979, 53.154405430308444 ], [ 6.535759010778879, 53.154312881519999 ], [ 6.535590650299411, 53.154058180814566 ], [ 6.535339308940124, 53.153554305338893 ], [ 6.535118044317945, 53.152962729211993 ], [ 6.535070486095572, 53.152919689849703 ], [ 6.535015890494261, 53.152863813196532 ], [ 6.534929408092301, 53.152793261307934 ], [ 6.534824659815397, 53.152730675579676 ], [ 6.534692738484678, 53.152660351896593 ], [ 6.534298388237497, 53.152472183269133 ], [ 6.534189689591356, 53.152399228389484 ], [ 6.534128813688547, 53.152351688035296 ], [ 6.534088328566149, 53.152314314012372 ], [ 6.534054227715288, 53.152263426042879 ], [ 6.534015279925113, 53.152212404709431 ], [ 6.53397691322248, 53.152135334820443 ], [ 6.533942184633623, 53.152046610517985 ], [ 6.533921259618321, 53.151964871476459 ], [ 6.533915153495046, 53.151925083591379 ], [ 6.533924776786422, 53.15184137179174 ], [ 6.533936938159845, 53.151795370176522 ], [ 6.533973377623766, 53.151691820131958 ], [ 6.534008650380234, 53.151626078614434 ], [ 6.534062457897265, 53.151543336931795 ], [ 6.534131164444716, 53.151473402250922 ], [ 6.53417006459879, 53.15143853067395 ], [ 6.534234274887762, 53.151391878147017 ], [ 6.534459139496602, 53.151254936829623 ], [ 6.534603880368986, 53.151171135709205 ], [ 6.53469768002591, 53.151111762279911 ], [ 6.534753908487755, 53.151067998668623 ], [ 6.534826054038226, 53.15100324283285 ], [ 6.534903797611327, 53.150903790228249 ], [ 6.534943548344603, 53.150844646578896 ], [ 6.535106554979989, 53.150511562950101 ], [ 6.535139581061485, 53.15044406323927 ], [ 6.535185883034149, 53.15035689062573 ], [ 6.535195636011948, 53.150338527565623 ], [ 6.535243874974305, 53.150247741754484 ], [ 6.535333507514724, 53.150122060051302 ], [ 6.535378196298381, 53.150077256387398 ], [ 6.535425414894036, 53.150039357095039 ], [ 6.535552526372375, 53.149949936316339 ], [ 6.535602718595231, 53.149920464797944 ], [ 6.535812096518001, 53.149823982832423 ], [ 6.535914264934622, 53.149780479310543 ], [ 6.536060216554646, 53.149713873971862 ], [ 6.536431499673423, 53.149559502152279 ], [ 6.536575104043827, 53.149502516311898 ], [ 6.536671970600379, 53.149453050973719 ], [ 6.536817080294028, 53.149362692331877 ], [ 6.536975470267854, 53.149236556465276 ], [ 6.537050604310305, 53.149155666643338 ], [ 6.537091319373084, 53.149105427623546 ], [ 6.537126483842852, 53.149049939780561 ], [ 6.537168271333322, 53.148940442117215 ], [ 6.537193786906869, 53.148656644658971 ], [ 6.537197584528122, 53.148564900464883 ], [ 6.537219998168847, 53.148473948185405 ], [ 6.537274294052183, 53.148330028764533 ], [ 6.537305714390513, 53.148233202691408 ], [ 6.53745846827754, 53.147926544388966 ], [ 6.537519599456563, 53.147822243840878 ], [ 6.537534499698435, 53.147796821648534 ], [ 6.537694475448989, 53.147543833261906 ], [ 6.537754800659519, 53.147427237716563 ], [ 6.537800658660197, 53.147326480542056 ], [ 6.537837040835984, 53.147230262667627 ], [ 6.53785064560375, 53.147172402412117 ], [ 6.537857455207334, 53.14714346322743 ], [ 6.537875252785811, 53.147036370300938 ], [ 6.537932437975681, 53.146637303368642 ], [ 6.537940205409348, 53.146583093762075 ], [ 6.537942703580545, 53.146565725717934 ], [ 6.538015606269406, 53.146218216419534 ], [ 6.538069742019036, 53.1460982921501 ], [ 6.53813113493717, 53.145980365063799 ], [ 6.538279938905475, 53.145717948228878 ], [ 6.538308417899903, 53.145634333321105 ], [ 6.538317898773838, 53.145596256061346 ], [ 6.538324416982027, 53.145522620473997 ], [ 6.53831968546838, 53.145477867911787 ], [ 6.538296808101975, 53.145384717275356 ], [ 6.538270568452735, 53.145337717963251 ], [ 6.538222935288403, 53.145264656399114 ], [ 6.538206946221375, 53.145245111420209 ], [ 6.538062443129441, 53.145115744709443 ], [ 6.537999639700968, 53.145050557180632 ], [ 6.53782944966076, 53.144824579677035 ], [ 6.537078359767455, 53.143799187676834 ], [ 6.536990233823048, 53.143668964178786 ], [ 6.536951685592371, 53.143597917789037 ], [ 6.536872066858904, 53.143421026226449 ], [ 6.536828512352892, 53.143302111453671 ], [ 6.536824654627283, 53.1432896571349 ], [ 6.536791559409806, 53.143183016509241 ], [ 6.536783060748379, 53.143155626102875 ], [ 6.536746136985411, 53.142962140063275 ], [ 6.53674029536454, 53.142900260681387 ], [ 6.536736135096286, 53.14285612262605 ], [ 6.536731998122008, 53.142812298876436 ], [ 6.536729134345236, 53.142742105311605 ], [ 6.53673036099225, 53.142722430936033 ], [ 6.536740002910289, 53.142568722061725 ], [ 6.536750668951735, 53.142484595337798 ], [ 6.53681536047821, 53.142209408133439 ], [ 6.536848218973344, 53.142117340041068 ], [ 6.536923638698494, 53.141954175248827 ], [ 6.536963829283614, 53.141885545636093 ], [ 6.537117962413193, 53.141650739390634 ], [ 6.537214303807528, 53.141525863101322 ], [ 6.537302365580053, 53.141420153667468 ], [ 6.537337407794212, 53.141383385786078 ], [ 6.537370977330163, 53.141355888197545 ], [ 6.537413175197313, 53.141317317203999 ], [ 6.537508878653705, 53.141229830919336 ], [ 6.537632845109362, 53.141126095099274 ], [ 6.537673408419053, 53.141098027031212 ], [ 6.537739902009309, 53.141046335914986 ], [ 6.538543129420791, 53.140488328408239 ], [ 6.538587859935074, 53.140459087670166 ], [ 6.538589035175069, 53.140458321505719 ], [ 6.538751504541308, 53.140352129631118 ], [ 6.539135896376435, 53.140082585210024 ], [ 6.53933976998593, 53.139945287343757 ], [ 6.53945607536083, 53.139851616275443 ], [ 6.539518538185739, 53.139797428667372 ], [ 6.539595935163811, 53.139717000379186 ], [ 6.539646869631047, 53.139658106758048 ], [ 6.539871718674099, 53.139383048620793 ], [ 6.539878252653651, 53.139370808951725 ], [ 6.539938657754147, 53.139272462867112 ], [ 6.539942614572403, 53.139266152169554 ], [ 6.539992579905018, 53.139157949347663 ], [ 6.54000334685164, 53.139134615452363 ], [ 6.540037820176228, 53.139033930639663 ], [ 6.5400739626885, 53.138879157484922 ], [ 6.54008694345669, 53.138737952229029 ], [ 6.54008535428098, 53.138567572908123 ], [ 6.540058523386189, 53.138398847322016 ], [ 6.540009768714126, 53.13821548680415 ], [ 6.539769563290852, 53.137505628545341 ], [ 6.539684684089501, 53.137249509438178 ], [ 6.539624301024584, 53.137053598455942 ], [ 6.539571382287584, 53.13690177574297 ], [ 6.539519086185766, 53.136637920204521 ], [ 6.539490791187265, 53.136452781007073 ], [ 6.539475176806855, 53.136314034439735 ], [ 6.539471110836395, 53.13604142040839 ], [ 6.539563403424773, 53.135225538884256 ], [ 6.53966827495842, 53.134345614418066 ], [ 6.539692327359638, 53.13410884689246 ], [ 6.539715537538841, 53.133966842116372 ], [ 6.539724461541621, 53.133815817403445 ], [ 6.539711313680143, 53.133628213858842 ], [ 6.539663828034572, 53.133443987037921 ], [ 6.539627364699673, 53.133335968367703 ], [ 6.539542650663392, 53.133137415446086 ], [ 6.53948088250154, 53.133027977568808 ], [ 6.539407674967687, 53.13292326877508 ], [ 6.539109534993098, 53.132542326761474 ], [ 6.539080981964577, 53.132505846072121 ], [ 6.538983009148322, 53.132509915246409 ], [ 6.538828527359255, 53.13251633379938 ], [ 6.536288122788561, 53.132621828124861 ], [ 6.534438164147401, 53.132695245477471 ], [ 6.53409081374398, 53.132700835434477 ], [ 6.533767850120763, 53.132696296785198 ], [ 6.532222772144061, 53.132477474706128 ], [ 6.530381738747874, 53.132221367730885 ], [ 6.52852448676187, 53.13195849437917 ], [ 6.528046345191558, 53.131937633965968 ], [ 6.527754857230981, 53.131924053473661 ], [ 6.526400800106108, 53.131854294771145 ], [ 6.525256152391861, 53.131799633392575 ], [ 6.523812588530439, 53.131717988606844 ], [ 6.522085391110176, 53.131631895993465 ], [ 6.519307041734716, 53.131500115297413 ], [ 6.517508826490902, 53.131418483082264 ], [ 6.517405273041303, 53.13140218774636 ], [ 6.51727364858476, 53.131381484067958 ], [ 6.517215451149435, 53.131376362434906 ], [ 6.516166327850888, 53.131284057197519 ], [ 6.51476070630215, 53.131155844960425 ], [ 6.512940611645154, 53.13093389019253 ], [ 6.510989882329237, 53.130700228536369 ], [ 6.510950073929722, 53.130695461596638 ], [ 6.510929974841265, 53.130693052989962 ], [ 6.511780579479751, 53.127944941012103 ], [ 6.511784921225217, 53.127930890188736 ], [ 6.511821950677247, 53.127826918412552 ], [ 6.51203643768206, 53.127120501081833 ], [ 6.512357126949789, 53.126073923292154 ], [ 6.512501764633502, 53.125604462790612 ], [ 6.511626803962845, 53.125219901506512 ], [ 6.511111452379494, 53.124995471646109 ], [ 6.509849758352999, 53.124448030578456 ], [ 6.506829973385804, 53.123143958488257 ], [ 6.505191191062344, 53.122435151596058 ], [ 6.504963152236491, 53.122336674751161 ], [ 6.504907754965195, 53.122306942790701 ], [ 6.504848010426758, 53.122281259377935 ], [ 6.503465248397042, 53.121686748990584 ], [ 6.501640681074334, 53.120898125677101 ], [ 6.501601301325863, 53.12087942249584 ], [ 6.501178348659917, 53.120700030095215 ], [ 6.500987478908209, 53.120617241149041 ], [ 6.500926796225652, 53.120590908500112 ], [ 6.500894048512244, 53.120576816451525 ], [ 6.500365467442776, 53.121002184454262 ], [ 6.500148706258508, 53.121189250077379 ], [ 6.499961438229805, 53.121341658688031 ], [ 6.499758522508275, 53.121517703223439 ], [ 6.499603041136328, 53.12167245808174 ], [ 6.499363898727603, 53.121931856273797 ], [ 6.499273537962181, 53.122046671849034 ], [ 6.498834820046105, 53.122697911681996 ], [ 6.498425333015015, 53.123359383853504 ], [ 6.498416126947717, 53.123358076328088 ], [ 6.498415767114953, 53.123358025746377 ], [ 6.498383241532551, 53.123353232053852 ], [ 6.498336994748941, 53.123346408841037 ], [ 6.498085367113542, 53.12330929138971 ], [ 6.497982496323853, 53.12329468052102 ], [ 6.496358029210654, 53.123063967036281 ], [ 6.494424014253954, 53.122789255018994 ], [ 6.493611470344644, 53.122671893835602 ], [ 6.49284125123201, 53.122563275882548 ], [ 6.492247228755523, 53.122479502251224 ], [ 6.491738621405092, 53.122408373095119 ], [ 6.491246986575656, 53.122339610596022 ], [ 6.490645673921557, 53.122254997588406 ], [ 6.489818220630189, 53.122138556912333 ], [ 6.486814433818991, 53.121707447538682 ], [ 6.4866106640742, 53.121678197333971 ], [ 6.48559585262711, 53.121532524189952 ], [ 6.485572869135694, 53.121529248137733 ], [ 6.485528671534886, 53.121522958381085 ], [ 6.485408451513723, 53.121506006550312 ], [ 6.482204628373927, 53.121054230235664 ], [ 6.480481477512845, 53.120811856899564 ], [ 6.480299554588536, 53.120786701182475 ], [ 6.480449152151558, 53.120466520116963 ], [ 6.480476783788749, 53.120409508875291 ], [ 6.48072729135056, 53.119835551730567 ], [ 6.480749050398652, 53.119774343377422 ], [ 6.481049552580605, 53.119097599066471 ], [ 6.481071515366291, 53.119041538072494 ], [ 6.481282800149123, 53.118556500123489 ], [ 6.481285440429709, 53.118550437040923 ], [ 6.481405467009131, 53.118296728531668 ], [ 6.481406547559026, 53.118294561886984 ], [ 6.481470864736878, 53.11816543959263 ], [ 6.481873590707375, 53.117235577915437 ], [ 6.482320209943254, 53.11621984198117 ], [ 6.48253413156533, 53.11574566883251 ], [ 6.482497881876102, 53.115739197470702 ], [ 6.482501565122009, 53.115730680470186 ], [ 6.482671695760772, 53.115337750581062 ], [ 6.483350775721764, 53.113791706788319 ], [ 6.484043552380785, 53.112226346311473 ], [ 6.484053044420002, 53.112204233279101 ], [ 6.484217487917289, 53.111821372700852 ], [ 6.484300131109137, 53.111644577586027 ], [ 6.4843524644298, 53.111460448408742 ], [ 6.484404156392013, 53.111125844718487 ], [ 6.484425201934438, 53.110987815692958 ], [ 6.48446318692413, 53.110217757644541 ], [ 6.484481580355897, 53.109902330662386 ], [ 6.484490155845868, 53.109755483141328 ], [ 6.484498196678961, 53.109617609126438 ], [ 6.484500486935258, 53.109574731102093 ], [ 6.484510104370623, 53.109395288644983 ], [ 6.484521909243739, 53.109174811339166 ], [ 6.484556725730678, 53.108551739573464 ], [ 6.484579637745168, 53.10815643411248 ], [ 6.484594293914065, 53.107903479995429 ], [ 6.484644491137152, 53.107247996149177 ], [ 6.484679019856636, 53.106750002049125 ], [ 6.484682235456726, 53.106703574782237 ], [ 6.484686426689803, 53.106585344647911 ], [ 6.484702994095068, 53.106518323556891 ], [ 6.484729567569954, 53.106398225785021 ], [ 6.484738389805124, 53.106381573650857 ], [ 6.484738951525279, 53.106380166593915 ], [ 6.48478514492753, 53.106265892050502 ], [ 6.484851135210588, 53.106129032454611 ], [ 6.484866633504461, 53.106106522765899 ], [ 6.484870306166902, 53.106101178025142 ], [ 6.484956525187584, 53.105975923376334 ], [ 6.485040107583387, 53.105854485171712 ], [ 6.485049186131679, 53.105839708860195 ], [ 6.485061591636993, 53.105819501103504 ], [ 6.485138032673842, 53.105695000947563 ], [ 6.485260292418156, 53.105504640222634 ], [ 6.485414994722833, 53.105256863021523 ], [ 6.485735245833592, 53.104736378450674 ], [ 6.485907352391323, 53.104457293300996 ], [ 6.486121404011326, 53.104116408519637 ], [ 6.486349949825666, 53.103747172324113 ], [ 6.486388594667851, 53.103684720178222 ], [ 6.486399783956795, 53.103666653250201 ], [ 6.48664977257026, 53.103264625155163 ], [ 6.48696193066689, 53.102754132307908 ], [ 6.487117063072644, 53.10250935913529 ], [ 6.48727213630224, 53.102264676141466 ], [ 6.487311344290165, 53.102203925935449 ], [ 6.487455688245646, 53.10197077220085 ], [ 6.487571306656156, 53.101785466337333 ], [ 6.487620721724849, 53.101706262573323 ], [ 6.487655722558422, 53.101648633305579 ], [ 6.487974706363814, 53.101139728224524 ], [ 6.488096552615189, 53.100940534126536 ], [ 6.488251732226084, 53.100686358825605 ], [ 6.488276842967176, 53.100647395620506 ], [ 6.488301378905432, 53.100609318383263 ], [ 6.488322710554778, 53.10057559316715 ], [ 6.488397670977568, 53.100457017417177 ], [ 6.488566760489515, 53.100177461333153 ], [ 6.488690936190451, 53.099978487750519 ], [ 6.488819803787858, 53.099772056894786 ], [ 6.488904729988707, 53.099630931532907 ], [ 6.489036955299762, 53.099420398576825 ], [ 6.489159948980762, 53.099229136845686 ], [ 6.489271641107504, 53.099045006519731 ], [ 6.48933439241241, 53.098939725832864 ], [ 6.489414673140058, 53.098809813182086 ], [ 6.489415290806679, 53.098808854914601 ], [ 6.489474364875777, 53.098718121389318 ], [ 6.489510892370391, 53.098662005168087 ], [ 6.489540111714672, 53.098613837479732 ], [ 6.489630992759754, 53.098463984610618 ], [ 6.489709840033305, 53.098330022972391 ], [ 6.489936026829723, 53.097972564090341 ], [ 6.489989541777407, 53.097887003843987 ], [ 6.490034743882327, 53.09781685131783 ], [ 6.490094923170563, 53.097725648944589 ], [ 6.490162584824613, 53.09762926422686 ], [ 6.490189456101217, 53.097590976315871 ], [ 6.490201440593321, 53.097573773356579 ], [ 6.490287285326873, 53.097453262717202 ], [ 6.490376237190635, 53.097338708480393 ], [ 6.490466781914467, 53.097225163970826 ], [ 6.490502053842949, 53.097184354219557 ], [ 6.490556193146386, 53.097118729268892 ], [ 6.490629896251268, 53.097031023595967 ], [ 6.490695437572095, 53.096952325799279 ], [ 6.490708157435058, 53.096937048132759 ], [ 6.490750036681587, 53.096890713540041 ], [ 6.490794674601655, 53.096841316025312 ], [ 6.490852873035469, 53.096779176278538 ], [ 6.490930417787373, 53.096696395618387 ], [ 6.491249848707858, 53.096374012008305 ], [ 6.491260574467166, 53.096361349801022 ], [ 6.491279112197314, 53.096341794708891 ], [ 6.492342556597369, 53.095242921095327 ], [ 6.492572344873398, 53.09500954688577 ], [ 6.493138360704143, 53.09441637845795 ], [ 6.493805539793683, 53.093718665229765 ], [ 6.494214694305298, 53.093292142382623 ], [ 6.494292191406151, 53.093212666900698 ], [ 6.494667538879813, 53.092815994066775 ], [ 6.495237598579587, 53.09222907718091 ], [ 6.495733635005315, 53.091720091992805 ], [ 6.49593380392989, 53.091516110803312 ], [ 6.496035954623026, 53.091409715451221 ], [ 6.496614508671768, 53.090807318704726 ], [ 6.497121199340318, 53.090287759155181 ], [ 6.497134717020669, 53.090273488843813 ], [ 6.497400008983167, 53.089992775307685 ], [ 6.498106296725111, 53.08925834055092 ], [ 6.498480076764292, 53.088870170758923 ], [ 6.498813528192643, 53.088524961956551 ], [ 6.499273555205654, 53.088058622502487 ], [ 6.499587741829894, 53.087733918159486 ], [ 6.499977236953472, 53.087330949053559 ], [ 6.50032856784834, 53.086966194266488 ], [ 6.50037942382461, 53.086913877316135 ], [ 6.500507850829686, 53.086781783282866 ], [ 6.50058233826789, 53.086705162207309 ], [ 6.500888606262921, 53.086396038827608 ], [ 6.501236372389269, 53.086036625457524 ], [ 6.502141775592286, 53.085095263108542 ], [ 6.502236789888261, 53.08499751978313 ], [ 6.50233486953005, 53.084887229377458 ], [ 6.502400406708168, 53.084814545735668 ], [ 6.502435088711555, 53.084765541814605 ], [ 6.502599193360165, 53.084541215198811 ], [ 6.502719577486674, 53.084363855719694 ], [ 6.502893579488087, 53.084099068245372 ], [ 6.502963046657097, 53.083992971091909 ], [ 6.503267723827348, 53.08352760443951 ], [ 6.503304027956498, 53.083472689845522 ], [ 6.503310625220012, 53.083451806187711 ], [ 6.503316092006669, 53.08343455470343 ], [ 6.503305907469335, 53.083419830604086 ], [ 6.503299102004659, 53.083400114350816 ], [ 6.503267003845971, 53.083373651231376 ], [ 6.503241559364168, 53.083348231439516 ], [ 6.503610472940169, 53.083432609714301 ], [ 6.503712201151463, 53.083457461813268 ], [ 6.50390183258525, 53.083499449330652 ], [ 6.503943701039107, 53.083453738923012 ], [ 6.503994236301985, 53.083398565549878 ], [ 6.506153083406578, 53.081041561370334 ], [ 6.506712524457479, 53.080329140739117 ], [ 6.507756871262568, 53.079069786720808 ], [ 6.508488348748949, 53.078187677103784 ], [ 6.508718138889853, 53.077909192166267 ], [ 6.508873506137436, 53.077720902766224 ], [ 6.509053818712526, 53.077502390714294 ], [ 6.509224781483749, 53.07729519040425 ], [ 6.50967519576701, 53.07674932060106 ], [ 6.509887086521382, 53.07649250624614 ], [ 6.51012666908657, 53.07620213592844 ], [ 6.510360330648581, 53.075918938119948 ], [ 6.510796175026207, 53.075390670568886 ], [ 6.510832254925999, 53.075347321459944 ], [ 6.511064825488802, 53.075067870858085 ], [ 6.511301864994824, 53.074783048667662 ], [ 6.512793497869714, 53.072990657435994 ], [ 6.512838198477558, 53.072936945780498 ], [ 6.51291291089955, 53.072847148732706 ], [ 6.51311671541356, 53.072586665669093 ], [ 6.513356407050198, 53.072280290846081 ], [ 6.513430231632931, 53.07182328593796 ], [ 6.513461833746285, 53.071627661941989 ], [ 6.513602534679945, 53.070756628716865 ], [ 6.513645115019269, 53.070493060409611 ], [ 6.513686973944054, 53.070233911340303 ], [ 6.513746664214549, 53.069864408004264 ], [ 6.513810401684736, 53.069469784504598 ], [ 6.513825275936911, 53.069377719134806 ], [ 6.513836857575561, 53.069305967826082 ], [ 6.513849250251398, 53.069229248199363 ], [ 6.513886774123395, 53.068996902265354 ], [ 6.51395822340888, 53.06855457623579 ], [ 6.514029285799002, 53.068114644210567 ], [ 6.514115693157922, 53.067579613644895 ], [ 6.514131670797635, 53.067480671912641 ], [ 6.514207996102189, 53.067063147940686 ], [ 6.514326478928353, 53.066414986352541 ], [ 6.514515819235404, 53.065379259478831 ], [ 6.514366546557843, 53.065451984266844 ], [ 6.514388609555488, 53.065367399865828 ], [ 6.514397986100269, 53.065331472389673 ], [ 6.5144653678527, 53.065073115671936 ], [ 6.514411080755042, 53.064904253643789 ], [ 6.514286960873354, 53.064518183371547 ], [ 6.514210067898298, 53.064278979109197 ], [ 6.514127832549017, 53.064046007977637 ], [ 6.514127735831644, 53.064045730298929 ], [ 6.514124297041476, 53.064028193572497 ], [ 6.514123352686092, 53.064023421510882 ], [ 6.514112422227216, 53.063967842496673 ], [ 6.514111424736631, 53.063962747411985 ], [ 6.514109224665217, 53.063951552657102 ], [ 6.514105513446146, 53.063932715415369 ], [ 6.513954226593051, 53.063503862945304 ], [ 6.513845562489869, 53.063112892595846 ], [ 6.51383102789331, 53.063044873853983 ], [ 6.513725270059224, 53.062725599314568 ], [ 6.513658313167929, 53.062535063233121 ], [ 6.513575185097602, 53.062298487365496 ], [ 6.513527574161006, 53.062163019711086 ], [ 6.513467830765306, 53.061975030759776 ], [ 6.51344007134087, 53.06188769804843 ], [ 6.512644478345645, 53.059384343970905 ], [ 6.512643780265532, 53.059382157765071 ], [ 6.512620699064823, 53.059304261858912 ], [ 6.512231921119203, 53.057991922150521 ], [ 6.512224500236981, 53.057966873895886 ], [ 6.512224026340718, 53.057965278706156 ], [ 6.512191547998898, 53.057855657873809 ], [ 6.512191466220848, 53.057855380052736 ], [ 6.51207626530027, 53.057476349587795 ], [ 6.511774557324491, 53.056470033756057 ], [ 6.511725663756049, 53.056358877512402 ], [ 6.511699894550861, 53.05632279513285 ], [ 6.511696272718782, 53.05631771569346 ], [ 6.511683535384607, 53.056299888799806 ], [ 6.511648897504731, 53.056251371171932 ], [ 6.5115010810553, 53.056040474498651 ], [ 6.511496217920906, 53.056033537466682 ], [ 6.511494854948257, 53.056031591155715 ], [ 6.511263065627626, 53.055700862633707 ], [ 6.511258655048587, 53.055694119049868 ], [ 6.510350128703474, 53.054307003675746 ], [ 6.510345470298365, 53.054299893925531 ], [ 6.51031852887818, 53.054258762688924 ], [ 6.510253791404419, 53.054159904639853 ], [ 6.510248962267359, 53.054152535871658 ], [ 6.510238185766585, 53.054136083368185 ], [ 6.508914472294457, 53.052114863369688 ], [ 6.508741443568052, 53.051850638338678 ], [ 6.508269988880727, 53.051130703799409 ], [ 6.507900459558687, 53.050566398458159 ], [ 6.507882962125799, 53.050539673884785 ], [ 6.507863089567011, 53.050509331906611 ], [ 6.507826604325988, 53.050453605074416 ], [ 6.50779067866138, 53.050398753694957 ], [ 6.507591364011631, 53.050094368545786 ], [ 6.507354838873304, 53.049733157490202 ], [ 6.50735353476777, 53.049731165645838 ], [ 6.506690198719156, 53.048718110552713 ], [ 6.506689779719131, 53.048717476411163 ], [ 6.505897210765995, 53.047506981936202 ], [ 6.505895751455408, 53.047504748883348 ], [ 6.505762815925645, 53.047303097004985 ], [ 6.505675816875248, 53.047171112523777 ], [ 6.505675475689164, 53.047170603466228 ], [ 6.50566526391566, 53.047155097859729 ], [ 6.505655176742589, 53.047139797783743 ], [ 6.505546545104093, 53.046974988971961 ], [ 6.505399071661442, 53.04675126620603 ], [ 6.505250311695415, 53.046532542944199 ], [ 6.505248374550875, 53.046529703246655 ], [ 6.505170118559945, 53.046413992645924 ], [ 6.505157995787379, 53.046396069430976 ], [ 6.505130060469655, 53.046354757557154 ], [ 6.50349546681, 53.043832616677662 ], [ 6.503445505257449, 53.043753378937204 ], [ 6.503436650663971, 53.043738399680343 ], [ 6.502921467089454, 53.042963016480996 ], [ 6.50236400834562, 53.042090949666544 ], [ 6.502014167450161, 53.041568509309336 ], [ 6.501773684561574, 53.041187705599896 ], [ 6.501413346703687, 53.040642022509665 ], [ 6.50088213344025, 53.039822420720476 ], [ 6.500877992172129, 53.039813840928126 ], [ 6.500841717823991, 53.039765056740308 ], [ 6.500832608429337, 53.039753449707057 ], [ 6.500509098280257, 53.039263867100992 ], [ 6.50049063980326, 53.039235937140681 ], [ 6.50046451700695, 53.039196925876254 ], [ 6.500452223187615, 53.039178572396729 ], [ 6.500451215599837, 53.039177071989904 ], [ 6.499950962372461, 53.038430294480619 ], [ 6.499964595892518, 53.038401409888998 ], [ 6.50052030014345, 53.037223955450983 ], [ 6.500528127949042, 53.037208254539358 ], [ 6.500529163372276, 53.037206186923704 ], [ 6.500532779324536, 53.037198927876574 ], [ 6.500559381333182, 53.037145523319325 ], [ 6.500560175782681, 53.037143943233794 ], [ 6.500561451713327, 53.037141370118114 ], [ 6.500857349218119, 53.036547508378604 ], [ 6.500909119315415, 53.036434259899842 ], [ 6.500956257523399, 53.036331101773797 ], [ 6.500988445176684, 53.036260660020133 ], [ 6.50107806293117, 53.036064578091548 ], [ 6.501396675886265, 53.035393701890264 ], [ 6.501799682115674, 53.034545141797736 ], [ 6.501825171641317, 53.034490336330791 ], [ 6.501860043000787, 53.034415357895973 ], [ 6.501865256280885, 53.034404129714979 ], [ 6.501866387153482, 53.034401719696618 ], [ 6.502183756853311, 53.033719349358087 ], [ 6.502237962230613, 53.033604244152365 ], [ 6.502585765683008, 53.032865645834598 ], [ 6.5026344997736, 53.032762238346926 ], [ 6.502666918975474, 53.032693474407949 ], [ 6.502893480095603, 53.032212795037601 ], [ 6.502771618214347, 53.032191051140209 ], [ 6.502747820522365, 53.032186788652069 ], [ 6.501066200273193, 53.031885251577222 ], [ 6.499754970396298, 53.031652662385113 ], [ 6.499626648909171, 53.031628863478282 ], [ 6.495527756099188, 53.030897694878533 ], [ 6.49586731156386, 53.030320137519453 ], [ 6.495892281809448, 53.030276922106488 ], [ 6.496205129567088, 53.029735594410965 ], [ 6.496297312351853, 53.029579546227396 ], [ 6.496302713578788, 53.029570392491884 ], [ 6.496306607252971, 53.02956583601528 ], [ 6.496323380943096, 53.029532671874207 ], [ 6.49636300163673, 53.029468345248958 ], [ 6.496372611077525, 53.02945235844755 ], [ 6.496408190090462, 53.029393218734228 ], [ 6.496445376266286, 53.0293310535179 ], [ 6.496504480553892, 53.029242227803373 ], [ 6.496512064666254, 53.029229827542039 ], [ 6.496557072633689, 53.029154657702158 ], [ 6.496612019185195, 53.029058303580669 ], [ 6.49666669244986, 53.028978119265233 ], [ 6.496688592278085, 53.028942570940885 ], [ 6.496719900840198, 53.028879094147349 ], [ 6.496740202292169, 53.028845169280501 ], [ 6.496767540835875, 53.028794355790453 ], [ 6.496806615873433, 53.028723302923439 ], [ 6.496841528335806, 53.028662039365848 ], [ 6.496866415944081, 53.028615076975022 ], [ 6.496913465482665, 53.028535843966111 ], [ 6.496951254750667, 53.028466411614559 ], [ 6.496996141516965, 53.028393561308356 ], [ 6.497036880129284, 53.028322888337861 ], [ 6.497083649791009, 53.028243810623998 ], [ 6.497109984999906, 53.028197517739748 ], [ 6.497123151200226, 53.028173733243271 ], [ 6.497138374381962, 53.02814644276723 ], [ 6.497360698417991, 53.027746451618334 ], [ 6.497513080484989, 53.027473742713759 ], [ 6.497515976971322, 53.027468674213431 ], [ 6.497517902994328, 53.027465295259283 ], [ 6.497516074476749, 53.027460818817424 ], [ 6.497898701137228, 53.026783541410254 ], [ 6.497903118167858, 53.026775565018198 ], [ 6.497915556775673, 53.026753090266247 ], [ 6.498265498770233, 53.026120752597656 ], [ 6.498427106124495, 53.025834440420347 ], [ 6.498541241177395, 53.025632236560476 ], [ 6.498954850691397, 53.02489946114094 ], [ 6.499052846105003, 53.024721446527089 ], [ 6.499132296690089, 53.024577152108556 ], [ 6.499164458582645, 53.024518744180611 ], [ 6.499270798933333, 53.024325571850426 ], [ 6.500319879083409, 53.022361497232588 ], [ 6.500435699808969, 53.02216703120019 ], [ 6.500513098911188, 53.02202039124758 ], [ 6.500517647888008, 53.022011784433523 ], [ 6.500628055658504, 53.021825429776484 ], [ 6.500718783640162, 53.02167261742612 ], [ 6.500813477891889, 53.021504769008182 ], [ 6.500903834192264, 53.021336331818297 ], [ 6.500963351288985, 53.021223082433515 ], [ 6.501022308339171, 53.021126383026179 ], [ 6.501131771146337, 53.020921928115705 ], [ 6.501138310006653, 53.020910139366904 ], [ 6.501226409356004, 53.020750853553203 ], [ 6.501322843042654, 53.020589971243496 ], [ 6.501393417085735, 53.020465690584004 ], [ 6.501525228259421, 53.020229105727118 ], [ 6.50224591136487, 53.018929125587391 ], [ 6.502418735783064, 53.018616191225441 ], [ 6.502517749709291, 53.018448768252881 ], [ 6.502632506938051, 53.018234538552306 ], [ 6.502742758561388, 53.018041074457734 ], [ 6.50285114697173, 53.017863318691504 ], [ 6.502981578390592, 53.017627005433027 ], [ 6.503041864626216, 53.017516839125442 ], [ 6.503100719588589, 53.017403756418908 ], [ 6.503187313672026, 53.017256633190108 ], [ 6.503219430372964, 53.017202690867478 ], [ 6.503254420865979, 53.017144012596859 ], [ 6.503346432734745, 53.016978667226617 ], [ 6.503398205963197, 53.016887587386158 ], [ 6.50342141756676, 53.016844952715687 ], [ 6.503873047515222, 53.016041578979817 ], [ 6.503904910443208, 53.016046305105561 ], [ 6.504020350209196, 53.016063434462211 ], [ 6.504961778438346, 53.016203146758386 ], [ 6.50537904506945, 53.016264194001081 ], [ 6.50575074067629, 53.01632056150801 ], [ 6.506194358014655, 53.016386868398229 ], [ 6.506630732515881, 53.016451372180143 ], [ 6.507149883807545, 53.016529496159848 ], [ 6.507324370926383, 53.016555370754205 ], [ 6.507563648033437, 53.016591440343362 ], [ 6.508257153924959, 53.016695902091961 ], [ 6.508745638396107, 53.016769840179535 ], [ 6.508799520477171, 53.016778312724625 ], [ 6.509194695872858, 53.016840434620633 ], [ 6.509327440211298, 53.016860973298854 ], [ 6.509448424619606, 53.016881433465691 ], [ 6.509513407585644, 53.016893881557699 ], [ 6.509560367218231, 53.016903775746179 ], [ 6.509607356611339, 53.016914244797086 ], [ 6.509660982802137, 53.016928956249977 ], [ 6.50971278940253, 53.016947072811121 ], [ 6.509779104023552, 53.016970112774295 ], [ 6.509978604901104, 53.017039433913645 ], [ 6.510020407306532, 53.016952309087067 ], [ 6.510030970751592, 53.016930281925688 ], [ 6.510041987056098, 53.016907324862842 ], [ 6.510053893957384, 53.016882499152992 ], [ 6.510512744310723, 53.015926048089987 ], [ 6.511438312273591, 53.013969317337668 ], [ 6.511440813097781, 53.013964027510688 ], [ 6.511447016032347, 53.013950920234315 ], [ 6.511448160515791, 53.013948500988803 ], [ 6.511537796273751, 53.013758987533684 ], [ 6.512408198587991, 53.011883423462642 ], [ 6.513031693888501, 53.010566375653575 ], [ 6.513036285084632, 53.010556662523811 ], [ 6.512520952468424, 53.010523597713956 ], [ 6.511868213061349, 53.010482566651532 ], [ 6.511784919280392, 53.010477328826646 ], [ 6.511236408688291, 53.010443222488824 ], [ 6.511014160884796, 53.010430123621077 ], [ 6.509699489481941, 53.010354742177185 ], [ 6.509595019834832, 53.01034880292621 ], [ 6.509544254887141, 53.010345918325889 ], [ 6.509172724947905, 53.010324807856016 ], [ 6.508427383615447, 53.010279585257216 ], [ 6.508328753311557, 53.010273572173865 ], [ 6.50817800615187, 53.010264821307977 ], [ 6.507704977533148, 53.010237342437136 ], [ 6.507499200517103, 53.010224972407315 ], [ 6.507097683225986, 53.01020114381857 ], [ 6.506608986456671, 53.010172135801945 ], [ 6.506288406404015, 53.010152309822104 ], [ 6.50604521818788, 53.010136548873 ], [ 6.505934999119309, 53.010130067093101 ], [ 6.505911246897251, 53.010123639018211 ], [ 6.505769649331245, 53.010085331510645 ], [ 6.505409254763166, 53.00999063738854 ], [ 6.505349906533496, 53.009975519241358 ], [ 6.505106095155686, 53.009913425818802 ], [ 6.505078033363387, 53.009906273984583 ], [ 6.504662115146146, 53.00979556082148 ], [ 6.50420695722068, 53.009675165449607 ], [ 6.503651277663857, 53.009527703826116 ], [ 6.503261858745788, 53.00942453901996 ], [ 6.503062702874192, 53.009371523789639 ], [ 6.50286044206481, 53.009317683446042 ], [ 6.50240689973008, 53.009195981072899 ], [ 6.502313304755289, 53.009171205386536 ], [ 6.501975157266856, 53.00908237763641 ], [ 6.5019346504089, 53.009071548628697 ], [ 6.501499816976344, 53.008955258264606 ], [ 6.50102678512962, 53.00882798969706 ], [ 6.500784707129081, 53.008763265182615 ], [ 6.500530838977677, 53.008695423668485 ], [ 6.50014669857279, 53.008594158783239 ], [ 6.49970853281162, 53.008476526962411 ], [ 6.49945678146161, 53.008409759889346 ], [ 6.49935825323456, 53.008383625841944 ], [ 6.498855563996422, 53.008249740640771 ], [ 6.498493211515409, 53.008154774420419 ], [ 6.498440546856568, 53.008140965744033 ], [ 6.498035596140615, 53.008033057494572 ], [ 6.497480252996112, 53.007884854311236 ], [ 6.496567545675202, 53.007642834499059 ], [ 6.496216806256258, 53.007548310869609 ], [ 6.495827077455547, 53.007443273601297 ], [ 6.495396988027957, 53.007328849398235 ], [ 6.495102540251874, 53.007251199388079 ], [ 6.49492926329158, 53.007205551792417 ], [ 6.494426974349691, 53.007069918917281 ], [ 6.493909510356477, 53.006932680952261 ], [ 6.493674361538567, 53.006870088783288 ], [ 6.493501811061919, 53.006824180778295 ], [ 6.493080068515387, 53.006713508469538 ], [ 6.492609762763406, 53.006588374429697 ], [ 6.492229004278409, 53.006482694386946 ], [ 6.491944156222571, 53.006407715893687 ], [ 6.491564281852832, 53.006307390748226 ], [ 6.491127699919973, 53.006192202446712 ], [ 6.490804949795164, 53.006105924197264 ], [ 6.490753018306459, 53.006092042483729 ], [ 6.490276834512757, 53.005965470750361 ], [ 6.490003705784826, 53.005893515968872 ], [ 6.48972863098147, 53.005820571982483 ], [ 6.489547314330708, 53.00577116236731 ], [ 6.489386631111343, 53.005726397217252 ], [ 6.489345133040528, 53.005713829658106 ], [ 6.489200883131091, 53.005673172558694 ], [ 6.488872289556571, 53.005582341705392 ], [ 6.488787765064298, 53.005558604278896 ], [ 6.488733110427329, 53.005543623423698 ], [ 6.488521324544988, 53.005488166205609 ], [ 6.48848681250218, 53.005479056858071 ], [ 6.488475758450123, 53.00547613908293 ], [ 6.488359120147845, 53.00544384506658 ], [ 6.48826013338336, 53.005417894887167 ], [ 6.488212019821604, 53.005405280016362 ], [ 6.488114221531706, 53.005379777103698 ], [ 6.487950114220143, 53.005337351192715 ], [ 6.487822881702609, 53.00530438131868 ], [ 6.487818712489096, 53.005303296337566 ], [ 6.487769974501727, 53.005290722985571 ], [ 6.486689623979471, 53.005004580888645 ], [ 6.485247435142762, 53.004622043308522 ], [ 6.485029355593045, 53.004564193318231 ], [ 6.482136688205059, 53.003791345414065 ], [ 6.479100837665008, 53.002983401825141 ], [ 6.47689497141164, 53.002400256266931 ], [ 6.476839798520436, 53.002385670159796 ], [ 6.476740192641359, 53.00235823331905 ], [ 6.476704872926545, 53.002348795440845 ], [ 6.476525109680486, 53.002300745028052 ], [ 6.476500364322419, 53.002294167424608 ], [ 6.476376262820445, 53.002261183889154 ], [ 6.476259990128153, 53.002230285762288 ], [ 6.476252956508089, 53.002228417654202 ], [ 6.474455631672911, 53.00175074972968 ], [ 6.473332949567828, 53.001452354041611 ], [ 6.472189812989824, 53.001148516721251 ], [ 6.472185538961522, 53.001147378228794 ], [ 6.471582536908064, 53.000987095222143 ], [ 6.471050995841849, 53.000845797681833 ], [ 6.469884932022524, 53.000535828558007 ], [ 6.468715900656612, 53.000225057180941 ], [ 6.467590852625728, 52.999925955337076 ], [ 6.465990844465275, 52.999500568565452 ], [ 6.462482946623862, 52.998567826591696 ], [ 6.459490272847811, 52.997771968210444 ], [ 6.458099990541613, 52.997402210027516 ], [ 6.450611735778619, 52.995410237998172 ], [ 6.439207527739375, 52.992392066891114 ], [ 6.439198983549402, 52.992389805503606 ], [ 6.439185057967284, 52.992386117630559 ], [ 6.439022373460824, 52.992343046326404 ], [ 6.438991899328044, 52.992334983655624 ], [ 6.432026484080733, 52.990490794158248 ], [ 6.430797524301322, 52.99016535001779 ], [ 6.430656394776643, 52.990127983572656 ], [ 6.42983035020067, 52.98990922635268 ], [ 6.427162207711746, 52.989202585060042 ], [ 6.427003998118867, 52.989160671799162 ], [ 6.42046703667538, 52.987429040104324 ], [ 6.420377417968232, 52.987405298683385 ], [ 6.418124857002203, 52.986808475706646 ], [ 6.414495103639806, 52.98584663706707 ], [ 6.413618256200927, 52.985614257605675 ], [ 6.413279837634515, 52.985522927333342 ], [ 6.413279837634505, 52.985522927333342 ], [ 6.402686494918425, 52.995653310772255 ], [ 6.401913477487687, 52.996404038215026 ], [ 6.401904155742612, 52.996413095141051 ], [ 6.400701228017416, 52.997558285728147 ], [ 6.399566849824655, 52.998642716485151 ], [ 6.398572490847644, 52.999593423364551 ], [ 6.397247769720769, 53.000863642763719 ], [ 6.396845865926649, 53.001247321739555 ], [ 6.396685784166016, 53.001400127559094 ], [ 6.39642183104502, 53.001652107296216 ], [ 6.395897195516568, 53.002147176363941 ], [ 6.394940869274322, 53.003053279398351 ], [ 6.394096683096098, 53.003857005381875 ], [ 6.393852486084807, 53.004089733816571 ], [ 6.393848711042905, 53.004093342330897 ], [ 6.39382402551685, 53.004116529312164 ], [ 6.393821341603835, 53.004119005294129 ], [ 6.393749789841999, 53.004184831411514 ], [ 6.374071937903996, 53.022956340851771 ], [ 6.374071438371295, 53.022956817267655 ], [ 6.374053499439696, 53.022974118581068 ], [ 6.374050057330639, 53.022977436109834 ], [ 6.374011763758913, 53.023013730232499 ], [ 6.362521372211423, 53.033969029095019 ], [ 6.362521372211679, 53.033969029096994 ], [ 6.362578987641885, 53.034384748667208 ], [ 6.362649242417235, 53.03491787440408 ], [ 6.362685249652441, 53.035182426033444 ], [ 6.362726908385738, 53.035492844281201 ], [ 6.362765005098535, 53.035760110744661 ], [ 6.362798523244924, 53.035994074094425 ], [ 6.362807253049072, 53.036058868443938 ], [ 6.362838315095861, 53.036289661538952 ], [ 6.362884965151534, 53.036654965248374 ], [ 6.362920174364564, 53.036917707893835 ], [ 6.362946482625972, 53.037138582490741 ], [ 6.362977289898247, 53.037359950582903 ], [ 6.363005231557082, 53.037573200139448 ], [ 6.363032810072312, 53.037822722687807 ], [ 6.363060826467741, 53.038036618632823 ], [ 6.36307284512193, 53.038128328020832 ], [ 6.363112686627613, 53.038383456989102 ], [ 6.363140546820385, 53.038601649767195 ], [ 6.363163028615485, 53.038788801651208 ], [ 6.363218447830592, 53.039259518496117 ], [ 6.36321892571504, 53.039263180286618 ], [ 6.363321949509643, 53.040031660257398 ], [ 6.363324468656619, 53.040049359889771 ], [ 6.363325289822659, 53.040056576008084 ], [ 6.363419794379611, 53.040761483322903 ], [ 6.363456543830469, 53.04102580236372 ], [ 6.363473469066943, 53.041161831048754 ], [ 6.364923964482028, 53.051977870090745 ], [ 6.364923977590611, 53.051977944758143 ], [ 6.365462143848287, 53.054846621977397 ], [ 6.365469541953641, 53.054884789051194 ], [ 6.365471534109102, 53.054895098355466 ], [ 6.365472899841727, 53.054902096729599 ], [ 6.365473120007656, 53.054903263186219 ], [ 6.365516101229991, 53.055124934454085 ], [ 6.365591023177545, 53.055533550981309 ], [ 6.36621639319871, 53.058866465876903 ], [ 6.366267674907345, 53.059077359735049 ], [ 6.366272832092937, 53.05911027132516 ], [ 6.366291316420305, 53.059228176774127 ], [ 6.366318048059529, 53.059385708453327 ], [ 6.366345367791006, 53.059534248731211 ], [ 6.366374103244137, 53.059674779360257 ], [ 6.366414793894221, 53.059904925147642 ], [ 6.366472624703869, 53.0601668329966 ], [ 6.366476810535523, 53.060185760418932 ], [ 6.366509774164118, 53.060368888706392 ], [ 6.366568829592685, 53.060661897978235 ], [ 6.366620411119746, 53.060913180798302 ], [ 6.366656378963787, 53.061085931892563 ], [ 6.366665446379305, 53.061136101613116 ], [ 6.366667049352963, 53.061145003174431 ], [ 6.366678127973611, 53.061206299783407 ], [ 6.366686672730663, 53.061212125040889 ], [ 6.366699415829657, 53.061216918426339 ], [ 6.3667097559445, 53.061215701487718 ], [ 6.366699379265266, 53.061252999816126 ], [ 6.366698799659587, 53.061255080458359 ], [ 6.366693652915947, 53.061273589989668 ], [ 6.366689112767054, 53.061289892845593 ], [ 6.366862649685562, 53.062192755174848 ], [ 6.366876677839166, 53.062265746092336 ], [ 6.366975195116555, 53.062778252459196 ], [ 6.367060636953861, 53.0632526458594 ], [ 6.367102307003629, 53.063467038717995 ], [ 6.367178917352145, 53.063878508429333 ], [ 6.367255985019595, 53.06430885507708 ], [ 6.367348722353426, 53.064786953714197 ], [ 6.367431092812771, 53.065230664673535 ], [ 6.367504755336023, 53.065583305139825 ], [ 6.367531760640813, 53.065727471032233 ], [ 6.367533374218604, 53.065736165793709 ], [ 6.367548108098911, 53.065815863747609 ], [ 6.367565152787391, 53.065908043076391 ], [ 6.367577331814992, 53.065981624129321 ], [ 6.367581288817949, 53.066005567860955 ], [ 6.367660070806306, 53.066439467635888 ], [ 6.367691426003017, 53.066641444309674 ], [ 6.36771779028946, 53.066811343890578 ], [ 6.367759103898249, 53.06706184723771 ], [ 6.367781696627545, 53.067198823976952 ], [ 6.367810520184611, 53.067359995389872 ], [ 6.367436657658549, 53.067445446644285 ], [ 6.367078244964111, 53.067527355343238 ], [ 6.366419176414759, 53.067670980472194 ], [ 6.365587845681001, 53.067857824646332 ], [ 6.364757781719709, 53.068044257240409 ], [ 6.363861157106631, 53.068245434914026 ], [ 6.363061669903969, 53.068424156282155 ], [ 6.362226025903726, 53.068609547259591 ], [ 6.361863652694004, 53.068688021633498 ], [ 6.361344425856921, 53.068800455681419 ], [ 6.360753917180066, 53.068927908656661 ], [ 6.360666803242352, 53.068946716102602 ], [ 6.36062355648057, 53.068956314982742 ], [ 6.35993128031675, 53.069110023398274 ], [ 6.359814201532918, 53.069135739623874 ], [ 6.353379368813318, 53.070564231021088 ], [ 6.35317284985805, 53.070610592736145 ], [ 6.352944138461248, 53.070661163267665 ], [ 6.352561953014885, 53.070745660572122 ], [ 6.351724581935016, 53.070931511938333 ], [ 6.351723945606139, 53.070931652660668 ], [ 6.351376474531646, 53.071009008080111 ], [ 6.351340281016885, 53.071016498226022 ], [ 6.34841537659268, 53.071663275350588 ], [ 6.348175108116815, 53.071716884208911 ], [ 6.348156994129683, 53.071720929785307 ], [ 6.348100856054455, 53.071732819122431 ], [ 6.332381542652382, 53.075207186889187 ], [ 6.332325569154396, 53.075219574766749 ], [ 6.33232239146761, 53.075220278161936 ], [ 6.332322350656459, 53.075220287073527 ], [ 6.332055348601995, 53.0752793786572 ], [ 6.313311300845402, 53.079416619759947 ], [ 6.312559841220472, 53.079583556763843 ], [ 6.311659245185204, 53.079781087785946 ], [ 6.307275030574761, 53.080748170474457 ], [ 6.305547815691782, 53.081132566310806 ], [ 6.305273761234561, 53.081189548535527 ], [ 6.305273761233356, 53.081189548535797 ], [ 6.309882713139831, 53.087188982109652 ], [ 6.310435986438666, 53.087870944801736 ], [ 6.310600350518341, 53.088070613925794 ], [ 6.310847259377496, 53.088370545731742 ], [ 6.310871653312017, 53.088400183514693 ], [ 6.311143113114506, 53.08872992200844 ], [ 6.311146300381976, 53.08873379752427 ], [ 6.311288038693961, 53.088905971060861 ], [ 6.311381157529603, 53.089019083461771 ], [ 6.311397583911618, 53.089039032356972 ], [ 6.31153072809389, 53.089200775786203 ], [ 6.311619110520853, 53.089324124163589 ], [ 6.31177355404844, 53.089539666387019 ], [ 6.311994831617189, 53.089850658297443 ], [ 6.312360043442681, 53.090374639396764 ], [ 6.312400433345918, 53.090432595310901 ], [ 6.312594696295368, 53.090698548150961 ], [ 6.312687179925508, 53.090825629332429 ], [ 6.31276810012786, 53.090936839931871 ], [ 6.31293362573082, 53.091157713763607 ], [ 6.313192668306276, 53.091493016247341 ], [ 6.313316633692922, 53.091653471680615 ], [ 6.313321853443568, 53.091660234032581 ], [ 6.313455506742806, 53.091833222342004 ], [ 6.313684375055042, 53.092125262852093 ], [ 6.313807421172096, 53.092278850263142 ], [ 6.313839521110249, 53.092318923939295 ], [ 6.313858093981151, 53.092342108964111 ], [ 6.314016783836139, 53.092552744707731 ], [ 6.314101801146713, 53.092668155275732 ], [ 6.314217074271212, 53.092819717577171 ], [ 6.31430387565993, 53.092934736755716 ], [ 6.314343143634374, 53.092986760656309 ], [ 6.31434773716155, 53.092992844843131 ], [ 6.314365420427167, 53.093016288295722 ], [ 6.31439808252114, 53.09305956561932 ], [ 6.31461626860247, 53.093348680634207 ], [ 6.314777910292539, 53.093558987797486 ], [ 6.31494992070189, 53.093779507070664 ], [ 6.315157448504378, 53.094052784638762 ], [ 6.31515744850534, 53.09405278464002 ], [ 6.31515744850533, 53.09405278464002 ], [ 6.315157448505333, 53.09405278464002 ] ] ] ] } },
{ "type": "Feature", "properties": { "identificatie": "GM1730", "fid": 72, "naam": "Tynaarlo", "code": "1730", "ligt_in_provincie_code": "22", "ligt_in_provincie_naam": "Drenthe", "gid": "GM1730", "label": "Tynaarlo" }, "geometry": { "type": "MultiPolygon", "coordinates": [ [ [ [ 6.643520896223555, 53.108668087797824 ], [ 6.643953255447248, 53.108800412056617 ], [ 6.64507135409221, 53.109131809304316 ], [ 6.646090842931392, 53.109438539399619 ], [ 6.646583919080081, 53.109583444647079 ], [ 6.647878569104396, 53.109971247894798 ], [ 6.64812123455283, 53.110042322468608 ], [ 6.648737135564597, 53.110222717858306 ], [ 6.648822043392621, 53.110247984152913 ], [ 6.650470594070317, 53.110738516169597 ], [ 6.65180483480315, 53.11112895125104 ], [ 6.65190936211651, 53.11115954411185 ], [ 6.651988237948411, 53.111180648066473 ], [ 6.652019983867585, 53.111189137894733 ], [ 6.652168764329867, 53.111228942018194 ], [ 6.652773056388619, 53.11139062103031 ], [ 6.652773537840197, 53.111390741758697 ], [ 6.653616588664627, 53.111616288187463 ], [ 6.653651632072773, 53.111625668364631 ], [ 6.653674828715846, 53.11163187563205 ], [ 6.653736997480585, 53.111648508911252 ], [ 6.653753209344979, 53.111652839881138 ], [ 6.653788072068611, 53.111662168008458 ], [ 6.653801604753565, 53.111665790383661 ], [ 6.654164767722006, 53.111761208948778 ], [ 6.654208129507472, 53.11177260389114 ], [ 6.654398865134317, 53.11182561244059 ], [ 6.654671659622816, 53.111899167974357 ], [ 6.65471644565791, 53.111911248635344 ], [ 6.65520516310123, 53.112043026090262 ], [ 6.656171211320545, 53.112303523355251 ], [ 6.656237540800261, 53.112321405370153 ], [ 6.656695240320121, 53.112444815166775 ], [ 6.656699967579165, 53.112446095113789 ], [ 6.656713019012439, 53.112449587461178 ], [ 6.656767964303357, 53.112464282692308 ], [ 6.656781301803886, 53.112467852881579 ], [ 6.656828840847985, 53.112480568604063 ], [ 6.661232523892749, 53.113658318816633 ], [ 6.661292933773427, 53.113674364798086 ], [ 6.661430508024066, 53.113710897666451 ], [ 6.661459064709541, 53.113718484311192 ], [ 6.664139445343995, 53.114360447148982 ], [ 6.664142559207236, 53.114361195807717 ], [ 6.665288706987337, 53.114635678623287 ], [ 6.665151651528931, 53.114879992261102 ], [ 6.667684239568575, 53.115425766270036 ], [ 6.667699948278424, 53.115429148142297 ], [ 6.667736326687818, 53.115436991186847 ], [ 6.667723557607144, 53.115515447997332 ], [ 6.667798075022473, 53.115532580093969 ], [ 6.667823776644007, 53.115538497245709 ], [ 6.670650998417852, 53.11618887376374 ], [ 6.670667090511674, 53.116192574668389 ], [ 6.6708778225051, 53.116241056220758 ], [ 6.670889884071467, 53.116243829710534 ], [ 6.670602480811916, 53.116516307928784 ], [ 6.673311274003045, 53.117099941551487 ], [ 6.673333688695505, 53.117104769466678 ], [ 6.673341025068559, 53.117106353261818 ], [ 6.673446087314407, 53.117126775606657 ], [ 6.673458587137992, 53.117129202634111 ], [ 6.673605136181911, 53.117005830200213 ], [ 6.673621825305067, 53.11701151039216 ], [ 6.674169126592378, 53.117197725246243 ], [ 6.674210252451469, 53.117201363412043 ], [ 6.674280283488129, 53.117207566774695 ], [ 6.674552233097867, 53.117342924979177 ], [ 6.674666323170452, 53.117399717853139 ], [ 6.674725000908389, 53.11743756883493 ], [ 6.674850815318442, 53.117486246210035 ], [ 6.674926989096297, 53.117524735807095 ], [ 6.675330013646737, 53.117636278904527 ], [ 6.675402890452188, 53.117650251595954 ], [ 6.67770129614054, 53.117960101421126 ], [ 6.677791822548069, 53.117972300836676 ], [ 6.678542867657042, 53.118073540676143 ], [ 6.678616663495729, 53.118084706606631 ], [ 6.678731573658, 53.118102088464006 ], [ 6.679521138168578, 53.118221554596559 ], [ 6.680042654903528, 53.118298615111577 ], [ 6.680119174383177, 53.118309921476069 ], [ 6.680566948928916, 53.11837607475065 ], [ 6.680705434638934, 53.118396534295577 ], [ 6.681209790991836, 53.118471052043382 ], [ 6.682935908266701, 53.118814859987559 ], [ 6.685461928478648, 53.119317932005323 ], [ 6.687226214222026, 53.119649528054907 ], [ 6.687295016804276, 53.11966338499753 ], [ 6.689135058108747, 53.120033933717465 ], [ 6.689163538580877, 53.120039672333803 ], [ 6.693469807944955, 53.120876883549485 ], [ 6.693555229728801, 53.120890357986774 ], [ 6.695366928276136, 53.121176015112837 ], [ 6.701702498992117, 53.12077355405836 ], [ 6.701703542713324, 53.120773488684144 ], [ 6.709594373912426, 53.120271743197527 ], [ 6.709868426090726, 53.120254311585597 ], [ 6.71138489433624, 53.120220725500062 ], [ 6.711480420864584, 53.120218609045587 ], [ 6.711635980184907, 53.120248118710364 ], [ 6.711640593013716, 53.120248993360057 ], [ 6.711664273273254, 53.120253485610526 ], [ 6.711828607766522, 53.120284659435782 ], [ 6.712150109995699, 53.120345638792543 ], [ 6.712309548442598, 53.120371536885649 ], [ 6.712447929123277, 53.120387836066243 ], [ 6.712641024587179, 53.120399081189937 ], [ 6.712764292065059, 53.120405751509054 ], [ 6.714351583732311, 53.12036374125325 ], [ 6.714352330129699, 53.120363723997123 ], [ 6.71451059493417, 53.120359535045964 ], [ 6.714724818776537, 53.120353863018607 ], [ 6.719312302714128, 53.120232317564927 ], [ 6.719325363071086, 53.120231965630026 ], [ 6.719328885692053, 53.12023187253552 ], [ 6.719335304008103, 53.120231702304743 ], [ 6.719393770442842, 53.120230153423279 ], [ 6.719973194867171, 53.120214784244304 ], [ 6.721097249623722, 53.120184973115961 ], [ 6.721107303392329, 53.120183036821565 ], [ 6.721267420493736, 53.120152181101673 ], [ 6.721323703525214, 53.120141336165155 ], [ 6.721380803438167, 53.120130338313245 ], [ 6.724104955527641, 53.120017152364383 ], [ 6.724308469767528, 53.120008697898577 ], [ 6.724539793218353, 53.119999078870364 ], [ 6.724849159583884, 53.119986224387667 ], [ 6.728206388156646, 53.119846615056858 ], [ 6.728237390448588, 53.119845333353162 ], [ 6.729105178378736, 53.119809229794029 ], [ 6.729391432130779, 53.119797323448658 ], [ 6.729666854250424, 53.119785861336375 ], [ 6.730033402302026, 53.11977060913717 ], [ 6.731660986392509, 53.11970287096532 ], [ 6.731867824590855, 53.119694267471054 ], [ 6.732393438023658, 53.119672387415626 ], [ 6.732621028090458, 53.119662911508691 ], [ 6.737450956338635, 53.119461728969213 ], [ 6.738655352338381, 53.118708809227954 ], [ 6.738667103540549, 53.11870146013284 ], [ 6.74226218019525, 53.116453802786658 ], [ 6.742275486009765, 53.116445572988006 ], [ 6.742319858223252, 53.116418128111619 ], [ 6.74239657192891, 53.116370689803986 ], [ 6.743253770102585, 53.116568299741751 ], [ 6.743313632858284, 53.116485966524849 ], [ 6.743317915160166, 53.116480085507121 ], [ 6.743328188417183, 53.116452271392866 ], [ 6.743390545135735, 53.116283491300109 ], [ 6.743527317267787, 53.115991484140565 ], [ 6.743655414976462, 53.115833831225061 ], [ 6.74372816138614, 53.115771383803661 ], [ 6.743773651128996, 53.115738650367859 ], [ 6.743784040082518, 53.115732691183695 ], [ 6.743832757455726, 53.115704774128986 ], [ 6.743911352404166, 53.11566599491556 ], [ 6.743979463296467, 53.115630138335753 ], [ 6.744088589473035, 53.115583733728386 ], [ 6.744129819701949, 53.115566209408918 ], [ 6.744137912591287, 53.11556277457921 ], [ 6.744254674322885, 53.115513128893497 ], [ 6.744554970680713, 53.115349129289861 ], [ 6.744923778745194, 53.115135957534633 ], [ 6.744953781417733, 53.115118614109889 ], [ 6.745095581912052, 53.11503675306674 ], [ 6.745237164279984, 53.114950328943813 ], [ 6.745685818802762, 53.114668559614898 ], [ 6.746001467679036, 53.114463850901409 ], [ 6.746177823964161, 53.11434947708581 ], [ 6.746235267522556, 53.11431223039456 ], [ 6.746868710051263, 53.113948771060542 ], [ 6.746967653242711, 53.113892234192271 ], [ 6.747022880099196, 53.113866263961278 ], [ 6.747083449660084, 53.113837770616129 ], [ 6.747699124828001, 53.113548758822475 ], [ 6.747758607660091, 53.11351422024925 ], [ 6.747794101084636, 53.113488195208035 ], [ 6.747863119486554, 53.113423396963263 ], [ 6.74792152239894, 53.113358737247175 ], [ 6.748705184124582, 53.112246195119468 ], [ 6.748696710813704, 53.112243190929441 ], [ 6.748742472952816, 53.112157051783363 ], [ 6.748760523903445, 53.11212307351785 ], [ 6.748760820236289, 53.112122521943455 ], [ 6.748762977943024, 53.112118462261442 ], [ 6.749042866285018, 53.111591725698879 ], [ 6.749048450552372, 53.11158121034515 ], [ 6.749129583300321, 53.111576063938941 ], [ 6.751356158785708, 53.111434846874552 ], [ 6.751592001125288, 53.110728802946738 ], [ 6.751865264092665, 53.110745155543569 ], [ 6.751887011029358, 53.110736648716568 ], [ 6.751905792001528, 53.110725964881318 ], [ 6.751928417817431, 53.110705045987963 ], [ 6.751937540990025, 53.110678870779594 ], [ 6.751930020054743, 53.11065487134654 ], [ 6.751866418164993, 53.110495636620762 ], [ 6.751811750641572, 53.11035879449841 ], [ 6.751942568124917, 53.1103564322163 ], [ 6.752040205440299, 53.110294459739798 ], [ 6.752448498850023, 53.110035312741424 ], [ 6.753349892851873, 53.109463176574046 ], [ 6.753689543595091, 53.109247577224771 ], [ 6.753980755983023, 53.109062725963078 ], [ 6.75470541599112, 53.108602731531448 ], [ 6.754716294795111, 53.108595831119047 ], [ 6.754837818602929, 53.10851867409027 ], [ 6.754839619761341, 53.108517539134596 ], [ 6.754850469230905, 53.108510657018456 ], [ 6.754950806866499, 53.108446961675114 ], [ 6.755840143948741, 53.10788242083116 ], [ 6.755917111985556, 53.107833568619427 ], [ 6.756241218054097, 53.107627818371931 ], [ 6.758745722144117, 53.106037804736317 ], [ 6.760765352278635, 53.104755514194238 ], [ 6.760766801400998, 53.104754589884656 ], [ 6.760774794391399, 53.104749519400613 ], [ 6.760776857713443, 53.104750070904721 ], [ 6.760790940339089, 53.104741129064998 ], [ 6.761109307696795, 53.104539043676191 ], [ 6.761135174541169, 53.104522624205345 ], [ 6.761309083412605, 53.104412227451974 ], [ 6.76134951572378, 53.104386563915909 ], [ 6.761609850485086, 53.104221315772641 ], [ 6.761618707214891, 53.104215705082765 ], [ 6.762418202012913, 53.103708205377124 ], [ 6.763260127946493, 53.103173745756081 ], [ 6.764073197655529, 53.102657603771689 ], [ 6.765655894352695, 53.101652817626324 ], [ 6.765806771111087, 53.101557022485295 ], [ 6.765917659577307, 53.10148661758209 ], [ 6.766568698750657, 53.10107329263743 ], [ 6.766801257780171, 53.100925643717247 ], [ 6.767381499149368, 53.100557238163944 ], [ 6.769040220742043, 53.099504050557165 ], [ 6.770700603319484, 53.098449732352812 ], [ 6.771414815866757, 53.097996196854503 ], [ 6.772400314998207, 53.097370373539334 ], [ 6.773960529762943, 53.0963795100986 ], [ 6.774043852246228, 53.096326599856326 ], [ 6.774129061636644, 53.096272472418462 ], [ 6.775681003629496, 53.095286804032739 ], [ 6.775695562847905, 53.095277549277228 ], [ 6.776504415591077, 53.094763821590661 ], [ 6.77650937569127, 53.094760663499123 ], [ 6.775383269025496, 53.094461818810963 ], [ 6.773518464915553, 53.093966918817266 ], [ 6.771848886169042, 53.093523789837661 ], [ 6.771968332444126, 53.093409054572305 ], [ 6.771842733738732, 53.093373102881863 ], [ 6.771675490105805, 53.093325230438019 ], [ 6.770033674618714, 53.092855261516796 ], [ 6.768254806119576, 53.092346022948526 ], [ 6.766458156060834, 53.091831651693724 ], [ 6.765165494352332, 53.091461556520315 ], [ 6.765171966503788, 53.091444415599014 ], [ 6.764921437625908, 53.091373559740049 ], [ 6.764793484743391, 53.091337376179922 ], [ 6.763311309920071, 53.090923661391358 ], [ 6.763309788729386, 53.090923238508744 ], [ 6.762880060404735, 53.090803283511207 ], [ 6.76279333471998, 53.090779071221256 ], [ 6.761379712532818, 53.090384460465948 ], [ 6.761238390947446, 53.090345011495693 ], [ 6.761217771779162, 53.090339253751196 ], [ 6.760712293433248, 53.090190503023926 ], [ 6.760674260246988, 53.090179310067008 ], [ 6.760641516174711, 53.090169674097027 ], [ 6.760557357581126, 53.090144891532354 ], [ 6.760507088871982, 53.090130100251621 ], [ 6.76049752181645, 53.090151859813311 ], [ 6.760409684187338, 53.090120729544047 ], [ 6.760380938532521, 53.090110544369502 ], [ 6.760015843651987, 53.090008297318626 ], [ 6.759064255677951, 53.089741800826722 ], [ 6.758891260260388, 53.089693356499787 ], [ 6.758470441793457, 53.089574910410384 ], [ 6.756132816246639, 53.088916667254573 ], [ 6.755163593339391, 53.088643727220479 ], [ 6.751486802360606, 53.087607854465347 ], [ 6.750004554885381, 53.087190733049908 ], [ 6.749868062500358, 53.087152285277924 ], [ 6.749823137387629, 53.087139630563904 ], [ 6.74976431166856, 53.087123062900424 ], [ 6.748953972783167, 53.086891780049427 ], [ 6.748772471578405, 53.086839832156251 ], [ 6.748662376668983, 53.086822930330094 ], [ 6.748564053543078, 53.086819644734177 ], [ 6.748429161037513, 53.086821178501289 ], [ 6.748327828827581, 53.086840933769423 ], [ 6.74825799551007, 53.086860780218956 ], [ 6.74817975825604, 53.08688872063351 ], [ 6.748114066458822, 53.086916877873328 ], [ 6.748015436399191, 53.086873818638921 ], [ 6.746407506323314, 53.086080257099091 ], [ 6.74611309065939, 53.08592868050598 ], [ 6.746058909366942, 53.085882050571101 ], [ 6.746012996701608, 53.085842543364954 ], [ 6.746004876737342, 53.085829199887527 ], [ 6.746004687554331, 53.085828878500976 ], [ 6.745941361412122, 53.085724718365412 ], [ 6.745814706483191, 53.085513423308178 ], [ 6.745674218296097, 53.085294097878489 ], [ 6.745525427647207, 53.085099419097169 ], [ 6.745352167775494, 53.084910742471244 ], [ 6.74535192032267, 53.084910466679901 ], [ 6.745164949219578, 53.08475198903578 ], [ 6.74514507517036, 53.084730295048885 ], [ 6.745108216866957, 53.084690055703625 ], [ 6.745190893005915, 53.084555031146742 ], [ 6.745233122820665, 53.084498374071522 ], [ 6.745286628558981, 53.084447179012244 ], [ 6.74532888889988, 53.084414400146905 ], [ 6.745370424866432, 53.084393294675458 ], [ 6.745378821873865, 53.084388795759331 ], [ 6.745438598348517, 53.084356743803163 ], [ 6.74551983444635, 53.084329328308215 ], [ 6.745632761281842, 53.084293887216582 ], [ 6.745823160577663, 53.084237175229269 ], [ 6.746044229177326, 53.084174632730189 ], [ 6.746206475810363, 53.084127900742786 ], [ 6.746402157799099, 53.084058806602208 ], [ 6.746930004533686, 53.083876333837509 ], [ 6.74728570822115, 53.083748244984037 ], [ 6.747469007732122, 53.083688501470668 ], [ 6.7476407684889, 53.083619218722589 ], [ 6.747800130831716, 53.083553446778367 ], [ 6.747876561212755, 53.083528519763462 ], [ 6.747952051066144, 53.083511206439908 ], [ 6.748006910336626, 53.083503321334206 ], [ 6.748061243052598, 53.083505777305021 ], [ 6.748094720530449, 53.083528107047307 ], [ 6.748142937289102, 53.083546863130941 ], [ 6.748178266596505, 53.08355161108782 ], [ 6.74820010838473, 53.083550347245442 ], [ 6.74823805452105, 53.083546204196431 ], [ 6.748249409985503, 53.083547531001862 ], [ 6.748319924461998, 53.083555761306258 ], [ 6.748415802297895, 53.083573166556917 ], [ 6.748532646576581, 53.083602322055199 ], [ 6.748626220079569, 53.083638095927611 ], [ 6.74870077420794, 53.083676602405106 ], [ 6.748766234553305, 53.083709748130502 ], [ 6.748804638406824, 53.08372590146201 ], [ 6.748865798206716, 53.083739477297243 ], [ 6.749026079370778, 53.083762494388765 ], [ 6.749117928064921, 53.083776098453484 ], [ 6.749143885949191, 53.08377186682057 ], [ 6.749204356221634, 53.083761086411748 ], [ 6.749251919012385, 53.083745662721093 ], [ 6.749279433952822, 53.083723034807761 ], [ 6.749324564938025, 53.083679113829007 ], [ 6.749368155928036, 53.083635587810797 ], [ 6.749433950914627, 53.083545750442674 ], [ 6.749493338855835, 53.083435351650984 ], [ 6.749534796104076, 53.083354769234269 ], [ 6.749615262615041, 53.083183153293668 ], [ 6.749712028271296, 53.082964969556421 ], [ 6.749756818729475, 53.082875532800323 ], [ 6.749772954877906, 53.082854184612899 ], [ 6.7498011556313, 53.082832034062385 ], [ 6.749836945569236, 53.082821039938345 ], [ 6.749876896938431, 53.08280662828718 ], [ 6.749882142237378, 53.082798749837522 ], [ 6.749894386798466, 53.082780384698431 ], [ 6.749937768187508, 53.082744490851233 ], [ 6.749963581135794, 53.082711421198312 ], [ 6.750011583684201, 53.082674396270754 ], [ 6.750055198477145, 53.082624551798745 ], [ 6.75009766722635, 53.082571961327893 ], [ 6.750145919061188, 53.082502957531467 ], [ 6.750187454817113, 53.082427793154736 ], [ 6.75021522877495, 53.082366877163388 ], [ 6.750254903879036, 53.082252433508458 ], [ 6.750269248128841, 53.082143149243414 ], [ 6.750274937503534, 53.082025371882985 ], [ 6.750267444348088, 53.081941230421897 ], [ 6.750200535505769, 53.081787288877656 ], [ 6.750159347470418, 53.081739470310481 ], [ 6.750108619863066, 53.081702032551568 ], [ 6.750068551060616, 53.081681297215511 ], [ 6.749991700504057, 53.081649441193633 ], [ 6.749919111451085, 53.081625436244757 ], [ 6.749831074926847, 53.081605237857623 ], [ 6.749743012662115, 53.081591348619448 ], [ 6.749660644280704, 53.081603843448988 ], [ 6.74958795107196, 53.081622635892252 ], [ 6.74953883568706, 53.081638445884266 ], [ 6.749468085214088, 53.081665879676109 ], [ 6.749398238799654, 53.081697868567076 ], [ 6.749332416358418, 53.081727771566833 ], [ 6.749287228586542, 53.081754123526061 ], [ 6.749224293736807, 53.081790913649478 ], [ 6.749190497916721, 53.081815967641944 ], [ 6.749117030824303, 53.081841032581671 ], [ 6.749071051312714, 53.081849769831329 ], [ 6.74900168181412, 53.08184797967332 ], [ 6.748915967210118, 53.081821867674805 ], [ 6.748879136504511, 53.081808707155588 ], [ 6.748841162531269, 53.081793357798169 ], [ 6.74881882385744, 53.081784463047988 ], [ 6.748761860488442, 53.081754698708757 ], [ 6.74869809520347, 53.081719826164971 ], [ 6.748663083463931, 53.081688517985647 ], [ 6.748616847741405, 53.081639120660746 ], [ 6.748587493801297, 53.081586430801941 ], [ 6.748562204618043, 53.081542942400766 ], [ 6.748525008479588, 53.081487187246751 ], [ 6.748492165298837, 53.081438401479403 ], [ 6.748445429627908, 53.081393035978024 ], [ 6.748397946653379, 53.08134763402046 ], [ 6.74833070981581, 53.081298646130968 ], [ 6.748245046531114, 53.081247468154238 ], [ 6.748199581743255, 53.081227863009168 ], [ 6.748108686509646, 53.081226397946558 ], [ 6.748077010594232, 53.081225769460531 ], [ 6.748069349404851, 53.081225622887786 ], [ 6.747983073407893, 53.081223916491012 ], [ 6.747538146668663, 53.081131256833558 ], [ 6.746585592245593, 53.080848505887559 ], [ 6.746226747214025, 53.080743531186165 ], [ 6.745807678131955, 53.080623655352099 ], [ 6.745694878284809, 53.080537904757563 ], [ 6.745412858601767, 53.080429188926409 ], [ 6.744865371752628, 53.080210695825038 ], [ 6.744395866662352, 53.080027830600578 ], [ 6.743909177734185, 53.07989718440178 ], [ 6.743651411249723, 53.079824029995684 ], [ 6.743346539071126, 53.079686719830917 ], [ 6.74303682945601, 53.079539730702358 ], [ 6.742405281039629, 53.079253337658159 ], [ 6.742400045521965, 53.07925104231871 ], [ 6.74229170448656, 53.0792035678978 ], [ 6.742200341048851, 53.079163531223429 ], [ 6.74207625302436, 53.079098772993866 ], [ 6.740960852409245, 53.07863229192418 ], [ 6.739909626632312, 53.078192854416486 ], [ 6.738959037747136, 53.077793620863453 ], [ 6.738919206229221, 53.077781174218053 ], [ 6.738783418776807, 53.077723347931197 ], [ 6.738735855418269, 53.077704625687126 ], [ 6.738632535437218, 53.077661423067134 ], [ 6.737891628566925, 53.077344516754714 ], [ 6.737687727805254, 53.077257297210025 ], [ 6.736952853168781, 53.076944361279558 ], [ 6.736487694960508, 53.076749310827935 ], [ 6.736374271048734, 53.076697296024513 ], [ 6.736177293599839, 53.076606958280941 ], [ 6.735851263904636, 53.076461545677716 ], [ 6.73556030922087, 53.076335922040528 ], [ 6.735093996355434, 53.076138353882733 ], [ 6.734716549859478, 53.075976648481124 ], [ 6.734543723464819, 53.075902608338851 ], [ 6.734464723280748, 53.0758685828079 ], [ 6.734191860868429, 53.075751047305978 ], [ 6.733655873385922, 53.07551511001693 ], [ 6.733188820404678, 53.07535422801346 ], [ 6.733073643031849, 53.075326755512187 ], [ 6.733029758072944, 53.075314361491643 ], [ 6.732882621758855, 53.075275529005644 ], [ 6.732750924221997, 53.075221550361668 ], [ 6.732662140734385, 53.075190527459874 ], [ 6.732611555413486, 53.075172349040805 ], [ 6.732561075673119, 53.075154205362146 ], [ 6.732373543220358, 53.075239128664904 ], [ 6.73229684179644, 53.075209362711547 ], [ 6.727714829895675, 53.07343120711478 ], [ 6.727173662929818, 53.073221172869879 ], [ 6.726138503570826, 53.073665914473885 ], [ 6.724966060941353, 53.073193291697606 ], [ 6.724902659645848, 53.073167740115849 ], [ 6.724864053861055, 53.073152183599248 ], [ 6.72463598445464, 53.073060242331927 ], [ 6.724574562596131, 53.073035477295491 ], [ 6.723013314371975, 53.072431897089608 ], [ 6.722876246571932, 53.072377284617822 ], [ 6.721853602895628, 53.071969769725065 ], [ 6.721292338427677, 53.071746129160111 ], [ 6.721241458864502, 53.07172585528469 ], [ 6.721222741630061, 53.071718397944252 ], [ 6.721136149747087, 53.071683891131322 ], [ 6.719402316142359, 53.070993889904607 ], [ 6.71804379319842, 53.07045088042981 ], [ 6.716298052364857, 53.069758109271795 ], [ 6.714999116144001, 53.069235226925969 ], [ 6.714390977310425, 53.068989948276794 ], [ 6.714383503643195, 53.068985609524781 ], [ 6.714175003821352, 53.068888578553 ], [ 6.713976570644363, 53.068805518326556 ], [ 6.713862732102787, 53.068762770655354 ], [ 6.713731252856885, 53.068714987935515 ], [ 6.713687191958546, 53.068696918021907 ], [ 6.713652627823567, 53.068720110197454 ], [ 6.713620841649158, 53.068741438219952 ], [ 6.713330437684561, 53.068936322823511 ], [ 6.712882023583741, 53.069229100264586 ], [ 6.712467789718218, 53.069501905754898 ], [ 6.712144328208279, 53.069695904181174 ], [ 6.712106728854349, 53.069718455461967 ], [ 6.711903638792093, 53.06983536897495 ], [ 6.711782268129651, 53.069905238356036 ], [ 6.711589853816908, 53.070021952287483 ], [ 6.71152199445932, 53.070063117831324 ], [ 6.711432974542647, 53.070113019186294 ], [ 6.711299960767943, 53.070060954979766 ], [ 6.711266369424282, 53.070047621356828 ], [ 6.710744321815676, 53.069843503126137 ], [ 6.710695136825409, 53.069824248569788 ], [ 6.710373405672913, 53.069695894042248 ], [ 6.709462388099905, 53.069332433798138 ], [ 6.708339426960965, 53.068887277587287 ], [ 6.706963257524532, 53.068342019740285 ], [ 6.706709053444635, 53.068241300888957 ], [ 6.706508224305562, 53.068160816118862 ], [ 6.706476671056228, 53.068148168676728 ], [ 6.706258948400407, 53.068065083724058 ], [ 6.705550508477896, 53.067778581974906 ], [ 6.705204723513731, 53.067643244103408 ], [ 6.703863876554801, 53.067104428137164 ], [ 6.702449480388324, 53.066538599730571 ], [ 6.701613070140635, 53.06621238349566 ], [ 6.701021210239393, 53.065978982333732 ], [ 6.700952026568805, 53.065950848479673 ], [ 6.700482084093063, 53.065759432808505 ], [ 6.699058961995951, 53.06519764179248 ], [ 6.699029266992384, 53.065181664814453 ], [ 6.6990146697894, 53.065173565734881 ], [ 6.698299198488566, 53.065783114120357 ], [ 6.697298650293642, 53.066644467694246 ], [ 6.697291771920693, 53.066650393537209 ], [ 6.697080588623005, 53.066806005600647 ], [ 6.697031177171758, 53.066786343548479 ], [ 6.696944420329951, 53.066751821215888 ], [ 6.696101809814631, 53.067460561679511 ], [ 6.695673362577176, 53.067829049840867 ], [ 6.695493616920682, 53.067986040771999 ], [ 6.695364827215244, 53.068093630066166 ], [ 6.695234130018647, 53.068202803800105 ], [ 6.695221334245508, 53.068212910238827 ], [ 6.695028902249501, 53.068364925461864 ], [ 6.694846029327675, 53.068509385688586 ], [ 6.694777473636588, 53.068563544480384 ], [ 6.694664835970284, 53.068644256105742 ], [ 6.694491161502275, 53.06876871803491 ], [ 6.694329637743692, 53.068884464407262 ], [ 6.69428586419731, 53.068915821818614 ], [ 6.693734660502363, 53.069240088015533 ], [ 6.693522947672419, 53.069361575596872 ], [ 6.693269342506636, 53.069507101835612 ], [ 6.692642727985358, 53.070183245040688 ], [ 6.692518448870429, 53.070311281254469 ], [ 6.692448153755409, 53.070383710210884 ], [ 6.692225249872699, 53.070292523174388 ], [ 6.692183586976722, 53.070274059785369 ], [ 6.692141939302444, 53.070255605203045 ], [ 6.692058174637248, 53.070220453577427 ], [ 6.691820218171639, 53.070277293047013 ], [ 6.691489826546485, 53.070448959718021 ], [ 6.691221515021669, 53.07057673961792 ], [ 6.691174609498967, 53.070598837408589 ], [ 6.691116345718307, 53.070626298337643 ], [ 6.690885570083877, 53.070735056468152 ], [ 6.690720700227025, 53.070805512780026 ], [ 6.690276010833096, 53.070996367750247 ], [ 6.690075488299926, 53.071079146022683 ], [ 6.689650660442604, 53.071253803535484 ], [ 6.689046461708563, 53.071510745301183 ], [ 6.688871154255988, 53.071590110793707 ], [ 6.688460112428166, 53.071778480985714 ], [ 6.688129939501914, 53.071939836644397 ], [ 6.687811906961147, 53.072098084754714 ], [ 6.687786287470404, 53.07208318410585 ], [ 6.687772139719837, 53.072090096048733 ], [ 6.687515481666703, 53.072215565941036 ], [ 6.687107593757754, 53.072430920975371 ], [ 6.686765154795353, 53.072606560475755 ], [ 6.686279495318282, 53.07286562488202 ], [ 6.686030024531806, 53.072998697360283 ], [ 6.685927987606825, 53.073050598956286 ], [ 6.685759351276946, 53.073136375983545 ], [ 6.685552235581506, 53.073238809635271 ], [ 6.685292064663694, 53.073362515322152 ], [ 6.685037325664229, 53.073493764519071 ], [ 6.684731108934911, 53.073655668588025 ], [ 6.684342254640898, 53.073853202075838 ], [ 6.683967543499008, 53.074044245221522 ], [ 6.683279440537741, 53.07440074306426 ], [ 6.682625416120075, 53.074729943048375 ], [ 6.682013966537595, 53.075044461432455 ], [ 6.681808776495936, 53.075150013021236 ], [ 6.681316659898936, 53.075399141957838 ], [ 6.680807710592498, 53.075651479327902 ], [ 6.680135678735946, 53.07599611976979 ], [ 6.679744375568118, 53.076195497653046 ], [ 6.679388469580639, 53.076377920150613 ], [ 6.679068472612681, 53.076538493154899 ], [ 6.678653251517928, 53.076754895160825 ], [ 6.678525987932981, 53.076821729135922 ], [ 6.678183956513569, 53.07700133812537 ], [ 6.677989418111054, 53.077104871839261 ], [ 6.677068708251192, 53.077566849396888 ], [ 6.67675589298062, 53.077729621331784 ], [ 6.676063914426606, 53.078089694959687 ], [ 6.675484281023796, 53.07839223422895 ], [ 6.675175180013644, 53.078543269903498 ], [ 6.67516338190724, 53.078549031661588 ], [ 6.674777348262939, 53.078729858935823 ], [ 6.674552625962447, 53.078827636361261 ], [ 6.674187779685466, 53.078981281966023 ], [ 6.673901697022441, 53.079094519313102 ], [ 6.673596987779871, 53.079206257589981 ], [ 6.673293755302178, 53.079319030683038 ], [ 6.673153455210747, 53.079366488166649 ], [ 6.672906313650408, 53.079446259757653 ], [ 6.672421342206423, 53.079599302706576 ], [ 6.672119904314406, 53.079688696431404 ], [ 6.671604276347288, 53.079826733339225 ], [ 6.671300054941431, 53.079902863144454 ], [ 6.671106951018278, 53.079941340453175 ], [ 6.670805979533059, 53.080012356509677 ], [ 6.670685284948713, 53.080050209477264 ], [ 6.670666000392081, 53.080055691569775 ], [ 6.670648105143218, 53.080062228210252 ], [ 6.670444601787199, 53.080101858417891 ], [ 6.66995979190142, 53.080196258712533 ], [ 6.668743601036746, 53.080430722663756 ], [ 6.668099096379156, 53.080545068294697 ], [ 6.667958715689595, 53.080571401162004 ], [ 6.667269700114002, 53.08070088516552 ], [ 6.667151731287979, 53.080723535433378 ], [ 6.666920260627348, 53.080767988028306 ], [ 6.66640249630252, 53.080870976063864 ], [ 6.665776963017306, 53.080984288551186 ], [ 6.665298101422701, 53.081065440408864 ], [ 6.664962741268556, 53.081124298952659 ], [ 6.664837808421031, 53.081147227949394 ], [ 6.66452558161605, 53.081204598170217 ], [ 6.664496483279755, 53.081210354719829 ], [ 6.664363275333035, 53.081243724450616 ], [ 6.664231365387886, 53.081277592439946 ], [ 6.664220551847825, 53.081280367922162 ], [ 6.664208153469926, 53.081283555733961 ], [ 6.664083812825568, 53.081315482521234 ], [ 6.663729513231542, 53.081406443180136 ], [ 6.663686540441113, 53.081417479010625 ], [ 6.663370608773839, 53.081515964934056 ], [ 6.663004310307636, 53.081633463900907 ], [ 6.662799065174707, 53.081698101173551 ], [ 6.662385695938399, 53.081826982926614 ], [ 6.661836130959127, 53.081985298690611 ], [ 6.661559880367096, 53.082090501860279 ], [ 6.66128882668466, 53.082203476679062 ], [ 6.661047367160436, 53.082320476657358 ], [ 6.660905067563199, 53.082385510274641 ], [ 6.660750785768827, 53.082454724287139 ], [ 6.660547187264379, 53.082557417688989 ], [ 6.660286623037326, 53.082690319439507 ], [ 6.659989218336217, 53.082815488112288 ], [ 6.659869473008915, 53.082875095222676 ], [ 6.659669060611679, 53.082958817783535 ], [ 6.659414975737776, 53.083095513087649 ], [ 6.659360329696088, 53.083124923813585 ], [ 6.65874294200766, 53.08348232293914 ], [ 6.658434953989221, 53.083658241307305 ], [ 6.658117563896834, 53.083835813401897 ], [ 6.65777420166649, 53.084030259093595 ], [ 6.656915000420353, 53.08385902534048 ], [ 6.654754273676796, 53.083428388757298 ], [ 6.653842418195871, 53.083217051791365 ], [ 6.652101041735058, 53.082843328664303 ], [ 6.651414899885335, 53.082696612645144 ], [ 6.650833008899884, 53.082572203264327 ], [ 6.649372644968219, 53.082276760814914 ], [ 6.648952769319758, 53.08220491500775 ], [ 6.648855087203455, 53.082188599772316 ], [ 6.648855119660761, 53.082051594104108 ], [ 6.648859076048676, 53.081844709853328 ], [ 6.648879335233544, 53.081564563285717 ], [ 6.648916452564737, 53.081319099218263 ], [ 6.648990221361196, 53.081114588579354 ], [ 6.6490997000823, 53.080917115661357 ], [ 6.649265106430413, 53.080646438816409 ], [ 6.649314711380645, 53.080546188139614 ], [ 6.649348936308624, 53.080421044093796 ], [ 6.649355545721885, 53.080369128937996 ], [ 6.649346262832829, 53.080247490152374 ], [ 6.649302518621725, 53.080162270163733 ], [ 6.649229604261534, 53.079979247598246 ], [ 6.649242659425123, 53.079918034933698 ], [ 6.649251014126581, 53.079903046559842 ], [ 6.649274758593906, 53.079881991538173 ], [ 6.649331035756616, 53.079839806798461 ], [ 6.64945531297347, 53.079761343844439 ], [ 6.649526158480092, 53.079720784805005 ], [ 6.64957722085542, 53.079658901704171 ], [ 6.649597717481123, 53.079623169291594 ], [ 6.649643914737911, 53.079577208347473 ], [ 6.649673176501457, 53.079566780494275 ], [ 6.649732687516715, 53.079562944547391 ], [ 6.649776907951414, 53.079569092533539 ], [ 6.649819445798021, 53.079571268061642 ], [ 6.649868620507214, 53.079580473231111 ], [ 6.650088599552747, 53.079656213074699 ], [ 6.650328717014625, 53.079764937679471 ], [ 6.650694995844766, 53.079923025469313 ], [ 6.650764192697015, 53.079945831831537 ], [ 6.650895042295536, 53.079984523270255 ], [ 6.65097513014413, 53.080003601805657 ], [ 6.651076610828492, 53.080021349041026 ], [ 6.651248532676176, 53.080047213510746 ], [ 6.651608769536001, 53.080046869150173 ], [ 6.651962126667429, 53.080013758210882 ], [ 6.652100958362093, 53.080006737450795 ], [ 6.652154358391956, 53.080006236109966 ], [ 6.652323194587011, 53.080016844906218 ], [ 6.652740941294958, 53.08005817278471 ], [ 6.653120578643668, 53.080090016607606 ], [ 6.653605687367498, 53.08011365284176 ], [ 6.653700620186455, 53.08012228250319 ], [ 6.653816274640057, 53.080129596441559 ], [ 6.653863798047587, 53.080126145900316 ], [ 6.653949741087552, 53.080108511860892 ], [ 6.653988563090499, 53.080095842900072 ], [ 6.654091812123925, 53.080028903141006 ], [ 6.654125233025768, 53.079991235770954 ], [ 6.654238250301251, 53.079812089699772 ], [ 6.654336099261855, 53.079636887554592 ], [ 6.654385004286428, 53.079559621607864 ], [ 6.654422006021092, 53.079489734086501 ], [ 6.654435501097143, 53.07943822200572 ], [ 6.654454511810071, 53.07938853878688 ], [ 6.654477473328558, 53.079295775386043 ], [ 6.65447822952706, 53.079213303412686 ], [ 6.654441081731576, 53.078915726362922 ], [ 6.654432556073512, 53.078799031590293 ], [ 6.654444523084535, 53.078698251400851 ], [ 6.654466071093392, 53.078613824832075 ], [ 6.65448458276881, 53.078576710591157 ], [ 6.654539664571263, 53.078483076880246 ], [ 6.654633208667223, 53.078336408506438 ], [ 6.654692951089613, 53.078253168171543 ], [ 6.654756495436248, 53.078175432476492 ], [ 6.654758503005902, 53.078148099961759 ], [ 6.654765006044104, 53.078121906118895 ], [ 6.65474502051946, 53.078081442929083 ], [ 6.654704767801767, 53.078038399400384 ], [ 6.65466547582929, 53.078004746006904 ], [ 6.654576247479388, 53.077951616411312 ], [ 6.65446771367048, 53.077897657630331 ], [ 6.654330488751688, 53.077856206698755 ], [ 6.654191735549492, 53.077824765244564 ], [ 6.654113305884676, 53.077816904971314 ], [ 6.654064726738734, 53.077818865990032 ], [ 6.65402281867761, 53.077823901814028 ], [ 6.653959055153155, 53.077839944222383 ], [ 6.653920986825059, 53.07784615261226 ], [ 6.653897504853816, 53.077844891289104 ], [ 6.653861710556087, 53.077823674472285 ], [ 6.653849751573243, 53.077809179291684 ], [ 6.653832087501961, 53.077760270643303 ], [ 6.653827745955599, 53.077729113988099 ], [ 6.65383117039246, 53.077661837601894 ], [ 6.653871295256571, 53.07758035098913 ], [ 6.653908227119144, 53.077517303365426 ], [ 6.654032991105076, 53.07732153301729 ], [ 6.654042483395634, 53.077288324734866 ], [ 6.654055988117887, 53.077261185095679 ], [ 6.654077880072487, 53.07720183742483 ], [ 6.654125428489516, 53.077131856288453 ], [ 6.654206125066452, 53.077041025108862 ], [ 6.654259771577763, 53.076996430339427 ], [ 6.654450387605178, 53.076867571091775 ], [ 6.654488416740911, 53.076851872746246 ], [ 6.654696323585485, 53.076791876589986 ], [ 6.654829048252075, 53.076758019372633 ], [ 6.654896061766248, 53.076743973108833 ], [ 6.654986302600545, 53.076732709405036 ], [ 6.655034385280267, 53.076734231201129 ], [ 6.655073456341427, 53.076743999568777 ], [ 6.655115132205561, 53.076757622686074 ], [ 6.655189352537827, 53.076796675568843 ], [ 6.65521194662688, 53.07682426874878 ], [ 6.655270716300287, 53.076863655997826 ], [ 6.655292661823606, 53.076886924334374 ], [ 6.655339652232834, 53.076957818680114 ], [ 6.655356828474456, 53.077058946338724 ], [ 6.655362024900621, 53.077126994215007 ], [ 6.655360211485531, 53.077177816519345 ], [ 6.655350774000328, 53.077241984294083 ], [ 6.65530541661484, 53.077441570129544 ], [ 6.655290494627182, 53.077479940609678 ], [ 6.655268858860481, 53.077522462271354 ], [ 6.65525146529348, 53.07760547900817 ], [ 6.655248980695067, 53.077694125390259 ], [ 6.655255132723616, 53.077803574881237 ], [ 6.655238781096739, 53.077874241524306 ], [ 6.655240134889337, 53.077912412623242 ], [ 6.655246990452834, 53.077937125939016 ], [ 6.655277075226306, 53.077986118501229 ], [ 6.655324533181201, 53.078016782415041 ], [ 6.655356608299734, 53.078032241634297 ], [ 6.65543083755887, 53.07804546585681 ], [ 6.65550884214353, 53.07804232978021 ], [ 6.655561181944651, 53.07801635121794 ], [ 6.655598024312151, 53.077993214944321 ], [ 6.655820845951114, 53.077825027027316 ], [ 6.655839487677879, 53.077792413627975 ], [ 6.65585902071071, 53.077738213171664 ], [ 6.655894964562678, 53.077671580618272 ], [ 6.655930680701621, 53.077614521541243 ], [ 6.656033453508045, 53.077483085868799 ], [ 6.65613921013925, 53.077368999184642 ], [ 6.65645665516595, 53.07710583061921 ], [ 6.656715114444804, 53.076919046551303 ], [ 6.656833942196112, 53.076836643302073 ], [ 6.656952981609252, 53.076768634745548 ], [ 6.657448256743601, 53.076528884185279 ], [ 6.657513147548091, 53.076493335271458 ], [ 6.65755682938291, 53.076469415818025 ], [ 6.657635077146017, 53.07642981577019 ], [ 6.657692183153478, 53.076416888601415 ], [ 6.65791368756671, 53.076358216338072 ], [ 6.658108470816502, 53.076328324926351 ], [ 6.658203586127, 53.076316422879856 ], [ 6.658292047186741, 53.076315276879704 ], [ 6.658553795487706, 53.076320720234591 ], [ 6.658819493115641, 53.07633616845586 ], [ 6.659522623306292, 53.076390922565686 ], [ 6.659567381012076, 53.076392549775868 ], [ 6.659636497438079, 53.076381075713009 ], [ 6.65967378525763, 53.07636460171743 ], [ 6.659700663769941, 53.076340734274474 ], [ 6.659784200911245, 53.076247469506306 ], [ 6.659793641930273, 53.076193833962733 ], [ 6.659871191911028, 53.076081140112336 ], [ 6.659891878439177, 53.076043067199763 ], [ 6.659888278683395, 53.07600070510729 ], [ 6.659897312630296, 53.075956096762255 ], [ 6.659888616948603, 53.075840698093536 ], [ 6.659798680641561, 53.075632654061849 ], [ 6.659680227734636, 53.075491820850324 ], [ 6.659626842079429, 53.075455964289809 ], [ 6.659481809643078, 53.075344054787706 ], [ 6.659438793735887, 53.075313731723355 ], [ 6.659395060920387, 53.075270654811845 ], [ 6.659378728785421, 53.075232238479018 ], [ 6.659376342196759, 53.075199173939019 ], [ 6.659379046653419, 53.075163134536865 ], [ 6.65939212018604, 53.075124980844926 ], [ 6.659419002548262, 53.075090571732346 ], [ 6.659483241864997, 53.075023754085699 ], [ 6.659571071421732, 53.074959399706295 ], [ 6.659689309765509, 53.074856743197003 ], [ 6.659837858703483, 53.074708380265811 ], [ 6.659864721098052, 53.07467687403804 ], [ 6.659884282820201, 53.074642704409385 ], [ 6.659920180144481, 53.074549838134836 ], [ 6.659931552589267, 53.07450152924217 ], [ 6.659949992017133, 53.0744621680943 ], [ 6.659982417804042, 53.074420905772385 ], [ 6.659984147250428, 53.074422379215257 ], [ 6.660035850800993, 53.074389188866796 ], [ 6.660098370241929, 53.074369642485671 ], [ 6.660199922517651, 53.074348926064545 ], [ 6.660272107060146, 53.074338892831072 ], [ 6.660467568028789, 53.074322803203906 ], [ 6.66067404990438, 53.074315133602035 ], [ 6.660924343709524, 53.074321178845963 ], [ 6.661007164130289, 53.074331872711106 ], [ 6.661078420689006, 53.074349214105538 ], [ 6.661112288152647, 53.074362208272071 ], [ 6.661172498665, 53.074401298739311 ], [ 6.661204703538433, 53.074430352267562 ], [ 6.661337952235004, 53.074628318298558 ], [ 6.661381852259477, 53.074705012889304 ], [ 6.661416497455416, 53.074737374539652 ], [ 6.66146190157396, 53.074767689455321 ], [ 6.661611545123002, 53.074848479650861 ], [ 6.661795409776265, 53.074979681498824 ], [ 6.661879026302134, 53.075046408863464 ], [ 6.661941032146181, 53.075072385855719 ], [ 6.662005958203334, 53.075081939534059 ], [ 6.662057038347393, 53.075083444549747 ], [ 6.662107949578761, 53.07506446111438 ], [ 6.662144993197789, 53.075042282219407 ], [ 6.662165755092849, 53.075024644387618 ], [ 6.66220402568971, 53.074954309352847 ], [ 6.662174989215407, 53.074746085607039 ], [ 6.662143922661895, 53.07461354454464 ], [ 6.662122594437562, 53.074538209489297 ], [ 6.662031600398203, 53.074308645539574 ], [ 6.66199633763438, 53.074219681876599 ], [ 6.661974105157022, 53.07417502886117 ], [ 6.661910523265471, 53.074081100410147 ], [ 6.661632318554496, 53.073734218969811 ], [ 6.661546945792649, 53.073632470025629 ], [ 6.661458468498469, 53.073533225479885 ], [ 6.66141300807369, 53.073487219953755 ], [ 6.661339373803607, 53.073391358168863 ], [ 6.661225891045794, 53.073238826411455 ], [ 6.661217173374773, 53.073188376614837 ], [ 6.661223552589285, 53.073159137089782 ], [ 6.661239289339973, 53.073091297886755 ], [ 6.66126262436889, 53.073049493870585 ], [ 6.66128617855502, 53.073015667924935 ], [ 6.661327097471033, 53.072962874416568 ], [ 6.661494899265852, 53.072800293661146 ], [ 6.661757195241034, 53.072557729192759 ], [ 6.661858954024107, 53.072452729508647 ], [ 6.661886973633083, 53.072390088655332 ], [ 6.661987408213162, 53.072212569281078 ], [ 6.662041853880611, 53.072149925533537 ], [ 6.66208408974574, 53.072095796631295 ], [ 6.662464557474733, 53.071881664677029 ], [ 6.662792498910693, 53.071697550487933 ], [ 6.662935598310049, 53.071615313563925 ], [ 6.663204278764985, 53.071476773562914 ], [ 6.663268995662722, 53.071418459281325 ], [ 6.663305944753069, 53.071392173944155 ], [ 6.6633990791464, 53.071354918606481 ], [ 6.663477587182036, 53.071343953218012 ], [ 6.663580075780212, 53.071334062128564 ], [ 6.663645477244386, 53.071333571390909 ], [ 6.66383189429566, 53.071337721344065 ], [ 6.664230685267952, 53.071419355600725 ], [ 6.664641967658412, 53.071482243237952 ], [ 6.664846288990075, 53.071539556091338 ], [ 6.665044294190007, 53.07161597040291 ], [ 6.665142075422474, 53.071649427390454 ], [ 6.665240131516354, 53.071693737607468 ], [ 6.665347200710505, 53.071753768543637 ], [ 6.665432921508399, 53.071816984076705 ], [ 6.665604060345806, 53.071956925589582 ], [ 6.665655444705955, 53.071995739637941 ], [ 6.665838153235581, 53.072091224589329 ], [ 6.666007798471779, 53.07215504399305 ], [ 6.666080527512915, 53.072175314399665 ], [ 6.666153601122202, 53.072185497715559 ], [ 6.666238995097427, 53.072164103974167 ], [ 6.666306588745934, 53.072129590709039 ], [ 6.666390855697374, 53.072064379511211 ], [ 6.666403690003926, 53.072026955464146 ], [ 6.666411040394656, 53.07200396016794 ], [ 6.666404482229808, 53.071929762039353 ], [ 6.666378299832901, 53.071872201792665 ], [ 6.666292787825644, 53.07173103182263 ], [ 6.666089208514599, 53.071515623913321 ], [ 6.666000952201125, 53.071431181774436 ], [ 6.665976306967852, 53.07141210514434 ], [ 6.665731307049312, 53.071222482370551 ], [ 6.665518630667523, 53.071097786172309 ], [ 6.66533260923603, 53.070998067312409 ], [ 6.665269436394374, 53.070960196814241 ], [ 6.665221322372299, 53.070921922846239 ], [ 6.665167158860658, 53.070866701137206 ], [ 6.665121024328917, 53.070805435327905 ], [ 6.665094574109196, 53.070750861328477 ], [ 6.665074531134088, 53.070664548874113 ], [ 6.665053126025041, 53.070523331648943 ], [ 6.665041720362057, 53.070315261510153 ], [ 6.665025811528514, 53.070289306260371 ], [ 6.665011550157504, 53.070254939599742 ], [ 6.664998587395488, 53.070179012356895 ], [ 6.664967871024298, 53.070035225376337 ], [ 6.664960783013335, 53.0700017437333 ], [ 6.664939947116716, 53.069942211862376 ], [ 6.664895648018422, 53.069863159143331 ], [ 6.664846507430581, 53.069796029863454 ], [ 6.664762129267197, 53.069677871270571 ], [ 6.664573929088573, 53.069491144769962 ], [ 6.664524013431349, 53.069454444493438 ], [ 6.6644556440554, 53.069413798134171 ], [ 6.664379750587145, 53.069345111821384 ], [ 6.664330502781942, 53.069274289832393 ], [ 6.664322847790111, 53.069221510204535 ], [ 6.664365375427405, 53.069131330588128 ], [ 6.664419748874794, 53.069054810546 ], [ 6.664471622504322, 53.069001862994988 ], [ 6.664582875342572, 53.068913241542759 ], [ 6.664860542097311, 53.068732479737974 ], [ 6.665243158106431, 53.068503064594758 ], [ 6.665374053748524, 53.06843354561213 ], [ 6.665533024583397, 53.068363358161903 ], [ 6.665679786839881, 53.068314348380142 ], [ 6.665828982247846, 53.068275521616052 ], [ 6.66607924091928, 53.068216679294906 ], [ 6.666411056735172, 53.06813868530557 ], [ 6.666601774756184, 53.068092781387278 ], [ 6.666730155435163, 53.068056512594509 ], [ 6.666799974271221, 53.068029892687356 ], [ 6.666924942440641, 53.067972010557106 ], [ 6.666988436697, 53.06794596143137 ], [ 6.667065222361336, 53.067910208005877 ], [ 6.667100961287642, 53.067886576539237 ], [ 6.667206506993901, 53.067825307014928 ], [ 6.66762931824683, 53.067619350503676 ], [ 6.667993888681924, 53.067448687458771 ], [ 6.668471250328365, 53.067197047488342 ], [ 6.668544532891818, 53.067153395090038 ], [ 6.668675116963819, 53.067098910942143 ], [ 6.668766231425005, 53.06708568609902 ], [ 6.668830485683235, 53.067080917976092 ], [ 6.668894920511245, 53.067082268014737 ], [ 6.668959430456074, 53.067085657257564 ], [ 6.669048062842696, 53.067103086391249 ], [ 6.669379916530086, 53.067207734924132 ], [ 6.669957842480856, 53.067349512843606 ], [ 6.669985037238532, 53.06733723275039 ], [ 6.670071241420132, 53.067318901019185 ], [ 6.670138948126643, 53.067299680080588 ], [ 6.670175809201661, 53.067285822463539 ], [ 6.670193190417761, 53.067272667937551 ], [ 6.670205781907712, 53.067256976504495 ], [ 6.670200281331327, 53.067161198352061 ], [ 6.670211761613732, 53.067115978636942 ], [ 6.67031857376792, 53.066933170824257 ], [ 6.670488282269127, 53.066655774604691 ], [ 6.670491755717197, 53.066612258359534 ], [ 6.670412076315482, 53.066340888101259 ], [ 6.670387005639012, 53.066244268273984 ], [ 6.670340362600774, 53.066148203251657 ], [ 6.670319337594031, 53.066117297763249 ], [ 6.670288149299376, 53.066087301069757 ], [ 6.670198650002576, 53.066021792826 ], [ 6.67011195416254, 53.065964306799081 ], [ 6.669963490016971, 53.065889104383686 ], [ 6.669844692179573, 53.0658327800449 ], [ 6.669726420300163, 53.065782129724525 ], [ 6.669523626632321, 53.06570461514611 ], [ 6.669461253654321, 53.065678538163915 ], [ 6.669429678792115, 53.06566169334225 ], [ 6.669400140176449, 53.065632963884539 ], [ 6.669375572109808, 53.065600775104372 ], [ 6.669369084803337, 53.065577622248128 ], [ 6.669367474624026, 53.065541278178308 ], [ 6.669371041680799, 53.065505444823692 ], [ 6.669421362357633, 53.065309295112343 ], [ 6.669456017749532, 53.06519400730339 ], [ 6.669493787462201, 53.065051311766737 ], [ 6.669561214503779, 53.064851455781557 ], [ 6.669595714466944, 53.064798629102228 ], [ 6.669687282698301, 53.064697883413089 ], [ 6.669719856344774, 53.06467077111909 ], [ 6.669780516573516, 53.064641425623051 ], [ 6.669815466814453, 53.064631641696671 ], [ 6.669880452761419, 53.06462348603111 ], [ 6.669953735807812, 53.064621460393326 ], [ 6.670025478573614, 53.064627898984796 ], [ 6.670080479386227, 53.064636269456273 ], [ 6.670138450774488, 53.064650755155725 ], [ 6.670176945250239, 53.064670041969507 ], [ 6.670254102021792, 53.064725401446154 ], [ 6.670305224394711, 53.064810031999947 ], [ 6.670326256271024, 53.064859369726982 ], [ 6.67032389422195, 53.064869810964332 ], [ 6.6702897837627, 53.064913574804152 ], [ 6.670263634016569, 53.06497227952449 ], [ 6.670283438968823, 53.065056338136806 ], [ 6.670291689180545, 53.06507501450708 ], [ 6.670319816771042, 53.065108495018748 ], [ 6.670348517421819, 53.065135112312241 ], [ 6.670484599171292, 53.065201316248974 ], [ 6.670559319266733, 53.065219109109698 ], [ 6.670629229980401, 53.065222080042226 ], [ 6.670872456414464, 53.065207779452891 ], [ 6.671225106140697, 53.065182023345358 ], [ 6.671288801778542, 53.065180162665655 ], [ 6.671400472422451, 53.065187690840659 ], [ 6.671425270122816, 53.065177655904535 ], [ 6.671531983631946, 53.065107364930427 ], [ 6.671578438092403, 53.065051219000438 ], [ 6.671615245941401, 53.064990242723155 ], [ 6.671635183708791, 53.06493696060496 ], [ 6.671661561958965, 53.064790710894357 ], [ 6.671656861626456, 53.064752854235401 ], [ 6.671615355794979, 53.064679192999954 ], [ 6.671552982707117, 53.064627378375597 ], [ 6.671458400324516, 53.064569043294739 ], [ 6.671436459447809, 53.064563167583529 ], [ 6.671186644595274, 53.064468545875641 ], [ 6.670979173078697, 53.064396188552848 ], [ 6.670708523891732, 53.064308826149336 ], [ 6.670566948366687, 53.064266146397586 ], [ 6.670361669249771, 53.064214398622752 ], [ 6.670272111336808, 53.064203334207889 ], [ 6.670020946354779, 53.064179011772531 ], [ 6.669826233481557, 53.064166243209982 ], [ 6.669661839403644, 53.064172273748092 ], [ 6.669595411827303, 53.064172005970455 ], [ 6.669541277050304, 53.064163131716583 ], [ 6.669466268950448, 53.064138034899585 ], [ 6.66942765586092, 53.064117230330638 ], [ 6.669380528211605, 53.06407079622236 ], [ 6.669379529937047, 53.064031425954234 ], [ 6.669384652427438, 53.063987137139762 ], [ 6.669401920510786, 53.063944416741585 ], [ 6.669408060414769, 53.063912860568152 ], [ 6.669503903053573, 53.063839704164252 ], [ 6.669601785916537, 53.063794726976475 ], [ 6.669651448533684, 53.063776454506673 ], [ 6.669692112864293, 53.063764677176046 ], [ 6.669723369906789, 53.063747060246307 ], [ 6.66975585411943, 53.063722501191329 ], [ 6.669983118249905, 53.063492335245954 ], [ 6.670004897729026, 53.063460952904407 ], [ 6.670013635577474, 53.063429988946694 ], [ 6.670010823496449, 53.063399436373707 ], [ 6.670000401105513, 53.063377916412207 ], [ 6.669971344488086, 53.063345766863065 ], [ 6.669943039336136, 53.063322389538499 ], [ 6.669922381699399, 53.063310936854961 ], [ 6.669911218681496, 53.063304747636053 ], [ 6.669846530155283, 53.063275424414854 ], [ 6.669824065359889, 53.063265923284845 ], [ 6.669729831903168, 53.063244986952803 ], [ 6.669518658477084, 53.063214213643661 ], [ 6.669409506783205, 53.063210970515193 ], [ 6.669285696072716, 53.063220061693073 ], [ 6.669048185664221, 53.06326743293944 ], [ 6.668897307144253, 53.063302642223533 ], [ 6.668810021164531, 53.063316922655886 ], [ 6.668725038907841, 53.063334449618097 ], [ 6.668671787270005, 53.063340295189136 ], [ 6.668635761129162, 53.063339881096837 ], [ 6.668553309011548, 53.063306137059541 ], [ 6.668486991823338, 53.063287821630063 ], [ 6.668414602282475, 53.063263927345609 ], [ 6.668370170461934, 53.063245593243856 ], [ 6.668298561009081, 53.063207679830342 ], [ 6.668243099333874, 53.06314922003461 ], [ 6.668207208154509, 53.063097740323926 ], [ 6.668172323696486, 53.063039419718535 ], [ 6.668156097660081, 53.062997624174422 ], [ 6.668119615966543, 53.062935725854928 ], [ 6.668113698788412, 53.062893424539872 ], [ 6.668092388520101, 53.062860832153625 ], [ 6.667956970780305, 53.062696875976677 ], [ 6.667901067330545, 53.06264363320112 ], [ 6.66785550492562, 53.062607166286647 ], [ 6.667717248448133, 53.062540155867055 ], [ 6.667254882107233, 53.062399027750466 ], [ 6.666773529556417, 53.062277710466191 ], [ 6.666676996818549, 53.062255574105599 ], [ 6.666571702331442, 53.062243911300534 ], [ 6.66637442372296, 53.062230310853373 ], [ 6.666269779050314, 53.0622402006125 ], [ 6.666069297753234, 53.06227590053652 ], [ 6.665941997353052, 53.062283443855044 ], [ 6.665811916140481, 53.062278623698177 ], [ 6.665694836071272, 53.062265432434039 ], [ 6.665628930703599, 53.062252395382764 ], [ 6.665521022383476, 53.06221121936526 ], [ 6.665400031767695, 53.062156387959199 ], [ 6.665316701636463, 53.062107346262174 ], [ 6.665103853619905, 53.061969673957343 ], [ 6.664751183254993, 53.061750013900593 ], [ 6.664632984722229, 53.061673376463077 ], [ 6.664525983129786, 53.061589906126208 ], [ 6.66447323098775, 53.061518330641881 ], [ 6.664461244153234, 53.061464303015072 ], [ 6.664454352255172, 53.061384671015936 ], [ 6.664486794016001, 53.06135101900832 ], [ 6.664510433540243, 53.061317856367033 ], [ 6.664554176747905, 53.061278916200656 ], [ 6.664597306111336, 53.061250047991528 ], [ 6.664670626220831, 53.061172884974724 ], [ 6.66472181592904, 53.06103209664078 ], [ 6.66471984898667, 53.060975877086832 ], [ 6.664701843848762, 53.060920116322528 ], [ 6.664682313412769, 53.060876908681273 ], [ 6.664589243400989, 53.060750709341804 ], [ 6.664492329719222, 53.060631767502848 ], [ 6.664282917486826, 53.060364545628744 ], [ 6.66423059245758, 53.060275467805397 ], [ 6.664189048106572, 53.060189770858777 ], [ 6.664175114480486, 53.060135970661314 ], [ 6.664168885148054, 53.060084937127328 ], [ 6.664199233573108, 53.059926837748847 ], [ 6.66423161613148, 53.059870907679482 ], [ 6.66426154466425, 53.059835017808503 ], [ 6.664383352023243, 53.059720553742793 ], [ 6.664507286212381, 53.059635822761798 ], [ 6.664839192575202, 53.059387572976156 ], [ 6.664910891532987, 53.05932641490427 ], [ 6.664943770633797, 53.059273211365131 ], [ 6.664984953771732, 53.059216800663386 ], [ 6.665052629138117, 53.059137037456736 ], [ 6.665210853973654, 53.058968612163284 ], [ 6.665275069629485, 53.058908684108864 ], [ 6.665297235634058, 53.058891920295785 ], [ 6.665364880019613, 53.058875012247647 ], [ 6.665407810426273, 53.058879020244063 ], [ 6.665440566188836, 53.058892114909987 ], [ 6.665482058244882, 53.058897935641944 ], [ 6.66557643085387, 53.058897637510853 ], [ 6.665639001885268, 53.058888790913215 ], [ 6.665794499311601, 53.058856870417543 ], [ 6.665944888870891, 53.058805493537534 ], [ 6.666170100793781, 53.058698325409274 ], [ 6.666314606802582, 53.058623977270372 ], [ 6.666524057211556, 53.058522135461445 ], [ 6.666647769921573, 53.058457993748625 ], [ 6.666700705519417, 53.058427941441053 ], [ 6.666828894860796, 53.058340070938009 ], [ 6.666884990941801, 53.058295785297318 ], [ 6.666920306782777, 53.058262614091369 ], [ 6.666936723889926, 53.058235558422894 ], [ 6.66693119576134, 53.058178046845008 ], [ 6.666904542078228, 53.058115872254248 ], [ 6.666858782511327, 53.058031003099337 ], [ 6.66678340430942, 53.057924064028185 ], [ 6.666725843561374, 53.057865446207252 ], [ 6.666660895836654, 53.057812793821988 ], [ 6.666496574000686, 53.057702464787425 ], [ 6.666363527382798, 53.057626877469694 ], [ 6.666175705564884, 53.057526424270669 ], [ 6.666054052044287, 53.057487166103243 ], [ 6.665968818159749, 53.057467928104224 ], [ 6.665853399871559, 53.057456022430053 ], [ 6.665768822738374, 53.057444901516668 ], [ 6.665607384920619, 53.057455244806384 ], [ 6.665367283951413, 53.057496777193158 ], [ 6.665148123209936, 53.057538732534475 ], [ 6.66503369541272, 53.057553902294877 ], [ 6.66487266034982, 53.057562236188339 ], [ 6.66463582985387, 53.057569446795824 ], [ 6.664549203516498, 53.057567261994649 ], [ 6.664487792257845, 53.057561213197943 ], [ 6.66442650546028, 53.05753098802812 ], [ 6.664385987747128, 53.057501943134689 ], [ 6.66433776391392, 53.057459904395088 ], [ 6.66409115123836, 53.0572205972436 ], [ 6.664041787969292, 53.057178849140818 ], [ 6.663924062537528, 53.057101091565038 ], [ 6.663052193589506, 53.056639714604458 ], [ 6.662951206799122, 53.05659189303428 ], [ 6.662673132119089, 53.056468877592494 ], [ 6.662287263373647, 53.056261166396929 ], [ 6.662154291719271, 53.056184171685594 ], [ 6.662063851314621, 53.056141889828361 ], [ 6.6619350710721, 53.05608774009572 ], [ 6.661829316479873, 53.056049674332712 ], [ 6.661733779134557, 53.056026840452567 ], [ 6.661568453910344, 53.055996553589949 ], [ 6.661492509983465, 53.055982641640909 ], [ 6.661284270471451, 53.05595436612186 ], [ 6.661090772603436, 53.055932844307229 ], [ 6.660629935806641, 53.055906878981176 ], [ 6.659879079115086, 53.055921472487995 ], [ 6.659648772151656, 53.055937231421503 ], [ 6.659294595573474, 53.05596962061103 ], [ 6.658750866865593, 53.056025070611973 ], [ 6.658514126202277, 53.056061592753551 ], [ 6.658426785993882, 53.056065989604512 ], [ 6.65831843364877, 53.05607004341244 ], [ 6.658099026480707, 53.056072454724116 ], [ 6.65782913179214, 53.056068373911657 ], [ 6.657742942953033, 53.056063690167043 ], [ 6.657519006328372, 53.056039241467779 ], [ 6.656205888917685, 53.055851982307757 ], [ 6.655939039336165, 53.055807576296509 ], [ 6.655578606318206, 53.055753970431994 ], [ 6.655290373644378, 53.055721499672707 ], [ 6.654641223158915, 53.055658080870892 ], [ 6.65416494027159, 53.05562341110744 ], [ 6.654017242013025, 53.055607072740386 ], [ 6.653973202535236, 53.055598641844533 ], [ 6.653884648718999, 53.055573166514677 ], [ 6.653836429744273, 53.055554399845512 ], [ 6.653751152354276, 53.055513396178526 ], [ 6.653673025162054, 53.055461828967438 ], [ 6.653652867361304, 53.055443196606653 ], [ 6.653479836307444, 53.05524550775376 ], [ 6.653395444527938, 53.055167818587066 ], [ 6.653265897706584, 53.055062325089516 ], [ 6.653227994320328, 53.055036151605194 ], [ 6.6525055962174, 53.054642119232305 ], [ 6.652419536706556, 53.054587471670693 ], [ 6.652025802070374, 53.054192360433881 ], [ 6.651923445205049, 53.054092761138428 ], [ 6.651692201562796, 53.053878304146203 ], [ 6.651490805622618, 53.053685360735187 ], [ 6.651369603665926, 53.053475240432114 ], [ 6.651251003424889, 53.053248385712607 ], [ 6.651181251415576, 53.053103542368618 ], [ 6.651162971432623, 53.052972004230917 ], [ 6.651170611020049, 53.052730658907528 ], [ 6.65116012824149, 53.052714341428256 ], [ 6.651121988689133, 53.052694289915493 ], [ 6.65080979305655, 53.052555556854394 ], [ 6.650413554096034, 53.052386579340769 ], [ 6.65016072130034, 53.052305201932171 ], [ 6.649742622698843, 53.052202453366874 ], [ 6.649586229285275, 53.052158970793656 ], [ 6.649509259286313, 53.052117076655819 ], [ 6.64943004736045, 53.052067315545543 ], [ 6.649308249630229, 53.051971720602708 ], [ 6.649259793324046, 53.051917366154463 ], [ 6.648964847018394, 53.051538170344074 ], [ 6.648911249211954, 53.051487518687914 ], [ 6.648791371193123, 53.051383976458482 ], [ 6.648701252297716, 53.051310361576611 ], [ 6.648539663050092, 53.051217737671713 ], [ 6.648387201336795, 53.051138956160727 ], [ 6.648254316170636, 53.051089229766333 ], [ 6.648028166784764, 53.051015205620949 ], [ 6.647803195811252, 53.050930366280149 ], [ 6.64772176952763, 53.050904379984985 ], [ 6.647670897600665, 53.050891057964257 ], [ 6.647481354261846, 53.050872699000514 ], [ 6.647369953117809, 53.050854523327224 ], [ 6.647331163544336, 53.050843823931096 ], [ 6.647285449195652, 53.050826798714539 ], [ 6.64724536649061, 53.050803908582694 ], [ 6.64720564629558, 53.050777060346547 ], [ 6.647048887956612, 53.050633292567561 ], [ 6.6468340473282, 53.050444014842824 ], [ 6.646813355523236, 53.050416040497332 ], [ 6.646794693000522, 53.05038192464847 ], [ 6.646778314503681, 53.050335535490866 ], [ 6.646692387412309, 53.049949478349582 ], [ 6.646634619762035, 53.049575778392246 ], [ 6.646639356969156, 53.049356419056878 ], [ 6.646613156239519, 53.049294783478018 ], [ 6.6465913703041, 53.049257851591484 ], [ 6.64651545080644, 53.049154158946493 ], [ 6.646513075156108, 53.049150921673132 ], [ 6.646477364665202, 53.049123932137668 ], [ 6.646470599257735, 53.049115888090071 ], [ 6.646463370169341, 53.049107282741829 ], [ 6.646427152443454, 53.049079256039157 ], [ 6.646364380833417, 53.049053548820595 ], [ 6.646242173483389, 53.049016370521528 ], [ 6.645855562712056, 53.048922147394201 ], [ 6.645808292188012, 53.048913091477722 ], [ 6.645749369877176, 53.048912129562318 ], [ 6.645634476936222, 53.048914281653467 ], [ 6.645602902530797, 53.048911639044313 ], [ 6.645512454893703, 53.048877801651223 ], [ 6.64545800716742, 53.048851619981882 ], [ 6.644850313897861, 53.048523315656517 ], [ 6.644667617213695, 53.048416484329664 ], [ 6.644606282075736, 53.048367682516584 ], [ 6.644580657115299, 53.04834076617135 ], [ 6.644548317642851, 53.048285386694147 ], [ 6.644515448610952, 53.048191090126423 ], [ 6.644512390903754, 53.048173552695779 ], [ 6.644535455877091, 53.0481238639072 ], [ 6.644573056419186, 53.048089462007617 ], [ 6.644657335713703, 53.048057625104867 ], [ 6.644763084853625, 53.048031269222591 ], [ 6.644864913793914, 53.048014777231792 ], [ 6.644938658964734, 53.048025532354458 ], [ 6.64501533012096, 53.048033812211003 ], [ 6.645180903111657, 53.047955133870829 ], [ 6.645318722485254, 53.047863608152603 ], [ 6.645380523967641, 53.047806969331248 ], [ 6.645417473606053, 53.047740337664301 ], [ 6.645429580425271, 53.047699040942149 ], [ 6.645400103077812, 53.047653939660279 ], [ 6.645373502837999, 53.047627851550651 ], [ 6.645318343954575, 53.047590443559471 ], [ 6.645245372553679, 53.047558489213131 ], [ 6.64508331323338, 53.047560669406067 ], [ 6.644783446153068, 53.047573878054642 ], [ 6.644558454399358, 53.047580241887154 ], [ 6.644403650536204, 53.047578049130706 ], [ 6.644345313996325, 53.047570465957754 ], [ 6.644286169129988, 53.047553499845009 ], [ 6.644218088814461, 53.047526139762823 ], [ 6.644148239943375, 53.047490224633719 ], [ 6.643998517728899, 53.047399725732809 ], [ 6.643783931588683, 53.047265152685753 ], [ 6.64371270214111, 53.047224273012496 ], [ 6.643684166302216, 53.047217329174956 ], [ 6.643633954368221, 53.047199819583348 ], [ 6.64338271235453, 53.046998650716205 ], [ 6.643332641250384, 53.046935961923118 ], [ 6.643311492782611, 53.046892570091266 ], [ 6.643250098713639, 53.046795687809521 ], [ 6.643146909346408, 53.046676812709777 ], [ 6.643047165713389, 53.046570330361021 ], [ 6.642712065111667, 53.046258889182639 ], [ 6.642448089174545, 53.046055371583989 ], [ 6.642407067648496, 53.046020905468495 ], [ 6.642329806942931, 53.045932187593976 ], [ 6.642294683367864, 53.045840664069047 ], [ 6.642290909073374, 53.045798797321659 ], [ 6.642333322654782, 53.045692512585603 ], [ 6.642366042049886, 53.04559704202525 ], [ 6.642401913441256, 53.045526027938074 ], [ 6.642434312893397, 53.04548814935707 ], [ 6.642585018446993, 53.045355978143768 ], [ 6.642614401595672, 53.045335520991053 ], [ 6.64263679128276, 53.045287726885341 ], [ 6.642632016866572, 53.045231383600672 ], [ 6.642603553831402, 53.045135548395052 ], [ 6.642557039825856, 53.045029145151865 ], [ 6.642368834409347, 53.044737092283135 ], [ 6.642352595023922, 53.044680824325354 ], [ 6.642344691422484, 53.044632808846337 ], [ 6.642347586835535, 53.044601917131082 ], [ 6.64237411583721, 53.044566814209787 ], [ 6.642395068938333, 53.044550858157891 ], [ 6.642472464746042, 53.044520442986965 ], [ 6.64257891842681, 53.044505306318023 ], [ 6.642672211418466, 53.044484214475048 ], [ 6.642681399555801, 53.044467258453906 ], [ 6.642680564387813, 53.044431642767172 ], [ 6.642633801864554, 53.04434603805187 ], [ 6.642473736667161, 53.044213964106405 ], [ 6.642214927001421, 53.044046348734888 ], [ 6.642000376909632, 53.043920516486345 ], [ 6.641821041461349, 53.043819172610199 ], [ 6.641686356988862, 53.043747916073784 ], [ 6.641383854151144, 53.04359710440945 ], [ 6.641374507622663, 53.043576550272235 ], [ 6.641379719863998, 53.043514826865177 ], [ 6.641395542580792, 53.043467335472052 ], [ 6.641503582002676, 53.04324477221531 ], [ 6.641583490760292, 53.043101553417586 ], [ 6.641636141275941, 53.043034299879075 ], [ 6.641740912702395, 53.042941381119576 ], [ 6.642048510290278, 53.042786427712159 ], [ 6.642161437227158, 53.042714174007259 ], [ 6.642197181082013, 53.04267960352648 ], [ 6.642231523046174, 53.042626956909793 ], [ 6.64224304268122, 53.04259883257312 ], [ 6.642234579625611, 53.042572733235517 ], [ 6.642197940981804, 53.042514872833628 ], [ 6.642153334283535, 53.042502264665501 ], [ 6.642103106683609, 53.042480386933939 ], [ 6.642035644601391, 53.04246171856866 ], [ 6.641975642222603, 53.042452480173232 ], [ 6.641929268778616, 53.042450980410145 ], [ 6.641866150750169, 53.042458813987906 ], [ 6.641809909871125, 53.042473980700919 ], [ 6.641740348395126, 53.042497770797866 ], [ 6.641699981668591, 53.042517875613377 ], [ 6.641658450802249, 53.042544660974897 ], [ 6.641644167797667, 53.042571600983166 ], [ 6.641606490460059, 53.042618755394571 ], [ 6.641582028172232, 53.042643815997579 ], [ 6.641544892990879, 53.042666879546587 ], [ 6.641487298124282, 53.042694561215136 ], [ 6.641435246042549, 53.042700912521575 ], [ 6.641390457166117, 53.042698524197071 ], [ 6.641342585575992, 53.042680773443315 ], [ 6.64130285288244, 53.042653105578509 ], [ 6.641273015174727, 53.042626250652951 ], [ 6.641255536507847, 53.0426003356244 ], [ 6.641203561313248, 53.042500315910502 ], [ 6.641192124229605, 53.042454844745748 ], [ 6.641221698708169, 53.042430728193537 ], [ 6.64126074346246, 53.042379794016391 ], [ 6.641315952450571, 53.042319568577312 ], [ 6.64133686945869, 53.042262084148724 ], [ 6.641333566294985, 53.042213247471658 ], [ 6.641312648797588, 53.042188042522902 ], [ 6.641275471762894, 53.042165209825015 ], [ 6.641227509417798, 53.042142741803573 ], [ 6.641154448940537, 53.042119161817595 ], [ 6.64112562442478, 53.042115518641737 ], [ 6.641044357928042, 53.042112443060049 ], [ 6.640893879169071, 53.042093053381329 ], [ 6.640830047082996, 53.042087494282796 ], [ 6.640788968171838, 53.042076708952912 ], [ 6.640702853111999, 53.042040980254981 ], [ 6.640632195926287, 53.041978182468725 ], [ 6.640570973995391, 53.041929727900524 ], [ 6.640531211926585, 53.041882387548334 ], [ 6.640512240039627, 53.041842414413182 ], [ 6.640507700721091, 53.041817379251874 ], [ 6.640507840546817, 53.041770007312707 ], [ 6.640517579787381, 53.041724583844584 ], [ 6.640555593329752, 53.041628581899467 ], [ 6.64081579264306, 53.041350934310231 ], [ 6.640900674632568, 53.041266951014507 ], [ 6.641045329674944, 53.041174001272395 ], [ 6.641116460721872, 53.041140588000808 ], [ 6.641172886006148, 53.041117394270728 ], [ 6.64123550147298, 53.041096858688469 ], [ 6.641345937216284, 53.041072209000127 ], [ 6.641477744139955, 53.041046139878233 ], [ 6.6415139911307, 53.041026446780265 ], [ 6.641534224714134, 53.041006274504177 ], [ 6.641555273063775, 53.040968353337121 ], [ 6.641569923572749, 53.040923165852661 ], [ 6.641576284452862, 53.040917787839319 ], [ 6.641643128500278, 53.040912036257737 ], [ 6.643308498884158, 53.040766200734673 ], [ 6.643345769755785, 53.040762879634983 ], [ 6.643392879326029, 53.040730067702526 ], [ 6.643431143599969, 53.040689413105184 ], [ 6.643427639282782, 53.040631115240046 ], [ 6.643411142463772, 53.040608749052055 ], [ 6.643383853238553, 53.040582362162212 ], [ 6.643339696592483, 53.040549672741513 ], [ 6.643279078312781, 53.040516464143735 ], [ 6.643271508962257, 53.040491371010006 ], [ 6.643274118623572, 53.040486221016067 ], [ 6.643280101079476, 53.040474466107426 ], [ 6.643302447619244, 53.040463465044667 ], [ 6.643358885027064, 53.040449014494811 ], [ 6.643301819882867, 53.040439683027067 ], [ 6.643097306005208, 53.040406259594377 ], [ 6.643146224644479, 53.040336474188031 ], [ 6.64321477953308, 53.040287287524244 ], [ 6.643279059942803, 53.04020319522499 ], [ 6.643332738017066, 53.040100512247065 ], [ 6.64349921418758, 53.039983865235172 ], [ 6.643745131102839, 53.039820208351991 ], [ 6.643994088735173, 53.039665344241598 ], [ 6.64418412043444, 53.039570359102989 ], [ 6.644409526731468, 53.039469969179187 ], [ 6.644505918945292, 53.039429619999147 ], [ 6.644658484004514, 53.039386873922844 ], [ 6.644653277696843, 53.039361019090208 ], [ 6.644770984030562, 53.039151399941495 ], [ 6.645204484154606, 53.037767110563784 ], [ 6.645452125522533, 53.036942130960902 ], [ 6.645657595269629, 53.036245416648519 ], [ 6.645740301820745, 53.035964933301273 ], [ 6.645831424106299, 53.035655378165693 ], [ 6.646069503907958, 53.034813538669177 ], [ 6.646177490585722, 53.034484672267112 ], [ 6.646213953559791, 53.034336811367915 ], [ 6.646238182797732, 53.034238588754171 ], [ 6.646268417005656, 53.03417062516224 ], [ 6.646295678584151, 53.03408033312126 ], [ 6.646308004574873, 53.034024627591336 ], [ 6.646357331009012, 53.033801562560924 ], [ 6.646358458076993, 53.033798782691818 ], [ 6.646454533823988, 53.033563254768019 ], [ 6.646492422149833, 53.033372537547102 ], [ 6.646537759302333, 53.033172898640885 ], [ 6.646574288087614, 53.033036135848668 ], [ 6.646575578416793, 53.033032302774963 ], [ 6.646675872872324, 53.032732544790271 ], [ 6.646707152566456, 53.032523212981104 ], [ 6.646775194595897, 53.032310770972735 ], [ 6.646854925320638, 53.032061853258519 ], [ 6.646946216463025, 53.031776676843855 ], [ 6.646958806134826, 53.03173577905666 ], [ 6.647058026065452, 53.031413025094054 ], [ 6.647148861301797, 53.031066948091329 ], [ 6.647153191062489, 53.031044542732019 ], [ 6.647190597803665, 53.030849732090068 ], [ 6.647294201868566, 53.030526122802705 ], [ 6.647403231064642, 53.030177328458009 ], [ 6.647499624006999, 53.029882760115868 ], [ 6.647535908678051, 53.029762454699735 ], [ 6.647762478772437, 53.029007087659039 ], [ 6.64778348904754, 53.028956412960504 ], [ 6.647786177794107, 53.028948377166223 ], [ 6.647849662815491, 53.028820766055894 ], [ 6.647859916351463, 53.02878521307813 ], [ 6.648120725824385, 53.027879067945022 ], [ 6.648257769544402, 53.027402945159132 ], [ 6.64837482096624, 53.027001328888943 ], [ 6.648501373628958, 53.026583552381943 ], [ 6.648593305702457, 53.026332527109304 ], [ 6.648260487987508, 53.02632495560934 ], [ 6.647540249865863, 53.026316415534723 ], [ 6.647307457169267, 53.026313655873523 ], [ 6.647262664007905, 53.026313121236583 ], [ 6.646994134246388, 53.026310620625566 ], [ 6.646826038299622, 53.026309047869802 ], [ 6.645925606369015, 53.026300652171983 ], [ 6.645159573754829, 53.02629350536828 ], [ 6.644740885235712, 53.026289595217513 ], [ 6.644066579244869, 53.026283292341908 ], [ 6.643131326908494, 53.026273812581771 ], [ 6.643117758525587, 53.026273676459475 ], [ 6.643116252698555, 53.026273665310349 ], [ 6.641911824464702, 53.026261457197883 ], [ 6.641845652325982, 53.026260785324915 ], [ 6.641843818407954, 53.026260768614321 ], [ 6.641842282519353, 53.026260748777467 ], [ 6.641568304921998, 53.026257969604217 ], [ 6.64058479610091, 53.026246684330367 ], [ 6.640365695310328, 53.026244172099204 ], [ 6.639931997776881, 53.026239746325501 ], [ 6.639652786615408, 53.026236900750995 ], [ 6.639387814672445, 53.026234193035712 ], [ 6.639118367140035, 53.026233940106785 ], [ 6.638252868948175, 53.026222604643735 ], [ 6.637271783767832, 53.026212587885652 ], [ 6.636568791373448, 53.026205401224409 ], [ 6.636233545971451, 53.026207626498163 ], [ 6.636178175347744, 53.026205724298336 ], [ 6.636141575374023, 53.026205001083483 ], [ 6.635986207301346, 53.026195542356064 ], [ 6.635909889936388, 53.026192465743293 ], [ 6.634803027500133, 53.026185476327029 ], [ 6.634742274555075, 53.026205863524986 ], [ 6.632997724532865, 53.026176101550028 ], [ 6.632523151095208, 53.026171472547482 ], [ 6.632445544778611, 53.026157209308622 ], [ 6.632355701900247, 53.026132576559895 ], [ 6.632180360211622, 53.02612308716931 ], [ 6.632000813397763, 53.026123949409509 ], [ 6.631710528538385, 53.026123698949604 ], [ 6.63134260117702, 53.026115196531833 ], [ 6.631221429428692, 53.026105241101291 ], [ 6.631133490206276, 53.026105436770798 ], [ 6.63106715951028, 53.02611431379723 ], [ 6.630999916769199, 53.026105378996334 ], [ 6.630935770553052, 53.026104122827306 ], [ 6.630872288773382, 53.02610681400683 ], [ 6.630645299605564, 53.026123939748878 ], [ 6.630543771742612, 53.026134755127799 ], [ 6.630476994598089, 53.026153567130784 ], [ 6.630446617641502, 53.02616664446834 ], [ 6.630400607912995, 53.026202783231895 ], [ 6.630307391840216, 53.026252506718336 ], [ 6.630250317105104, 53.026271280659572 ], [ 6.630208916013494, 53.026274676650054 ], [ 6.630133450581953, 53.026272189630866 ], [ 6.630084239955731, 53.026258941880087 ], [ 6.629705955015964, 53.026091453735837 ], [ 6.629631095063456, 53.026072064504795 ], [ 6.629649873537673, 53.026029711300595 ], [ 6.629671129832103, 53.0259817424228 ], [ 6.629644898989505, 53.02591509751754 ], [ 6.629575668517096, 53.025871007350084 ], [ 6.629527782848714, 53.025850376249487 ], [ 6.629486895899044, 53.02583367166342 ], [ 6.629446242756629, 53.025817845363655 ], [ 6.629409002505204, 53.025804607815466 ], [ 6.629375812029989, 53.025794338849607 ], [ 6.629340362438342, 53.025785342533105 ], [ 6.629302313263739, 53.025779267025307 ], [ 6.629266828357679, 53.025775294801129 ], [ 6.629229753827321, 53.025773594817281 ], [ 6.6291943692817, 53.025773135456404 ], [ 6.629157187012622, 53.025774447222368 ], [ 6.62912571545685, 53.025778952982122 ], [ 6.629093003267374, 53.025790122014094 ], [ 6.629053349704312, 53.025805631946447 ], [ 6.629015883172327, 53.025824129811511 ], [ 6.628976136164551, 53.025843154614613 ], [ 6.628938705234147, 53.025862901281592 ], [ 6.628896326195959, 53.025883714840134 ], [ 6.62885023174949, 53.02591222389885 ], [ 6.628814713944513, 53.025933199861427 ], [ 6.628769414361639, 53.02596031663461 ], [ 6.628732900327293, 53.0259829475389 ], [ 6.628697479913576, 53.026013080231841 ], [ 6.62863544558497, 53.026070117706624 ], [ 6.628621323257618, 53.026084508720629 ], [ 6.628567229170648, 53.02614139184638 ], [ 6.628427227817343, 53.026283231109943 ], [ 6.628338298825239, 53.026370429371752 ], [ 6.628278188078144, 53.026428570064859 ], [ 6.62824030625043, 53.026467014188434 ], [ 6.627944034413578, 53.026765266679746 ], [ 6.627901676212639, 53.026814541548511 ], [ 6.627887131746758, 53.026816768422222 ], [ 6.627769667711465, 53.026844849033452 ], [ 6.627691225618038, 53.026863447930168 ], [ 6.627643184394719, 53.02687655496652 ], [ 6.627615754184545, 53.026883768435638 ], [ 6.627595293545975, 53.026888141617484 ], [ 6.627585806372873, 53.026890513721206 ], [ 6.627556328416837, 53.026898053971443 ], [ 6.627534394798349, 53.026902523301203 ], [ 6.62751111137961, 53.026909316288325 ], [ 6.624306901832013, 53.027718834983951 ], [ 6.624282933986249, 53.02772413358214 ], [ 6.624107477641474, 53.027768402809379 ], [ 6.62310808757396, 53.028020556126087 ], [ 6.62287493645815, 53.02807936750439 ], [ 6.622491501875879, 53.028176136979624 ], [ 6.621250731362103, 53.028494700833576 ], [ 6.621087202997385, 53.028542428325466 ], [ 6.620716386512171, 53.028635520990754 ], [ 6.620491429742105, 53.028694404924025 ], [ 6.620168801410818, 53.028780034067481 ], [ 6.619907558095978, 53.028849365363598 ], [ 6.619058371103472, 53.029070126440018 ], [ 6.61822111055664, 53.029290165524408 ], [ 6.617723173144789, 53.029417080985411 ], [ 6.61755172170845, 53.029461640780944 ], [ 6.615931689095238, 53.029882600743257 ], [ 6.615812796137265, 53.029927139335761 ], [ 6.615644150347089, 53.029975639794351 ], [ 6.614836378793401, 53.030182195061222 ], [ 6.612380566817373, 53.030834711456258 ], [ 6.612263244942737, 53.030865920644374 ], [ 6.611931356031387, 53.030943048541324 ], [ 6.611910562021712, 53.030947880759399 ], [ 6.611859285720938, 53.030959190138695 ], [ 6.611610038363498, 53.031014459419076 ], [ 6.611563479601196, 53.031024426254248 ], [ 6.611538189565291, 53.031030005412418 ], [ 6.611041229837847, 53.03114590060715 ], [ 6.609793083044909, 53.031445564897773 ], [ 6.608214943245144, 53.031822988149884 ], [ 6.60744687760572, 53.03199715686371 ], [ 6.607147830972984, 53.032077018833917 ], [ 6.603810503373492, 53.032892389988888 ], [ 6.603801738591639, 53.032894564109547 ], [ 6.603704621677012, 53.03291835175245 ], [ 6.603696315134846, 53.032920386400569 ], [ 6.60356986598378, 53.032951356249214 ], [ 6.603549136729364, 53.032956437973994 ], [ 6.60301456897536, 53.033087375548583 ], [ 6.60523685694018, 53.036042544610126 ], [ 6.605866524581409, 53.036892472191695 ], [ 6.605988744562032, 53.037068162317333 ], [ 6.606073702654439, 53.037209164863604 ], [ 6.606223979701732, 53.037458576481939 ], [ 6.606296079116809, 53.03761098852943 ], [ 6.606325437523314, 53.037685973098064 ], [ 6.606384721126223, 53.037857199578475 ], [ 6.606489330976239, 53.038202733427752 ], [ 6.606535075790545, 53.038411627340345 ], [ 6.606605972796777, 53.038821869244742 ], [ 6.606821005463269, 53.039969971499367 ], [ 6.606942893359392, 53.040586015655862 ], [ 6.607202733627107, 53.041899172542855 ], [ 6.607604866779101, 53.043991402203453 ], [ 6.60783113413157, 53.045138344148768 ], [ 6.607979476334386, 53.04594758743486 ], [ 6.608084630932926, 53.046844740936955 ], [ 6.608101313247946, 53.047136987645466 ], [ 6.608120996996174, 53.047739306874405 ], [ 6.608087385763312, 53.048418235221092 ], [ 6.60808650134346, 53.048436119254404 ], [ 6.608082329033206, 53.048520630005541 ], [ 6.608096636829214, 53.048521894958846 ], [ 6.608016638987892, 53.049130623209294 ], [ 6.607972464374398, 53.04949792040307 ], [ 6.607964481828955, 53.049509999397394 ], [ 6.607889028979945, 53.049881444059274 ], [ 6.607825179064172, 53.050158434481169 ], [ 6.6077823502359, 53.05037730763712 ], [ 6.607609510189389, 53.050945947956677 ], [ 6.607538291711999, 53.051200725695189 ], [ 6.607522061293234, 53.051247326662086 ], [ 6.607183873377239, 53.052129956878787 ], [ 6.60665354463782, 53.053288663049685 ], [ 6.606486838475841, 53.053645264166612 ], [ 6.606194384183521, 53.054290718336937 ], [ 6.605685194004412, 53.055390761866029 ], [ 6.605595786222332, 53.055595432440676 ], [ 6.605170002053216, 53.056447367136983 ], [ 6.604826226099082, 53.057082681014016 ], [ 6.604690073533353, 53.057319145736145 ], [ 6.604200936685846, 53.058142459466438 ], [ 6.603655624165755, 53.058973962790063 ], [ 6.60326480218316, 53.059510183793158 ], [ 6.603087803052086, 53.059462563339295 ], [ 6.60291309085171, 53.059709815351276 ], [ 6.602768118058311, 53.059904155728098 ], [ 6.602627395698205, 53.060090508326972 ], [ 6.602258562257338, 53.060558210994451 ], [ 6.601887178826432, 53.060996892658721 ], [ 6.601782531267424, 53.061119080066604 ], [ 6.601735970381618, 53.061173411028825 ], [ 6.601719096697773, 53.061193092807322 ], [ 6.601694205198262, 53.061222130419296 ], [ 6.601673517625215, 53.061246263457264 ], [ 6.601285218746233, 53.061699296041461 ], [ 6.60123140971687, 53.061762282795712 ], [ 6.601099080540744, 53.061920590058243 ], [ 6.600959471722105, 53.06171756339878 ], [ 6.600860014211205, 53.061572930590557 ], [ 6.600455914644686, 53.061020182546173 ], [ 6.600371036382451, 53.0609097763625 ], [ 6.600326691120205, 53.060845340569792 ], [ 6.600234951218036, 53.060792079565715 ], [ 6.600177423655631, 53.060766268173275 ], [ 6.598822937320781, 53.060460837893714 ], [ 6.597009821687795, 53.060046327643754 ], [ 6.596111608988306, 53.059840968585782 ], [ 6.596100502218217, 53.059857823348679 ], [ 6.595515160827319, 53.059716880248757 ], [ 6.594357378836522, 53.059451121647655 ], [ 6.593429130009047, 53.059241884652444 ], [ 6.591168556916795, 53.058715227042804 ], [ 6.589918958423348, 53.058420468145847 ], [ 6.588704446310096, 53.058145115155497 ], [ 6.588077250901643, 53.057999289849533 ], [ 6.587883080767917, 53.057995010290426 ], [ 6.587693837701085, 53.058023276389619 ], [ 6.587667226488992, 53.058038937864644 ], [ 6.587645339783932, 53.05805607072223 ], [ 6.587617668339221, 53.058104616813793 ], [ 6.587428010070783, 53.058437460838284 ], [ 6.587115388086308, 53.058995472415418 ], [ 6.587090709162863, 53.059039530868553 ], [ 6.586811487738011, 53.059537929192764 ], [ 6.586750367656946, 53.059609079804943 ], [ 6.586730216463381, 53.059620497406677 ], [ 6.58667280437786, 53.059649291636397 ], [ 6.586612839243046, 53.059669906413298 ], [ 6.586557770595956, 53.059684711503117 ], [ 6.586501295776709, 53.059696133622523 ], [ 6.58643228608269, 53.059704158474716 ], [ 6.586367851039554, 53.059702278850828 ], [ 6.586262145127667, 53.059694108511522 ], [ 6.586069708573181, 53.059659945223565 ], [ 6.585505417909078, 53.059609698623113 ], [ 6.585092722881394, 53.059567206467598 ], [ 6.584870676262565, 53.059547078570418 ], [ 6.584111195456327, 53.059447535600263 ], [ 6.583119265742612, 53.059322604499776 ], [ 6.582362582679762, 53.059240412107997 ], [ 6.582280964607417, 53.059237470696075 ], [ 6.582234671780342, 53.059239460752366 ], [ 6.581616668193717, 53.05916239420565 ], [ 6.580275209623542, 53.058987824339496 ], [ 6.579994960142746, 53.058993700499606 ], [ 6.579814388423923, 53.058997477290198 ], [ 6.579101104242689, 53.059016679937933 ], [ 6.57790236579917, 53.058959971558814 ], [ 6.577775925164733, 53.058958200985039 ], [ 6.577645109405567, 53.05896388795891 ], [ 6.577315499363175, 53.058999707779144 ], [ 6.576306706439638, 53.059125127145194 ], [ 6.5758041289645, 53.059187608858224 ], [ 6.575778061314426, 53.059004176430903 ], [ 6.575766551791287, 53.05892863938773 ], [ 6.575700465487301, 53.058487465906715 ], [ 6.575682097007819, 53.058364591290719 ], [ 6.575607584534665, 53.057895066957144 ], [ 6.575560505175385, 53.057572753458722 ], [ 6.575553182051635, 53.057522625581761 ], [ 6.575447277035773, 53.056797493937388 ], [ 6.57529536302679, 53.055717460300613 ], [ 6.575278956825874, 53.055659154649526 ], [ 6.575270932923338, 53.055630826835298 ], [ 6.575263295214389, 53.055569171891513 ], [ 6.575186732112235, 53.054947411836373 ], [ 6.575174262836422, 53.05489833253462 ], [ 6.575168377669305, 53.054875663175281 ], [ 6.575099641474845, 53.054716756767434 ], [ 6.575057478674801, 53.054639429929381 ], [ 6.575012332264276, 53.054607354607676 ], [ 6.574965589206059, 53.054593799076692 ], [ 6.574867681995598, 53.054581191709715 ], [ 6.574831076512688, 53.054594729767771 ], [ 6.574816239446513, 53.054597600043842 ], [ 6.574812903314678, 53.054600508951516 ], [ 6.574802782421575, 53.054605120805483 ], [ 6.574739230880697, 53.054628712960131 ], [ 6.574631578722899, 53.054663392145223 ], [ 6.574519090789436, 53.0546952344299 ], [ 6.574423309736449, 53.054712945262175 ], [ 6.574313093401646, 53.054725856447725 ], [ 6.57418095616008, 53.054735677809887 ], [ 6.573958664206859, 53.054742591732243 ], [ 6.573928832892456, 53.054743678427116 ], [ 6.573786381585518, 53.054748865562317 ], [ 6.573743258731682, 53.054750434498615 ], [ 6.573738982307458, 53.054750593731853 ], [ 6.573704368055266, 53.054751862599907 ], [ 6.572495798638002, 53.054802546427723 ], [ 6.571507367705428, 53.054843436620644 ], [ 6.571498495064188, 53.05484351544667 ], [ 6.571369738005951, 53.054852069043854 ], [ 6.571223261536479, 53.054861184266748 ], [ 6.571115671791912, 53.054870363921857 ], [ 6.57107887404856, 53.05487470916492 ], [ 6.571069542693222, 53.054745759150201 ], [ 6.571061957949209, 53.054626713345023 ], [ 6.570963554414341, 53.054628145179073 ], [ 6.570952384997929, 53.054629325109225 ], [ 6.570871321675299, 53.054638727424518 ], [ 6.570763214664459, 53.054661203450451 ], [ 6.570609562170845, 53.054708565086585 ], [ 6.570459920201383, 53.054768468469106 ], [ 6.570333169831553, 53.054829340579744 ], [ 6.570197392471097, 53.054921333419827 ], [ 6.570097583491825, 53.055005924850342 ], [ 6.570006726605977, 53.055131713333736 ], [ 6.569955335369785, 53.055214738630667 ], [ 6.569925796231525, 53.055296145972783 ], [ 6.569911148551024, 53.055408985941177 ], [ 6.569901540051843, 53.055551324884711 ], [ 6.569887311497133, 53.055834057220537 ], [ 6.569876916016891, 53.055910790885108 ], [ 6.569867385245662, 53.056050513859503 ], [ 6.569861329777513, 53.056139282957659 ], [ 6.569848388296521, 53.056226053130821 ], [ 6.569832811909724, 53.056489432047705 ], [ 6.569802680409183, 53.056996741152659 ], [ 6.569811344196347, 53.05702513486974 ], [ 6.56981481504338, 53.057036468937859 ], [ 6.569838961953163, 53.05705992863296 ], [ 6.569874544361133, 53.05709086020979 ], [ 6.569936662058321, 53.057121754186873 ], [ 6.569964677909701, 53.057141032678622 ], [ 6.569975973259767, 53.057157052437859 ], [ 6.56997927932514, 53.057165071981089 ], [ 6.569983020135409, 53.057189605062639 ], [ 6.569988919834196, 53.057263292862977 ], [ 6.5699684817958, 53.057628037535856 ], [ 6.569954247224234, 53.057872207182712 ], [ 6.569922865924481, 53.05842343820683 ], [ 6.569918126150213, 53.058597236790519 ], [ 6.569909493157188, 53.058774875278473 ], [ 6.569896130524005, 53.058982064319821 ], [ 6.569895319648983, 53.058998302580605 ], [ 6.569894243853517, 53.059019603054665 ], [ 6.569885559513782, 53.059192622784913 ], [ 6.569877509555551, 53.059394421105239 ], [ 6.569864039192668, 53.059541237534397 ], [ 6.569847784343903, 53.059630170237902 ], [ 6.56983023497582, 53.05969402445605 ], [ 6.569799541798329, 53.059756723438966 ], [ 6.569729771874083, 53.059861309802663 ], [ 6.569728460985472, 53.059862473072236 ], [ 6.569176096832987, 53.059814593000283 ], [ 6.566084667726575, 53.059546561563501 ], [ 6.559042296862097, 53.05893718690492 ], [ 6.55521326667284, 53.058608083669405 ], [ 6.555376654357018, 53.058064654975134 ], [ 6.555383979556236, 53.058040292068263 ], [ 6.555420627141801, 53.057924831001763 ], [ 6.555422250799939, 53.057919755566203 ], [ 6.555468368082573, 53.05776261997066 ], [ 6.555480255884101, 53.05772210811211 ], [ 6.555501094892865, 53.057651142362118 ], [ 6.555575401015913, 53.05741293988762 ], [ 6.555642219581584, 53.057188092991602 ], [ 6.555840598620123, 53.056520788667434 ], [ 6.555866018150368, 53.056413875683212 ], [ 6.556076140823571, 53.055726496308154 ], [ 6.555980317415315, 53.055712496147407 ], [ 6.555823787484987, 53.055687999021202 ], [ 6.555660577278386, 53.055662461540187 ], [ 6.55565787032374, 53.055672175781773 ], [ 6.555578271328011, 53.05565967944127 ], [ 6.555581233977533, 53.055650043586532 ], [ 6.552730226853885, 53.055146697628331 ], [ 6.552758255277219, 53.055077279927119 ], [ 6.552792533705825, 53.055025667164351 ], [ 6.553015550922425, 53.054632126956818 ], [ 6.553525743827898, 53.053754686157198 ], [ 6.553632870408242, 53.053553253415821 ], [ 6.553646198200741, 53.053541907921769 ], [ 6.553807607522992, 53.053255793069781 ], [ 6.553857054729245, 53.05320817500084 ], [ 6.55394455746501, 53.053036994238759 ], [ 6.553969497421629, 53.05291045897728 ], [ 6.553958403715666, 53.05276285043459 ], [ 6.553955759183903, 53.052727692735012 ], [ 6.553892213575745, 53.052610198270884 ], [ 6.553551391485723, 53.052166182831712 ], [ 6.553407300444011, 53.051983923156953 ], [ 6.553377786895894, 53.051926784872656 ], [ 6.553304041932104, 53.051847053350222 ], [ 6.553003005377592, 53.051496291507149 ], [ 6.552905738921622, 53.0514142276553 ], [ 6.552801448145642, 53.051337165928594 ], [ 6.552792075038729, 53.051330238509387 ], [ 6.552731139403194, 53.051280370953123 ], [ 6.552730010962356, 53.051279447313185 ], [ 6.551428064021227, 53.050319422141051 ], [ 6.551385222989625, 53.05028183360983 ], [ 6.55133214800048, 53.050229660127471 ], [ 6.551287653881084, 53.050177124547851 ], [ 6.551046825306467, 53.049606546906929 ], [ 6.551027392916021, 53.049606556185793 ], [ 6.551010043795233, 53.049570202392374 ], [ 6.550963447818567, 53.049472564177321 ], [ 6.550941074475469, 53.049425690708361 ], [ 6.550958085859124, 53.049425498292727 ], [ 6.550754703879718, 53.048950894777278 ], [ 6.550548117478438, 53.048452246267679 ], [ 6.550468980838493, 53.048244799382864 ], [ 6.550332313188118, 53.047941662563559 ], [ 6.550072945119962, 53.04730039266893 ], [ 6.550023061666081, 53.04721682346517 ], [ 6.54999568739368, 53.047074944477529 ], [ 6.549994805743018, 53.047030297380118 ], [ 6.549994987038939, 53.046961842768113 ], [ 6.550020019874491, 53.046895869646832 ], [ 6.550026500337218, 53.046850485969017 ], [ 6.550024431401492, 53.046472267418672 ], [ 6.550040504264111, 53.046385226308701 ], [ 6.550045623327745, 53.046357515021022 ], [ 6.55009546032309, 53.046267764222264 ], [ 6.55014603677913, 53.046191720150922 ], [ 6.55018888989875, 53.046136348999049 ], [ 6.550602797211466, 53.045663813229829 ], [ 6.550958784574226, 53.045261739076359 ], [ 6.5517852300636, 53.044334476471676 ], [ 6.552437810322239, 53.043593868802567 ], [ 6.552516171326303, 53.043495445319238 ], [ 6.552544273390344, 53.043445716878551 ], [ 6.552568409835485, 53.043368221696774 ], [ 6.552574520759773, 53.043336977749554 ], [ 6.552563290192817, 53.043236811697525 ], [ 6.552552411201391, 53.043175887860322 ], [ 6.552315923173949, 53.042575585819954 ], [ 6.552121938051847, 53.042083179135695 ], [ 6.552064286423584, 53.04196061140167 ], [ 6.552020997701749, 53.041842612915737 ], [ 6.551774829846917, 53.041171551428889 ], [ 6.55157246073732, 53.040637894723744 ], [ 6.551539491091697, 53.04054153484325 ], [ 6.551531221321855, 53.040498891741457 ], [ 6.551513805052006, 53.040321327879902 ], [ 6.551488951839836, 53.040252415776294 ], [ 6.551483615293373, 53.040229650043649 ], [ 6.551402005185314, 53.040162683236154 ], [ 6.55129457931419, 53.040194023339616 ], [ 6.55126766416546, 53.040156109002304 ], [ 6.551264626951157, 53.040151824856629 ], [ 6.551237173103472, 53.040106043253957 ], [ 6.551203311972667, 53.040023118334901 ], [ 6.551180107343495, 53.039944475315927 ], [ 6.550959819650632, 53.038996741839583 ], [ 6.550956549657641, 53.038983203468753 ], [ 6.550812408726078, 53.038385477543173 ], [ 6.550802616381565, 53.038312653276144 ], [ 6.550769884585174, 53.038155431697476 ], [ 6.549394584230907, 53.038330429527463 ], [ 6.549276972532076, 53.038345393871587 ], [ 6.549396208988425, 53.038640982133479 ], [ 6.549419527076452, 53.038702270747486 ], [ 6.549320645915474, 53.038715732085599 ], [ 6.549329108308803, 53.038738350721225 ], [ 6.549355132871883, 53.038807737187433 ], [ 6.549447976319012, 53.039055232386652 ], [ 6.549453515427102, 53.039070006912247 ], [ 6.549389853220831, 53.039078524853799 ], [ 6.549309640406186, 53.039089261530421 ], [ 6.548850363878196, 53.037879910079127 ], [ 6.548447532931267, 53.036794548827515 ], [ 6.548364297074981, 53.036652914786238 ], [ 6.548226770270501, 53.036438465706532 ], [ 6.547722869746181, 53.035667410204525 ], [ 6.547457622615119, 53.035273598887265 ], [ 6.54730676115535, 53.035066961840059 ], [ 6.544183404164815, 53.035379489128815 ], [ 6.541909839496473, 53.035603140439051 ], [ 6.541270152374431, 53.035659136706244 ], [ 6.541468478951403, 53.036137184949602 ], [ 6.541649768400602, 53.036633748427199 ], [ 6.541805428514264, 53.037044285030134 ], [ 6.541817992670764, 53.037103045716947 ], [ 6.54181055335534, 53.037138984105297 ], [ 6.541786290649029, 53.03716236844857 ], [ 6.541743057500756, 53.037177685931063 ], [ 6.541698095810503, 53.037190234150827 ], [ 6.541207493922592, 53.037228219235502 ], [ 6.540324258075658, 53.037314301881565 ], [ 6.539218928395739, 53.037418468635039 ], [ 6.538669572278805, 53.037474236880577 ], [ 6.538456548695438, 53.037493541903672 ], [ 6.537893833987477, 53.037543764421315 ], [ 6.537697294687421, 53.037579211689412 ], [ 6.537110190532586, 53.037661730176097 ], [ 6.535376026366065, 53.037913078731727 ], [ 6.53398231594995, 53.038108224260355 ], [ 6.533702256635745, 53.03814914767473 ], [ 6.533683240402653, 53.038156258783999 ], [ 6.53366995147285, 53.038165139333735 ], [ 6.533671867968144, 53.038181270341177 ], [ 6.533972298235067, 53.038769986280698 ], [ 6.53398429046145, 53.038816495108357 ], [ 6.533990294265831, 53.038878464802927 ], [ 6.53396033075977, 53.038897327852638 ], [ 6.533892576985027, 53.038931704960248 ], [ 6.533155317782713, 53.039233052869172 ], [ 6.532461020135762, 53.039527056008311 ], [ 6.532271723014922, 53.039615474277937 ], [ 6.532154033945821, 53.039658407501221 ], [ 6.532034411689996, 53.039691356746609 ], [ 6.531193455834164, 53.039891917582182 ], [ 6.530737528012684, 53.039991159632308 ], [ 6.530566103415352, 53.040028017545083 ], [ 6.530390837849372, 53.040063411110623 ], [ 6.530201121403536, 53.040107785537714 ], [ 6.53019380072925, 53.040109500072845 ], [ 6.530745160685496, 53.040985022442804 ], [ 6.530818717478185, 53.041101822264096 ], [ 6.530851905462044, 53.041164583643543 ], [ 6.530852246486142, 53.041185474787824 ], [ 6.53083325017127, 53.041241572502294 ], [ 6.529854638340738, 53.042476215706849 ], [ 6.529632547522039, 53.042767667825345 ], [ 6.529554254280022, 53.042850159669015 ], [ 6.529331923620466, 53.043120152902688 ], [ 6.52922943464882, 53.04325113478955 ], [ 6.529107491812499, 53.043385196018981 ], [ 6.529019327886302, 53.043457015469116 ], [ 6.528960962355738, 53.043499523013665 ], [ 6.528468485163804, 53.043789994080349 ], [ 6.527267352706106, 53.044498428207611 ], [ 6.526726773293693, 53.044803558389347 ], [ 6.5265122176763, 53.0449246681519 ], [ 6.526197852138928, 53.04512080613101 ], [ 6.525981274762396, 53.045237719336519 ], [ 6.525949727821613, 53.045258482595081 ], [ 6.525845565682314, 53.045319362133995 ], [ 6.525778691505043, 53.045361751330731 ], [ 6.525739265254055, 53.045407348208848 ], [ 6.525697036037998, 53.045462075395456 ], [ 6.525177174906691, 53.046220377245753 ], [ 6.525141409098706, 53.046272553388853 ], [ 6.525134279309964, 53.046271354058142 ], [ 6.525124048801866, 53.046269627034526 ], [ 6.525109728092915, 53.046274005013345 ], [ 6.525090441751298, 53.046275545447429 ], [ 6.525070880789129, 53.046270015863726 ], [ 6.525054810917417, 53.046265684270118 ], [ 6.525046159907057, 53.046257076289059 ], [ 6.525040904759972, 53.04624716887097 ], [ 6.525039951311042, 53.04624094108614 ], [ 6.525023970051866, 53.0462360065289 ], [ 6.525005192461441, 53.046230208867037 ], [ 6.524990857533972, 53.046225501293165 ], [ 6.524985472648356, 53.046223737164212 ], [ 6.524926538288138, 53.046204373817055 ], [ 6.524772858257004, 53.04615571559733 ], [ 6.524703251245214, 53.046133676687859 ], [ 6.524368532970165, 53.045986401171845 ], [ 6.52428353803773, 53.045949023985905 ], [ 6.524271984916457, 53.045964564151319 ], [ 6.524199371242171, 53.045962666025169 ], [ 6.524180421519358, 53.045962819144421 ], [ 6.524229170889997, 53.045880207363922 ], [ 6.52414514878553, 53.045868028861584 ], [ 6.524128562930777, 53.045865625227052 ], [ 6.523985343054254, 53.045845067242652 ], [ 6.523891416636319, 53.04583221878719 ], [ 6.523824315169736, 53.045824974829898 ], [ 6.523017859760044, 53.045737975287459 ], [ 6.521814011306363, 53.045604817791528 ], [ 6.521797395732497, 53.045602980286439 ], [ 6.521787943916663, 53.045601937579647 ], [ 6.520456209347357, 53.045451960584529 ], [ 6.519894384954303, 53.045392288172081 ], [ 6.517822060620328, 53.045162496356518 ], [ 6.517064543694306, 53.045081294115143 ], [ 6.516903535950163, 53.045064032066733 ], [ 6.516892176458917, 53.045107761304095 ], [ 6.516890577728423, 53.045113950338397 ], [ 6.516870109991919, 53.045193362329542 ], [ 6.516368310078773, 53.045138642522168 ], [ 6.516273566391753, 53.04512805151208 ], [ 6.514851841263141, 53.044972292197869 ], [ 6.514830590843959, 53.044969967190866 ], [ 6.513461304302243, 53.044818702823832 ], [ 6.512816454803901, 53.044746999579708 ], [ 6.512548998297013, 53.044716111596138 ], [ 6.512159884243618, 53.044671170297683 ], [ 6.511556520692899, 53.04460048113102 ], [ 6.511289136683543, 53.044575206413427 ], [ 6.51115965579502, 53.044553281849232 ], [ 6.511075056466982, 53.044535258206054 ], [ 6.511002612824137, 53.044502912188136 ], [ 6.510923659928813, 53.044453543349782 ], [ 6.510870243139822, 53.044405013045477 ], [ 6.510849515437058, 53.044385975956153 ], [ 6.510770897633158, 53.044313795361582 ], [ 6.510756459781623, 53.044319439859322 ], [ 6.509982955446334, 53.044621989702705 ], [ 6.509979589540715, 53.044623306402663 ], [ 6.509883989941014, 53.04466086068107 ], [ 6.50987787823335, 53.044663254599591 ], [ 6.509842050090049, 53.044677313637997 ], [ 6.507605156782624, 53.045554957646651 ], [ 6.505456400054134, 53.046405493853342 ], [ 6.505331252932312, 53.046386335338426 ], [ 6.505209975194329, 53.046365127495321 ], [ 6.505193351923469, 53.04636297322206 ], [ 6.505189027744447, 53.046362411512909 ], [ 6.505130060469655, 53.046354757557154 ], [ 6.505157995787379, 53.046396069430976 ], [ 6.505170118559945, 53.046413992645924 ], [ 6.505248374550875, 53.046529703246655 ], [ 6.505250311695415, 53.046532542944199 ], [ 6.505399071661442, 53.04675126620603 ], [ 6.505546545104093, 53.046974988971961 ], [ 6.505655176742589, 53.047139797783743 ], [ 6.50566526391566, 53.047155097859729 ], [ 6.505675475689164, 53.047170603466228 ], [ 6.505675816875248, 53.047171112523777 ], [ 6.505762815925645, 53.047303097004985 ], [ 6.505895751455408, 53.047504748883348 ], [ 6.505897210765995, 53.047506981936202 ], [ 6.506689779719131, 53.048717476411163 ], [ 6.506690198719156, 53.048718110552713 ], [ 6.50735353476777, 53.049731165645838 ], [ 6.507354838873304, 53.049733157490202 ], [ 6.507591364011631, 53.050094368545786 ], [ 6.50779067866138, 53.050398753694957 ], [ 6.507826604325988, 53.050453605074416 ], [ 6.507863089567011, 53.050509331906611 ], [ 6.507882962125799, 53.050539673884785 ], [ 6.507900459558687, 53.050566398458159 ], [ 6.508269988880727, 53.051130703799409 ], [ 6.508741443568052, 53.051850638338678 ], [ 6.508914472294457, 53.052114863369688 ], [ 6.510238185766585, 53.054136083368185 ], [ 6.510248962267359, 53.054152535871658 ], [ 6.510253791404419, 53.054159904639853 ], [ 6.51031852887818, 53.054258762688924 ], [ 6.510345470298365, 53.054299893925531 ], [ 6.510350128703474, 53.054307003675746 ], [ 6.511258655048587, 53.055694119049868 ], [ 6.511263065627626, 53.055700862633707 ], [ 6.511494854948257, 53.056031591155715 ], [ 6.511496217920906, 53.056033537466682 ], [ 6.5115010810553, 53.056040474498651 ], [ 6.511648897504731, 53.056251371171932 ], [ 6.511683535384607, 53.056299888799806 ], [ 6.511696272718782, 53.05631771569346 ], [ 6.511699894550861, 53.05632279513285 ], [ 6.511725663756049, 53.056358877512402 ], [ 6.511774557324491, 53.056470033756057 ], [ 6.51207626530027, 53.057476349587795 ], [ 6.512191466220848, 53.057855380052736 ], [ 6.512191547998898, 53.057855657873809 ], [ 6.512224026340718, 53.057965278706156 ], [ 6.512224500236981, 53.057966873895886 ], [ 6.512231921119203, 53.057991922150521 ], [ 6.512620699064823, 53.059304261858912 ], [ 6.512643780265532, 53.059382157765071 ], [ 6.512644478345645, 53.059384343970905 ], [ 6.51344007134087, 53.06188769804843 ], [ 6.513467830765306, 53.061975030759776 ], [ 6.513527574161006, 53.062163019711086 ], [ 6.513575185097602, 53.062298487365496 ], [ 6.513658313167929, 53.062535063233121 ], [ 6.513725270059224, 53.062725599314568 ], [ 6.51383102789331, 53.063044873853983 ], [ 6.513845562489869, 53.063112892595846 ], [ 6.513954226593051, 53.063503862945304 ], [ 6.514105513446146, 53.063932715415369 ], [ 6.514109224665217, 53.063951552657102 ], [ 6.514111424736631, 53.063962747411985 ], [ 6.514112422227216, 53.063967842496673 ], [ 6.514123352686092, 53.064023421510882 ], [ 6.514124297041476, 53.064028193572497 ], [ 6.514127735831644, 53.064045730298929 ], [ 6.514127832549017, 53.064046007977637 ], [ 6.514210067898298, 53.064278979109197 ], [ 6.514286960873354, 53.064518183371547 ], [ 6.514411080755042, 53.064904253643789 ], [ 6.5144653678527, 53.065073115671936 ], [ 6.514397986100269, 53.065331472389673 ], [ 6.514388609555488, 53.065367399865828 ], [ 6.514366546557843, 53.065451984266844 ], [ 6.514515819235404, 53.065379259478831 ], [ 6.514326478928353, 53.066414986352541 ], [ 6.514207996102189, 53.067063147940686 ], [ 6.514131670797635, 53.067480671912641 ], [ 6.514115693157922, 53.067579613644895 ], [ 6.514029285799002, 53.068114644210567 ], [ 6.51395822340888, 53.06855457623579 ], [ 6.513886774123395, 53.068996902265354 ], [ 6.513849250251398, 53.069229248199363 ], [ 6.513836857575561, 53.069305967826082 ], [ 6.513825275936911, 53.069377719134806 ], [ 6.513810401684736, 53.069469784504598 ], [ 6.513746664214549, 53.069864408004264 ], [ 6.513686973944054, 53.070233911340303 ], [ 6.513645115019269, 53.070493060409611 ], [ 6.513602534679945, 53.070756628716865 ], [ 6.513461833746285, 53.071627661941989 ], [ 6.513430231632931, 53.07182328593796 ], [ 6.513356407050198, 53.072280290846081 ], [ 6.51311671541356, 53.072586665669093 ], [ 6.51291291089955, 53.072847148732706 ], [ 6.512838198477558, 53.072936945780498 ], [ 6.512793497869714, 53.072990657435994 ], [ 6.511301864994824, 53.074783048667662 ], [ 6.511064825488802, 53.075067870858085 ], [ 6.510832254925999, 53.075347321459944 ], [ 6.510796175026207, 53.075390670568886 ], [ 6.510360330648581, 53.075918938119948 ], [ 6.51012666908657, 53.07620213592844 ], [ 6.509887086521382, 53.07649250624614 ], [ 6.50967519576701, 53.07674932060106 ], [ 6.509224781483749, 53.07729519040425 ], [ 6.509053818712526, 53.077502390714294 ], [ 6.508873506137436, 53.077720902766224 ], [ 6.508718138889853, 53.077909192166267 ], [ 6.508488348748949, 53.078187677103784 ], [ 6.507756871262568, 53.079069786720808 ], [ 6.506712524457479, 53.080329140739117 ], [ 6.506153083406578, 53.081041561370334 ], [ 6.503994236301985, 53.083398565549878 ], [ 6.503943701039107, 53.083453738923012 ], [ 6.50390183258525, 53.083499449330652 ], [ 6.503712201151463, 53.083457461813268 ], [ 6.503610472940169, 53.083432609714301 ], [ 6.503241559364168, 53.083348231439516 ], [ 6.503267003845971, 53.083373651231376 ], [ 6.503299102004659, 53.083400114350816 ], [ 6.503305907469335, 53.083419830604086 ], [ 6.503316092006669, 53.08343455470343 ], [ 6.503310625220012, 53.083451806187711 ], [ 6.503304027956498, 53.083472689845522 ], [ 6.503267723827348, 53.08352760443951 ], [ 6.502963046657097, 53.083992971091909 ], [ 6.502893579488087, 53.084099068245372 ], [ 6.502719577486674, 53.084363855719694 ], [ 6.502599193360165, 53.084541215198811 ], [ 6.502435088711555, 53.084765541814605 ], [ 6.502400406708168, 53.084814545735668 ], [ 6.50233486953005, 53.084887229377458 ], [ 6.502236789888261, 53.08499751978313 ], [ 6.502141775592286, 53.085095263108542 ], [ 6.501236372389269, 53.086036625457524 ], [ 6.500888606262921, 53.086396038827608 ], [ 6.50058233826789, 53.086705162207309 ], [ 6.500507850829686, 53.086781783282866 ], [ 6.50037942382461, 53.086913877316135 ], [ 6.50032856784834, 53.086966194266488 ], [ 6.499977236953472, 53.087330949053559 ], [ 6.499587741829894, 53.087733918159486 ], [ 6.499273555205654, 53.088058622502487 ], [ 6.498813528192643, 53.088524961956551 ], [ 6.498480076764292, 53.088870170758923 ], [ 6.498106296725111, 53.08925834055092 ], [ 6.497400008983167, 53.089992775307685 ], [ 6.497134717020669, 53.090273488843813 ], [ 6.497121199340318, 53.090287759155181 ], [ 6.496614508671768, 53.090807318704726 ], [ 6.496035954623026, 53.091409715451221 ], [ 6.49593380392989, 53.091516110803312 ], [ 6.495733635005315, 53.091720091992805 ], [ 6.495237598579587, 53.09222907718091 ], [ 6.494667538879813, 53.092815994066775 ], [ 6.494292191406151, 53.093212666900698 ], [ 6.494214694305298, 53.093292142382623 ], [ 6.493805539793683, 53.093718665229765 ], [ 6.493138360704143, 53.09441637845795 ], [ 6.492572344873398, 53.09500954688577 ], [ 6.492342556597369, 53.095242921095327 ], [ 6.491279112197314, 53.096341794708891 ], [ 6.491260574467166, 53.096361349801022 ], [ 6.491249848707858, 53.096374012008305 ], [ 6.490930417787373, 53.096696395618387 ], [ 6.490852873035469, 53.096779176278538 ], [ 6.490794674601655, 53.096841316025312 ], [ 6.490750036681587, 53.096890713540041 ], [ 6.490708157435058, 53.096937048132759 ], [ 6.490695437572095, 53.096952325799279 ], [ 6.490629896251268, 53.097031023595967 ], [ 6.490556193146386, 53.097118729268892 ], [ 6.490502053842949, 53.097184354219557 ], [ 6.490466781914467, 53.097225163970826 ], [ 6.490376237190635, 53.097338708480393 ], [ 6.490287285326873, 53.097453262717202 ], [ 6.490201440593321, 53.097573773356579 ], [ 6.490189456101217, 53.097590976315871 ], [ 6.490162584824613, 53.09762926422686 ], [ 6.490094923170563, 53.097725648944589 ], [ 6.490034743882327, 53.09781685131783 ], [ 6.489989541777407, 53.097887003843987 ], [ 6.489936026829723, 53.097972564090341 ], [ 6.489709840033305, 53.098330022972391 ], [ 6.489630992759754, 53.098463984610618 ], [ 6.489540111714672, 53.098613837479732 ], [ 6.489510892370391, 53.098662005168087 ], [ 6.489474364875777, 53.098718121389318 ], [ 6.489415290806679, 53.098808854914601 ], [ 6.489414673140058, 53.098809813182086 ], [ 6.48933439241241, 53.098939725832864 ], [ 6.489271641107504, 53.099045006519731 ], [ 6.489159948980762, 53.099229136845686 ], [ 6.489036955299762, 53.099420398576825 ], [ 6.488904729988707, 53.099630931532907 ], [ 6.488819803787858, 53.099772056894786 ], [ 6.488690936190451, 53.099978487750519 ], [ 6.488566760489515, 53.100177461333153 ], [ 6.488397670977568, 53.100457017417177 ], [ 6.488322710554778, 53.10057559316715 ], [ 6.488301378905432, 53.100609318383263 ], [ 6.488276842967176, 53.100647395620506 ], [ 6.488251732226084, 53.100686358825605 ], [ 6.488096552615189, 53.100940534126536 ], [ 6.487974706363814, 53.101139728224524 ], [ 6.487655722558422, 53.101648633305579 ], [ 6.487620721724849, 53.101706262573323 ], [ 6.487571306656156, 53.101785466337333 ], [ 6.487455688245646, 53.10197077220085 ], [ 6.487311344290165, 53.102203925935449 ], [ 6.48727213630224, 53.102264676141466 ], [ 6.487117063072644, 53.10250935913529 ], [ 6.48696193066689, 53.102754132307908 ], [ 6.48664977257026, 53.103264625155163 ], [ 6.486399783956795, 53.103666653250201 ], [ 6.486388594667851, 53.103684720178222 ], [ 6.486349949825666, 53.103747172324113 ], [ 6.486121404011326, 53.104116408519637 ], [ 6.485907352391323, 53.104457293300996 ], [ 6.485735245833592, 53.104736378450674 ], [ 6.485414994722833, 53.105256863021523 ], [ 6.485260292418156, 53.105504640222634 ], [ 6.485138032673842, 53.105695000947563 ], [ 6.485061591636993, 53.105819501103504 ], [ 6.485049186131679, 53.105839708860195 ], [ 6.485040107583387, 53.105854485171712 ], [ 6.484956525187584, 53.105975923376334 ], [ 6.484870306166902, 53.106101178025142 ], [ 6.484866633504461, 53.106106522765899 ], [ 6.484851135210588, 53.106129032454611 ], [ 6.48478514492753, 53.106265892050502 ], [ 6.484738951525279, 53.106380166593915 ], [ 6.484738389805124, 53.106381573650857 ], [ 6.484729567569954, 53.106398225785021 ], [ 6.484702994095068, 53.106518323556891 ], [ 6.484686426689803, 53.106585344647911 ], [ 6.484682235456726, 53.106703574782237 ], [ 6.484679019856636, 53.106750002049125 ], [ 6.484644491137152, 53.107247996149177 ], [ 6.484594293914065, 53.107903479995429 ], [ 6.484579637745168, 53.10815643411248 ], [ 6.484556725730678, 53.108551739573464 ], [ 6.484521909243739, 53.109174811339166 ], [ 6.484510104370623, 53.109395288644983 ], [ 6.484500486935258, 53.109574731102093 ], [ 6.484498196678961, 53.109617609126438 ], [ 6.484490155845868, 53.109755483141328 ], [ 6.484481580355897, 53.109902330662386 ], [ 6.48446318692413, 53.110217757644541 ], [ 6.484425201934438, 53.110987815692958 ], [ 6.484404156392013, 53.111125844718487 ], [ 6.4843524644298, 53.111460448408742 ], [ 6.484300131109137, 53.111644577586027 ], [ 6.484217487917289, 53.111821372700852 ], [ 6.484053044420002, 53.112204233279101 ], [ 6.484043552380785, 53.112226346311473 ], [ 6.483350775721764, 53.113791706788319 ], [ 6.482671695760772, 53.115337750581062 ], [ 6.482501565122009, 53.115730680470186 ], [ 6.482497881876102, 53.115739197470702 ], [ 6.48253413156533, 53.11574566883251 ], [ 6.482320209943254, 53.11621984198117 ], [ 6.481873590707375, 53.117235577915437 ], [ 6.481470864736878, 53.11816543959263 ], [ 6.481406547559026, 53.118294561886984 ], [ 6.481405467009131, 53.118296728531668 ], [ 6.481285440429709, 53.118550437040923 ], [ 6.481282800149123, 53.118556500123489 ], [ 6.481071515366291, 53.119041538072494 ], [ 6.481049552580605, 53.119097599066471 ], [ 6.480749050398652, 53.119774343377422 ], [ 6.48072729135056, 53.119835551730567 ], [ 6.480476783788749, 53.120409508875291 ], [ 6.480449152151558, 53.120466520116963 ], [ 6.480299554588536, 53.120786701182475 ], [ 6.480481477512845, 53.120811856899564 ], [ 6.482204628373927, 53.121054230235664 ], [ 6.485408451513723, 53.121506006550312 ], [ 6.485528671534886, 53.121522958381085 ], [ 6.485572869135694, 53.121529248137733 ], [ 6.48559585262711, 53.121532524189952 ], [ 6.4866106640742, 53.121678197333971 ], [ 6.486814433818991, 53.121707447538682 ], [ 6.489818220630189, 53.122138556912333 ], [ 6.490645673921557, 53.122254997588406 ], [ 6.491246986575656, 53.122339610596022 ], [ 6.491738621405092, 53.122408373095119 ], [ 6.492247228755523, 53.122479502251224 ], [ 6.49284125123201, 53.122563275882548 ], [ 6.493611470344644, 53.122671893835602 ], [ 6.494424014253954, 53.122789255018994 ], [ 6.496358029210654, 53.123063967036281 ], [ 6.497982496323853, 53.12329468052102 ], [ 6.498085367113542, 53.12330929138971 ], [ 6.498336994748941, 53.123346408841037 ], [ 6.498383241532551, 53.123353232053852 ], [ 6.498415767114953, 53.123358025746377 ], [ 6.498416126947717, 53.123358076328088 ], [ 6.498425333015015, 53.123359383853504 ], [ 6.498834820046105, 53.122697911681996 ], [ 6.499273537962181, 53.122046671849034 ], [ 6.499363898727603, 53.121931856273797 ], [ 6.499603041136328, 53.12167245808174 ], [ 6.499758522508275, 53.121517703223439 ], [ 6.499961438229805, 53.121341658688031 ], [ 6.500148706258508, 53.121189250077379 ], [ 6.500365467442776, 53.121002184454262 ], [ 6.500894048512244, 53.120576816451525 ], [ 6.500926796225652, 53.120590908500112 ], [ 6.500987478908209, 53.120617241149041 ], [ 6.501178348659917, 53.120700030095215 ], [ 6.501601301325863, 53.12087942249584 ], [ 6.501640681074334, 53.120898125677101 ], [ 6.503465248397042, 53.121686748990584 ], [ 6.504848010426758, 53.122281259377935 ], [ 6.504907754965195, 53.122306942790701 ], [ 6.504963152236491, 53.122336674751161 ], [ 6.505191191062344, 53.122435151596058 ], [ 6.506829973385804, 53.123143958488257 ], [ 6.509849758352999, 53.124448030578456 ], [ 6.511111452379494, 53.124995471646109 ], [ 6.511626803962845, 53.125219901506512 ], [ 6.512501764633502, 53.125604462790612 ], [ 6.512357126949789, 53.126073923292154 ], [ 6.51203643768206, 53.127120501081833 ], [ 6.511821950677247, 53.127826918412552 ], [ 6.511784921225217, 53.127930890188736 ], [ 6.511780579479751, 53.127944941012103 ], [ 6.510929974841265, 53.130693052989962 ], [ 6.510950073929722, 53.130695461596638 ], [ 6.510989882329237, 53.130700228536369 ], [ 6.512940611645154, 53.13093389019253 ], [ 6.51476070630215, 53.131155844960425 ], [ 6.516166327850888, 53.131284057197519 ], [ 6.517215451149435, 53.131376362434906 ], [ 6.51727364858476, 53.131381484067958 ], [ 6.517405273041303, 53.13140218774636 ], [ 6.517508826490902, 53.131418483082264 ], [ 6.519307041734716, 53.131500115297413 ], [ 6.522085391110176, 53.131631895993465 ], [ 6.523812588530439, 53.131717988606844 ], [ 6.525256152391861, 53.131799633392575 ], [ 6.526400800106108, 53.131854294771145 ], [ 6.527754857230981, 53.131924053473661 ], [ 6.528046345191558, 53.131937633965968 ], [ 6.52852448676187, 53.13195849437917 ], [ 6.530381738747874, 53.132221367730885 ], [ 6.532222772144061, 53.132477474706128 ], [ 6.533767850120763, 53.132696296785198 ], [ 6.53409081374398, 53.132700835434477 ], [ 6.534438164147401, 53.132695245477471 ], [ 6.536288122788561, 53.132621828124861 ], [ 6.538828527359255, 53.13251633379938 ], [ 6.538983009148322, 53.132509915246409 ], [ 6.539080981964577, 53.132505846072121 ], [ 6.539109534993098, 53.132542326761474 ], [ 6.539407674967687, 53.13292326877508 ], [ 6.53948088250154, 53.133027977568808 ], [ 6.539542650663392, 53.133137415446086 ], [ 6.539627364699673, 53.133335968367703 ], [ 6.539663828034572, 53.133443987037921 ], [ 6.539711313680143, 53.133628213858842 ], [ 6.539724461541621, 53.133815817403445 ], [ 6.539715537538841, 53.133966842116372 ], [ 6.539692327359638, 53.13410884689246 ], [ 6.53966827495842, 53.134345614418066 ], [ 6.539563403424773, 53.135225538884256 ], [ 6.539471110836395, 53.13604142040839 ], [ 6.539475176806855, 53.136314034439735 ], [ 6.539490791187265, 53.136452781007073 ], [ 6.539519086185766, 53.136637920204521 ], [ 6.539571382287584, 53.13690177574297 ], [ 6.539624301024584, 53.137053598455942 ], [ 6.539684684089501, 53.137249509438178 ], [ 6.539769563290852, 53.137505628545341 ], [ 6.540009768714126, 53.13821548680415 ], [ 6.540058523386189, 53.138398847322016 ], [ 6.54008535428098, 53.138567572908123 ], [ 6.54008694345669, 53.138737952229029 ], [ 6.5400739626885, 53.138879157484922 ], [ 6.540037820176228, 53.139033930639663 ], [ 6.54000334685164, 53.139134615452363 ], [ 6.539992579905018, 53.139157949347663 ], [ 6.539942614572403, 53.139266152169554 ], [ 6.539938657754147, 53.139272462867112 ], [ 6.539878252653651, 53.139370808951725 ], [ 6.539871718674099, 53.139383048620793 ], [ 6.539646869631047, 53.139658106758048 ], [ 6.539595935163811, 53.139717000379186 ], [ 6.539518538185739, 53.139797428667372 ], [ 6.53945607536083, 53.139851616275443 ], [ 6.53933976998593, 53.139945287343757 ], [ 6.539135896376435, 53.140082585210024 ], [ 6.538751504541308, 53.140352129631118 ], [ 6.538589035175069, 53.140458321505719 ], [ 6.538587859935074, 53.140459087670166 ], [ 6.538543129420791, 53.140488328408239 ], [ 6.537739902009309, 53.141046335914986 ], [ 6.537673408419053, 53.141098027031212 ], [ 6.537632845109362, 53.141126095099274 ], [ 6.537508878653705, 53.141229830919336 ], [ 6.537413175197313, 53.141317317203999 ], [ 6.537370977330163, 53.141355888197545 ], [ 6.537337407794212, 53.141383385786078 ], [ 6.537302365580053, 53.141420153667468 ], [ 6.537214303807528, 53.141525863101322 ], [ 6.537117962413193, 53.141650739390634 ], [ 6.536963829283614, 53.141885545636093 ], [ 6.536923638698494, 53.141954175248827 ], [ 6.536848218973344, 53.142117340041068 ], [ 6.53681536047821, 53.142209408133439 ], [ 6.536750668951735, 53.142484595337798 ], [ 6.536740002910289, 53.142568722061725 ], [ 6.53673036099225, 53.142722430936033 ], [ 6.536729134345236, 53.142742105311605 ], [ 6.536731998122008, 53.142812298876436 ], [ 6.536736135096286, 53.14285612262605 ], [ 6.53674029536454, 53.142900260681387 ], [ 6.536746136985411, 53.142962140063275 ], [ 6.536783060748379, 53.143155626102875 ], [ 6.536791559409806, 53.143183016509241 ], [ 6.536824654627283, 53.1432896571349 ], [ 6.536828512352892, 53.143302111453671 ], [ 6.536872066858904, 53.143421026226449 ], [ 6.536951685592371, 53.143597917789037 ], [ 6.536990233823048, 53.143668964178786 ], [ 6.537078359767455, 53.143799187676834 ], [ 6.53782944966076, 53.144824579677035 ], [ 6.537999639700968, 53.145050557180632 ], [ 6.538062443129441, 53.145115744709443 ], [ 6.538206946221375, 53.145245111420209 ], [ 6.538222935288403, 53.145264656399114 ], [ 6.538270568452735, 53.145337717963251 ], [ 6.538296808101975, 53.145384717275356 ], [ 6.53831968546838, 53.145477867911787 ], [ 6.538324416982027, 53.145522620473997 ], [ 6.538317898773838, 53.145596256061346 ], [ 6.538308417899903, 53.145634333321105 ], [ 6.538279938905475, 53.145717948228878 ], [ 6.53813113493717, 53.145980365063799 ], [ 6.538069742019036, 53.1460982921501 ], [ 6.538015606269406, 53.146218216419534 ], [ 6.537942703580545, 53.146565725717934 ], [ 6.537940205409348, 53.146583093762075 ], [ 6.537932437975681, 53.146637303368642 ], [ 6.537875252785811, 53.147036370300938 ], [ 6.537857455207334, 53.14714346322743 ], [ 6.53785064560375, 53.147172402412117 ], [ 6.537837040835984, 53.147230262667627 ], [ 6.537800658660197, 53.147326480542056 ], [ 6.537754800659519, 53.147427237716563 ], [ 6.537694475448989, 53.147543833261906 ], [ 6.537534499698435, 53.147796821648534 ], [ 6.537519599456563, 53.147822243840878 ], [ 6.53745846827754, 53.147926544388966 ], [ 6.537305714390513, 53.148233202691408 ], [ 6.537274294052183, 53.148330028764533 ], [ 6.537219998168847, 53.148473948185405 ], [ 6.537197584528122, 53.148564900464883 ], [ 6.537193786906869, 53.148656644658971 ], [ 6.537168271333322, 53.148940442117215 ], [ 6.537126483842852, 53.149049939780561 ], [ 6.537091319373084, 53.149105427623546 ], [ 6.537050604310305, 53.149155666643338 ], [ 6.536975470267854, 53.149236556465276 ], [ 6.536817080294028, 53.149362692331877 ], [ 6.536671970600379, 53.149453050973719 ], [ 6.536575104043827, 53.149502516311898 ], [ 6.536431499673423, 53.149559502152279 ], [ 6.536060216554646, 53.149713873971862 ], [ 6.535914264934622, 53.149780479310543 ], [ 6.535812096518001, 53.149823982832423 ], [ 6.535602718595231, 53.149920464797944 ], [ 6.535552526372375, 53.149949936316339 ], [ 6.535425414894036, 53.150039357095039 ], [ 6.535378196298381, 53.150077256387398 ], [ 6.535333507514724, 53.150122060051302 ], [ 6.535243874974305, 53.150247741754484 ], [ 6.535195636011948, 53.150338527565623 ], [ 6.535185883034149, 53.15035689062573 ], [ 6.535139581061485, 53.15044406323927 ], [ 6.535106554979989, 53.150511562950101 ], [ 6.534943548344603, 53.150844646578896 ], [ 6.534903797611327, 53.150903790228249 ], [ 6.534826054038226, 53.15100324283285 ], [ 6.534753908487755, 53.151067998668623 ], [ 6.53469768002591, 53.151111762279911 ], [ 6.534603880368986, 53.151171135709205 ], [ 6.534459139496602, 53.151254936829623 ], [ 6.534234274887762, 53.151391878147017 ], [ 6.53417006459879, 53.15143853067395 ], [ 6.534131164444716, 53.151473402250922 ], [ 6.534062457897265, 53.151543336931795 ], [ 6.534008650380234, 53.151626078614434 ], [ 6.533973377623766, 53.151691820131958 ], [ 6.533936938159845, 53.151795370176522 ], [ 6.533924776786422, 53.15184137179174 ], [ 6.533915153495046, 53.151925083591379 ], [ 6.533921259618321, 53.151964871476459 ], [ 6.533942184633623, 53.152046610517985 ], [ 6.53397691322248, 53.152135334820443 ], [ 6.534015279925113, 53.152212404709431 ], [ 6.534054227715288, 53.152263426042879 ], [ 6.534088328566149, 53.152314314012372 ], [ 6.534128813688547, 53.152351688035296 ], [ 6.534189689591356, 53.152399228389484 ], [ 6.534298388237497, 53.152472183269133 ], [ 6.534692738484678, 53.152660351896593 ], [ 6.534824659815397, 53.152730675579676 ], [ 6.534929408092301, 53.152793261307934 ], [ 6.535015890494261, 53.152863813196532 ], [ 6.535070486095572, 53.152919689849703 ], [ 6.535118044317945, 53.152962729211993 ], [ 6.535339308940124, 53.153554305338893 ], [ 6.535590650299411, 53.154058180814566 ], [ 6.535759010778879, 53.154312881519999 ], [ 6.535840026314979, 53.154405430308444 ], [ 6.536015609263929, 53.154560328894448 ], [ 6.53651108578079, 53.154885142063186 ], [ 6.537455043118489, 53.155515074489095 ], [ 6.537556504673775, 53.155594233683551 ], [ 6.537631495092023, 53.155676971878577 ], [ 6.537674802200077, 53.155734797926364 ], [ 6.537743941067128, 53.155922527939751 ], [ 6.537753637153801, 53.156001624179879 ], [ 6.537753333231502, 53.156014945135837 ], [ 6.537752345989298, 53.156057694552452 ], [ 6.537744666850446, 53.156119236131993 ], [ 6.537685596572544, 53.156240186676513 ], [ 6.53762122761717, 53.156346845538707 ], [ 6.537571745298361, 53.156392576606123 ], [ 6.537172387146575, 53.156737690069342 ], [ 6.537065846018019, 53.156919449204082 ], [ 6.537017610334791, 53.157051034331992 ], [ 6.53703398225481, 53.157208734609355 ], [ 6.537059765102192, 53.157362183838885 ], [ 6.537102330251336, 53.157491693715791 ], [ 6.537131078646381, 53.157543413961868 ], [ 6.537327468377693, 53.157761645714643 ], [ 6.537591751520237, 53.157989398325526 ], [ 6.537654611073237, 53.158067265371457 ], [ 6.53771851700813, 53.158166501282842 ], [ 6.537794564034684, 53.158323152348501 ], [ 6.537852058506326, 53.158441591023632 ], [ 6.537759473580792, 53.158481840708788 ], [ 6.537615985885724, 53.158543715162601 ], [ 6.537333242661956, 53.158580289611194 ], [ 6.53730563894459, 53.158595912430627 ], [ 6.537168312039939, 53.158652227476779 ], [ 6.536928760961472, 53.158754087052209 ], [ 6.536662321337288, 53.158867589904766 ], [ 6.536481378396002, 53.158939069265372 ], [ 6.536339810521485, 53.158987210323325 ], [ 6.536201084845357, 53.159039925065883 ], [ 6.536117596063198, 53.159088946974407 ], [ 6.536024832135896, 53.159143413680731 ], [ 6.535963487410926, 53.159167123901014 ], [ 6.535919886885011, 53.159216644074363 ], [ 6.535892955829602, 53.159250332002635 ], [ 6.535875359568075, 53.159297176601349 ], [ 6.535886909099665, 53.159349295572696 ], [ 6.535942582984459, 53.159419539873277 ], [ 6.535998357261173, 53.159484544045284 ], [ 6.536013139526188, 53.159528885642594 ], [ 6.535994950992256, 53.159573129840794 ], [ 6.535956693203294, 53.159623416589056 ], [ 6.535906432854047, 53.159681169314318 ], [ 6.535847371076976, 53.159750392272564 ], [ 6.535815933626317, 53.159797962593416 ], [ 6.535795819291572, 53.159823164805722 ], [ 6.53577658428007, 53.159852770968747 ], [ 6.535739234747976, 53.159892786334801 ], [ 6.535671012756145, 53.159939675606026 ], [ 6.535594631369817, 53.159975454792473 ], [ 6.535490610043913, 53.160010330456565 ], [ 6.535374794134739, 53.160022744873828 ], [ 6.535253477452788, 53.160027321700646 ], [ 6.535129571277754, 53.160035176320939 ], [ 6.535028238760177, 53.160061515600731 ], [ 6.534944473777266, 53.160119984126077 ], [ 6.534867941737714, 53.160193552578676 ], [ 6.534799572520751, 53.160264841136382 ], [ 6.534756149452376, 53.16029914498499 ], [ 6.534672440976927, 53.160369933279995 ], [ 6.534605860772897, 53.160423555081003 ], [ 6.534520492295115, 53.16049942754664 ], [ 6.534434703543477, 53.160572428285633 ], [ 6.534378230586226, 53.160629448975364 ], [ 6.534335841859987, 53.160702258957592 ], [ 6.534289296751711, 53.160740654406986 ], [ 6.534225992601892, 53.160801712426078 ], [ 6.534158614313038, 53.160869279679559 ], [ 6.534126066435515, 53.160933170665452 ], [ 6.534131238457154, 53.160996907439525 ], [ 6.534141356203273, 53.161066159542656 ], [ 6.534173878280593, 53.161145235210817 ], [ 6.534203497865706, 53.161208998666986 ], [ 6.534265142190621, 53.1612873283539 ], [ 6.53435295889792, 53.161357975707951 ], [ 6.534424023280362, 53.161398480808018 ], [ 6.534491873902649, 53.161417008659654 ], [ 6.534648541151423, 53.161419750767443 ], [ 6.534812079016627, 53.161409800847267 ], [ 6.534928652971995, 53.161401019284604 ], [ 6.535028790243069, 53.161406746453494 ], [ 6.535107680721207, 53.161420944588357 ], [ 6.535176098444233, 53.16145746660721 ], [ 6.535216687413762, 53.161505164725575 ], [ 6.53525274048669, 53.161574087478151 ], [ 6.535293443432775, 53.161643558795291 ], [ 6.535339082806739, 53.161685475107504 ], [ 6.535398547436023, 53.161708567037984 ], [ 6.535477240815062, 53.161728275552129 ], [ 6.535489387906079, 53.161731313460947 ], [ 6.535567659245624, 53.161753146775581 ], [ 6.535648140472746, 53.161790083166579 ], [ 6.535709656205861, 53.161825664517544 ], [ 6.53578584026121, 53.161876463241789 ], [ 6.535868756538713, 53.16191668319086 ], [ 6.53598135535298, 53.161959790874832 ], [ 6.536060278533058, 53.161992077923273 ], [ 6.536118740016264, 53.162024668869591 ], [ 6.536162838989787, 53.162080052442079 ], [ 6.536224384572495, 53.162142646697788 ], [ 6.536304928746021, 53.162212895045215 ], [ 6.536365266129088, 53.162259810361959 ], [ 6.536417448738558, 53.162312141813402 ], [ 6.536452318359774, 53.16237299667722 ], [ 6.536476687845584, 53.162424705077697 ], [ 6.536529313333147, 53.162521874921545 ], [ 6.536551086068432, 53.162569258731097 ], [ 6.536558678171837, 53.16262262871637 ], [ 6.536557303126459, 53.162665462620879 ], [ 6.536527461678165, 53.162701667810815 ], [ 6.536457250231922, 53.162733452241255 ], [ 6.536309522172624, 53.162779818929941 ], [ 6.536216917982828, 53.162840592666939 ], [ 6.536159982615533, 53.16291232949763 ], [ 6.536126890926091, 53.162972577684357 ], [ 6.536060257451121, 53.163033291099204 ], [ 6.536049642328474, 53.16307110021819 ], [ 6.536018043953085, 53.163214692905775 ], [ 6.536021677785263, 53.163299239091849 ], [ 6.536053787838904, 53.163366536865745 ], [ 6.53609718556075, 53.163418548241054 ], [ 6.536168654438373, 53.163484812753971 ], [ 6.536207096814265, 53.163555186084608 ], [ 6.536171117055703, 53.163630020090508 ], [ 6.536160321582582, 53.163763591153725 ], [ 6.536147894044779, 53.163857637225277 ], [ 6.53613247213584, 53.163952107396803 ], [ 6.536122154454365, 53.164024799274173 ], [ 6.536164048269292, 53.164097871428496 ], [ 6.536240889989187, 53.16419638189749 ], [ 6.536329616253994, 53.164310531739687 ], [ 6.536445737249659, 53.164380735496387 ], [ 6.536546995706607, 53.164423924417719 ], [ 6.536643599734736, 53.16443823032224 ], [ 6.536722988326233, 53.164425903468569 ], [ 6.536806696396242, 53.164407307491885 ], [ 6.536922245167618, 53.164369201927855 ], [ 6.537052032267679, 53.164349229249204 ], [ 6.537226343525688, 53.164344214211511 ], [ 6.53735742907019, 53.164362996533129 ], [ 6.53741499816376, 53.16440743064166 ], [ 6.537440991489349, 53.164458260543334 ], [ 6.537441292805947, 53.164530392336545 ], [ 6.537434395696652, 53.164626506287483 ], [ 6.537429808394069, 53.164744273523837 ], [ 6.537436621418384, 53.164838620378411 ], [ 6.537417571090916, 53.164911243376814 ], [ 6.53738411924803, 53.164976500812195 ], [ 6.537357472078926, 53.164998449892366 ], [ 6.537335382018751, 53.16501632030544 ], [ 6.537309402577342, 53.165043142640087 ], [ 6.537242442533945, 53.1651135742053 ], [ 6.537115702059653, 53.16524383616543 ], [ 6.536996055169545, 53.165361385936968 ], [ 6.536919460841842, 53.165452533733358 ], [ 6.536879681413224, 53.165492410904051 ], [ 6.536825781069035, 53.165541688558584 ], [ 6.536750860963314, 53.165581588134984 ], [ 6.536644226382362, 53.16562552114496 ], [ 6.53660611295103, 53.165641424233051 ], [ 6.536546155432597, 53.16566533701782 ], [ 6.536471099426422, 53.165705767921111 ], [ 6.536390214574239, 53.165745194243662 ], [ 6.536200696055443, 53.165846239737938 ], [ 6.536033419189842, 53.165964990867046 ], [ 6.535982110485957, 53.165990267307727 ], [ 6.535926785330343, 53.166030994058218 ], [ 6.535863873083191, 53.166086171876465 ], [ 6.53579237928096, 53.166157212170688 ], [ 6.535752800802802, 53.166209236768182 ], [ 6.535741790973746, 53.166267718542791 ], [ 6.535736408123499, 53.166330873304993 ], [ 6.535730063119421, 53.166366215084665 ], [ 6.535720093663585, 53.166431786220301 ], [ 6.535729816181652, 53.1664662641343 ], [ 6.535745912535222, 53.166546530095623 ], [ 6.535760421114051, 53.166608092390319 ], [ 6.53578402925814, 53.166676136632169 ], [ 6.535803829590201, 53.166761857844726 ], [ 6.535809973258699, 53.166839550156467 ], [ 6.535812399393575, 53.166907887194249 ], [ 6.535815943276444, 53.166984535017434 ], [ 6.535804617059405, 53.1670739333615 ], [ 6.535775485318558, 53.167144918215513 ], [ 6.535741626745573, 53.167219803551269 ], [ 6.535729378240249, 53.16729361015939 ], [ 6.535727111824894, 53.167377287158601 ], [ 6.535730601929007, 53.167441201623532 ], [ 6.535764594324587, 53.167510018061158 ], [ 6.535833014571671, 53.167590214044594 ], [ 6.53589763644156, 53.167640530341465 ], [ 6.535986339307802, 53.16771185993062 ], [ 6.536041699288032, 53.167768169026374 ], [ 6.536172346072386, 53.167894013005572 ], [ 6.536265311087846, 53.168002496642181 ], [ 6.536292323812573, 53.168053388861495 ], [ 6.536290282507439, 53.168083531155318 ], [ 6.536256878402005, 53.168112428369675 ], [ 6.536200559797105, 53.168140044442843 ], [ 6.536090390956625, 53.168164887491365 ], [ 6.535988387272569, 53.168176208403928 ], [ 6.535908651034769, 53.168190353310891 ], [ 6.535789147418358, 53.16820325260661 ], [ 6.535649187401415, 53.168211135576968 ], [ 6.535575133435141, 53.16821004764212 ], [ 6.535441086935715, 53.168213101897614 ], [ 6.535291807719448, 53.168243450070953 ], [ 6.535145384083886, 53.168287313357766 ], [ 6.535013866084276, 53.168325956389666 ], [ 6.534944095541984, 53.168340346725195 ], [ 6.53482707326353, 53.168383128344722 ], [ 6.534746711339566, 53.168399084746902 ], [ 6.534642185221116, 53.168430935823558 ], [ 6.534528336111492, 53.168455785687279 ], [ 6.534412318468877, 53.168477250312677 ], [ 6.53431230956661, 53.16850181476179 ], [ 6.534166598580387, 53.168560228131774 ], [ 6.534022396333659, 53.168619157091712 ], [ 6.533889880575903, 53.168681182275371 ], [ 6.533820861657238, 53.168722856726987 ], [ 6.533770691729323, 53.168777749729976 ], [ 6.533748558956626, 53.168813898363602 ], [ 6.533634779575518, 53.168967370302269 ], [ 6.53360667909334, 53.169026653271885 ], [ 6.533584565603646, 53.169064104726871 ], [ 6.533560456764016, 53.169149886611926 ], [ 6.533535836673533, 53.169214105808663 ], [ 6.533552378540747, 53.169297755619006 ], [ 6.533586671741462, 53.169387607108611 ], [ 6.533661678151023, 53.16949404474488 ], [ 6.533727103929482, 53.169582043819162 ], [ 6.533817964525624, 53.16970715642848 ], [ 6.533863411010353, 53.169772574747704 ], [ 6.53388321866553, 53.16980841212397 ], [ 6.533861406967412, 53.169856698434806 ], [ 6.533834423085636, 53.169883053263533 ], [ 6.533805340148731, 53.169907514039053 ], [ 6.533777083667107, 53.169927042309382 ], [ 6.533719310780017, 53.169971044458151 ], [ 6.533649615694457, 53.170009858556362 ], [ 6.533579966885957, 53.170057766492782 ], [ 6.533563864124785, 53.170085589848561 ], [ 6.533563618571989, 53.170133921509986 ], [ 6.533570018500201, 53.170170030915742 ], [ 6.533633617411173, 53.170239274730029 ], [ 6.533814423813338, 53.170355484309752 ], [ 6.533922487989308, 53.17040054244822 ], [ 6.534082530435924, 53.170467362804217 ], [ 6.534284969942943, 53.170537497723693 ], [ 6.534456906018903, 53.170602738993814 ], [ 6.534590955435145, 53.170657630715233 ], [ 6.534689727633236, 53.1707024535798 ], [ 6.534784109618997, 53.170731160686664 ], [ 6.534944202731372, 53.170753541251941 ], [ 6.535056942910152, 53.170778585644541 ], [ 6.535167132660734, 53.170810654823541 ], [ 6.53524621229487, 53.170851073692425 ], [ 6.535330716093306, 53.170896949281904 ], [ 6.535407664288077, 53.17094777683274 ], [ 6.535429434831645, 53.170985940626572 ], [ 6.535418160483018, 53.171031690955751 ], [ 6.535380301595214, 53.171081631956056 ], [ 6.535338355193258, 53.171137039922549 ], [ 6.535271814938799, 53.171209110670674 ], [ 6.535217116154935, 53.171265835905082 ], [ 6.53519703323902, 53.171327963045236 ], [ 6.535194980642787, 53.17137237592592 ], [ 6.535193842528085, 53.171396569449435 ], [ 6.535212231519012, 53.171452154500336 ], [ 6.53529685477996, 53.171528430240208 ], [ 6.53533637704445, 53.171573325674913 ], [ 6.535370906972589, 53.171610432692546 ], [ 6.535367567337633, 53.17164240263368 ], [ 6.535333503007875, 53.171667396737782 ], [ 6.535269394468475, 53.171695284606514 ], [ 6.535171196591183, 53.171742720927774 ], [ 6.535064604605131, 53.171798478134555 ], [ 6.534967277742627, 53.171850578915524 ], [ 6.534926527882461, 53.171878961898422 ], [ 6.534867108746809, 53.171889694395787 ], [ 6.53480433767956, 53.171874973286762 ], [ 6.534724028249844, 53.171848584810768 ], [ 6.534669874171347, 53.171826052784432 ], [ 6.534630725034407, 53.171821170366258 ], [ 6.534531715117129, 53.171827285101266 ], [ 6.534398824756785, 53.171849558116676 ], [ 6.534247965202959, 53.171868740804769 ], [ 6.534140356316511, 53.171884481123826 ], [ 6.534055711869847, 53.171916303157651 ], [ 6.533973017280309, 53.171945518374564 ], [ 6.533879790502367, 53.171992681411616 ], [ 6.533783985062585, 53.172045827070001 ], [ 6.53369762787837, 53.172080765559919 ], [ 6.533621352400781, 53.172092045040181 ], [ 6.533538322454159, 53.172094501424489 ], [ 6.533439219518978, 53.172075669676325 ], [ 6.53325649024507, 53.172013037346105 ], [ 6.533183278383306, 53.171980163654169 ], [ 6.532966918273295, 53.171855531101578 ], [ 6.532783805649034, 53.171733141638093 ], [ 6.532667604500584, 53.1716621263894 ], [ 6.532543112724255, 53.171595989008253 ], [ 6.532406310523139, 53.171544464275911 ], [ 6.53229796043611, 53.171517479318169 ], [ 6.532225505728821, 53.171516562719781 ], [ 6.532117686177865, 53.171516415144545 ], [ 6.532046478418689, 53.171530979219007 ], [ 6.531994464585638, 53.171544065930078 ], [ 6.53192422394116, 53.171569754943192 ], [ 6.531887428409513, 53.171588249949529 ], [ 6.531787775072224, 53.171655997826853 ], [ 6.531677083061796, 53.171735021180389 ], [ 6.531613618982443, 53.171795297174967 ], [ 6.53151774364471, 53.171905290127796 ], [ 6.531444516022401, 53.171975301700684 ], [ 6.531395066079934, 53.172031660517355 ], [ 6.531356039238096, 53.172067610410608 ], [ 6.531326318586755, 53.172093514470092 ], [ 6.531259247019885, 53.172159935491415 ], [ 6.531177938886631, 53.172182845000243 ], [ 6.531088944254583, 53.172200130362477 ], [ 6.530896609166354, 53.172219875252935 ], [ 6.530724545735173, 53.172244962160576 ], [ 6.530572126390012, 53.172283341200078 ], [ 6.53049046607999, 53.172322384316828 ], [ 6.530433932497906, 53.172358060499008 ], [ 6.53039233298289, 53.172398572767349 ], [ 6.530365975653506, 53.172470311471471 ], [ 6.530365767083168, 53.172523576286231 ], [ 6.530368326187599, 53.172627273756405 ], [ 6.530360154173771, 53.172654230212558 ], [ 6.530358342362763, 53.172679634272377 ], [ 6.530349629117962, 53.172802193980488 ], [ 6.530354657906373, 53.172883877997769 ], [ 6.530377033006823, 53.172990370029162 ], [ 6.530418506107186, 53.173094550163597 ], [ 6.530500298835457, 53.173228073064308 ], [ 6.530555727209769, 53.173339632764502 ], [ 6.530601503171442, 53.173437382416274 ], [ 6.530657268656906, 53.173524882069238 ], [ 6.530713153511108, 53.173593679711878 ], [ 6.530740356205423, 53.173629231353509 ], [ 6.530764215489672, 53.173671833310678 ], [ 6.530790585693043, 53.173717763267298 ], [ 6.5307915868897, 53.173755658648993 ], [ 6.530775169617188, 53.173805097035874 ], [ 6.530743182470544, 53.173852266557795 ], [ 6.530688274101579, 53.173921222199354 ], [ 6.53062958153235, 53.174003765496778 ], [ 6.530569627706286, 53.17409066125358 ], [ 6.530516992599416, 53.174146043535103 ], [ 6.530474523506165, 53.174181441802553 ], [ 6.530356025573686, 53.174230271819084 ], [ 6.530254785399963, 53.174276762467599 ], [ 6.530004684110243, 53.174399268619858 ], [ 6.52982179344999, 53.174492745509539 ], [ 6.529725664621266, 53.174537434628746 ], [ 6.529608222764261, 53.174584977747081 ], [ 6.529493437847056, 53.174655563692809 ], [ 6.529422487727091, 53.17471072455006 ], [ 6.529328177172297, 53.174789212088129 ], [ 6.529303599914262, 53.174822534361454 ], [ 6.529240931947205, 53.174917812670564 ], [ 6.529215531787263, 53.174995913326939 ], [ 6.529178170170753, 53.17506113347288 ], [ 6.529134759297137, 53.175126105677812 ], [ 6.529090005209111, 53.175220674094767 ], [ 6.529046497068816, 53.175332996863155 ], [ 6.529054383889985, 53.175520262546435 ], [ 6.529060562369195, 53.175566798515803 ], [ 6.529104430054042, 53.175714145146749 ], [ 6.529118383071021, 53.17578380112775 ], [ 6.529118375013166, 53.175842455840659 ], [ 6.529109100927681, 53.175891187880111 ], [ 6.529098374504883, 53.175925124060761 ], [ 6.529073276351999, 53.175952906583255 ], [ 6.529033121522517, 53.175972385210621 ], [ 6.528984135755143, 53.175980858623895 ], [ 6.528935549506971, 53.175981797558464 ], [ 6.528855546163411, 53.175973402126466 ], [ 6.528775509750932, 53.175962050410455 ], [ 6.528687592477702, 53.175944519090812 ], [ 6.528610858678245, 53.175924544768002 ], [ 6.528506423435945, 53.175911915407305 ], [ 6.528410998936166, 53.175909741312843 ], [ 6.528310488270344, 53.17591378025886 ], [ 6.528231730254531, 53.175923677980101 ], [ 6.528178086217892, 53.175937012135272 ], [ 6.528141811368227, 53.175967515872841 ], [ 6.528120218926518, 53.175985325808 ], [ 6.528099770883276, 53.17601307286106 ], [ 6.528078880764784, 53.176058096091936 ], [ 6.528032286715542, 53.176145402538836 ], [ 6.527962961092188, 53.176309462902815 ], [ 6.527945985995566, 53.176345839829779 ], [ 6.527886444790655, 53.176470850751812 ], [ 6.52785389151174, 53.176542135480538 ], [ 6.527801134550258, 53.17664478640917 ], [ 6.527768755969856, 53.176708520823041 ], [ 6.527708758974243, 53.176816272987281 ], [ 6.527674816850402, 53.176887094583876 ], [ 6.527652697572647, 53.176921264787154 ], [ 6.527631117263502, 53.176962834699658 ], [ 6.527619268253773, 53.176981468482133 ], [ 6.527595408849339, 53.177031345575898 ], [ 6.527586690034175, 53.177038213272319 ], [ 6.527212226701837, 53.177280696968232 ], [ 6.527105969770932, 53.177497166390829 ], [ 6.527095157230679, 53.177512573111947 ], [ 6.527059218612866, 53.177525253157967 ], [ 6.527044595756515, 53.177527746615645 ], [ 6.527025126520423, 53.177525694062865 ], [ 6.526603142998838, 53.17743611074205 ], [ 6.526570949901356, 53.177431411194746 ], [ 6.526483341654885, 53.177429107355465 ], [ 6.526411577884843, 53.177432646882437 ], [ 6.52634605773537, 53.177452904758738 ], [ 6.526308330694741, 53.177472089788452 ], [ 6.526255872820478, 53.177502171526477 ], [ 6.526198022689464, 53.177545613398465 ], [ 6.52615057963148, 53.177592335295159 ], [ 6.52611736760263, 53.177633611008403 ], [ 6.526106460574368, 53.177652262643861 ], [ 6.526099134946737, 53.177672866267429 ], [ 6.52609647397776, 53.17769622935797 ], [ 6.52610711487176, 53.177725442095714 ], [ 6.526123171826146, 53.177754136093299 ], [ 6.526156146458494, 53.177805009714845 ], [ 6.526200589452519, 53.177852305619446 ], [ 6.526207500888789, 53.177870527397154 ], [ 6.526208367596343, 53.177883567492216 ], [ 6.526203497823493, 53.17789916031176 ], [ 6.526194691736945, 53.17791750443017 ], [ 6.526160496247206, 53.177941310843281 ], [ 6.526116527849148, 53.177953545658248 ], [ 6.52574397663363, 53.178019710242538 ], [ 6.525702630074048, 53.178029269006444 ], [ 6.525663067343508, 53.178050915568335 ], [ 6.525578938522399, 53.178100187209608 ], [ 6.525492715609287, 53.178157997823639 ], [ 6.525446483435934, 53.178200196730188 ], [ 6.525424893066999, 53.178233525731244 ], [ 6.525420705466055, 53.178250612776651 ], [ 6.525425206721088, 53.178277870882603 ], [ 6.525467542290978, 53.178338891389537 ], [ 6.525551282340314, 53.178467034009152 ], [ 6.525561774820889, 53.178487198841516 ], [ 6.525574488452524, 53.178504799421027 ], [ 6.525578161087016, 53.178526709462822 ], [ 6.525568982016468, 53.178556478846538 ], [ 6.525555575160369, 53.178585883975394 ], [ 6.525539965089906, 53.178610574159826 ], [ 6.525503321403569, 53.178652232729668 ], [ 6.525465661415497, 53.17870018246213 ], [ 6.525416317185026, 53.178752044359854 ], [ 6.525360074932825, 53.178796998226922 ], [ 6.525273606281955, 53.178860885830304 ], [ 6.525233497935198, 53.178872059218769 ], [ 6.52518603226245, 53.178882745257781 ], [ 6.525126231067913, 53.178900449932179 ], [ 6.525084814552229, 53.178914780941135 ], [ 6.524925872323688, 53.178984352466884 ], [ 6.524872543502622, 53.179013273592034 ], [ 6.524820818665632, 53.179057123935678 ], [ 6.524789006812918, 53.179092005584799 ], [ 6.524770886064397, 53.179125912614147 ], [ 6.524779613107607, 53.17918192321816 ], [ 6.52480425954496, 53.179242626487046 ], [ 6.524829544159149, 53.179288909436565 ], [ 6.524924676487234, 53.179426496963373 ], [ 6.524940451981837, 53.179453594185865 ], [ 6.524948407652802, 53.179476838526384 ], [ 6.524949924800124, 53.179503253267001 ], [ 6.524942044470197, 53.179517014393767 ], [ 6.524929695495945, 53.179529218331652 ], [ 6.524911212961891, 53.179543107009913 ], [ 6.524858981762801, 53.179573976749921 ], [ 6.52474358966699, 53.179642173261186 ], [ 6.524716764486532, 53.179665900329496 ], [ 6.524697847596578, 53.179687170964677 ], [ 6.524692320015293, 53.179702805894621 ], [ 6.524688652273041, 53.179733996689642 ], [ 6.524694505946815, 53.179774020702446 ], [ 6.52470764345497, 53.179837340373261 ], [ 6.524744253938758, 53.179978736251933 ], [ 6.524923142405986, 53.180453221734211 ], [ 6.524918725072007, 53.180475810629659 ], [ 6.524903013766512, 53.180500672412023 ], [ 6.52479390180728, 53.18058308880714 ], [ 6.524775384313664, 53.18059908061548 ], [ 6.524742053531603, 53.180640527752537 ], [ 6.524700222150559, 53.180703452233729 ], [ 6.524658245122509, 53.18078360508764 ], [ 6.524631108283838, 53.180844449080816 ], [ 6.524606656060777, 53.180911252571647 ], [ 6.524587514932914, 53.180958163618961 ], [ 6.524573007291201, 53.181003224439628 ], [ 6.524488426785316, 53.181151691831644 ], [ 6.524459694072614, 53.181210457070733 ], [ 6.524432888681424, 53.181275395679968 ], [ 6.524426792986053, 53.181305854614088 ], [ 6.524419715223621, 53.181494762767791 ], [ 6.524419557227298, 53.181498996878865 ], [ 6.524405379033426, 53.181576531533828 ], [ 6.524387626293955, 53.181622216199898 ], [ 6.524357335316226, 53.181670086643976 ], [ 6.524313528186341, 53.181777431684694 ], [ 6.524273809647034, 53.181889518719963 ], [ 6.524256617270402, 53.181950277288507 ], [ 6.52424208316286, 53.182010866864481 ], [ 6.524224705870244, 53.182054912406201 ], [ 6.524212208582458, 53.18207972563124 ], [ 6.524187539651697, 53.182108725116713 ], [ 6.524069670357433, 53.182269693367139 ], [ 6.524033680634809, 53.182316485449931 ], [ 6.524005159371871, 53.182365129817555 ], [ 6.523908776766269, 53.182549115141413 ], [ 6.523841803880257, 53.182651089991957 ], [ 6.523811046940637, 53.182685826522686 ], [ 6.523781490570277, 53.182709318622798 ], [ 6.523744136845724, 53.18272015083916 ], [ 6.523681077745223, 53.182730229167028 ], [ 6.523600443710723, 53.182739835975134 ], [ 6.523409481577694, 53.182753381761316 ], [ 6.523360886966224, 53.182762271456426 ], [ 6.523324641008275, 53.182770289278089 ], [ 6.523286939034371, 53.182794074100791 ], [ 6.523235357903424, 53.182835082591794 ], [ 6.52317304350594, 53.182898613885776 ], [ 6.523105901208415, 53.182971995074674 ], [ 6.52303075053282, 53.183074262578188 ], [ 6.523007910869661, 53.183102902991884 ], [ 6.522979448980101, 53.18313392413647 ], [ 6.522933258922547, 53.183173461571705 ], [ 6.522906684083053, 53.18318803762827 ], [ 6.522859178451574, 53.183222483199621 ], [ 6.522809210341014, 53.18327995733501 ], [ 6.522793440252412, 53.183320905072293 ], [ 6.522789061944316, 53.183344464023925 ], [ 6.522792882106114, 53.183423337699594 ], [ 6.522802871773641, 53.183503581792181 ], [ 6.522825701319388, 53.183602800455013 ], [ 6.522834224926377, 53.183653969349564 ], [ 6.52283250124983, 53.183727377848541 ], [ 6.522823056480854, 53.183769937158203 ], [ 6.522808389422011, 53.183809598371262 ], [ 6.522790140797453, 53.183847316483281 ], [ 6.522732658814991, 53.183951986558569 ], [ 6.522694104661962, 53.184005488380997 ], [ 6.522667115420369, 53.184030519517435 ], [ 6.52260172641371, 53.184083017291137 ], [ 6.522552470657538, 53.18412492904227 ], [ 6.522484482677601, 53.184198120139548 ], [ 6.522235707529551, 53.184539011725356 ], [ 6.522102055997317, 53.184731337056256 ], [ 6.522059831267476, 53.184792107461554 ], [ 6.522044968080716, 53.184813492026969 ], [ 6.521688327090128, 53.185343461964102 ], [ 6.521661190546674, 53.185390888415348 ], [ 6.521622728248671, 53.185441144883228 ], [ 6.521555082972524, 53.185539530086835 ], [ 6.521431552565949, 53.18570498827912 ], [ 6.521383581111364, 53.185762335021302 ], [ 6.521324656074071, 53.185827585545695 ], [ 6.521295593083739, 53.185852339405457 ], [ 6.521271950095338, 53.185865269790682 ], [ 6.521208301004822, 53.185885569914291 ], [ 6.521154837626708, 53.18589664348751 ], [ 6.521150488801077, 53.185897394535601 ], [ 6.521035024161311, 53.185917438628437 ], [ 6.521011663232136, 53.185922296488272 ], [ 6.520949644943815, 53.185935185230001 ], [ 6.520883848838784, 53.185956916345049 ], [ 6.520828771998518, 53.185977791236454 ], [ 6.520771568772931, 53.186003161439096 ], [ 6.520713293296272, 53.186033861709554 ], [ 6.520658681991108, 53.18606337705733 ], [ 6.520530732611183, 53.186132280999715 ], [ 6.520076338883978, 53.186414874739995 ], [ 6.519957568634939, 53.186468162807984 ], [ 6.519766360604843, 53.186529566643358 ], [ 6.519640982702418, 53.186564782202893 ], [ 6.519444660387662, 53.186601152721124 ], [ 6.518710124213493, 53.186737247166398 ], [ 6.518642382175329, 53.18675159058418 ], [ 6.518552754396745, 53.18678203739946 ], [ 6.518470084446106, 53.186831981938688 ], [ 6.51845379189233, 53.186854296126086 ], [ 6.518442248186266, 53.187012467065557 ], [ 6.518438800197283, 53.187059696238379 ], [ 6.518426778712565, 53.187178996445169 ], [ 6.518393648528073, 53.18734527902167 ], [ 6.518374832497574, 53.187404416357985 ], [ 6.518370449643007, 53.18741817995091 ], [ 6.518299345294468, 53.187516847431375 ], [ 6.518273439354849, 53.187546297603376 ], [ 6.51812843395355, 53.187628668631625 ], [ 6.518054183143609, 53.187662510690082 ], [ 6.517995527720001, 53.187679976193685 ], [ 6.517919260486525, 53.18769048149538 ], [ 6.517867487633747, 53.187690789889018 ], [ 6.517533028058162, 53.187678737675093 ], [ 6.516802878319474, 53.18759809856445 ], [ 6.516723628568914, 53.187591215534304 ], [ 6.516663708992514, 53.187598097312595 ], [ 6.516608533555213, 53.187621082962423 ], [ 6.51645443951416, 53.187734837198299 ], [ 6.516408426141237, 53.187797609180372 ], [ 6.516396293649986, 53.187844659432095 ], [ 6.516391904383406, 53.187942472890825 ], [ 6.516400195341819, 53.18799988987044 ], [ 6.516437226166685, 53.188256184035794 ], [ 6.516422278175161, 53.188359884149008 ], [ 6.516366394609979, 53.188532347256881 ], [ 6.516370070878096, 53.188586644461353 ], [ 6.516392415280294, 53.188626459536998 ], [ 6.516415941977279, 53.18867029837282 ], [ 6.516459798433499, 53.188724909196161 ], [ 6.516518260554355, 53.188753267971848 ], [ 6.517114294056916, 53.188850368572986 ], [ 6.517614965128903, 53.188949784967861 ], [ 6.5176310116035, 53.188954081990587 ], [ 6.517658189749486, 53.188975563933298 ], [ 6.517684994323432, 53.189006224513498 ], [ 6.517698716982654, 53.189063590196049 ], [ 6.517699952727259, 53.189088551773942 ], [ 6.517705797327589, 53.189118691009718 ], [ 6.517704528904546, 53.189217876956469 ], [ 6.517702281265929, 53.189240651726067 ], [ 6.517668767149308, 53.189318538299638 ], [ 6.517611528078946, 53.189400611488772 ], [ 6.517413301805483, 53.189684814606601 ], [ 6.517305162481586, 53.190001211517327 ], [ 6.517270336828023, 53.190130323826011 ], [ 6.517260112950583, 53.190147898716084 ], [ 6.51721801254438, 53.190198421558208 ], [ 6.51720341459797, 53.190212937346494 ], [ 6.517177018596002, 53.190234025516084 ], [ 6.517126250483032, 53.190261463040635 ], [ 6.517070905368869, 53.190285519842917 ], [ 6.516981189648618, 53.190310628297993 ], [ 6.516916756721374, 53.190323582564289 ], [ 6.516523816782014, 53.190395094641993 ], [ 6.516397643271429, 53.190408953489495 ], [ 6.516246540251323, 53.190453106405222 ], [ 6.516088937385859, 53.190517674507362 ], [ 6.515995910201623, 53.190562709277671 ], [ 6.515959324064976, 53.190621644948386 ], [ 6.515902363101883, 53.190713419949041 ], [ 6.515874801649368, 53.190851602595693 ], [ 6.515802171752247, 53.191215705048897 ], [ 6.51572091602625, 53.191367342291159 ], [ 6.515512595284839, 53.191678380443911 ], [ 6.515444478157924, 53.191791701674973 ], [ 6.515335747706363, 53.191972569205745 ], [ 6.515298619497496, 53.192034322474726 ], [ 6.5152739351492, 53.19207005989734 ], [ 6.515249106828785, 53.192110606389754 ], [ 6.515167044547982, 53.192244646427447 ], [ 6.515105404251685, 53.192339017119579 ], [ 6.515080165556406, 53.192382200444143 ], [ 6.515017645388191, 53.192477846440191 ], [ 6.515005812097086, 53.192498599459519 ], [ 6.51499415010817, 53.192519036342972 ], [ 6.514944402073063, 53.192598386686349 ], [ 6.514895714445263, 53.192684556694267 ], [ 6.51487231706483, 53.192729510947061 ], [ 6.514766930389497, 53.192972253692801 ], [ 6.514689387078807, 53.193265444784643 ], [ 6.514622135328734, 53.193363345664338 ], [ 6.514464276234236, 53.193532847971134 ], [ 6.514150224119756, 53.193834282136258 ], [ 6.512570018355391, 53.195582880318156 ], [ 6.512327268031368, 53.195869199202491 ], [ 6.512009380657136, 53.196217715978797 ], [ 6.512083223821176, 53.196267580841443 ], [ 6.512125537771348, 53.196296165070599 ], [ 6.512138515257455, 53.196304930886562 ], [ 6.5122967432073, 53.196411795562561 ], [ 6.512999652059502, 53.196750735406717 ], [ 6.512999970443692, 53.196750894173171 ], [ 6.513375350430723, 53.196931887618213 ], [ 6.513385989039731, 53.196937017803997 ], [ 6.513427558417555, 53.196957062522571 ], [ 6.513521078320773, 53.1970021586991 ], [ 6.514500236574392, 53.197474261677243 ], [ 6.514501297422806, 53.197474772916983 ], [ 6.514864171938353, 53.197649732590882 ], [ 6.514849115638158, 53.197661143057729 ], [ 6.51483486672853, 53.197671952831293 ], [ 6.514903017473407, 53.197706448862064 ], [ 6.515002241446019, 53.197756684393049 ], [ 6.51503648385263, 53.19777402065931 ], [ 6.51498096668078, 53.197832639595624 ], [ 6.515048845632188, 53.197861863095653 ], [ 6.515141614254726, 53.197917604955805 ], [ 6.515400187935528, 53.19807297395986 ], [ 6.515715198228861, 53.198308149669629 ], [ 6.515715198228875, 53.198308149669629 ], [ 6.515715198228867, 53.198308149669629 ], [ 6.515697689193964, 53.198279468125826 ], [ 6.515702475510904, 53.198267902558712 ], [ 6.515709513573404, 53.198250870061258 ], [ 6.515725707982569, 53.198234901673374 ], [ 6.515762789485025, 53.198216490169486 ], [ 6.515784654786983, 53.19820909534036 ], [ 6.515800764359068, 53.198203641802671 ], [ 6.515776971105251, 53.198168117859097 ], [ 6.515759967264785, 53.198142738557095 ], [ 6.515771311571827, 53.198135892037449 ], [ 6.51611826451182, 53.198052468621526 ], [ 6.516701824156995, 53.19791802035099 ], [ 6.516956430746321, 53.197857121213673 ], [ 6.517922065592791, 53.197631117955176 ], [ 6.51792563533222, 53.197630284515803 ], [ 6.518133524772205, 53.197581631346225 ], [ 6.518165660966703, 53.197573887617523 ], [ 6.51870013501985, 53.197449013512063 ], [ 6.519094819260935, 53.197356638984807 ], [ 6.519998498303177, 53.19715480171967 ], [ 6.52007197832094, 53.197138390545483 ], [ 6.520442199340395, 53.197062939295044 ], [ 6.520502900417947, 53.197050566653246 ], [ 6.521094981380448, 53.196939650477404 ], [ 6.521467559611684, 53.196875469642933 ], [ 6.52201552400333, 53.196774374817096 ], [ 6.522328381718555, 53.196716660352685 ], [ 6.52268590017078, 53.196650695136938 ], [ 6.523329263681597, 53.196528220106465 ], [ 6.524105355819839, 53.196386349047664 ], [ 6.524441495624021, 53.196327617541272 ], [ 6.52539637422827, 53.196160768022878 ], [ 6.526126138704881, 53.196041043522257 ], [ 6.526860875521225, 53.195920494474741 ], [ 6.526887100222885, 53.195904878550209 ], [ 6.526926345623625, 53.195855260165459 ], [ 6.526918327155711, 53.195846260093369 ], [ 6.52691856386806, 53.195826847218648 ], [ 6.526931398039014, 53.195808482872778 ], [ 6.526958809070174, 53.195803819067599 ], [ 6.526994936872055, 53.195806261543751 ], [ 6.52730661343065, 53.195962565340317 ], [ 6.527908000549823, 53.195872653853883 ], [ 6.52833080333965, 53.195811083182299 ], [ 6.528643339084694, 53.195767257155914 ], [ 6.529028338216582, 53.195719199858125 ], [ 6.529035142089836, 53.195718452120246 ], [ 6.530491977502482, 53.195559273665047 ], [ 6.53049197944455, 53.195559273303623 ], [ 6.530491888656416, 53.19555923895625 ], [ 6.529831820453714, 53.195313666143313 ], [ 6.529698775347552, 53.195261509336731 ], [ 6.529528927343863, 53.195194920261272 ], [ 6.529528927343619, 53.19519492026118 ], [ 6.529492738327179, 53.195186179662436 ], [ 6.529566181529772, 53.195007144953173 ], [ 6.52972245711926, 53.194626178414559 ], [ 6.529738076453943, 53.194588115972593 ], [ 6.529807968011406, 53.194415755855388 ], [ 6.529885079877491, 53.19422558772343 ], [ 6.529896192078821, 53.19419818114357 ], [ 6.529898678341595, 53.194192037711488 ], [ 6.529902429818106, 53.194182808873258 ], [ 6.529961313012182, 53.194066754523639 ], [ 6.529962664409603, 53.194064099643256 ], [ 6.530051814250885, 53.193888419594991 ], [ 6.530052567475189, 53.193886911687308 ], [ 6.530065041256575, 53.193862340805865 ], [ 6.530256731159898, 53.193474188268006 ], [ 6.53026313724386, 53.193461231714245 ], [ 6.530260939806116, 53.193256317518134 ], [ 6.530260065349354, 53.193174522534704 ], [ 6.53035834710391, 53.192949293934554 ], [ 6.530457036494821, 53.192723108784939 ], [ 6.530463560426114, 53.192707823611428 ], [ 6.530500704125111, 53.192620840506017 ], [ 6.530594449586729, 53.192401271407178 ], [ 6.530667086978768, 53.192231158006813 ], [ 6.530695366808176, 53.192164928087912 ], [ 6.530753374397016, 53.192035177302941 ], [ 6.530796576234072, 53.191938547809002 ], [ 6.530862932080184, 53.19179010648422 ], [ 6.530909650847718, 53.191685598259134 ], [ 6.530975991677958, 53.191537183956868 ], [ 6.530979085243779, 53.191530252884974 ], [ 6.531007961327785, 53.191465670685851 ], [ 6.531040052668613, 53.191393104832272 ], [ 6.531086446238032, 53.191288213204565 ], [ 6.531156642694835, 53.191129481536741 ], [ 6.531157010240569, 53.19112866925321 ], [ 6.531281971567664, 53.190846139403305 ], [ 6.531325695279478, 53.190747267068389 ], [ 6.531367303792947, 53.190653285532775 ], [ 6.531372146596592, 53.19064234778876 ], [ 6.531447907415945, 53.190471188514529 ], [ 6.531461419044462, 53.190440667521472 ], [ 6.531494781234653, 53.190365294609379 ], [ 6.531560885122487, 53.190215992497748 ], [ 6.531566038852812, 53.190204368808693 ], [ 6.531599047635531, 53.190129790036764 ], [ 6.531626148331856, 53.190068864089589 ], [ 6.531663572696267, 53.189984744509893 ], [ 6.531703228656812, 53.189895625140018 ], [ 6.531784275847285, 53.189713433734831 ], [ 6.531785208184662, 53.189711348972672 ], [ 6.531864023938149, 53.189534193219856 ], [ 6.531911375095368, 53.189427755364612 ], [ 6.531936794745227, 53.189370619671791 ], [ 6.531978115273981, 53.189277727970975 ], [ 6.531993682198001, 53.189244051019593 ], [ 6.532075604906938, 53.189066766581313 ], [ 6.53212456861733, 53.188960807478558 ], [ 6.532204481319054, 53.188787891548976 ], [ 6.532210141829486, 53.188775642922622 ], [ 6.532277840745692, 53.18862912884358 ], [ 6.532301285004829, 53.188577664377284 ], [ 6.532314901603736, 53.188547762322685 ], [ 6.532407333307974, 53.188344801876617 ], [ 6.532489994158522, 53.188168399688848 ], [ 6.532582283965989, 53.18797144336331 ], [ 6.532613000045361, 53.187905899522868 ], [ 6.532622048956905, 53.187886582133743 ], [ 6.532744399754103, 53.18761691688173 ], [ 6.532810600313972, 53.187471018825988 ], [ 6.532861363810667, 53.187359147050365 ], [ 6.532984094083891, 53.187088669083458 ], [ 6.533043875276097, 53.186956913938062 ], [ 6.533116234274827, 53.186769646182462 ], [ 6.533175053307022, 53.186617411071545 ], [ 6.53317572508744, 53.186615661283547 ], [ 6.533178315123034, 53.186608950625207 ], [ 6.533250462890984, 53.186422223964428 ], [ 6.533336905187758, 53.186198507249884 ], [ 6.533359444721162, 53.186139529517021 ], [ 6.533463622753265, 53.185866999581428 ], [ 6.533529856054718, 53.185693728004466 ], [ 6.533607071279658, 53.185491711611711 ], [ 6.533610330785696, 53.18548317029353 ], [ 6.533623748111363, 53.185448075790255 ], [ 6.533651049926512, 53.185378017108086 ], [ 6.533720656104546, 53.185199411143508 ], [ 6.533763394003981, 53.185089727412624 ], [ 6.533793020802238, 53.185013706420058 ], [ 6.533812548255935, 53.184969827633203 ], [ 6.533857885396145, 53.184867919237085 ], [ 6.533904408434291, 53.184763348478747 ], [ 6.533939862288598, 53.184683677142274 ], [ 6.534004483857506, 53.184542304525465 ], [ 6.534006774647543, 53.184537295142512 ], [ 6.534052193465818, 53.184437938021489 ], [ 6.534117613217268, 53.184329528958088 ], [ 6.534120899390296, 53.184324258432184 ], [ 6.534184288397753, 53.184222779324074 ], [ 6.53421218676834, 53.184178110462376 ], [ 6.534281859599885, 53.184085135273541 ], [ 6.534325316507287, 53.184037091423946 ], [ 6.53432695892844, 53.184035278423877 ], [ 6.534348890777133, 53.184011029885539 ], [ 6.534409701776846, 53.183957931367004 ], [ 6.534420360950381, 53.18394862727552 ], [ 6.534477619361605, 53.183898654043695 ], [ 6.534615869233821, 53.183789943288382 ], [ 6.534666631321166, 53.183758463320977 ], [ 6.534677566722023, 53.183751681753726 ], [ 6.534853630132626, 53.18365014850756 ], [ 6.534944319369155, 53.18360342271653 ], [ 6.535036174210635, 53.183556092592475 ], [ 6.53515361563182, 53.183490921999713 ], [ 6.535261898922077, 53.183435247776856 ], [ 6.535401080126742, 53.183362329172716 ], [ 6.535415960296221, 53.18335481780867 ], [ 6.535534159227059, 53.183295121312362 ], [ 6.535713994580774, 53.183218047703853 ], [ 6.535859805665138, 53.183158248176959 ], [ 6.535946679462051, 53.18312284513464 ], [ 6.536053355526645, 53.183082210919046 ], [ 6.53615468503269, 53.183043613838649 ], [ 6.536297604447378, 53.18299326826083 ], [ 6.536456097048723, 53.182938998952331 ], [ 6.536546901521269, 53.18291137600896 ], [ 6.536686306053591, 53.18286897172576 ], [ 6.536882276620815, 53.182808699097407 ], [ 6.537127907693581, 53.182729105351406 ], [ 6.537314519744054, 53.182670799915996 ], [ 6.53744522104884, 53.182619006486121 ], [ 6.53750068063987, 53.182595541074733 ], [ 6.537726493768578, 53.182478464965179 ], [ 6.537881155789337, 53.182397855245824 ], [ 6.538032526505432, 53.18231163341347 ], [ 6.538121232204564, 53.182253556326913 ], [ 6.538143493153187, 53.182238982314601 ], [ 6.538269982557692, 53.182160529626735 ], [ 6.538430275057177, 53.182056599192798 ], [ 6.538544330845125, 53.181982030895348 ], [ 6.538658321322541, 53.181905584942491 ], [ 6.538673962150751, 53.181895217152352 ], [ 6.538747696938873, 53.181846323714915 ], [ 6.538827801006769, 53.18179281292776 ], [ 6.538910894880185, 53.181733611900874 ], [ 6.538975525653639, 53.181687780272938 ], [ 6.539033939959111, 53.181643886490235 ], [ 6.539147993620587, 53.181569317614731 ], [ 6.539186251817044, 53.181544875361865 ], [ 6.539249750251579, 53.181504293563442 ], [ 6.53935752194036, 53.18142978483251 ], [ 6.53944997127917, 53.181368615356291 ], [ 6.539536204096192, 53.181309383714819 ], [ 6.539591527198944, 53.181267415496443 ], [ 6.539656156317307, 53.181221574514602 ], [ 6.539708353309508, 53.181179627297077 ], [ 6.539751043114326, 53.181134006106582 ], [ 6.539768166604523, 53.181115859614252 ], [ 6.539812044921986, 53.181069373262865 ], [ 6.539858531565875, 53.181021972162206 ], [ 6.539879197302129, 53.181000906948974 ], [ 6.539946213897042, 53.180926789415103 ], [ 6.539994968847399, 53.180873579169919 ], [ 6.54004035997012, 53.180819322867308 ], [ 6.540052726078367, 53.180804538072643 ], [ 6.54011952654486, 53.180722891854892 ], [ 6.540155949300787, 53.180677330762627 ], [ 6.540171120501367, 53.180658349264753 ], [ 6.540234995514789, 53.180584261760735 ], [ 6.540329528325025, 53.180483504134116 ], [ 6.540430025882011, 53.180371393076484 ], [ 6.540524658336323, 53.180274408639875 ], [ 6.540588517171692, 53.180210421872999 ], [ 6.540594898606292, 53.180204025034406 ], [ 6.540650068657402, 53.180156405281501 ], [ 6.540741875607301, 53.180070743826718 ], [ 6.540804205125094, 53.180018993242363 ], [ 6.540843557905926, 53.179986317285916 ], [ 6.5408713803249, 53.17996216358241 ], [ 6.540926718204634, 53.179914128702244 ], [ 6.541132859604526, 53.179677256862945 ], [ 6.541176927756108, 53.179616120201437 ], [ 6.541216062881712, 53.17956184273968 ], [ 6.541250468887645, 53.179507484967189 ], [ 6.541295303228154, 53.179422364984617 ], [ 6.541343200687721, 53.179337125634518 ], [ 6.541397163131525, 53.179244297222127 ], [ 6.541451024947162, 53.179147704419044 ], [ 6.541495947273389, 53.179068155110748 ], [ 6.541543693222454, 53.178977264634256 ], [ 6.541569983652654, 53.178924314878003 ], [ 6.541705923916414, 53.178689906037384 ], [ 6.54174391833292, 53.1786103064968 ], [ 6.542465288415486, 53.178679123572614 ], [ 6.542467514863647, 53.17867007071716 ], [ 6.542708866534606, 53.178672355228905 ], [ 6.543126845027521, 53.178809063795022 ], [ 6.543330730456353, 53.178925701639187 ], [ 6.543488559229505, 53.179015985609716 ], [ 6.543649125743659, 53.179106818105147 ], [ 6.544536331778771, 53.179550250996208 ], [ 6.544649009613539, 53.179606569007518 ], [ 6.544832180255373, 53.179698970051994 ], [ 6.545011393685993, 53.179784327687919 ], [ 6.545443809006103, 53.179971842158182 ], [ 6.545448846178334, 53.179951016778141 ], [ 6.546790610005599, 53.180497115465258 ], [ 6.54786506715116, 53.180938057032641 ], [ 6.547846706598484, 53.180955686477411 ], [ 6.548188303995554, 53.181097637027818 ], [ 6.548377594229467, 53.180885727398049 ], [ 6.550248477126638, 53.178810438153072 ], [ 6.550352419214327, 53.17869512186563 ], [ 6.551891818627542, 53.176987178935384 ], [ 6.552034487130363, 53.176828879935698 ], [ 6.553452285620948, 53.17525569857991 ], [ 6.55355994299589, 53.175136236295899 ], [ 6.554141227890703, 53.175287538571276 ], [ 6.554192371187611, 53.175185655130726 ], [ 6.554246280409283, 53.17508041075039 ], [ 6.554358392474072, 53.174959843958568 ], [ 6.554529819441292, 53.174776477062515 ], [ 6.554583693297579, 53.174726535779527 ], [ 6.554669646727532, 53.174679265636854 ], [ 6.554748047155281, 53.174630900733639 ], [ 6.554791299327765, 53.174565363362724 ], [ 6.554799097570428, 53.174523437284378 ], [ 6.554807777021074, 53.174477584508686 ], [ 6.55483244333217, 53.174428889083217 ], [ 6.554904644815584, 53.174347028836181 ], [ 6.554978076180122, 53.174282491527222 ], [ 6.555072159065088, 53.174212837401676 ], [ 6.555121672273293, 53.174127163062785 ], [ 6.555144286910425, 53.174068413678164 ], [ 6.555157495024865, 53.174011373488739 ], [ 6.555178225275689, 53.17395263346426 ], [ 6.55520579287613, 53.173908942128882 ], [ 6.555254605717892, 53.173837796736528 ], [ 6.555304618361961, 53.173782851287292 ], [ 6.555364857896239, 53.173718918522965 ], [ 6.555424945626174, 53.173645488468779 ], [ 6.555471098375353, 53.173585530136052 ], [ 6.555570240464213, 53.173478981617762 ], [ 6.55565800079855, 53.173369129058194 ], [ 6.55571703946374, 53.173289562295572 ], [ 6.555774800059423, 53.173246870608736 ], [ 6.55582804722053, 53.173217603793638 ], [ 6.555868970571048, 53.173183361727453 ], [ 6.555893041463278, 53.173156446161464 ], [ 6.555920820390786, 53.173125612274454 ], [ 6.555934542899246, 53.173099857978769 ], [ 6.556009298708244, 53.172986465405934 ], [ 6.556196496938353, 53.17278841097837 ], [ 6.556196700446925, 53.172788193317984 ], [ 6.556259058290864, 53.172650505103192 ], [ 6.556310679065531, 53.172578226510943 ], [ 6.556360719198753, 53.17252550896616 ], [ 6.556444918482102, 53.172486063856709 ], [ 6.556486934400383, 53.172460752486344 ], [ 6.556547064501083, 53.172391239520458 ], [ 6.556586710338409, 53.172336331689266 ], [ 6.556642250490026, 53.172273531428814 ], [ 6.556743894022431, 53.172147411793652 ], [ 6.556830311614336, 53.172071100063945 ], [ 6.556924265672558, 53.171994750687261 ], [ 6.556945631199092, 53.171962963635373 ], [ 6.557044272910673, 53.171883548956153 ], [ 6.55705204212903, 53.171875511099863 ], [ 6.557070941946459, 53.171855978725894 ], [ 6.557096795978893, 53.171829243200932 ], [ 6.557103018919033, 53.171821543943558 ], [ 6.557192926593297, 53.171710617776938 ], [ 6.557345903335091, 53.171541634216005 ], [ 6.557575269738175, 53.171301738064095 ], [ 6.557579327837693, 53.171297501747439 ], [ 6.557644153835956, 53.171236955816852 ], [ 6.557740238073039, 53.17110289153046 ], [ 6.557902226616987, 53.170948206626569 ], [ 6.557982734699008, 53.170867557302856 ], [ 6.558002887291313, 53.170847374493476 ], [ 6.558077786198719, 53.170749013531321 ], [ 6.558180758894639, 53.17059712422153 ], [ 6.558310482481911, 53.170451183195993 ], [ 6.558454496870345, 53.170314430415267 ], [ 6.558532891739643, 53.170209375974579 ], [ 6.558592581158518, 53.170095625555753 ], [ 6.558700158964267, 53.169976976823392 ], [ 6.558803619275478, 53.169865907914151 ], [ 6.558843833849973, 53.169817284263587 ], [ 6.558845346711163, 53.169815714810852 ], [ 6.558904278844646, 53.169741997580992 ], [ 6.55907796448075, 53.169604306978442 ], [ 6.5592053973542, 53.169475614451663 ], [ 6.559319433348304, 53.169340977865559 ], [ 6.559438304444359, 53.169190522535303 ], [ 6.559496800923149, 53.16910575582142 ], [ 6.559527557309914, 53.169019939312172 ], [ 6.559545369156217, 53.168970258375829 ], [ 6.559555991947031, 53.168940615793204 ], [ 6.559674737683014, 53.168560313053014 ], [ 6.559747592067068, 53.168368529013435 ], [ 6.559772886848066, 53.168312448328642 ], [ 6.559825981249196, 53.168156399198736 ], [ 6.559834420927647, 53.16808095562974 ], [ 6.559844734717602, 53.167986918573895 ], [ 6.559879775579459, 53.167900880295313 ], [ 6.559917212956819, 53.167825476583779 ], [ 6.559979280289181, 53.167680518823907 ], [ 6.560127849599315, 53.167260355988255 ], [ 6.560250244824076, 53.166935068194221 ], [ 6.560418817206023, 53.166503305223621 ], [ 6.56053664857621, 53.166237660385448 ], [ 6.560568726684998, 53.166167655852767 ], [ 6.560662771245846, 53.165962390541097 ], [ 6.560676819184295, 53.165931725774783 ], [ 6.560689697423855, 53.165889354014276 ], [ 6.560703109570374, 53.165839095833825 ], [ 6.560706967461257, 53.165825847863019 ], [ 6.560708376040729, 53.165820990332243 ], [ 6.560749500232496, 53.16567980470294 ], [ 6.560751368337478, 53.165672040021889 ], [ 6.560773559648954, 53.165579908495282 ], [ 6.560775010573052, 53.165573855339339 ], [ 6.560784459929067, 53.165534635456986 ], [ 6.560806899188298, 53.165464895941142 ], [ 6.560814324274686, 53.165439265541913 ], [ 6.560817411885365, 53.165428496403798 ], [ 6.560860774621051, 53.165277241850248 ], [ 6.560881499758493, 53.165204957931216 ], [ 6.560897593108193, 53.165148814242677 ], [ 6.560945177948637, 53.164982879234138 ], [ 6.560968239199358, 53.164908523488045 ], [ 6.561014566953328, 53.164759118002287 ], [ 6.561131490456866, 53.164399077660185 ], [ 6.561260237299686, 53.164096839614629 ], [ 6.561293090942164, 53.164019691911939 ], [ 6.56131846633041, 53.163960132210541 ], [ 6.561359291619772, 53.163864304267342 ], [ 6.561373855804846, 53.163830111609848 ], [ 6.561438143681502, 53.163679199968627 ], [ 6.561458386808734, 53.163631660574758 ], [ 6.561488039448656, 53.163543472736237 ], [ 6.561493324554309, 53.163527730460963 ], [ 6.561569759023337, 53.163300395000448 ], [ 6.561623596370737, 53.163140221621532 ], [ 6.561682642967497, 53.163027679778196 ], [ 6.561749194731743, 53.162905736330892 ], [ 6.561800609000739, 53.16279794220096 ], [ 6.561815330666596, 53.162762966100736 ], [ 6.561873526772359, 53.162624623115512 ], [ 6.561960189117426, 53.162385855056186 ], [ 6.561998053012381, 53.162292859650861 ], [ 6.562003884793287, 53.162278540848035 ], [ 6.562015281870916, 53.162250552884295 ], [ 6.562102897991962, 53.162035418944086 ], [ 6.56211119658146, 53.162015028010124 ], [ 6.562115136272279, 53.162005373790123 ], [ 6.562308195553006, 53.161531274218426 ], [ 6.562316564060219, 53.161510711835788 ], [ 6.562371976961504, 53.161374615491951 ], [ 6.562496497290005, 53.161068795558492 ], [ 6.562521041200386, 53.161006269126531 ], [ 6.562528159666237, 53.160988136362967 ], [ 6.562641687860229, 53.160698833446077 ], [ 6.56274350551924, 53.160511912207028 ], [ 6.562743733711772, 53.16051150557432 ], [ 6.562856605800178, 53.160209699541447 ], [ 6.56287195998947, 53.160107767233612 ], [ 6.562896077541521, 53.159948073257603 ], [ 6.562927334278551, 53.159839865115622 ], [ 6.562934632886416, 53.159814613199551 ], [ 6.562958781590477, 53.159730972113159 ], [ 6.562972791104154, 53.159682505000532 ], [ 6.56298120950096, 53.159653341930934 ], [ 6.563017164415255, 53.159548026273214 ], [ 6.563021001437821, 53.159514783308346 ], [ 6.563039409586465, 53.159363457836669 ], [ 6.563057189887227, 53.159253988911971 ], [ 6.563057547918547, 53.159251756733624 ], [ 6.563061902861991, 53.159224925085603 ], [ 6.563069768665732, 53.159176518218224 ], [ 6.563069934196966, 53.15917545618062 ], [ 6.563096960272569, 53.159037022733415 ], [ 6.56315814148808, 53.158723735228456 ], [ 6.563170786397378, 53.158701567146835 ], [ 6.563177408469368, 53.158689954452335 ], [ 6.563337398827207, 53.15840960369303 ], [ 6.563390914802696, 53.158302462032388 ], [ 6.563423046322792, 53.158238108508804 ], [ 6.563596106495125, 53.157800561954048 ], [ 6.563641891187609, 53.15771927847571 ], [ 6.563687461755372, 53.157638374513873 ], [ 6.563890388791688, 53.157705956600218 ], [ 6.564341733616668, 53.157856255725434 ], [ 6.565074317862404, 53.158100215743985 ], [ 6.565238246862611, 53.158154797779908 ], [ 6.565545925067995, 53.158258030724312 ], [ 6.568175651240396, 53.159140288267686 ], [ 6.568608711862471, 53.159290634778657 ], [ 6.569369380131604, 53.159544482751414 ], [ 6.569809341740001, 53.159694280617408 ], [ 6.570390736662215, 53.159883533880475 ], [ 6.570993721225712, 53.160083507793559 ], [ 6.571567639977621, 53.16028767503748 ], [ 6.572139311389876, 53.16046415618662 ], [ 6.57252593325269, 53.160595015502366 ], [ 6.572860603894835, 53.160709124244441 ], [ 6.573450817225019, 53.160903263117604 ], [ 6.574039238152134, 53.1610901826689 ], [ 6.574310517167123, 53.161188945873725 ], [ 6.574462875479907, 53.161229664861594 ], [ 6.574633954894357, 53.161270404904997 ], [ 6.574789767739947, 53.161325297026259 ], [ 6.574943845018438, 53.161381769806184 ], [ 6.57530341163254, 53.161517228822333 ], [ 6.575507147266312, 53.161586239225393 ], [ 6.575693573172463, 53.161645607569298 ], [ 6.575855505854691, 53.161686939816001 ], [ 6.576018386483965, 53.161713227914156 ], [ 6.576120050868636, 53.161736204805194 ], [ 6.576216625557915, 53.161772577150089 ], [ 6.57641369033861, 53.161847403596646 ], [ 6.576768349665029, 53.162000951972587 ], [ 6.577099793260048, 53.162149715247274 ], [ 6.577213270719937, 53.162194959506472 ], [ 6.577284741673324, 53.162220985036207 ], [ 6.577377757887497, 53.162245322818457 ], [ 6.577524805997156, 53.1622791979703 ], [ 6.577719301880414, 53.162331123058706 ], [ 6.577925957445476, 53.162392389911652 ], [ 6.578155114095495, 53.162462778901855 ], [ 6.578321410935511, 53.162516340143149 ], [ 6.578502352548241, 53.162582606416862 ], [ 6.578663837521509, 53.162651456229966 ], [ 6.578821647718675, 53.162712811610085 ], [ 6.578910930084406, 53.162745929261483 ], [ 6.579025531709664, 53.162777563964141 ], [ 6.579124422405172, 53.162799577381897 ], [ 6.579242046326781, 53.162818232180157 ], [ 6.579349128629848, 53.162840145984177 ], [ 6.579396576249171, 53.162855436566232 ], [ 6.57948571816074, 53.162885598608206 ], [ 6.579573610643012, 53.162925226884887 ], [ 6.579605194586551, 53.162940558348247 ], [ 6.57972554440988, 53.162998987085047 ], [ 6.579759644106082, 53.163015533628545 ], [ 6.579872410781915, 53.163063559315354 ], [ 6.579995960059334, 53.163112717756562 ], [ 6.580133228599213, 53.163149652610613 ], [ 6.580326525680851, 53.16319417151265 ], [ 6.580499715398486, 53.16325077050864 ], [ 6.580702103576838, 53.163327253415098 ], [ 6.58091542291947, 53.16340481336168 ], [ 6.581123696654252, 53.163479942889829 ], [ 6.581217900453115, 53.16352168186576 ], [ 6.581271564926873, 53.163545465007374 ], [ 6.581302239605429, 53.163558693240567 ], [ 6.581383829505818, 53.163579511181396 ], [ 6.581450355408776, 53.163583836006602 ], [ 6.581514700327345, 53.163584444109411 ], [ 6.581485966753025, 53.163497389874841 ], [ 6.581455052611624, 53.163477648809 ], [ 6.581432400043514, 53.163454383576394 ], [ 6.581416507718035, 53.1633943049004 ], [ 6.581401412567411, 53.163315418370232 ], [ 6.581376095311006, 53.163134267612435 ], [ 6.581344431482379, 53.162924135454979 ], [ 6.581341546291318, 53.162921450250145 ], [ 6.581285362110761, 53.162869168853831 ], [ 6.581238892312038, 53.162825921030475 ], [ 6.581096255088658, 53.162721174302234 ], [ 6.580938777750088, 53.162583064250462 ], [ 6.580854354095906, 53.162523380339039 ], [ 6.580788697501488, 53.16246428235543 ], [ 6.580735192689645, 53.162310075257217 ], [ 6.580731218432653, 53.162203866553646 ], [ 6.580842958155661, 53.162192437390829 ], [ 6.580853280807167, 53.162191004591449 ], [ 6.580972162909807, 53.162174516638672 ], [ 6.581093064483651, 53.162167282600535 ], [ 6.581372513752762, 53.162188439365842 ], [ 6.581424507912605, 53.162192378744599 ], [ 6.58164556246172, 53.162212265364104 ], [ 6.581766271569811, 53.162211062557596 ], [ 6.581865398653506, 53.16218798570921 ], [ 6.581932840218592, 53.162158915995995 ], [ 6.581984453944573, 53.162126849710106 ], [ 6.582020065577626, 53.16208547104511 ], [ 6.582023571677965, 53.162022332354262 ], [ 6.582016322942496, 53.161949837991337 ], [ 6.581955545854528, 53.161840007698189 ], [ 6.58186318594369, 53.161727337839068 ], [ 6.581781320214759, 53.161614563331653 ], [ 6.581704194506171, 53.161482806814391 ], [ 6.581680233606767, 53.161375763799327 ], [ 6.581697842239878, 53.161252535114158 ], [ 6.581797151725691, 53.161046453777963 ], [ 6.581903297296669, 53.160871945958164 ], [ 6.581911650177527, 53.160858203107701 ], [ 6.582041316926579, 53.160705459873704 ], [ 6.582194715944611, 53.160557206846278 ], [ 6.582465915893942, 53.160303696455053 ], [ 6.582486423989429, 53.160284521287252 ], [ 6.582792838237289, 53.159973827811655 ], [ 6.582984805346999, 53.159796791410386 ], [ 6.583054800490987, 53.159726078662338 ], [ 6.583145683535643, 53.159634272649384 ], [ 6.583251855691084, 53.159486489336913 ], [ 6.583262137819212, 53.159457090471285 ], [ 6.583295062715403, 53.15936295096617 ], [ 6.583333586016396, 53.159252813378743 ], [ 6.583335322355202, 53.159246388615898 ], [ 6.583447915307973, 53.158830444146126 ], [ 6.583452664837642, 53.158635414730774 ], [ 6.583455289430044, 53.158527459601615 ], [ 6.58344823129138, 53.158271951427594 ], [ 6.583464994306639, 53.158154598999261 ], [ 6.583474627272601, 53.158087103433985 ], [ 6.583527097494507, 53.157934176176347 ], [ 6.583529626162891, 53.157930457450192 ], [ 6.583572500088342, 53.157867464893272 ], [ 6.583720113598256, 53.157794997426521 ], [ 6.583923736393996, 53.157755104168814 ], [ 6.584214222836164, 53.157723806039805 ], [ 6.584552056844664, 53.157696761206189 ], [ 6.584724592734175, 53.157671375919669 ], [ 6.584818141190159, 53.157637307720826 ], [ 6.584925858454163, 53.157546311582628 ], [ 6.585246337841588, 53.157253021583337 ], [ 6.585417366282073, 53.157096499963139 ], [ 6.585504542089962, 53.157016438604941 ], [ 6.585563271877526, 53.156962516012825 ], [ 6.585749448014135, 53.156861271780734 ], [ 6.58593614675054, 53.1567789388126 ], [ 6.586257054711202, 53.156709470886582 ], [ 6.586476161492079, 53.156659946458049 ], [ 6.586705313648507, 53.156575300320597 ], [ 6.586757821195764, 53.156552658835835 ], [ 6.586907617081703, 53.156488082698857 ], [ 6.587014948786153, 53.156382889628802 ], [ 6.587089330693178, 53.156225957933366 ], [ 6.587124373265622, 53.156069420002225 ], [ 6.58711939122991, 53.156065515771203 ], [ 6.586868302529015, 53.155868697267685 ], [ 6.586641453781801, 53.155690884982818 ], [ 6.586474613494049, 53.155582576362569 ], [ 6.586160376527757, 53.155378587824565 ], [ 6.586120734551861, 53.155348025503969 ], [ 6.585743565791752, 53.155057243672232 ], [ 6.585693735149023, 53.155018820961509 ], [ 6.585411666752607, 53.154795493169573 ], [ 6.585339537588164, 53.154738385408741 ], [ 6.585124934003812, 53.154578546890903 ], [ 6.585026005389981, 53.154504865887418 ], [ 6.584661889332247, 53.154315256214495 ], [ 6.58464254982511, 53.15430518672305 ], [ 6.584514378069546, 53.154226001087288 ], [ 6.584488801770053, 53.154155262407009 ], [ 6.584539341313108, 53.153705130790492 ], [ 6.584528247543128, 53.153584497588398 ], [ 6.584521341846357, 53.153509366660529 ], [ 6.584532937453376, 53.15344266008033 ], [ 6.584583096176861, 53.153460608507942 ], [ 6.584656175403076, 53.153486766350582 ], [ 6.584755874368498, 53.153522453583705 ], [ 6.585925375173462, 53.152285780272159 ], [ 6.585980566523073, 53.152227408415726 ], [ 6.586015482573221, 53.152190492665198 ], [ 6.58581870891437, 53.152106297032319 ], [ 6.585752719149651, 53.152076968623525 ], [ 6.585789679568087, 53.152029113761202 ], [ 6.585679607514007, 53.151969078544511 ], [ 6.585711515806667, 53.151925569822879 ], [ 6.585712999448567, 53.151923541985987 ], [ 6.585732403605417, 53.151897080083877 ], [ 6.585739515915857, 53.151887231528384 ], [ 6.585748312140707, 53.151875029614246 ], [ 6.585811299208536, 53.151787759804158 ], [ 6.585819620609972, 53.151776227641896 ], [ 6.585921722944903, 53.15163472779119 ], [ 6.585922609742047, 53.151633281063887 ], [ 6.585974016969763, 53.151549478977984 ], [ 6.585989779965862, 53.151523799336104 ], [ 6.585995540299483, 53.151505615722272 ], [ 6.586031848998522, 53.151391032698356 ], [ 6.586072325009234, 53.151256349851046 ], [ 6.586101058876515, 53.151196481178111 ], [ 6.586102252261176, 53.151195309967441 ], [ 6.586161114128466, 53.151137287704181 ], [ 6.586175960866429, 53.150937025246122 ], [ 6.586186233512461, 53.150781597822942 ], [ 6.586209191607203, 53.150675101422294 ], [ 6.586260373154236, 53.15060534751489 ], [ 6.58630620610901, 53.150543267745419 ], [ 6.586481048705055, 53.150309088486658 ], [ 6.586543826899432, 53.150226286660669 ], [ 6.586736919237199, 53.149971605617559 ], [ 6.586756864373786, 53.149945299867298 ], [ 6.586901239181008, 53.149712799809656 ], [ 6.587144805895449, 53.14939169591554 ], [ 6.58714524351527, 53.149391305109383 ], [ 6.587185453190735, 53.149355656994906 ], [ 6.587236548490534, 53.149282901951324 ], [ 6.587274112968474, 53.149176061314527 ], [ 6.587311763061514, 53.148977358551932 ], [ 6.587361278276281, 53.148790408275516 ], [ 6.587373392800865, 53.148710261082847 ], [ 6.587374554059901, 53.148702538931282 ], [ 6.587444630222812, 53.148588713548641 ], [ 6.58751034085389, 53.148444664890334 ], [ 6.587577693401158, 53.148232579978789 ], [ 6.587595634512613, 53.148030434869341 ], [ 6.5875995913901, 53.148024347238291 ], [ 6.587743301983671, 53.147802789324366 ], [ 6.587783140568924, 53.14748469501334 ], [ 6.587776467981387, 53.14729193579052 ], [ 6.587792624759386, 53.147246580185076 ], [ 6.587906065713665, 53.146928035984047 ], [ 6.587897918520852, 53.14685250411145 ], [ 6.587873505356757, 53.146804894897109 ], [ 6.58782085835163, 53.146691004565838 ], [ 6.587824578647494, 53.146617061253053 ], [ 6.58783704025657, 53.146520905282728 ], [ 6.587840712219664, 53.146400456637352 ], [ 6.587852343154432, 53.14625977123805 ], [ 6.587858140164458, 53.146189572506422 ], [ 6.587862897423937, 53.146110981689432 ], [ 6.587843305391964, 53.146005405320338 ], [ 6.587794254699312, 53.145891802445277 ], [ 6.587749343255538, 53.145767904335138 ], [ 6.58778416171358, 53.145665143868939 ], [ 6.587819232723336, 53.145610872727993 ], [ 6.587894884049009, 53.145513984796288 ], [ 6.587964215720356, 53.145436085981352 ], [ 6.58805216690389, 53.145385005385755 ], [ 6.588185443385029, 53.145322848308503 ], [ 6.58829879481525, 53.145276302854178 ], [ 6.588503969641497, 53.145209479671436 ], [ 6.588911714842127, 53.145139888129656 ], [ 6.589269761856141, 53.145073022382313 ], [ 6.589458854014669, 53.145020827344148 ], [ 6.589504412423762, 53.145016550970197 ], [ 6.589803002512754, 53.144988554186071 ], [ 6.590359446780513, 53.144947444830279 ], [ 6.590542811764863, 53.14494687988396 ], [ 6.590655301282283, 53.144947987983798 ], [ 6.590735033871808, 53.144957926311506 ], [ 6.590750481774093, 53.144959289913537 ], [ 6.591049775886573, 53.144985715017789 ], [ 6.59171080591135, 53.145027573818673 ], [ 6.59213452647213, 53.145068292453551 ], [ 6.592427129682032, 53.145100218319214 ], [ 6.592977659739175, 53.145167247605734 ], [ 6.593395887323894, 53.145237663996483 ], [ 6.593527147905048, 53.145237591946199 ], [ 6.593556037337818, 53.145240716066468 ], [ 6.59426953666618, 53.145317961217401 ], [ 6.595588199309343, 53.14548766723285 ], [ 6.595681487738232, 53.145480346039513 ], [ 6.595788134987318, 53.145459499952246 ], [ 6.595823589920204, 53.14544935593473 ], [ 6.595856602919856, 53.145445976518133 ], [ 6.595884727509307, 53.145443104713934 ], [ 6.595961232327569, 53.145406386510878 ], [ 6.596045782037363, 53.145341944187813 ], [ 6.596118750918745, 53.145247621201328 ], [ 6.59611910307921, 53.145191145565462 ], [ 6.595994363145873, 53.144958867853184 ], [ 6.595993068926255, 53.144956409579642 ], [ 6.59593193470877, 53.144839543768967 ], [ 6.59589748944944, 53.144698890692069 ], [ 6.595874127453364, 53.14456119026579 ], [ 6.595867185161786, 53.144391107095146 ], [ 6.595874132778822, 53.144375481136045 ], [ 6.595892007011247, 53.144335238383277 ], [ 6.595945973196938, 53.144288970009136 ], [ 6.595978224812225, 53.144272262044666 ], [ 6.596082055239711, 53.144229318948582 ], [ 6.596243212548683, 53.144175399860934 ], [ 6.59632630378312, 53.144136988359065 ], [ 6.596346842842126, 53.144126374588133 ], [ 6.596379714230752, 53.144109390659956 ], [ 6.59649025613172, 53.14408952010681 ], [ 6.596664225151733, 53.144069997870673 ], [ 6.596862359765553, 53.144054131661846 ], [ 6.59729951985562, 53.144014301776487 ], [ 6.597669353680882, 53.144104207659431 ], [ 6.598147320083714, 53.1442350593681 ], [ 6.598547922396512, 53.144343316926495 ], [ 6.599202570087383, 53.144517194866765 ], [ 6.599782871937654, 53.144672140763653 ], [ 6.599984475258637, 53.14472352637015 ], [ 6.600008315114967, 53.144710712781887 ], [ 6.600020038736636, 53.14470183214965 ], [ 6.600068294644714, 53.144665289324934 ], [ 6.600139943781535, 53.144591978965884 ], [ 6.600182069955903, 53.144546843985239 ], [ 6.600210332390612, 53.144519031798914 ], [ 6.600313385814182, 53.144421777540309 ], [ 6.600351683142438, 53.144391509233742 ], [ 6.600456339416406, 53.144308814972511 ], [ 6.600891677336522, 53.143951069493113 ], [ 6.601312661343094, 53.143605114473104 ], [ 6.601322009707162, 53.14359736312953 ], [ 6.601602535045193, 53.143364866642678 ], [ 6.601634348950875, 53.143338509894043 ], [ 6.601685207799949, 53.143283490391362 ], [ 6.602129148734067, 53.142920395770503 ], [ 6.602288709385421, 53.142798257892537 ], [ 6.602343990000849, 53.142752269784651 ], [ 6.602481614313968, 53.142637786036985 ], [ 6.60251527912731, 53.142609783684463 ], [ 6.603457903626336, 53.141825623781976 ], [ 6.603626724363458, 53.141695023452421 ], [ 6.603673431345642, 53.141658899218548 ], [ 6.603868332751847, 53.141508146281261 ], [ 6.604648098501244, 53.14086291018647 ], [ 6.605261915821321, 53.140362090995424 ], [ 6.605280848578999, 53.140346046055697 ], [ 6.605760927911128, 53.139939424834132 ], [ 6.60576670824401, 53.139934522236004 ], [ 6.605906233664836, 53.139822908701717 ], [ 6.605940610447766, 53.139795401343498 ], [ 6.606021554219258, 53.139730655850826 ], [ 6.606084869617006, 53.139679434827151 ], [ 6.606328417815007, 53.139470380529325 ], [ 6.606521015806599, 53.139313859050446 ], [ 6.606554069091952, 53.13929404858321 ], [ 6.606589422617403, 53.139286939835991 ], [ 6.606674257229178, 53.139272893072672 ], [ 6.606811200966451, 53.139248646235302 ], [ 6.606927057386413, 53.139241383029024 ], [ 6.607073918886369, 53.139237650380288 ], [ 6.607203936123502, 53.139242887005246 ], [ 6.607367571943133, 53.139248401254285 ], [ 6.607447846822151, 53.139245984200471 ], [ 6.607651454818583, 53.139157404871121 ], [ 6.607745993592417, 53.139110133603538 ], [ 6.60804688058233, 53.138959686917026 ], [ 6.608746589270787, 53.138618305408023 ], [ 6.609181547931561, 53.138403618134589 ], [ 6.609759921952601, 53.138123193327424 ], [ 6.610016771255752, 53.137997176310506 ], [ 6.610051607121782, 53.137983960862556 ], [ 6.610115554935992, 53.13796281860423 ], [ 6.610150721171864, 53.137962369838213 ], [ 6.610168107394231, 53.137945108701309 ], [ 6.610216253862108, 53.13789731138079 ], [ 6.610221842874217, 53.137895717612814 ], [ 6.6102293294961, 53.137893583248633 ], [ 6.610268941527333, 53.137882278085421 ], [ 6.610313115255567, 53.13788222261325 ], [ 6.610355865577094, 53.137886800812055 ], [ 6.610465564024937, 53.137919884332547 ], [ 6.610516899958787, 53.137932669540284 ], [ 6.610568495992799, 53.137940374591885 ], [ 6.610623675155244, 53.1379437204411 ], [ 6.610684820366986, 53.13794030127989 ], [ 6.610728519509143, 53.137928199351499 ], [ 6.610780652089239, 53.137905685586581 ], [ 6.610822838651131, 53.137878654205174 ], [ 6.611216998130739, 53.137614275187119 ], [ 6.61160855400945, 53.137363698017907 ], [ 6.611841871059821, 53.137213338840368 ], [ 6.612569917504431, 53.136744132572126 ], [ 6.612768371843618, 53.136616244283616 ], [ 6.613225008375032, 53.136321949680763 ], [ 6.613955930973291, 53.135850871928191 ], [ 6.614040871190845, 53.135793368096159 ], [ 6.614232454361859, 53.135666940572648 ], [ 6.614277451932167, 53.135637479689812 ], [ 6.614278009445292, 53.135637114512448 ], [ 6.614400443105876, 53.135556957403139 ], [ 6.614377347217649, 53.135474875765745 ], [ 6.614364866588592, 53.135428865864618 ], [ 6.614346395364801, 53.13536180755294 ], [ 6.61433176105685, 53.135308342768433 ], [ 6.614259299232495, 53.135044426488193 ], [ 6.614206893006849, 53.134889789769986 ], [ 6.614146516959051, 53.134712264621989 ], [ 6.614138996861171, 53.134670966846983 ], [ 6.614140464665747, 53.134627806656617 ], [ 6.614151107917027, 53.134580436600309 ], [ 6.614166136609251, 53.134533318196432 ], [ 6.614183683461679, 53.13450072347608 ], [ 6.614199740734032, 53.134468296780341 ], [ 6.61420774175153, 53.134444247308835 ], [ 6.61420694840615, 53.134420449655259 ], [ 6.614197211440885, 53.134395853903676 ], [ 6.614170349689366, 53.134368090458011 ], [ 6.614107364810526, 53.134330622802466 ], [ 6.614040334511724, 53.134293825604551 ], [ 6.613993706142292, 53.134265635439661 ], [ 6.613944599627488, 53.134230137478433 ], [ 6.61390401361766, 53.134203188487838 ], [ 6.613880680905004, 53.134182892745429 ], [ 6.613845883501712, 53.134159308407241 ], [ 6.61381658400013, 53.134128819907858 ], [ 6.613801402140203, 53.134096623192484 ], [ 6.613786739911935, 53.134062722668553 ], [ 6.613773324289879, 53.134031685126608 ], [ 6.61374714983079, 53.133971167000965 ], [ 6.61372022815799, 53.133871573340542 ], [ 6.613689683300658, 53.133758527715763 ], [ 6.613678242026677, 53.133682671228009 ], [ 6.613661668824416, 53.133572789682276 ], [ 6.613651570883645, 53.133505852223017 ], [ 6.613641583453875, 53.13343965054041 ], [ 6.613619279836377, 53.133324750148553 ], [ 6.613597324174511, 53.133211580621975 ], [ 6.613573095639149, 53.133086733660093 ], [ 6.613551233053305, 53.133023313573609 ], [ 6.613527448674299, 53.132954287473467 ], [ 6.613523907844267, 53.132921567167571 ], [ 6.61353030138523, 53.132866053748302 ], [ 6.613565624946911, 53.132797384245308 ], [ 6.613608701726476, 53.132738682509313 ], [ 6.613641275230735, 53.132694287265565 ], [ 6.613712730213336, 53.132649934353971 ], [ 6.613758648518892, 53.132621425770488 ], [ 6.613814376345021, 53.132586840583883 ], [ 6.613896545975765, 53.132557313777006 ], [ 6.613945847751193, 53.132539599462689 ], [ 6.614040639211414, 53.13253050491506 ], [ 6.614119375452727, 53.132527496939552 ], [ 6.614251834482934, 53.132541543707276 ], [ 6.614376313708513, 53.132564011725648 ], [ 6.614513941818986, 53.132594900275841 ], [ 6.614683984449352, 53.132643870364589 ], [ 6.614869212685982, 53.132711430896002 ], [ 6.615165042362591, 53.132801007441444 ], [ 6.615340308013914, 53.132831751950668 ], [ 6.615444109131925, 53.132848454657086 ], [ 6.61571507624421, 53.13287792997378 ], [ 6.615837499400897, 53.132895277167428 ], [ 6.615946225202499, 53.132910688775901 ], [ 6.616008892237969, 53.132919572011829 ], [ 6.616115871681973, 53.132936627971887 ], [ 6.616202827277458, 53.132950492252618 ], [ 6.616309506578859, 53.132967497199111 ], [ 6.616377836867628, 53.132983223942261 ], [ 6.616428454329851, 53.132991367848717 ], [ 6.616485934398781, 53.132987533933992 ], [ 6.616530759832093, 53.132981655045199 ], [ 6.616568293266696, 53.132972615742091 ], [ 6.616630567939337, 53.132948170967715 ], [ 6.616651701992584, 53.132938347317491 ], [ 6.616698262043467, 53.132916714834408 ], [ 6.61672329691493, 53.132898493501287 ], [ 6.616810665668739, 53.132846336716838 ], [ 6.61686424105143, 53.13281074770282 ], [ 6.616900915138797, 53.132769850231121 ], [ 6.616942054480948, 53.132713593559949 ], [ 6.61696470634191, 53.132678276944105 ], [ 6.616993754064053, 53.132632973345672 ], [ 6.61702765255206, 53.132559042202224 ], [ 6.61699535834969, 53.132472031808362 ], [ 6.616957275522759, 53.13236216469771 ], [ 6.61696980966295, 53.132299937859045 ], [ 6.616985830405761, 53.132271591089527 ], [ 6.617027717352071, 53.132218004743308 ], [ 6.617081084915832, 53.132163015435374 ], [ 6.617151192888671, 53.132115052614893 ], [ 6.617323533521211, 53.132050160666886 ], [ 6.617550440220816, 53.13198307257278 ], [ 6.61779805642414, 53.131941778897463 ], [ 6.617918188818172, 53.13192798155351 ], [ 6.618070345994334, 53.131927991205139 ], [ 6.618175637143808, 53.13192827547703 ], [ 6.618310671123653, 53.131914630187815 ], [ 6.618391778614055, 53.131885210028187 ], [ 6.618441106700243, 53.131852207165423 ], [ 6.618446880533036, 53.131849793312448 ], [ 6.61851676300153, 53.131806585964533 ], [ 6.61859050001638, 53.131767571703477 ], [ 6.618661107606663, 53.131729910607525 ], [ 6.61876372578581, 53.131688730154544 ], [ 6.618847200143273, 53.131653237288994 ], [ 6.618900717585865, 53.131626760456456 ], [ 6.618976872977997, 53.131580855236443 ], [ 6.619019533566965, 53.131552494912945 ], [ 6.619053109893682, 53.131510487278717 ], [ 6.61904835939811, 53.131469520733809 ], [ 6.61902258963293, 53.131421868490818 ], [ 6.618981590630365, 53.131368315762273 ], [ 6.61894423830609, 53.131316891329483 ], [ 6.61886988689631, 53.13122698866016 ], [ 6.618817873148254, 53.131164921853696 ], [ 6.61878058246607, 53.131115653548356 ], [ 6.618743230599924, 53.131064229047432 ], [ 6.618728017055094, 53.131034163084792 ], [ 6.618694081219478, 53.130976224030505 ], [ 6.618674961208373, 53.130935405162177 ], [ 6.618655856171098, 53.13089458613657 ], [ 6.618629090802812, 53.130836582350355 ], [ 6.618602310314005, 53.130778569726267 ], [ 6.618579068567581, 53.130718363913289 ], [ 6.618573889282634, 53.130662286085865 ], [ 6.618579372815025, 53.130577610764682 ], [ 6.618594676146496, 53.130484629639867 ], [ 6.618639791926467, 53.130379686320929 ], [ 6.618691050708449, 53.130288492430829 ], [ 6.618754734009072, 53.130180761047633 ], [ 6.61902231804537, 53.129820958727485 ], [ 6.619059588126943, 53.129770699216181 ], [ 6.61907071142886, 53.129755693847507 ], [ 6.619116072092353, 53.129709898413303 ], [ 6.619153984550022, 53.129669104271976 ], [ 6.619197430965986, 53.129635343738478 ], [ 6.619211216325646, 53.129624633596507 ], [ 6.619350720146344, 53.129516203051807 ], [ 6.61952520205932, 53.129396772285638 ], [ 6.619948361045018, 53.129142659965609 ], [ 6.620431222005534, 53.128886511676811 ], [ 6.620997877079995, 53.128595546625235 ], [ 6.621175340608105, 53.128493489954323 ], [ 6.621275125886856, 53.128408786713983 ], [ 6.621320248265166, 53.128309099424428 ], [ 6.621336814061698, 53.128252294399147 ], [ 6.621346760643192, 53.128181834815578 ], [ 6.621274863879552, 53.127847001834482 ], [ 6.621270953128607, 53.127773665442994 ], [ 6.621278921392734, 53.127681999568203 ], [ 6.621288197737338, 53.127638902497097 ], [ 6.621312127307141, 53.127578885239657 ], [ 6.621340295970541, 53.127541291143011 ], [ 6.621530140354799, 53.127335354488473 ], [ 6.621649672260498, 53.12710213035615 ], [ 6.621684711954498, 53.126608622160212 ], [ 6.62176333346752, 53.12635071043676 ], [ 6.621903679233567, 53.126194800057007 ], [ 6.622145192800229, 53.125995662939985 ], [ 6.622378046412198, 53.12582352987954 ], [ 6.622446934696256, 53.125761637888445 ], [ 6.622834219460974, 53.125372975616372 ], [ 6.623093499932533, 53.125164307010174 ], [ 6.623321148302622, 53.125067687398008 ], [ 6.623542950161767, 53.124986117568291 ], [ 6.623739054474544, 53.124908730782735 ], [ 6.624000666528049, 53.124786218956238 ], [ 6.624051010417378, 53.124759925219287 ], [ 6.624250465206703, 53.12464190985304 ], [ 6.624515529748565, 53.124462502070323 ], [ 6.6245931369609, 53.124403726998928 ], [ 6.624886222522766, 53.124093406542308 ], [ 6.625000336411519, 53.123992097183695 ], [ 6.625175482786378, 53.123919741410553 ], [ 6.6252954685027, 53.123893293614643 ], [ 6.625418355069478, 53.123869556673561 ], [ 6.625764397330218, 53.123807817303884 ], [ 6.625886278427825, 53.123783416267457 ], [ 6.625979341762241, 53.123764786030662 ], [ 6.626045830493944, 53.123748865942595 ], [ 6.626191371979489, 53.123660054508591 ], [ 6.626223491857496, 53.123636015259656 ], [ 6.626354864840271, 53.123472283810884 ], [ 6.626400072913689, 53.123356318434816 ], [ 6.626453130113751, 53.123270359491393 ], [ 6.627005658154799, 53.12296472760837 ], [ 6.627036998761302, 53.122951606114817 ], [ 6.627292002855167, 53.122844801202966 ], [ 6.627307075156987, 53.122838489251663 ], [ 6.627442277008553, 53.122813517340738 ], [ 6.627503517567698, 53.122802207043392 ], [ 6.627572738562606, 53.12276593874337 ], [ 6.627611497980747, 53.122738002001029 ], [ 6.627642158106151, 53.122710508580575 ], [ 6.627669635896183, 53.122670475631118 ], [ 6.627689383410716, 53.122641693260547 ], [ 6.627717357661456, 53.122588210968765 ], [ 6.627720162010197, 53.122582843795257 ], [ 6.62781888266614, 53.122339700249562 ], [ 6.627928529219623, 53.121999179741522 ], [ 6.627943643836057, 53.121943206434658 ], [ 6.627962907519986, 53.121844296346893 ], [ 6.627965187360206, 53.121779370353529 ], [ 6.627871422359792, 53.121681954430358 ], [ 6.627483539855918, 53.12129874944268 ], [ 6.62745408134842, 53.121230880870165 ], [ 6.627445993305264, 53.121204552517305 ], [ 6.627447292746032, 53.121181568903182 ], [ 6.627470433586395, 53.121144007301119 ], [ 6.627512885784646, 53.121095335822403 ], [ 6.627694795568507, 53.120934647169378 ], [ 6.62784250090612, 53.120812793784744 ], [ 6.628003070631713, 53.120674873428747 ], [ 6.628059882047726, 53.120612788545998 ], [ 6.628084206189504, 53.120575888562783 ], [ 6.628117639803381, 53.120501832796343 ], [ 6.628268249476208, 53.120086494946662 ], [ 6.628311245646376, 53.119989055329519 ], [ 6.628325259283651, 53.119944758159313 ], [ 6.628373423675381, 53.119834270103112 ], [ 6.628476877538978, 53.119679048152243 ], [ 6.628545248541742, 53.119593468642975 ], [ 6.628586491858224, 53.11955066863969 ], [ 6.628648448049568, 53.119493050467845 ], [ 6.628722486477538, 53.119451519169402 ], [ 6.628787197614187, 53.119428040060598 ], [ 6.62881319652485, 53.119420976591009 ], [ 6.628875577960557, 53.119422558716408 ], [ 6.628918337059788, 53.119434786836059 ], [ 6.628924040554405, 53.119439382860705 ], [ 6.628982982006494, 53.119464806537231 ], [ 6.629031474728559, 53.119503018834124 ], [ 6.62910305573559, 53.119568140776956 ], [ 6.62913805960754, 53.119619388884928 ], [ 6.629212338374078, 53.119742690087918 ], [ 6.629252510734177, 53.119780889707911 ], [ 6.629315189472503, 53.119820464579107 ], [ 6.629349016711354, 53.119830628337304 ], [ 6.629388341894583, 53.119838209792896 ], [ 6.62947181071239, 53.119811956604721 ], [ 6.629572066191744, 53.11977150091645 ], [ 6.629674396504273, 53.119715359684896 ], [ 6.629827311797762, 53.11964323639728 ], [ 6.629879344007301, 53.11962353684784 ], [ 6.630089100990597, 53.11955517313941 ], [ 6.630194537108902, 53.119526121297866 ], [ 6.630443675423344, 53.11944128895724 ], [ 6.630575689852089, 53.119385297180756 ], [ 6.630685253983163, 53.119328325089512 ], [ 6.63079044978176, 53.119260721960096 ], [ 6.630830599474678, 53.119211129528502 ], [ 6.63085643332602, 53.119161874432116 ], [ 6.630852853265268, 53.119136011723924 ], [ 6.630842043742655, 53.119104436590021 ], [ 6.630825671271999, 53.119082544040964 ], [ 6.630792237495701, 53.119053800956735 ], [ 6.630677655398368, 53.118974846401542 ], [ 6.630567591391636, 53.118913306139973 ], [ 6.630486699602358, 53.118875673368478 ], [ 6.630344703854271, 53.11881846343185 ], [ 6.629806253086937, 53.118626511923956 ], [ 6.629716227724479, 53.118589647390692 ], [ 6.629670431373409, 53.118564195571935 ], [ 6.629627292681441, 53.118536092033736 ], [ 6.629585489301374, 53.118501935520456 ], [ 6.629562254863924, 53.118478253707941 ], [ 6.629497983880192, 53.118388261711551 ], [ 6.629399911563789, 53.118221702421991 ], [ 6.629233768277415, 53.117958099746822 ], [ 6.629179739491706, 53.117884051753578 ], [ 6.629168171518666, 53.117868184223461 ], [ 6.629091159136549, 53.117789090262271 ], [ 6.629048577118106, 53.117750133711027 ], [ 6.628981325724626, 53.117695256693182 ], [ 6.628880454638733, 53.117624875468678 ], [ 6.628800943497858, 53.117581592553996 ], [ 6.62815689153665, 53.117252304984575 ], [ 6.627937744421941, 53.117179113170259 ], [ 6.627817137450698, 53.117143992883484 ], [ 6.627717053143121, 53.117108830691258 ], [ 6.627676583318373, 53.117083071326597 ], [ 6.627646162311905, 53.117055608242154 ], [ 6.627633313348792, 53.11703722854768 ], [ 6.627609717624449, 53.116969002667183 ], [ 6.627611252346801, 53.1169009928497 ], [ 6.627630931733988, 53.116859998098512 ], [ 6.627660850594005, 53.116827623463621 ], [ 6.627703599944731, 53.116788447761685 ], [ 6.627749551313268, 53.116753121168223 ], [ 6.627794034348357, 53.116728602879014 ], [ 6.627831842817093, 53.116713562854891 ], [ 6.627954979752535, 53.116672188455205 ], [ 6.628000682892912, 53.11666160492301 ], [ 6.628230422109283, 53.116633702489246 ], [ 6.62828369833923, 53.116621036336014 ], [ 6.628317323299167, 53.116608052538929 ], [ 6.628380736401012, 53.11656963305456 ], [ 6.628393547059983, 53.116550664031699 ], [ 6.628402040308837, 53.116526455520237 ], [ 6.628411042301653, 53.11646001287793 ], [ 6.628411814743588, 53.116424381295118 ], [ 6.628397021619667, 53.11633913325084 ], [ 6.628380991790139, 53.116284776580116 ], [ 6.628332216090654, 53.116179130175681 ], [ 6.628283407143477, 53.116111974457652 ], [ 6.628179521482747, 53.115991414757332 ], [ 6.628120093210828, 53.115925833834609 ], [ 6.628067782634514, 53.115874611911849 ], [ 6.628037445773483, 53.11583754118481 ], [ 6.628023474571871, 53.115791943218042 ], [ 6.628016173407332, 53.115741935542019 ], [ 6.628018633669699, 53.115715165407906 ], [ 6.628040475159888, 53.115663633641041 ], [ 6.628055952043926, 53.115647018524378 ], [ 6.628136277018704, 53.115595195417534 ], [ 6.628179712674165, 53.115576403407339 ], [ 6.628271272899541, 53.115544522294492 ], [ 6.628342722524411, 53.115525484900864 ], [ 6.62843618899184, 53.115509068127047 ], [ 6.628771533721241, 53.115470040977804 ], [ 6.628907664599253, 53.115458519746689 ], [ 6.629020827813003, 53.115439346083107 ], [ 6.629063097578818, 53.115428366359495 ], [ 6.629097091059365, 53.115416816394251 ], [ 6.629176401555411, 53.115364571726623 ], [ 6.629309726805341, 53.115254601987871 ], [ 6.629379167823239, 53.115185816005351 ], [ 6.629410925046281, 53.115146789589758 ], [ 6.629429697950388, 53.115118034911994 ], [ 6.629474697599717, 53.115021445611077 ], [ 6.629545512017554, 53.114844219757337 ], [ 6.629584726391539, 53.114787097446182 ], [ 6.629602473836848, 53.114767915308555 ], [ 6.629622611899164, 53.114754495859316 ], [ 6.629660619853891, 53.114738680299055 ], [ 6.62983029421084, 53.114683340986701 ], [ 6.629904517790213, 53.114669962497032 ], [ 6.629988014552744, 53.114659111887846 ], [ 6.630214450818086, 53.114620608449485 ], [ 6.63043050679031, 53.114586822539771 ], [ 6.630673500588513, 53.114544461789905 ], [ 6.630942949002167, 53.114492830082185 ], [ 6.631109716810952, 53.114455492685266 ], [ 6.631173488501286, 53.114446427759837 ], [ 6.631332422979083, 53.114432294401887 ], [ 6.631411799327892, 53.114429349028988 ], [ 6.631636074111187, 53.114431153097698 ], [ 6.631897772876298, 53.114427014026873 ], [ 6.632165644151761, 53.114428732521255 ], [ 6.632694229494295, 53.114439350684648 ], [ 6.632792001177262, 53.114435673910428 ], [ 6.633021616348222, 53.114422160284576 ], [ 6.63332301070638, 53.114397582657062 ], [ 6.633408032038698, 53.114387855114515 ], [ 6.633527768989016, 53.114381378985279 ], [ 6.633636306676256, 53.11434746578 ], [ 6.63365751227263, 53.114334861315932 ], [ 6.633771436093697, 53.114282567872216 ], [ 6.633813191427289, 53.114257410650609 ], [ 6.633862114800907, 53.114203115530017 ], [ 6.633913700811115, 53.114103247619475 ], [ 6.634000363918212, 53.113964155680179 ], [ 6.634068719523361, 53.113887038437511 ], [ 6.634126983878631, 53.113850116282507 ], [ 6.634171762884527, 53.113826248509184 ], [ 6.634307956288577, 53.113764672990889 ], [ 6.634429934037582, 53.113718289229617 ], [ 6.634543311107984, 53.113680307690274 ], [ 6.634709940832765, 53.113620212103847 ], [ 6.634844422184287, 53.113583277606779 ], [ 6.634954125693961, 53.11355001605601 ], [ 6.635109231037647, 53.113522868713751 ], [ 6.635781527295586, 53.113396275238216 ], [ 6.635968429658192, 53.113351477758684 ], [ 6.636042674475885, 53.113314603723317 ], [ 6.636125211193812, 53.113263300254253 ], [ 6.636252905204284, 53.113166070612806 ], [ 6.636511576729589, 53.112914043172601 ], [ 6.636559490070699, 53.112878773491303 ], [ 6.63659724380269, 53.112842872847978 ], [ 6.636605989567307, 53.112817762374014 ], [ 6.63660816380713, 53.112799397638867 ], [ 6.636567968949455, 53.112755233402773 ], [ 6.636509642505914, 53.112705893153958 ], [ 6.636451389767175, 53.11266792040837 ], [ 6.636392504520053, 53.112647909854743 ], [ 6.636310159113596, 53.112628027104421 ], [ 6.636226060596415, 53.112619872377508 ], [ 6.635890684116706, 53.112623099596249 ], [ 6.635851417803591, 53.112618413433054 ], [ 6.63582157339862, 53.112610528592754 ], [ 6.635788792056003, 53.112586749755117 ], [ 6.635764119448655, 53.112520387815813 ], [ 6.635663341683572, 53.112180335381453 ], [ 6.635595449304501, 53.112071017650848 ], [ 6.635498869142671, 53.111955052072574 ], [ 6.635477002734918, 53.111933226357522 ], [ 6.635418847098341, 53.111886624775913 ], [ 6.63528906473845, 53.111793948334302 ], [ 6.635248532130995, 53.111760283759359 ], [ 6.635187044735384, 53.111694422124977 ], [ 6.635153545889438, 53.111649306942013 ], [ 6.635145344544359, 53.111633153246537 ], [ 6.635117407915193, 53.111551403825736 ], [ 6.63510748035831, 53.111508478462824 ], [ 6.635110771918188, 53.111460930958359 ], [ 6.635127043962598, 53.111365177816765 ], [ 6.635148703070704, 53.111275497538685 ], [ 6.635165638041165, 53.111252090209547 ], [ 6.635278795933337, 53.111147059655138 ], [ 6.635347176548216, 53.1111063288634 ], [ 6.635526607010269, 53.111008785415407 ], [ 6.635855574655857, 53.11086432644111 ], [ 6.636080045219653, 53.110758943402303 ], [ 6.636379216755788, 53.110611989751213 ], [ 6.636657599810366, 53.110447512244193 ], [ 6.636736634588702, 53.110396172900003 ], [ 6.636827432578245, 53.11029903982584 ], [ 6.636855778258304, 53.110264809902517 ], [ 6.63687427867788, 53.110230988246954 ], [ 6.636882890711669, 53.110196595751979 ], [ 6.636884235925439, 53.110152061078672 ], [ 6.636843563975416, 53.109966871939122 ], [ 6.636846438089186, 53.109703807097361 ], [ 6.63685607403316, 53.109550499462863 ], [ 6.636935193679698, 53.109240446832445 ], [ 6.637102774274606, 53.108648696057863 ], [ 6.637119873506253, 53.108575095364998 ], [ 6.637121843216502, 53.108520111472586 ], [ 6.637111416652743, 53.108421050823438 ], [ 6.637086358845337, 53.108300889052074 ], [ 6.637052345133379, 53.108257577092822 ], [ 6.636965246619219, 53.108219653974579 ], [ 6.636777283501719, 53.108155822755428 ], [ 6.636591400705073, 53.108121158706261 ], [ 6.636248047553169, 53.10806399814679 ], [ 6.636119192206022, 53.108034292469668 ], [ 6.635969071675775, 53.107995794609458 ], [ 6.635861796368629, 53.1079474137264 ], [ 6.63572964092483, 53.107881902638397 ], [ 6.635670977139173, 53.107848076713999 ], [ 6.635629442697478, 53.107808024085692 ], [ 6.635627904418149, 53.107792456990396 ], [ 6.635644944404612, 53.107709978152691 ], [ 6.635670579840768, 53.107648546689994 ], [ 6.63570452405258, 53.107582121806637 ], [ 6.635786072563725, 53.107445498924463 ], [ 6.635888196675567, 53.107333680742649 ], [ 6.635968544065134, 53.107238364646626 ], [ 6.635986681613457, 53.107209076229232 ], [ 6.63599423807491, 53.107161358342275 ], [ 6.635988184389165, 53.107098927164373 ], [ 6.635977295866826, 53.107034030089544 ], [ 6.635901014260109, 53.106904867131263 ], [ 6.635848484052986, 53.106834544798758 ], [ 6.635767573255037, 53.106738564399393 ], [ 6.635741589016454, 53.106713672207022 ], [ 6.635679119862596, 53.106677810002516 ], [ 6.635607875528051, 53.106655115051595 ], [ 6.635441409194219, 53.106630150329224 ], [ 6.635339691042633, 53.106630994754397 ], [ 6.635265666835192, 53.106645578914289 ], [ 6.63524169728554, 53.106645019884795 ], [ 6.635226731735036, 53.106656364419194 ], [ 6.635195208755136, 53.106674073401905 ], [ 6.635172869428344, 53.106682942511718 ], [ 6.635118609428735, 53.106695181769467 ], [ 6.635068984488515, 53.10668270390638 ], [ 6.635027433303293, 53.106658620808517 ], [ 6.635002094599364, 53.106631753620661 ], [ 6.634974197637994, 53.106578770441232 ], [ 6.634949475660537, 53.10654686420132 ], [ 6.634924118892399, 53.106503272725398 ], [ 6.634891708100445, 53.10642574862991 ], [ 6.634879313613355, 53.106354639282188 ], [ 6.634847257035707, 53.106240103782547 ], [ 6.634831634371609, 53.106202126492754 ], [ 6.634836258403519, 53.1062020766975 ], [ 6.634908368415187, 53.106201300136341 ], [ 6.634919430769157, 53.10620118488746 ], [ 6.63497380737995, 53.106200285858669 ], [ 6.635068052238513, 53.106198728764511 ], [ 6.635199111032461, 53.106216999328311 ], [ 6.635272898034231, 53.106231561914406 ], [ 6.635452357118002, 53.10628618273568 ], [ 6.635579253977097, 53.10632586691009 ], [ 6.63569030688029, 53.106360890199198 ], [ 6.635864790452949, 53.106426274559063 ], [ 6.635984954582826, 53.106458749182849 ], [ 6.636195663388692, 53.106508423831983 ], [ 6.636365169556085, 53.106541974156897 ], [ 6.636515835294453, 53.106607857629996 ], [ 6.636617510985878, 53.106635608695719 ], [ 6.636778296008552, 53.106685201019552 ], [ 6.637088086729832, 53.1067642516742 ], [ 6.637227724646936, 53.106800817526214 ], [ 6.637326446934963, 53.106832283415379 ], [ 6.637399629505057, 53.106861562428811 ], [ 6.637426838455861, 53.106886423509664 ], [ 6.637434839698327, 53.106937600783489 ], [ 6.637435262266283, 53.106940037068291 ], [ 6.637919570003723, 53.107077542215798 ], [ 6.637955810595338, 53.107062721686603 ], [ 6.637988784303588, 53.107052366011921 ], [ 6.638063542896745, 53.107051342592335 ], [ 6.638081552945144, 53.107056519618723 ], [ 6.638116986409594, 53.107066727014818 ], [ 6.638145854952956, 53.107078692492514 ], [ 6.638148759976456, 53.107080001185324 ], [ 6.638197483074043, 53.107102067147494 ], [ 6.638257265316784, 53.107125967707368 ], [ 6.638363698121402, 53.10716323857114 ], [ 6.638699601444042, 53.10726409290767 ], [ 6.638865832960112, 53.10730405458073 ], [ 6.638966479206782, 53.107331212311564 ], [ 6.639315594129258, 53.107442666097285 ], [ 6.639579909445405, 53.107515616419541 ], [ 6.639904684763152, 53.107606374744698 ], [ 6.640112878583549, 53.107665307314136 ], [ 6.640422882484251, 53.107749209055022 ], [ 6.640682659701993, 53.10781950840483 ], [ 6.640892487995181, 53.107882214961769 ], [ 6.641128798003439, 53.10795845664201 ], [ 6.641326677436529, 53.108026742544823 ], [ 6.641336012029189, 53.108017990492023 ], [ 6.641905630172715, 53.108184310740789 ], [ 6.643015180500999, 53.108514028186597 ], [ 6.643097324042981, 53.108538446778986 ], [ 6.643334536902496, 53.108611052991378 ], [ 6.643346907673941, 53.108614841499623 ], [ 6.643494045198001, 53.108659867918 ], [ 6.643502180577527, 53.108662358395243 ], [ 6.651909362116504, 53.111159544111857 ], [ 6.643502228269021, 53.108662372995042 ], [ 6.643520896223555, 53.108668087797824 ] ] ], [ [ [ 6.637442165001105, 53.106979834243624 ], [ 6.637467909036243, 53.107024328826334 ], [ 6.637511331656811, 53.107067165008466 ], [ 6.63760255738947, 53.107121400644481 ], [ 6.637645089414796, 53.10714732390273 ], [ 6.637670914996256, 53.107159932368276 ], [ 6.637687306087779, 53.107162825732416 ], [ 6.637695060242477, 53.107162430231639 ], [ 6.637702575787736, 53.1071620462086 ], [ 6.637729042698687, 53.107161158754913 ], [ 6.637761315188182, 53.107149785968829 ], [ 6.63791014416744, 53.107081396892276 ], [ 6.637919569771823, 53.107077542310613 ], [ 6.637435262290993, 53.106940037210741 ], [ 6.637442165001105, 53.106979834243624 ] ] ], [ [ [ 6.530491980940598, 53.195559273289348 ], [ 6.530491980940431, 53.195559273289312 ], [ 6.530491980940595, 53.195559273289348 ], [ 6.530491980940598, 53.195559273289348 ] ] ] ] } },
{ "type": "Feature", "properties": { "identificatie": "GM0014", "fid": 160, "naam": "Groningen", "code": "0014", "ligt_in_provincie_code": "20", "ligt_in_provincie_naam": "Groningen", "gid": "GM0014", "label": "Groningen" }, "geometry": { "type": "MultiPolygon", "coordinates": [ [ [ [ 6.63791014416744, 53.107081396892276 ], [ 6.637761315188182, 53.107149785968829 ], [ 6.637729042698687, 53.107161158754913 ], [ 6.637702575787736, 53.1071620462086 ], [ 6.637695060242477, 53.107162430231639 ], [ 6.637687306087779, 53.107162825732416 ], [ 6.637670914996256, 53.107159932368276 ], [ 6.637645089414796, 53.10714732390273 ], [ 6.63760255738947, 53.107121400644481 ], [ 6.637511331656811, 53.107067165008466 ], [ 6.637467909036243, 53.107024328826334 ], [ 6.637442165001105, 53.106979834243624 ], [ 6.637435262290993, 53.106940037210741 ], [ 6.634836258403519, 53.1062020766975 ], [ 6.634831634371609, 53.106202126492754 ], [ 6.634847257035707, 53.106240103782547 ], [ 6.634879313613355, 53.106354639282188 ], [ 6.634891708100445, 53.10642574862991 ], [ 6.634924118892399, 53.106503272725398 ], [ 6.634949475660537, 53.10654686420132 ], [ 6.634974197637994, 53.106578770441232 ], [ 6.635002094599364, 53.106631753620661 ], [ 6.635027433303293, 53.106658620808517 ], [ 6.635068984488515, 53.10668270390638 ], [ 6.635118609428735, 53.106695181769467 ], [ 6.635172869428344, 53.106682942511718 ], [ 6.635195208755136, 53.106674073401905 ], [ 6.635226731735036, 53.106656364419194 ], [ 6.63524169728554, 53.106645019884795 ], [ 6.635265666835192, 53.106645578914289 ], [ 6.635339691042633, 53.106630994754397 ], [ 6.635441409194219, 53.106630150329224 ], [ 6.635607875528051, 53.106655115051595 ], [ 6.635679119862596, 53.106677810002516 ], [ 6.635741589016454, 53.106713672207022 ], [ 6.635767573255037, 53.106738564399393 ], [ 6.635848484052986, 53.106834544798758 ], [ 6.635901014260109, 53.106904867131263 ], [ 6.635977295866826, 53.107034030089544 ], [ 6.635988184389165, 53.107098927164373 ], [ 6.63599423807491, 53.107161358342275 ], [ 6.635986681613457, 53.107209076229232 ], [ 6.635968544065134, 53.107238364646626 ], [ 6.635888196675567, 53.107333680742649 ], [ 6.635786072563725, 53.107445498924463 ], [ 6.63570452405258, 53.107582121806637 ], [ 6.635670579840768, 53.107648546689994 ], [ 6.635644944404612, 53.107709978152691 ], [ 6.635627904418149, 53.107792456990396 ], [ 6.635629442697478, 53.107808024085692 ], [ 6.635670977139173, 53.107848076713999 ], [ 6.63572964092483, 53.107881902638397 ], [ 6.635861796368629, 53.1079474137264 ], [ 6.635969071675775, 53.107995794609458 ], [ 6.636119192206022, 53.108034292469668 ], [ 6.636248047553169, 53.10806399814679 ], [ 6.636591400705073, 53.108121158706261 ], [ 6.636777283501719, 53.108155822755428 ], [ 6.636965246619219, 53.108219653974579 ], [ 6.637052345133379, 53.108257577092822 ], [ 6.637086358845337, 53.108300889052074 ], [ 6.637111416652743, 53.108421050823438 ], [ 6.637121843216502, 53.108520111472586 ], [ 6.637119873506253, 53.108575095364998 ], [ 6.637102774274606, 53.108648696057863 ], [ 6.636935193679698, 53.109240446832445 ], [ 6.63685607403316, 53.109550499462863 ], [ 6.636846438089186, 53.109703807097361 ], [ 6.636843563975416, 53.109966871939122 ], [ 6.636884235925439, 53.110152061078672 ], [ 6.636882890711669, 53.110196595751979 ], [ 6.63687427867788, 53.110230988246954 ], [ 6.636855778258304, 53.110264809902517 ], [ 6.636827432578245, 53.11029903982584 ], [ 6.636736634588702, 53.110396172900003 ], [ 6.636657599810366, 53.110447512244193 ], [ 6.636379216755788, 53.110611989751213 ], [ 6.636080045219653, 53.110758943402303 ], [ 6.635855574655857, 53.11086432644111 ], [ 6.635526607010269, 53.111008785415407 ], [ 6.635347176548216, 53.1111063288634 ], [ 6.635278795933337, 53.111147059655138 ], [ 6.635165638041165, 53.111252090209547 ], [ 6.635148703070704, 53.111275497538685 ], [ 6.635127043962598, 53.111365177816765 ], [ 6.635110771918188, 53.111460930958359 ], [ 6.63510748035831, 53.111508478462824 ], [ 6.635117407915193, 53.111551403825736 ], [ 6.635145344544359, 53.111633153246537 ], [ 6.635153545889438, 53.111649306942013 ], [ 6.635187044735384, 53.111694422124977 ], [ 6.635248532130995, 53.111760283759359 ], [ 6.63528906473845, 53.111793948334302 ], [ 6.635418847098341, 53.111886624775913 ], [ 6.635477002734918, 53.111933226357522 ], [ 6.635498869142671, 53.111955052072574 ], [ 6.635595449304501, 53.112071017650848 ], [ 6.635663341683572, 53.112180335381453 ], [ 6.635764119448655, 53.112520387815813 ], [ 6.635788792056003, 53.112586749755117 ], [ 6.63582157339862, 53.112610528592754 ], [ 6.635851417803591, 53.112618413433054 ], [ 6.635890684116706, 53.112623099596249 ], [ 6.636226060596415, 53.112619872377508 ], [ 6.636310159113596, 53.112628027104421 ], [ 6.636392504520053, 53.112647909854743 ], [ 6.636451389767175, 53.11266792040837 ], [ 6.636509642505914, 53.112705893153958 ], [ 6.636567968949455, 53.112755233402773 ], [ 6.63660816380713, 53.112799397638867 ], [ 6.636605989567307, 53.112817762374014 ], [ 6.63659724380269, 53.112842872847978 ], [ 6.636559490070699, 53.112878773491303 ], [ 6.636511576729589, 53.112914043172601 ], [ 6.636252905204284, 53.113166070612806 ], [ 6.636125211193812, 53.113263300254253 ], [ 6.636042674475885, 53.113314603723317 ], [ 6.635968429658192, 53.113351477758684 ], [ 6.635781527295586, 53.113396275238216 ], [ 6.635109231037647, 53.113522868713751 ], [ 6.634954125693961, 53.11355001605601 ], [ 6.634844422184287, 53.113583277606779 ], [ 6.634709940832765, 53.113620212103847 ], [ 6.634543311107984, 53.113680307690274 ], [ 6.634429934037582, 53.113718289229617 ], [ 6.634307956288577, 53.113764672990889 ], [ 6.634171762884527, 53.113826248509184 ], [ 6.634126983878631, 53.113850116282507 ], [ 6.634068719523361, 53.113887038437511 ], [ 6.634000363918212, 53.113964155680179 ], [ 6.633913700811115, 53.114103247619475 ], [ 6.633862114800907, 53.114203115530017 ], [ 6.633813191427289, 53.114257410650609 ], [ 6.633771436093697, 53.114282567872216 ], [ 6.63365751227263, 53.114334861315932 ], [ 6.633636306676256, 53.11434746578 ], [ 6.633527768989016, 53.114381378985279 ], [ 6.633408032038698, 53.114387855114515 ], [ 6.63332301070638, 53.114397582657062 ], [ 6.633021616348222, 53.114422160284576 ], [ 6.632792001177262, 53.114435673910428 ], [ 6.632694229494295, 53.114439350684648 ], [ 6.632165644151761, 53.114428732521255 ], [ 6.631897772876298, 53.114427014026873 ], [ 6.631636074111187, 53.114431153097698 ], [ 6.631411799327892, 53.114429349028988 ], [ 6.631332422979083, 53.114432294401887 ], [ 6.631173488501286, 53.114446427759837 ], [ 6.631109716810952, 53.114455492685266 ], [ 6.630942949002167, 53.114492830082185 ], [ 6.630673500588513, 53.114544461789905 ], [ 6.63043050679031, 53.114586822539771 ], [ 6.630214450818086, 53.114620608449485 ], [ 6.629988014552744, 53.114659111887846 ], [ 6.629904517790213, 53.114669962497032 ], [ 6.62983029421084, 53.114683340986701 ], [ 6.629660619853891, 53.114738680299055 ], [ 6.629622611899164, 53.114754495859316 ], [ 6.629602473836848, 53.114767915308555 ], [ 6.629584726391539, 53.114787097446182 ], [ 6.629545512017554, 53.114844219757337 ], [ 6.629474697599717, 53.115021445611077 ], [ 6.629429697950388, 53.115118034911994 ], [ 6.629410925046281, 53.115146789589758 ], [ 6.629379167823239, 53.115185816005351 ], [ 6.629309726805341, 53.115254601987871 ], [ 6.629176401555411, 53.115364571726623 ], [ 6.629097091059365, 53.115416816394251 ], [ 6.629063097578818, 53.115428366359495 ], [ 6.629020827813003, 53.115439346083107 ], [ 6.628907664599253, 53.115458519746689 ], [ 6.628771533721241, 53.115470040977804 ], [ 6.62843618899184, 53.115509068127047 ], [ 6.628342722524411, 53.115525484900864 ], [ 6.628271272899541, 53.115544522294492 ], [ 6.628179712674165, 53.115576403407339 ], [ 6.628136277018704, 53.115595195417534 ], [ 6.628055952043926, 53.115647018524378 ], [ 6.628040475159888, 53.115663633641041 ], [ 6.628018633669699, 53.115715165407906 ], [ 6.628016173407332, 53.115741935542019 ], [ 6.628023474571871, 53.115791943218042 ], [ 6.628037445773483, 53.11583754118481 ], [ 6.628067782634514, 53.115874611911849 ], [ 6.628120093210828, 53.115925833834609 ], [ 6.628179521482747, 53.115991414757332 ], [ 6.628283407143477, 53.116111974457652 ], [ 6.628332216090654, 53.116179130175681 ], [ 6.628380991790139, 53.116284776580116 ], [ 6.628397021619667, 53.11633913325084 ], [ 6.628411814743588, 53.116424381295118 ], [ 6.628411042301653, 53.11646001287793 ], [ 6.628402040308837, 53.116526455520237 ], [ 6.628393547059983, 53.116550664031699 ], [ 6.628380736401012, 53.11656963305456 ], [ 6.628317323299167, 53.116608052538929 ], [ 6.62828369833923, 53.116621036336014 ], [ 6.628230422109283, 53.116633702489246 ], [ 6.628000682892912, 53.11666160492301 ], [ 6.627954979752535, 53.116672188455205 ], [ 6.627831842817093, 53.116713562854891 ], [ 6.627794034348357, 53.116728602879014 ], [ 6.627749551313268, 53.116753121168223 ], [ 6.627703599944731, 53.116788447761685 ], [ 6.627660850594005, 53.116827623463621 ], [ 6.627630931733988, 53.116859998098512 ], [ 6.627611252346801, 53.1169009928497 ], [ 6.627609717624449, 53.116969002667183 ], [ 6.627633313348792, 53.11703722854768 ], [ 6.627646162311905, 53.117055608242154 ], [ 6.627676583318373, 53.117083071326597 ], [ 6.627717053143121, 53.117108830691258 ], [ 6.627817137450698, 53.117143992883484 ], [ 6.627937744421941, 53.117179113170259 ], [ 6.62815689153665, 53.117252304984575 ], [ 6.628800943497858, 53.117581592553996 ], [ 6.628880454638733, 53.117624875468678 ], [ 6.628981325724626, 53.117695256693182 ], [ 6.629048577118106, 53.117750133711027 ], [ 6.629091159136549, 53.117789090262271 ], [ 6.629168171518666, 53.117868184223461 ], [ 6.629179739491706, 53.117884051753578 ], [ 6.629233768277415, 53.117958099746822 ], [ 6.629399911563789, 53.118221702421991 ], [ 6.629497983880192, 53.118388261711551 ], [ 6.629562254863924, 53.118478253707941 ], [ 6.629585489301374, 53.118501935520456 ], [ 6.629627292681441, 53.118536092033736 ], [ 6.629670431373409, 53.118564195571935 ], [ 6.629716227724479, 53.118589647390692 ], [ 6.629806253086937, 53.118626511923956 ], [ 6.630344703854271, 53.11881846343185 ], [ 6.630486699602358, 53.118875673368478 ], [ 6.630567591391636, 53.118913306139973 ], [ 6.630677655398368, 53.118974846401542 ], [ 6.630792237495701, 53.119053800956735 ], [ 6.630825671271999, 53.119082544040964 ], [ 6.630842043742655, 53.119104436590021 ], [ 6.630852853265268, 53.119136011723924 ], [ 6.63085643332602, 53.119161874432116 ], [ 6.630830599474678, 53.119211129528502 ], [ 6.63079044978176, 53.119260721960096 ], [ 6.630685253983163, 53.119328325089512 ], [ 6.630575689852089, 53.119385297180756 ], [ 6.630443675423344, 53.11944128895724 ], [ 6.630194537108902, 53.119526121297866 ], [ 6.630089100990597, 53.11955517313941 ], [ 6.629879344007301, 53.11962353684784 ], [ 6.629827311797762, 53.11964323639728 ], [ 6.629674396504273, 53.119715359684896 ], [ 6.629572066191744, 53.11977150091645 ], [ 6.62947181071239, 53.119811956604721 ], [ 6.629388341894583, 53.119838209792896 ], [ 6.629349016711354, 53.119830628337304 ], [ 6.629315189472503, 53.119820464579107 ], [ 6.629252510734177, 53.119780889707911 ], [ 6.629212338374078, 53.119742690087918 ], [ 6.62913805960754, 53.119619388884928 ], [ 6.62910305573559, 53.119568140776956 ], [ 6.629031474728559, 53.119503018834124 ], [ 6.628982982006494, 53.119464806537231 ], [ 6.628924040554405, 53.119439382860705 ], [ 6.628918337059788, 53.119434786836059 ], [ 6.628875577960557, 53.119422558716408 ], [ 6.62881319652485, 53.119420976591009 ], [ 6.628787197614187, 53.119428040060598 ], [ 6.628722486477538, 53.119451519169402 ], [ 6.628648448049568, 53.119493050467845 ], [ 6.628586491858224, 53.11955066863969 ], [ 6.628545248541742, 53.119593468642975 ], [ 6.628476877538978, 53.119679048152243 ], [ 6.628373423675381, 53.119834270103112 ], [ 6.628325259283651, 53.119944758159313 ], [ 6.628311245646376, 53.119989055329519 ], [ 6.628268249476208, 53.120086494946662 ], [ 6.628117639803381, 53.120501832796343 ], [ 6.628084206189504, 53.120575888562783 ], [ 6.628059882047726, 53.120612788545998 ], [ 6.628003070631713, 53.120674873428747 ], [ 6.62784250090612, 53.120812793784744 ], [ 6.627694795568507, 53.120934647169378 ], [ 6.627512885784646, 53.121095335822403 ], [ 6.627470433586395, 53.121144007301119 ], [ 6.627447292746032, 53.121181568903182 ], [ 6.627445993305264, 53.121204552517305 ], [ 6.62745408134842, 53.121230880870165 ], [ 6.627483539855918, 53.12129874944268 ], [ 6.627871422359792, 53.121681954430358 ], [ 6.627965187360206, 53.121779370353529 ], [ 6.627962907519986, 53.121844296346893 ], [ 6.627943643836057, 53.121943206434658 ], [ 6.627928529219623, 53.121999179741522 ], [ 6.62781888266614, 53.122339700249562 ], [ 6.627720162010197, 53.122582843795257 ], [ 6.627717357661456, 53.122588210968765 ], [ 6.627689383410716, 53.122641693260547 ], [ 6.627669635896183, 53.122670475631118 ], [ 6.627642158106151, 53.122710508580575 ], [ 6.627611497980747, 53.122738002001029 ], [ 6.627572738562606, 53.12276593874337 ], [ 6.627503517567698, 53.122802207043392 ], [ 6.627442277008553, 53.122813517340738 ], [ 6.627307075156987, 53.122838489251663 ], [ 6.627292002855167, 53.122844801202966 ], [ 6.627036998761302, 53.122951606114817 ], [ 6.627005658154799, 53.12296472760837 ], [ 6.626453130113751, 53.123270359491393 ], [ 6.626400072913689, 53.123356318434816 ], [ 6.626354864840271, 53.123472283810884 ], [ 6.626223491857496, 53.123636015259656 ], [ 6.626191371979489, 53.123660054508591 ], [ 6.626045830493944, 53.123748865942595 ], [ 6.625979341762241, 53.123764786030662 ], [ 6.625886278427825, 53.123783416267457 ], [ 6.625764397330218, 53.123807817303884 ], [ 6.625418355069478, 53.123869556673561 ], [ 6.6252954685027, 53.123893293614643 ], [ 6.625175482786378, 53.123919741410553 ], [ 6.625000336411519, 53.123992097183695 ], [ 6.624886222522766, 53.124093406542308 ], [ 6.6245931369609, 53.124403726998928 ], [ 6.624515529748565, 53.124462502070323 ], [ 6.624250465206703, 53.12464190985304 ], [ 6.624051010417378, 53.124759925219287 ], [ 6.624000666528049, 53.124786218956238 ], [ 6.623739054474544, 53.124908730782735 ], [ 6.623542950161767, 53.124986117568291 ], [ 6.623321148302622, 53.125067687398008 ], [ 6.623093499932533, 53.125164307010174 ], [ 6.622834219460974, 53.125372975616372 ], [ 6.622446934696256, 53.125761637888445 ], [ 6.622378046412198, 53.12582352987954 ], [ 6.622145192800229, 53.125995662939985 ], [ 6.621903679233567, 53.126194800057007 ], [ 6.62176333346752, 53.12635071043676 ], [ 6.621684711954498, 53.126608622160212 ], [ 6.621649672260498, 53.12710213035615 ], [ 6.621530140354799, 53.127335354488473 ], [ 6.621340295970541, 53.127541291143011 ], [ 6.621312127307141, 53.127578885239657 ], [ 6.621288197737338, 53.127638902497097 ], [ 6.621278921392734, 53.127681999568203 ], [ 6.621270953128607, 53.127773665442994 ], [ 6.621274863879552, 53.127847001834482 ], [ 6.621346760643192, 53.128181834815578 ], [ 6.621336814061698, 53.128252294399147 ], [ 6.621320248265166, 53.128309099424428 ], [ 6.621275125886856, 53.128408786713983 ], [ 6.621175340608105, 53.128493489954323 ], [ 6.620997877079995, 53.128595546625235 ], [ 6.620431222005534, 53.128886511676811 ], [ 6.619948361045018, 53.129142659965609 ], [ 6.61952520205932, 53.129396772285638 ], [ 6.619350720146344, 53.129516203051807 ], [ 6.619211216325646, 53.129624633596507 ], [ 6.619197430965986, 53.129635343738478 ], [ 6.619153984550022, 53.129669104271976 ], [ 6.619116072092353, 53.129709898413303 ], [ 6.61907071142886, 53.129755693847507 ], [ 6.619059588126943, 53.129770699216181 ], [ 6.61902231804537, 53.129820958727485 ], [ 6.618754734009072, 53.130180761047633 ], [ 6.618691050708449, 53.130288492430829 ], [ 6.618639791926467, 53.130379686320929 ], [ 6.618594676146496, 53.130484629639867 ], [ 6.618579372815025, 53.130577610764682 ], [ 6.618573889282634, 53.130662286085865 ], [ 6.618579068567581, 53.130718363913289 ], [ 6.618602310314005, 53.130778569726267 ], [ 6.618629090802812, 53.130836582350355 ], [ 6.618655856171098, 53.13089458613657 ], [ 6.618674961208373, 53.130935405162177 ], [ 6.618694081219478, 53.130976224030505 ], [ 6.618728017055094, 53.131034163084792 ], [ 6.618743230599924, 53.131064229047432 ], [ 6.61878058246607, 53.131115653548356 ], [ 6.618817873148254, 53.131164921853696 ], [ 6.61886988689631, 53.13122698866016 ], [ 6.61894423830609, 53.131316891329483 ], [ 6.618981590630365, 53.131368315762273 ], [ 6.61902258963293, 53.131421868490818 ], [ 6.61904835939811, 53.131469520733809 ], [ 6.619053109893682, 53.131510487278717 ], [ 6.619019533566965, 53.131552494912945 ], [ 6.618976872977997, 53.131580855236443 ], [ 6.618900717585865, 53.131626760456456 ], [ 6.618847200143273, 53.131653237288994 ], [ 6.61876372578581, 53.131688730154544 ], [ 6.618661107606663, 53.131729910607525 ], [ 6.61859050001638, 53.131767571703477 ], [ 6.61851676300153, 53.131806585964533 ], [ 6.618446880533036, 53.131849793312448 ], [ 6.618441106700243, 53.131852207165423 ], [ 6.618391778614055, 53.131885210028187 ], [ 6.618310671123653, 53.131914630187815 ], [ 6.618175637143808, 53.13192827547703 ], [ 6.618070345994334, 53.131927991205139 ], [ 6.617918188818172, 53.13192798155351 ], [ 6.61779805642414, 53.131941778897463 ], [ 6.617550440220816, 53.13198307257278 ], [ 6.617323533521211, 53.132050160666886 ], [ 6.617151192888671, 53.132115052614893 ], [ 6.617081084915832, 53.132163015435374 ], [ 6.617027717352071, 53.132218004743308 ], [ 6.616985830405761, 53.132271591089527 ], [ 6.61696980966295, 53.132299937859045 ], [ 6.616957275522759, 53.13236216469771 ], [ 6.61699535834969, 53.132472031808362 ], [ 6.61702765255206, 53.132559042202224 ], [ 6.616993754064053, 53.132632973345672 ], [ 6.61696470634191, 53.132678276944105 ], [ 6.616942054480948, 53.132713593559949 ], [ 6.616900915138797, 53.132769850231121 ], [ 6.61686424105143, 53.13281074770282 ], [ 6.616810665668739, 53.132846336716838 ], [ 6.61672329691493, 53.132898493501287 ], [ 6.616698262043467, 53.132916714834408 ], [ 6.616651701992584, 53.132938347317491 ], [ 6.616630567939337, 53.132948170967715 ], [ 6.616568293266696, 53.132972615742091 ], [ 6.616530759832093, 53.132981655045199 ], [ 6.616485934398781, 53.132987533933992 ], [ 6.616428454329851, 53.132991367848717 ], [ 6.616377836867628, 53.132983223942261 ], [ 6.616309506578859, 53.132967497199111 ], [ 6.616202827277458, 53.132950492252618 ], [ 6.616115871681973, 53.132936627971887 ], [ 6.616008892237969, 53.132919572011829 ], [ 6.615946225202499, 53.132910688775901 ], [ 6.615837499400897, 53.132895277167428 ], [ 6.61571507624421, 53.13287792997378 ], [ 6.615444109131925, 53.132848454657086 ], [ 6.615340308013914, 53.132831751950668 ], [ 6.615165042362591, 53.132801007441444 ], [ 6.614869212685982, 53.132711430896002 ], [ 6.614683984449352, 53.132643870364589 ], [ 6.614513941818986, 53.132594900275841 ], [ 6.614376313708513, 53.132564011725648 ], [ 6.614251834482934, 53.132541543707276 ], [ 6.614119375452727, 53.132527496939552 ], [ 6.614040639211414, 53.13253050491506 ], [ 6.613945847751193, 53.132539599462689 ], [ 6.613896545975765, 53.132557313777006 ], [ 6.613814376345021, 53.132586840583883 ], [ 6.613758648518892, 53.132621425770488 ], [ 6.613712730213336, 53.132649934353971 ], [ 6.613641275230735, 53.132694287265565 ], [ 6.613608701726476, 53.132738682509313 ], [ 6.613565624946911, 53.132797384245308 ], [ 6.61353030138523, 53.132866053748302 ], [ 6.613523907844267, 53.132921567167571 ], [ 6.613527448674299, 53.132954287473467 ], [ 6.613551233053305, 53.133023313573609 ], [ 6.613573095639149, 53.133086733660093 ], [ 6.613597324174511, 53.133211580621975 ], [ 6.613619279836377, 53.133324750148553 ], [ 6.613641583453875, 53.13343965054041 ], [ 6.613651570883645, 53.133505852223017 ], [ 6.613661668824416, 53.133572789682276 ], [ 6.613678242026677, 53.133682671228009 ], [ 6.613689683300658, 53.133758527715763 ], [ 6.61372022815799, 53.133871573340542 ], [ 6.61374714983079, 53.133971167000965 ], [ 6.613773324289879, 53.134031685126608 ], [ 6.613786739911935, 53.134062722668553 ], [ 6.613801402140203, 53.134096623192484 ], [ 6.61381658400013, 53.134128819907858 ], [ 6.613845883501712, 53.134159308407241 ], [ 6.613880680905004, 53.134182892745429 ], [ 6.61390401361766, 53.134203188487838 ], [ 6.613944599627488, 53.134230137478433 ], [ 6.613993706142292, 53.134265635439661 ], [ 6.614040334511724, 53.134293825604551 ], [ 6.614107364810526, 53.134330622802466 ], [ 6.614170349689366, 53.134368090458011 ], [ 6.614197211440885, 53.134395853903676 ], [ 6.61420694840615, 53.134420449655259 ], [ 6.61420774175153, 53.134444247308835 ], [ 6.614199740734032, 53.134468296780341 ], [ 6.614183683461679, 53.13450072347608 ], [ 6.614166136609251, 53.134533318196432 ], [ 6.614151107917027, 53.134580436600309 ], [ 6.614140464665747, 53.134627806656617 ], [ 6.614138996861171, 53.134670966846983 ], [ 6.614146516959051, 53.134712264621989 ], [ 6.614206893006849, 53.134889789769986 ], [ 6.614259299232495, 53.135044426488193 ], [ 6.61433176105685, 53.135308342768433 ], [ 6.614346395364801, 53.13536180755294 ], [ 6.614364866588592, 53.135428865864618 ], [ 6.614377347217649, 53.135474875765745 ], [ 6.614400443105876, 53.135556957403139 ], [ 6.614278009445292, 53.135637114512448 ], [ 6.614277451932167, 53.135637479689812 ], [ 6.614232454361859, 53.135666940572648 ], [ 6.614040871190845, 53.135793368096159 ], [ 6.613955930973291, 53.135850871928191 ], [ 6.613225008375032, 53.136321949680763 ], [ 6.612768371843618, 53.136616244283616 ], [ 6.612569917504431, 53.136744132572126 ], [ 6.611841871059821, 53.137213338840368 ], [ 6.61160855400945, 53.137363698017907 ], [ 6.611216998130739, 53.137614275187119 ], [ 6.610822838651131, 53.137878654205174 ], [ 6.610780652089239, 53.137905685586581 ], [ 6.610728519509143, 53.137928199351499 ], [ 6.610684820366986, 53.13794030127989 ], [ 6.610623675155244, 53.1379437204411 ], [ 6.610568495992799, 53.137940374591885 ], [ 6.610516899958787, 53.137932669540284 ], [ 6.610465564024937, 53.137919884332547 ], [ 6.610355865577094, 53.137886800812055 ], [ 6.610313115255567, 53.13788222261325 ], [ 6.610268941527333, 53.137882278085421 ], [ 6.6102293294961, 53.137893583248633 ], [ 6.610221842874217, 53.137895717612814 ], [ 6.610216253862108, 53.13789731138079 ], [ 6.610168107394231, 53.137945108701309 ], [ 6.610150721171864, 53.137962369838213 ], [ 6.610115554935992, 53.13796281860423 ], [ 6.610051607121782, 53.137983960862556 ], [ 6.610016771255752, 53.137997176310506 ], [ 6.609759921952601, 53.138123193327424 ], [ 6.609181547931561, 53.138403618134589 ], [ 6.608746589270787, 53.138618305408023 ], [ 6.60804688058233, 53.138959686917026 ], [ 6.607745993592417, 53.139110133603538 ], [ 6.607651454818583, 53.139157404871121 ], [ 6.607447846822151, 53.139245984200471 ], [ 6.607367571943133, 53.139248401254285 ], [ 6.607203936123502, 53.139242887005246 ], [ 6.607073918886369, 53.139237650380288 ], [ 6.606927057386413, 53.139241383029024 ], [ 6.606811200966451, 53.139248646235302 ], [ 6.606674257229178, 53.139272893072672 ], [ 6.606589422617403, 53.139286939835991 ], [ 6.606554069091952, 53.13929404858321 ], [ 6.606521015806599, 53.139313859050446 ], [ 6.606328417815007, 53.139470380529325 ], [ 6.606084869617006, 53.139679434827151 ], [ 6.606021554219258, 53.139730655850826 ], [ 6.605940610447766, 53.139795401343498 ], [ 6.605906233664836, 53.139822908701717 ], [ 6.60576670824401, 53.139934522236004 ], [ 6.605760927911128, 53.139939424834132 ], [ 6.605280848578999, 53.140346046055697 ], [ 6.605261915821321, 53.140362090995424 ], [ 6.604648098501244, 53.14086291018647 ], [ 6.603868332751847, 53.141508146281261 ], [ 6.603673431345642, 53.141658899218548 ], [ 6.603626724363458, 53.141695023452421 ], [ 6.603457903626336, 53.141825623781976 ], [ 6.60251527912731, 53.142609783684463 ], [ 6.602481614313968, 53.142637786036985 ], [ 6.602343990000849, 53.142752269784651 ], [ 6.602288709385421, 53.142798257892537 ], [ 6.602129148734067, 53.142920395770503 ], [ 6.601685207799949, 53.143283490391362 ], [ 6.601634348950875, 53.143338509894043 ], [ 6.601602535045193, 53.143364866642678 ], [ 6.601322009707162, 53.14359736312953 ], [ 6.601312661343094, 53.143605114473104 ], [ 6.600891677336522, 53.143951069493113 ], [ 6.600456339416406, 53.144308814972511 ], [ 6.600351683142438, 53.144391509233742 ], [ 6.600313385814182, 53.144421777540309 ], [ 6.600210332390612, 53.144519031798914 ], [ 6.600182069955903, 53.144546843985239 ], [ 6.600139943781535, 53.144591978965884 ], [ 6.600068294644714, 53.144665289324934 ], [ 6.600020038736636, 53.14470183214965 ], [ 6.600008315114967, 53.144710712781887 ], [ 6.599984475258637, 53.14472352637015 ], [ 6.599782871937654, 53.144672140763653 ], [ 6.599202570087383, 53.144517194866765 ], [ 6.598547922396512, 53.144343316926495 ], [ 6.598147320083714, 53.1442350593681 ], [ 6.597669353680882, 53.144104207659431 ], [ 6.59729951985562, 53.144014301776487 ], [ 6.596862359765553, 53.144054131661846 ], [ 6.596664225151733, 53.144069997870673 ], [ 6.59649025613172, 53.14408952010681 ], [ 6.596379714230752, 53.144109390659956 ], [ 6.596346842842126, 53.144126374588133 ], [ 6.59632630378312, 53.144136988359065 ], [ 6.596243212548683, 53.144175399860934 ], [ 6.596082055239711, 53.144229318948582 ], [ 6.595978224812225, 53.144272262044666 ], [ 6.595945973196938, 53.144288970009136 ], [ 6.595892007011247, 53.144335238383277 ], [ 6.595874132778822, 53.144375481136045 ], [ 6.595867185161786, 53.144391107095146 ], [ 6.595874127453364, 53.14456119026579 ], [ 6.59589748944944, 53.144698890692069 ], [ 6.59593193470877, 53.144839543768967 ], [ 6.595993068926255, 53.144956409579642 ], [ 6.595994363145873, 53.144958867853184 ], [ 6.59611910307921, 53.145191145565462 ], [ 6.596118750918745, 53.145247621201328 ], [ 6.596045782037363, 53.145341944187813 ], [ 6.595961232327569, 53.145406386510878 ], [ 6.595884727509307, 53.145443104713934 ], [ 6.595856602919856, 53.145445976518133 ], [ 6.595823589920204, 53.14544935593473 ], [ 6.595788134987318, 53.145459499952246 ], [ 6.595681487738232, 53.145480346039513 ], [ 6.595588199309343, 53.14548766723285 ], [ 6.59426953666618, 53.145317961217401 ], [ 6.593556037337818, 53.145240716066468 ], [ 6.593527147905048, 53.145237591946199 ], [ 6.593395887323894, 53.145237663996483 ], [ 6.592977659739175, 53.145167247605734 ], [ 6.592427129682032, 53.145100218319214 ], [ 6.59213452647213, 53.145068292453551 ], [ 6.59171080591135, 53.145027573818673 ], [ 6.591049775886573, 53.144985715017789 ], [ 6.590750481774093, 53.144959289913537 ], [ 6.590735033871808, 53.144957926311506 ], [ 6.590655301282283, 53.144947987983798 ], [ 6.590542811764863, 53.14494687988396 ], [ 6.590359446780513, 53.144947444830279 ], [ 6.589803002512754, 53.144988554186071 ], [ 6.589504412423762, 53.145016550970197 ], [ 6.589458854014669, 53.145020827344148 ], [ 6.589269761856141, 53.145073022382313 ], [ 6.588911714842127, 53.145139888129656 ], [ 6.588503969641497, 53.145209479671436 ], [ 6.58829879481525, 53.145276302854178 ], [ 6.588185443385029, 53.145322848308503 ], [ 6.58805216690389, 53.145385005385755 ], [ 6.587964215720356, 53.145436085981352 ], [ 6.587894884049009, 53.145513984796288 ], [ 6.587819232723336, 53.145610872727993 ], [ 6.58778416171358, 53.145665143868939 ], [ 6.587749343255538, 53.145767904335138 ], [ 6.587794254699312, 53.145891802445277 ], [ 6.587843305391964, 53.146005405320338 ], [ 6.587862897423937, 53.146110981689432 ], [ 6.587858140164458, 53.146189572506422 ], [ 6.587852343154432, 53.14625977123805 ], [ 6.587840712219664, 53.146400456637352 ], [ 6.58783704025657, 53.146520905282728 ], [ 6.587824578647494, 53.146617061253053 ], [ 6.58782085835163, 53.146691004565838 ], [ 6.587873505356757, 53.146804894897109 ], [ 6.587897918520852, 53.14685250411145 ], [ 6.587906065713665, 53.146928035984047 ], [ 6.587792624759386, 53.147246580185076 ], [ 6.587776467981387, 53.14729193579052 ], [ 6.587783140568924, 53.14748469501334 ], [ 6.587743301983671, 53.147802789324366 ], [ 6.5875995913901, 53.148024347238291 ], [ 6.587595634512613, 53.148030434869341 ], [ 6.587577693401158, 53.148232579978789 ], [ 6.58751034085389, 53.148444664890334 ], [ 6.587444630222812, 53.148588713548641 ], [ 6.587374554059901, 53.148702538931282 ], [ 6.587373392800865, 53.148710261082847 ], [ 6.587361278276281, 53.148790408275516 ], [ 6.587311763061514, 53.148977358551932 ], [ 6.587274112968474, 53.149176061314527 ], [ 6.587236548490534, 53.149282901951324 ], [ 6.587185453190735, 53.149355656994906 ], [ 6.58714524351527, 53.149391305109383 ], [ 6.587144805895449, 53.14939169591554 ], [ 6.586901239181008, 53.149712799809656 ], [ 6.586756864373786, 53.149945299867298 ], [ 6.586736919237199, 53.149971605617559 ], [ 6.586543826899432, 53.150226286660669 ], [ 6.586481048705055, 53.150309088486658 ], [ 6.58630620610901, 53.150543267745419 ], [ 6.586260373154236, 53.15060534751489 ], [ 6.586209191607203, 53.150675101422294 ], [ 6.586186233512461, 53.150781597822942 ], [ 6.586175960866429, 53.150937025246122 ], [ 6.586161114128466, 53.151137287704181 ], [ 6.586102252261176, 53.151195309967441 ], [ 6.586101058876515, 53.151196481178111 ], [ 6.586072325009234, 53.151256349851046 ], [ 6.586031848998522, 53.151391032698356 ], [ 6.585995540299483, 53.151505615722272 ], [ 6.585989779965862, 53.151523799336104 ], [ 6.585974016969763, 53.151549478977984 ], [ 6.585922609742047, 53.151633281063887 ], [ 6.585921722944903, 53.15163472779119 ], [ 6.585819620609972, 53.151776227641896 ], [ 6.585811299208536, 53.151787759804158 ], [ 6.585748312140707, 53.151875029614246 ], [ 6.585739515915857, 53.151887231528384 ], [ 6.585732403605417, 53.151897080083877 ], [ 6.585712999448567, 53.151923541985987 ], [ 6.585711515806667, 53.151925569822879 ], [ 6.585679607514007, 53.151969078544511 ], [ 6.585789679568087, 53.152029113761202 ], [ 6.585752719149651, 53.152076968623525 ], [ 6.58581870891437, 53.152106297032319 ], [ 6.586015482573221, 53.152190492665198 ], [ 6.585980566523073, 53.152227408415726 ], [ 6.585925375173462, 53.152285780272159 ], [ 6.584755874368498, 53.153522453583705 ], [ 6.584656175403076, 53.153486766350582 ], [ 6.584583096176861, 53.153460608507942 ], [ 6.584532937453376, 53.15344266008033 ], [ 6.584521341846357, 53.153509366660529 ], [ 6.584528247543128, 53.153584497588398 ], [ 6.584539341313108, 53.153705130790492 ], [ 6.584488801770053, 53.154155262407009 ], [ 6.584514378069546, 53.154226001087288 ], [ 6.58464254982511, 53.15430518672305 ], [ 6.584661889332247, 53.154315256214495 ], [ 6.585026005389981, 53.154504865887418 ], [ 6.585124934003812, 53.154578546890903 ], [ 6.585339537588164, 53.154738385408741 ], [ 6.585411666752607, 53.154795493169573 ], [ 6.585693735149023, 53.155018820961509 ], [ 6.585743565791752, 53.155057243672232 ], [ 6.586120734551861, 53.155348025503969 ], [ 6.586160376527757, 53.155378587824565 ], [ 6.586474613494049, 53.155582576362569 ], [ 6.586641453781801, 53.155690884982818 ], [ 6.586868302529015, 53.155868697267685 ], [ 6.58711939122991, 53.156065515771203 ], [ 6.587124373265622, 53.156069420002225 ], [ 6.587089330693178, 53.156225957933366 ], [ 6.587014948786153, 53.156382889628802 ], [ 6.586907617081703, 53.156488082698857 ], [ 6.586757821195764, 53.156552658835835 ], [ 6.586705313648507, 53.156575300320597 ], [ 6.586476161492079, 53.156659946458049 ], [ 6.586257054711202, 53.156709470886582 ], [ 6.58593614675054, 53.1567789388126 ], [ 6.585749448014135, 53.156861271780734 ], [ 6.585563271877526, 53.156962516012825 ], [ 6.585504542089962, 53.157016438604941 ], [ 6.585417366282073, 53.157096499963139 ], [ 6.585246337841588, 53.157253021583337 ], [ 6.584925858454163, 53.157546311582628 ], [ 6.584818141190159, 53.157637307720826 ], [ 6.584724592734175, 53.157671375919669 ], [ 6.584552056844664, 53.157696761206189 ], [ 6.584214222836164, 53.157723806039805 ], [ 6.583923736393996, 53.157755104168814 ], [ 6.583720113598256, 53.157794997426521 ], [ 6.583572500088342, 53.157867464893272 ], [ 6.583529626162891, 53.157930457450192 ], [ 6.583527097494507, 53.157934176176347 ], [ 6.583474627272601, 53.158087103433985 ], [ 6.583464994306639, 53.158154598999261 ], [ 6.58344823129138, 53.158271951427594 ], [ 6.583455289430044, 53.158527459601615 ], [ 6.583452664837642, 53.158635414730774 ], [ 6.583447915307973, 53.158830444146126 ], [ 6.583335322355202, 53.159246388615898 ], [ 6.583333586016396, 53.159252813378743 ], [ 6.583295062715403, 53.15936295096617 ], [ 6.583262137819212, 53.159457090471285 ], [ 6.583251855691084, 53.159486489336913 ], [ 6.583145683535643, 53.159634272649384 ], [ 6.583054800490987, 53.159726078662338 ], [ 6.582984805346999, 53.159796791410386 ], [ 6.582792838237289, 53.159973827811655 ], [ 6.582486423989429, 53.160284521287252 ], [ 6.582465915893942, 53.160303696455053 ], [ 6.582194715944611, 53.160557206846278 ], [ 6.582041316926579, 53.160705459873704 ], [ 6.581911650177527, 53.160858203107701 ], [ 6.581903297296669, 53.160871945958164 ], [ 6.581797151725691, 53.161046453777963 ], [ 6.581697842239878, 53.161252535114158 ], [ 6.581680233606767, 53.161375763799327 ], [ 6.581704194506171, 53.161482806814391 ], [ 6.581781320214759, 53.161614563331653 ], [ 6.58186318594369, 53.161727337839068 ], [ 6.581955545854528, 53.161840007698189 ], [ 6.582016322942496, 53.161949837991337 ], [ 6.582023571677965, 53.162022332354262 ], [ 6.582020065577626, 53.16208547104511 ], [ 6.581984453944573, 53.162126849710106 ], [ 6.581932840218592, 53.162158915995995 ], [ 6.581865398653506, 53.16218798570921 ], [ 6.581766271569811, 53.162211062557596 ], [ 6.58164556246172, 53.162212265364104 ], [ 6.581424507912605, 53.162192378744599 ], [ 6.581372513752762, 53.162188439365842 ], [ 6.581093064483651, 53.162167282600535 ], [ 6.580972162909807, 53.162174516638672 ], [ 6.580853280807167, 53.162191004591449 ], [ 6.580842958155661, 53.162192437390829 ], [ 6.580731218432653, 53.162203866553646 ], [ 6.580735192689645, 53.162310075257217 ], [ 6.580788697501488, 53.16246428235543 ], [ 6.580854354095906, 53.162523380339039 ], [ 6.580938777750088, 53.162583064250462 ], [ 6.581096255088658, 53.162721174302234 ], [ 6.581238892312038, 53.162825921030475 ], [ 6.581285362110761, 53.162869168853831 ], [ 6.581341546291318, 53.162921450250145 ], [ 6.581344431482379, 53.162924135454979 ], [ 6.581376095311006, 53.163134267612435 ], [ 6.581401412567411, 53.163315418370232 ], [ 6.581416507718035, 53.1633943049004 ], [ 6.581432400043514, 53.163454383576394 ], [ 6.581455052611624, 53.163477648809 ], [ 6.581485966753025, 53.163497389874841 ], [ 6.581514700327345, 53.163584444109411 ], [ 6.581450355408776, 53.163583836006602 ], [ 6.581383829505818, 53.163579511181396 ], [ 6.581302239605429, 53.163558693240567 ], [ 6.581271564926873, 53.163545465007374 ], [ 6.581217900453115, 53.16352168186576 ], [ 6.581123696654252, 53.163479942889829 ], [ 6.58091542291947, 53.16340481336168 ], [ 6.580702103576838, 53.163327253415098 ], [ 6.580499715398486, 53.16325077050864 ], [ 6.580326525680851, 53.16319417151265 ], [ 6.580133228599213, 53.163149652610613 ], [ 6.579995960059334, 53.163112717756562 ], [ 6.579872410781915, 53.163063559315354 ], [ 6.579759644106082, 53.163015533628545 ], [ 6.57972554440988, 53.162998987085047 ], [ 6.579605194586551, 53.162940558348247 ], [ 6.579573610643012, 53.162925226884887 ], [ 6.57948571816074, 53.162885598608206 ], [ 6.579396576249171, 53.162855436566232 ], [ 6.579349128629848, 53.162840145984177 ], [ 6.579242046326781, 53.162818232180157 ], [ 6.579124422405172, 53.162799577381897 ], [ 6.579025531709664, 53.162777563964141 ], [ 6.578910930084406, 53.162745929261483 ], [ 6.578821647718675, 53.162712811610085 ], [ 6.578663837521509, 53.162651456229966 ], [ 6.578502352548241, 53.162582606416862 ], [ 6.578321410935511, 53.162516340143149 ], [ 6.578155114095495, 53.162462778901855 ], [ 6.577925957445476, 53.162392389911652 ], [ 6.577719301880414, 53.162331123058706 ], [ 6.577524805997156, 53.1622791979703 ], [ 6.577377757887497, 53.162245322818457 ], [ 6.577284741673324, 53.162220985036207 ], [ 6.577213270719937, 53.162194959506472 ], [ 6.577099793260048, 53.162149715247274 ], [ 6.576768349665029, 53.162000951972587 ], [ 6.57641369033861, 53.161847403596646 ], [ 6.576216625557915, 53.161772577150089 ], [ 6.576120050868636, 53.161736204805194 ], [ 6.576018386483965, 53.161713227914156 ], [ 6.575855505854691, 53.161686939816001 ], [ 6.575693573172463, 53.161645607569298 ], [ 6.575507147266312, 53.161586239225393 ], [ 6.57530341163254, 53.161517228822333 ], [ 6.574943845018438, 53.161381769806184 ], [ 6.574789767739947, 53.161325297026259 ], [ 6.574633954894357, 53.161270404904997 ], [ 6.574462875479907, 53.161229664861594 ], [ 6.574310517167123, 53.161188945873725 ], [ 6.574039238152134, 53.1610901826689 ], [ 6.573450817225019, 53.160903263117604 ], [ 6.572860603894835, 53.160709124244441 ], [ 6.57252593325269, 53.160595015502366 ], [ 6.572139311389876, 53.16046415618662 ], [ 6.571567639977621, 53.16028767503748 ], [ 6.570993721225712, 53.160083507793559 ], [ 6.570390736662215, 53.159883533880475 ], [ 6.569809341740001, 53.159694280617408 ], [ 6.569369380131604, 53.159544482751414 ], [ 6.568608711862471, 53.159290634778657 ], [ 6.568175651240396, 53.159140288267686 ], [ 6.565545925067995, 53.158258030724312 ], [ 6.565238246862611, 53.158154797779908 ], [ 6.565074317862404, 53.158100215743985 ], [ 6.564341733616668, 53.157856255725434 ], [ 6.563890388791688, 53.157705956600218 ], [ 6.563687461755372, 53.157638374513873 ], [ 6.563641891187609, 53.15771927847571 ], [ 6.563596106495125, 53.157800561954048 ], [ 6.563423046322792, 53.158238108508804 ], [ 6.563390914802696, 53.158302462032388 ], [ 6.563337398827207, 53.15840960369303 ], [ 6.563177408469368, 53.158689954452335 ], [ 6.563170786397378, 53.158701567146835 ], [ 6.56315814148808, 53.158723735228456 ], [ 6.563096960272569, 53.159037022733415 ], [ 6.563069934196966, 53.15917545618062 ], [ 6.563069768665732, 53.159176518218224 ], [ 6.563061902861991, 53.159224925085603 ], [ 6.563057547918547, 53.159251756733624 ], [ 6.563057189887227, 53.159253988911971 ], [ 6.563039409586465, 53.159363457836669 ], [ 6.563021001437821, 53.159514783308346 ], [ 6.563017164415255, 53.159548026273214 ], [ 6.56298120950096, 53.159653341930934 ], [ 6.562972791104154, 53.159682505000532 ], [ 6.562958781590477, 53.159730972113159 ], [ 6.562934632886416, 53.159814613199551 ], [ 6.562927334278551, 53.159839865115622 ], [ 6.562896077541521, 53.159948073257603 ], [ 6.56287195998947, 53.160107767233612 ], [ 6.562856605800178, 53.160209699541447 ], [ 6.562743733711772, 53.16051150557432 ], [ 6.56274350551924, 53.160511912207028 ], [ 6.562641687860229, 53.160698833446077 ], [ 6.562528159666237, 53.160988136362967 ], [ 6.562521041200386, 53.161006269126531 ], [ 6.562496497290005, 53.161068795558492 ], [ 6.562371976961504, 53.161374615491951 ], [ 6.562316564060219, 53.161510711835788 ], [ 6.562308195553006, 53.161531274218426 ], [ 6.562115136272279, 53.162005373790123 ], [ 6.56211119658146, 53.162015028010124 ], [ 6.562102897991962, 53.162035418944086 ], [ 6.562015281870916, 53.162250552884295 ], [ 6.562003884793287, 53.162278540848035 ], [ 6.561998053012381, 53.162292859650861 ], [ 6.561960189117426, 53.162385855056186 ], [ 6.561873526772359, 53.162624623115512 ], [ 6.561815330666596, 53.162762966100736 ], [ 6.561800609000739, 53.16279794220096 ], [ 6.561749194731743, 53.162905736330892 ], [ 6.561682642967497, 53.163027679778196 ], [ 6.561623596370737, 53.163140221621532 ], [ 6.561569759023337, 53.163300395000448 ], [ 6.561493324554309, 53.163527730460963 ], [ 6.561488039448656, 53.163543472736237 ], [ 6.561458386808734, 53.163631660574758 ], [ 6.561438143681502, 53.163679199968627 ], [ 6.561373855804846, 53.163830111609848 ], [ 6.561359291619772, 53.163864304267342 ], [ 6.56131846633041, 53.163960132210541 ], [ 6.561293090942164, 53.164019691911939 ], [ 6.561260237299686, 53.164096839614629 ], [ 6.561131490456866, 53.164399077660185 ], [ 6.561014566953328, 53.164759118002287 ], [ 6.560968239199358, 53.164908523488045 ], [ 6.560945177948637, 53.164982879234138 ], [ 6.560897593108193, 53.165148814242677 ], [ 6.560881499758493, 53.165204957931216 ], [ 6.560860774621051, 53.165277241850248 ], [ 6.560817411885365, 53.165428496403798 ], [ 6.560814324274686, 53.165439265541913 ], [ 6.560806899188298, 53.165464895941142 ], [ 6.560784459929067, 53.165534635456986 ], [ 6.560775010573052, 53.165573855339339 ], [ 6.560773559648954, 53.165579908495282 ], [ 6.560751368337478, 53.165672040021889 ], [ 6.560749500232496, 53.16567980470294 ], [ 6.560708376040729, 53.165820990332243 ], [ 6.560706967461257, 53.165825847863019 ], [ 6.560703109570374, 53.165839095833825 ], [ 6.560689697423855, 53.165889354014276 ], [ 6.560676819184295, 53.165931725774783 ], [ 6.560662771245846, 53.165962390541097 ], [ 6.560568726684998, 53.166167655852767 ], [ 6.56053664857621, 53.166237660385448 ], [ 6.560418817206023, 53.166503305223621 ], [ 6.560250244824076, 53.166935068194221 ], [ 6.560127849599315, 53.167260355988255 ], [ 6.559979280289181, 53.167680518823907 ], [ 6.559917212956819, 53.167825476583779 ], [ 6.559879775579459, 53.167900880295313 ], [ 6.559844734717602, 53.167986918573895 ], [ 6.559834420927647, 53.16808095562974 ], [ 6.559825981249196, 53.168156399198736 ], [ 6.559772886848066, 53.168312448328642 ], [ 6.559747592067068, 53.168368529013435 ], [ 6.559674737683014, 53.168560313053014 ], [ 6.559555991947031, 53.168940615793204 ], [ 6.559545369156217, 53.168970258375829 ], [ 6.559527557309914, 53.169019939312172 ], [ 6.559496800923149, 53.16910575582142 ], [ 6.559438304444359, 53.169190522535303 ], [ 6.559319433348304, 53.169340977865559 ], [ 6.5592053973542, 53.169475614451663 ], [ 6.55907796448075, 53.169604306978442 ], [ 6.558904278844646, 53.169741997580992 ], [ 6.558845346711163, 53.169815714810852 ], [ 6.558843833849973, 53.169817284263587 ], [ 6.558803619275478, 53.169865907914151 ], [ 6.558700158964267, 53.169976976823392 ], [ 6.558592581158518, 53.170095625555753 ], [ 6.558532891739643, 53.170209375974579 ], [ 6.558454496870345, 53.170314430415267 ], [ 6.558310482481911, 53.170451183195993 ], [ 6.558180758894639, 53.17059712422153 ], [ 6.558077786198719, 53.170749013531321 ], [ 6.558002887291313, 53.170847374493476 ], [ 6.557982734699008, 53.170867557302856 ], [ 6.557902226616987, 53.170948206626569 ], [ 6.557740238073039, 53.17110289153046 ], [ 6.557644153835956, 53.171236955816852 ], [ 6.557579327837693, 53.171297501747439 ], [ 6.557575269738175, 53.171301738064095 ], [ 6.557345903335091, 53.171541634216005 ], [ 6.557192926593297, 53.171710617776938 ], [ 6.557103018919033, 53.171821543943558 ], [ 6.557096795978893, 53.171829243200932 ], [ 6.557070941946459, 53.171855978725894 ], [ 6.55705204212903, 53.171875511099863 ], [ 6.557044272910673, 53.171883548956153 ], [ 6.556945631199092, 53.171962963635373 ], [ 6.556924265672558, 53.171994750687261 ], [ 6.556830311614336, 53.172071100063945 ], [ 6.556743894022431, 53.172147411793652 ], [ 6.556642250490026, 53.172273531428814 ], [ 6.556586710338409, 53.172336331689266 ], [ 6.556547064501083, 53.172391239520458 ], [ 6.556486934400383, 53.172460752486344 ], [ 6.556444918482102, 53.172486063856709 ], [ 6.556360719198753, 53.17252550896616 ], [ 6.556310679065531, 53.172578226510943 ], [ 6.556259058290864, 53.172650505103192 ], [ 6.556196700446925, 53.172788193317984 ], [ 6.556196496938353, 53.17278841097837 ], [ 6.556009298708244, 53.172986465405934 ], [ 6.555934542899246, 53.173099857978769 ], [ 6.555920820390786, 53.173125612274454 ], [ 6.555893041463278, 53.173156446161464 ], [ 6.555868970571048, 53.173183361727453 ], [ 6.55582804722053, 53.173217603793638 ], [ 6.555774800059423, 53.173246870608736 ], [ 6.55571703946374, 53.173289562295572 ], [ 6.55565800079855, 53.173369129058194 ], [ 6.555570240464213, 53.173478981617762 ], [ 6.555471098375353, 53.173585530136052 ], [ 6.555424945626174, 53.173645488468779 ], [ 6.555364857896239, 53.173718918522965 ], [ 6.555304618361961, 53.173782851287292 ], [ 6.555254605717892, 53.173837796736528 ], [ 6.55520579287613, 53.173908942128882 ], [ 6.555178225275689, 53.17395263346426 ], [ 6.555157495024865, 53.174011373488739 ], [ 6.555144286910425, 53.174068413678164 ], [ 6.555121672273293, 53.174127163062785 ], [ 6.555072159065088, 53.174212837401676 ], [ 6.554978076180122, 53.174282491527222 ], [ 6.554904644815584, 53.174347028836181 ], [ 6.55483244333217, 53.174428889083217 ], [ 6.554807777021074, 53.174477584508686 ], [ 6.554799097570428, 53.174523437284378 ], [ 6.554791299327765, 53.174565363362724 ], [ 6.554748047155281, 53.174630900733639 ], [ 6.554669646727532, 53.174679265636854 ], [ 6.554583693297579, 53.174726535779527 ], [ 6.554529819441292, 53.174776477062515 ], [ 6.554358392474072, 53.174959843958568 ], [ 6.554246280409283, 53.17508041075039 ], [ 6.554192371187611, 53.175185655130726 ], [ 6.554141227890703, 53.175287538571276 ], [ 6.55355994299589, 53.175136236295899 ], [ 6.553452285620948, 53.17525569857991 ], [ 6.552034487130363, 53.176828879935698 ], [ 6.551891818627542, 53.176987178935384 ], [ 6.550352419214327, 53.17869512186563 ], [ 6.550248477126638, 53.178810438153072 ], [ 6.548377594229467, 53.180885727398049 ], [ 6.548188303995554, 53.181097637027818 ], [ 6.547846706598484, 53.180955686477411 ], [ 6.54786506715116, 53.180938057032641 ], [ 6.546790610005599, 53.180497115465258 ], [ 6.545448846178334, 53.179951016778141 ], [ 6.545443809006103, 53.179971842158182 ], [ 6.545011393685993, 53.179784327687919 ], [ 6.544832180255373, 53.179698970051994 ], [ 6.544649009613539, 53.179606569007518 ], [ 6.544536331778771, 53.179550250996208 ], [ 6.543649125743659, 53.179106818105147 ], [ 6.543488559229505, 53.179015985609716 ], [ 6.543330730456353, 53.178925701639187 ], [ 6.543126845027521, 53.178809063795022 ], [ 6.542708866534606, 53.178672355228905 ], [ 6.542467514863647, 53.17867007071716 ], [ 6.542465288415486, 53.178679123572614 ], [ 6.54174391833292, 53.1786103064968 ], [ 6.541705923916414, 53.178689906037384 ], [ 6.541569983652654, 53.178924314878003 ], [ 6.541543693222454, 53.178977264634256 ], [ 6.541495947273389, 53.179068155110748 ], [ 6.541451024947162, 53.179147704419044 ], [ 6.541397163131525, 53.179244297222127 ], [ 6.541343200687721, 53.179337125634518 ], [ 6.541295303228154, 53.179422364984617 ], [ 6.541250468887645, 53.179507484967189 ], [ 6.541216062881712, 53.17956184273968 ], [ 6.541176927756108, 53.179616120201437 ], [ 6.541132859604526, 53.179677256862945 ], [ 6.540926718204634, 53.179914128702244 ], [ 6.5408713803249, 53.17996216358241 ], [ 6.540843557905926, 53.179986317285916 ], [ 6.540804205125094, 53.180018993242363 ], [ 6.540741875607301, 53.180070743826718 ], [ 6.540650068657402, 53.180156405281501 ], [ 6.540594898606292, 53.180204025034406 ], [ 6.540588517171692, 53.180210421872999 ], [ 6.540524658336323, 53.180274408639875 ], [ 6.540430025882011, 53.180371393076484 ], [ 6.540329528325025, 53.180483504134116 ], [ 6.540234995514789, 53.180584261760735 ], [ 6.540171120501367, 53.180658349264753 ], [ 6.540155949300787, 53.180677330762627 ], [ 6.54011952654486, 53.180722891854892 ], [ 6.540052726078367, 53.180804538072643 ], [ 6.54004035997012, 53.180819322867308 ], [ 6.539994968847399, 53.180873579169919 ], [ 6.539946213897042, 53.180926789415103 ], [ 6.539879197302129, 53.181000906948974 ], [ 6.539858531565875, 53.181021972162206 ], [ 6.539812044921986, 53.181069373262865 ], [ 6.539768166604523, 53.181115859614252 ], [ 6.539751043114326, 53.181134006106582 ], [ 6.539708353309508, 53.181179627297077 ], [ 6.539656156317307, 53.181221574514602 ], [ 6.539591527198944, 53.181267415496443 ], [ 6.539536204096192, 53.181309383714819 ], [ 6.53944997127917, 53.181368615356291 ], [ 6.53935752194036, 53.18142978483251 ], [ 6.539249750251579, 53.181504293563442 ], [ 6.539186251817044, 53.181544875361865 ], [ 6.539147993620587, 53.181569317614731 ], [ 6.539033939959111, 53.181643886490235 ], [ 6.538975525653639, 53.181687780272938 ], [ 6.538910894880185, 53.181733611900874 ], [ 6.538827801006769, 53.18179281292776 ], [ 6.538747696938873, 53.181846323714915 ], [ 6.538673962150751, 53.181895217152352 ], [ 6.538658321322541, 53.181905584942491 ], [ 6.538544330845125, 53.181982030895348 ], [ 6.538430275057177, 53.182056599192798 ], [ 6.538269982557692, 53.182160529626735 ], [ 6.538143493153187, 53.182238982314601 ], [ 6.538121232204564, 53.182253556326913 ], [ 6.538032526505432, 53.18231163341347 ], [ 6.537881155789337, 53.182397855245824 ], [ 6.537726493768578, 53.182478464965179 ], [ 6.53750068063987, 53.182595541074733 ], [ 6.53744522104884, 53.182619006486121 ], [ 6.537314519744054, 53.182670799915996 ], [ 6.537127907693581, 53.182729105351406 ], [ 6.536882276620815, 53.182808699097407 ], [ 6.536686306053591, 53.18286897172576 ], [ 6.536546901521269, 53.18291137600896 ], [ 6.536456097048723, 53.182938998952331 ], [ 6.536297604447378, 53.18299326826083 ], [ 6.53615468503269, 53.183043613838649 ], [ 6.536053355526645, 53.183082210919046 ], [ 6.535946679462051, 53.18312284513464 ], [ 6.535859805665138, 53.183158248176959 ], [ 6.535713994580774, 53.183218047703853 ], [ 6.535534159227059, 53.183295121312362 ], [ 6.535415960296221, 53.18335481780867 ], [ 6.535401080126742, 53.183362329172716 ], [ 6.535261898922077, 53.183435247776856 ], [ 6.53515361563182, 53.183490921999713 ], [ 6.535036174210635, 53.183556092592475 ], [ 6.534944319369155, 53.18360342271653 ], [ 6.534853630132626, 53.18365014850756 ], [ 6.534677566722023, 53.183751681753726 ], [ 6.534666631321166, 53.183758463320977 ], [ 6.534615869233821, 53.183789943288382 ], [ 6.534477619361605, 53.183898654043695 ], [ 6.534420360950381, 53.18394862727552 ], [ 6.534409701776846, 53.183957931367004 ], [ 6.534348890777133, 53.184011029885539 ], [ 6.53432695892844, 53.184035278423877 ], [ 6.534325316507287, 53.184037091423946 ], [ 6.534281859599885, 53.184085135273541 ], [ 6.53421218676834, 53.184178110462376 ], [ 6.534184288397753, 53.184222779324074 ], [ 6.534120899390296, 53.184324258432184 ], [ 6.534117613217268, 53.184329528958088 ], [ 6.534052193465818, 53.184437938021489 ], [ 6.534006774647543, 53.184537295142512 ], [ 6.534004483857506, 53.184542304525465 ], [ 6.533939862288598, 53.184683677142274 ], [ 6.533904408434291, 53.184763348478747 ], [ 6.533857885396145, 53.184867919237085 ], [ 6.533812548255935, 53.184969827633203 ], [ 6.533793020802238, 53.185013706420058 ], [ 6.533763394003981, 53.185089727412624 ], [ 6.533720656104546, 53.185199411143508 ], [ 6.533651049926512, 53.185378017108086 ], [ 6.533623748111363, 53.185448075790255 ], [ 6.533610330785696, 53.18548317029353 ], [ 6.533607071279658, 53.185491711611711 ], [ 6.533529856054718, 53.185693728004466 ], [ 6.533463622753265, 53.185866999581428 ], [ 6.533359444721162, 53.186139529517021 ], [ 6.533336905187758, 53.186198507249884 ], [ 6.533250462890984, 53.186422223964428 ], [ 6.533178315123034, 53.186608950625207 ], [ 6.53317572508744, 53.186615661283547 ], [ 6.533175053307022, 53.186617411071545 ], [ 6.533116234274827, 53.186769646182462 ], [ 6.533043875276097, 53.186956913938062 ], [ 6.532984094083891, 53.187088669083458 ], [ 6.532861363810667, 53.187359147050365 ], [ 6.532810600313972, 53.187471018825988 ], [ 6.532744399754103, 53.18761691688173 ], [ 6.532622048956905, 53.187886582133743 ], [ 6.532613000045361, 53.187905899522868 ], [ 6.532582283965989, 53.18797144336331 ], [ 6.532489994158522, 53.188168399688848 ], [ 6.532407333307974, 53.188344801876617 ], [ 6.532314901603736, 53.188547762322685 ], [ 6.532301285004829, 53.188577664377284 ], [ 6.532277840745692, 53.18862912884358 ], [ 6.532210141829486, 53.188775642922622 ], [ 6.532204481319054, 53.188787891548976 ], [ 6.53212456861733, 53.188960807478558 ], [ 6.532075604906938, 53.189066766581313 ], [ 6.531993682198001, 53.189244051019593 ], [ 6.531978115273981, 53.189277727970975 ], [ 6.531936794745227, 53.189370619671791 ], [ 6.531911375095368, 53.189427755364612 ], [ 6.531864023938149, 53.189534193219856 ], [ 6.531785208184662, 53.189711348972672 ], [ 6.531784275847285, 53.189713433734831 ], [ 6.531703228656812, 53.189895625140018 ], [ 6.531663572696267, 53.189984744509893 ], [ 6.531626148331856, 53.190068864089589 ], [ 6.531599047635531, 53.190129790036764 ], [ 6.531566038852812, 53.190204368808693 ], [ 6.531560885122487, 53.190215992497748 ], [ 6.531494781234653, 53.190365294609379 ], [ 6.531461419044462, 53.190440667521472 ], [ 6.531447907415945, 53.190471188514529 ], [ 6.531372146596592, 53.19064234778876 ], [ 6.531367303792947, 53.190653285532775 ], [ 6.531325695279478, 53.190747267068389 ], [ 6.531281971567664, 53.190846139403305 ], [ 6.531157010240569, 53.19112866925321 ], [ 6.531156642694835, 53.191129481536741 ], [ 6.531086446238032, 53.191288213204565 ], [ 6.531040052668613, 53.191393104832272 ], [ 6.531007961327785, 53.191465670685851 ], [ 6.530979085243779, 53.191530252884974 ], [ 6.530975991677958, 53.191537183956868 ], [ 6.530909650847718, 53.191685598259134 ], [ 6.530862932080184, 53.19179010648422 ], [ 6.530796576234072, 53.191938547809002 ], [ 6.530753374397016, 53.192035177302941 ], [ 6.530695366808176, 53.192164928087912 ], [ 6.530667086978768, 53.192231158006813 ], [ 6.530594449586729, 53.192401271407178 ], [ 6.530500704125111, 53.192620840506017 ], [ 6.530463560426114, 53.192707823611428 ], [ 6.530457036494821, 53.192723108784939 ], [ 6.53035834710391, 53.192949293934554 ], [ 6.530260065349354, 53.193174522534704 ], [ 6.530260939806116, 53.193256317518134 ], [ 6.53026313724386, 53.193461231714245 ], [ 6.530256731159898, 53.193474188268006 ], [ 6.530065041256575, 53.193862340805865 ], [ 6.530052567475189, 53.193886911687308 ], [ 6.530051814250885, 53.193888419594991 ], [ 6.529962664409603, 53.194064099643256 ], [ 6.529961313012182, 53.194066754523639 ], [ 6.529902429818106, 53.194182808873258 ], [ 6.529898678341595, 53.194192037711488 ], [ 6.529896192078821, 53.19419818114357 ], [ 6.529885079877491, 53.19422558772343 ], [ 6.529807968011406, 53.194415755855388 ], [ 6.529738076453943, 53.194588115972593 ], [ 6.52972245711926, 53.194626178414559 ], [ 6.529566181529772, 53.195007144953173 ], [ 6.529492738327179, 53.195186179662436 ], [ 6.529528927343619, 53.19519492026118 ], [ 6.529528927343863, 53.195194920261272 ], [ 6.530491980940431, 53.195559273289312 ], [ 6.530491980940598, 53.195559273289348 ], [ 6.530491980940595, 53.195559273289348 ], [ 6.530491980940599, 53.195559273289348 ], [ 6.515715198228867, 53.198308149669629 ], [ 6.515715198228875, 53.198308149669629 ], [ 6.515715198228861, 53.198308149669629 ], [ 6.515400187935528, 53.19807297395986 ], [ 6.515141614254726, 53.197917604955805 ], [ 6.515048845632188, 53.197861863095653 ], [ 6.51498096668078, 53.197832639595624 ], [ 6.51503648385263, 53.19777402065931 ], [ 6.515002241446019, 53.197756684393049 ], [ 6.514903017473407, 53.197706448862064 ], [ 6.51483486672853, 53.197671952831293 ], [ 6.514849115638158, 53.197661143057729 ], [ 6.514864171938353, 53.197649732590882 ], [ 6.514501297422806, 53.197474772916983 ], [ 6.514500236574392, 53.197474261677243 ], [ 6.513521078320773, 53.1970021586991 ], [ 6.513427558417555, 53.196957062522571 ], [ 6.513385989039731, 53.196937017803997 ], [ 6.513298203345227, 53.197001231914555 ], [ 6.51329295361376, 53.197008811785871 ], [ 6.513288381327238, 53.197016547051675 ], [ 6.513284471057363, 53.197024419884158 ], [ 6.513281251790545, 53.197032394065751 ], [ 6.513278222134461, 53.197042478265985 ], [ 6.513276287424115, 53.197052660023104 ], [ 6.513275461451641, 53.197062894275788 ], [ 6.513275758009206, 53.197073135962711 ], [ 6.513277161201198, 53.197083349287539 ], [ 6.513279001799662, 53.19709599381433 ], [ 6.513279661193969, 53.197108676389568 ], [ 6.51327916836922, 53.19712136079562 ], [ 6.51327749246712, 53.197134011376697 ], [ 6.51327464751193, 53.197146592055489 ], [ 6.513270662021026, 53.197159048645972 ], [ 6.513265535525676, 53.197171363179677 ], [ 6.513259266621625, 53.197183481751367 ], [ 6.513251899488965, 53.19719537698694 ], [ 6.513243448152243, 53.197207012809045 ], [ 6.513233941363081, 53.197218344015631 ], [ 6.513223393146216, 53.19722933452929 ], [ 6.513211847916017, 53.197239965960044 ], [ 6.513199349619216, 53.197250201949558 ], [ 6.513185912047009, 53.19725999743612 ], [ 6.513171609535935, 53.197269333748928 ], [ 6.513156456345187, 53.197278183794694 ], [ 6.513140511616795, 53.197286520058768 ], [ 6.513123834259066, 53.197294306042323 ], [ 6.513106453726357, 53.197301523495881 ], [ 6.51308842939495, 53.197308153889054 ], [ 6.513069835602178, 53.19731417855099 ], [ 6.513050701802726, 53.197319579232236 ], [ 6.513031117061233, 53.197324328137483 ], [ 6.513011111066442, 53.197328416001447 ], [ 6.51299075862377, 53.197331842121791 ], [ 6.512970118876292, 53.197334578984197 ], [ 6.512949266629571, 53.197336625886379 ], [ 6.512928246767357, 53.197337982407028 ], [ 6.512907148588579, 53.197338629735228 ], [ 6.512886017444678, 53.19733858541808 ], [ 6.512864912712765, 53.197337830925534 ], [ 6.512843924393251, 53.197336374399491 ], [ 6.512823097603728, 53.197334224402894 ], [ 6.51280249242267, 53.197331389358411 ], [ 6.512782198616571, 53.197327868423876 ], [ 6.512762246575736, 53.197323679286953 ], [ 6.512542049072829, 53.197430328830301 ], [ 6.509960897675279, 53.198680366185414 ], [ 6.509944467504664, 53.198691375508751 ], [ 6.509928795890651, 53.198702782116243 ], [ 6.509913927018052, 53.198714558635494 ], [ 6.509899860887142, 53.198726705066846 ], [ 6.509886656177948, 53.198739175929433 ], [ 6.5098742976963, 53.198751962379482 ], [ 6.509862829860592, 53.198765046028726 ], [ 6.509852251971822, 53.198778399924848 ], [ 6.509842608448578, 53.198792005679621 ], [ 6.509833898358812, 53.19880582735658 ], [ 6.509826151626206, 53.198819864675848 ], [ 6.509819352124194, 53.198834072856606 ], [ 6.509819052030818, 53.198847303599173 ], [ 6.509816760160919, 53.19895042564891 ], [ 6.509815440374927, 53.199009703096117 ], [ 6.509467424905223, 53.199041392538213 ], [ 6.509387653823358, 53.199047476760448 ], [ 6.509254571803718, 53.199079904420159 ], [ 6.509143268483521, 53.199106161280497 ], [ 6.508987147041869, 53.199142910904293 ], [ 6.508825946577967, 53.199195604696506 ], [ 6.508669047266669, 53.19927279083285 ], [ 6.508507853466573, 53.199371377492788 ], [ 6.508250392234538, 53.199530209620249 ], [ 6.508039187318859, 53.1996561322429 ], [ 6.508025862108531, 53.19966629452211 ], [ 6.507876030979812, 53.199758214083175 ], [ 6.507610122167942, 53.199901352643614 ], [ 6.507435052629611, 53.199978059816154 ], [ 6.507374663862882, 53.200004522466351 ], [ 6.507343130525987, 53.200018350396746 ], [ 6.507253082084343, 53.200046626617855 ], [ 6.50716208340766, 53.200075199205983 ], [ 6.507146273680096, 53.200080163505461 ], [ 6.506965162195761, 53.200124719272779 ], [ 6.506859257196028, 53.200144031045966 ], [ 6.506844706842174, 53.200145038537791 ], [ 6.506784870694108, 53.200148355850153 ], [ 6.506711355715678, 53.200140675683549 ], [ 6.506610716466797, 53.200124639669163 ], [ 6.506502924265545, 53.20010746614458 ], [ 6.506075549106377, 53.200029767309786 ], [ 6.506000313411586, 53.200015722444377 ], [ 6.50597135018355, 53.200010322189534 ], [ 6.50580886379481, 53.199979998887997 ], [ 6.505166553194443, 53.199861031692478 ], [ 6.504926510606659, 53.199812504739242 ], [ 6.504148066518223, 53.199655350439883 ], [ 6.504048672887425, 53.199635310745705 ], [ 6.503352598036845, 53.199506329418078 ], [ 6.503322705902884, 53.199499121926664 ], [ 6.50312552570269, 53.199455144039604 ], [ 6.502886779405274, 53.199407957908875 ], [ 6.502604152014904, 53.199355994229073 ], [ 6.502502566942998, 53.199342030443525 ], [ 6.502441787688428, 53.199331955707024 ], [ 6.502354631594495, 53.199316923061602 ], [ 6.502311542521412, 53.199313279782373 ], [ 6.502272144483957, 53.199305944728543 ], [ 6.50223946242961, 53.199294413507644 ], [ 6.50197211426482, 53.199244121557022 ], [ 6.501838096611801, 53.199217248678607 ], [ 6.501731452886023, 53.199196276961054 ], [ 6.500630719320907, 53.198985318320339 ], [ 6.500190891216801, 53.19889970738727 ], [ 6.49987574500299, 53.198846331638038 ], [ 6.499606715483558, 53.198804344446565 ], [ 6.499536673601919, 53.198793078084208 ], [ 6.499463382103219, 53.198784052457221 ], [ 6.499404749333295, 53.198768932914291 ], [ 6.499281088065507, 53.198741961167848 ], [ 6.498832577980006, 53.198661880490953 ], [ 6.498353221581411, 53.198568199979647 ], [ 6.497937198512068, 53.198480913505918 ], [ 6.497485425026905, 53.198380764554649 ], [ 6.497452874948931, 53.198373130894687 ], [ 6.497416261048524, 53.198363423046786 ], [ 6.497122315653024, 53.198282174892967 ], [ 6.496795085686153, 53.198200775626411 ], [ 6.496618593691371, 53.198161816798915 ], [ 6.496508065723046, 53.198145567266067 ], [ 6.496472454753398, 53.198140522759758 ], [ 6.496354442534781, 53.198132367111597 ], [ 6.496341294775138, 53.198131446270359 ], [ 6.496121139934702, 53.198123569853344 ], [ 6.496009459626823, 53.198127738520114 ], [ 6.495944254349292, 53.198134604749832 ], [ 6.49574846210146, 53.198157667116085 ], [ 6.495650233081082, 53.198171101868297 ], [ 6.495577509050769, 53.198177138743667 ], [ 6.495407914326225, 53.19819414430328 ], [ 6.495365806563675, 53.198198361515615 ], [ 6.495117850362364, 53.198211067224378 ], [ 6.495028481663336, 53.198211119828031 ], [ 6.494941719928081, 53.198209539732837 ], [ 6.494879272624563, 53.198207240793906 ], [ 6.494606260353442, 53.198195796859004 ], [ 6.494554316545763, 53.198196932414028 ], [ 6.494476682167462, 53.198195303664995 ], [ 6.494317714868866, 53.198207159246998 ], [ 6.494227144169636, 53.198217547662701 ], [ 6.494025416660999, 53.198273048784245 ], [ 6.493852045897129, 53.198335521955329 ], [ 6.493730768731452, 53.19838576017635 ], [ 6.493626527110892, 53.198433297998918 ], [ 6.49350490587698, 53.198497018680527 ], [ 6.493455952101474, 53.198524968397606 ], [ 6.493334658564765, 53.198599181931641 ], [ 6.493243229829407, 53.19866735072776 ], [ 6.493207965991988, 53.198707485399304 ], [ 6.493164148563451, 53.198778306419008 ], [ 6.493087286359417, 53.198936267136396 ], [ 6.492962362150711, 53.199248436196434 ], [ 6.492956633748546, 53.199259685987919 ], [ 6.49293938577966, 53.199316737528143 ], [ 6.492914776877364, 53.199406063973143 ], [ 6.492842406311725, 53.199647313440146 ], [ 6.492800249491096, 53.199820626193947 ], [ 6.49273913235416, 53.200105813892193 ], [ 6.492708964453668, 53.200334255121611 ], [ 6.492703069105566, 53.200388748703752 ], [ 6.492697761124938, 53.20051247662083 ], [ 6.492695201233333, 53.200576851392086 ], [ 6.492725633380473, 53.200736374999501 ], [ 6.492757083155277, 53.200830315898273 ], [ 6.492786157053639, 53.200896879337606 ], [ 6.492826846672729, 53.200945965113817 ], [ 6.49287733500244, 53.200991968106102 ], [ 6.492801489585254, 53.201096225751115 ], [ 6.492786323037194, 53.201117061074889 ], [ 6.492746968719796, 53.201171153101427 ], [ 6.492725432229295, 53.201200988530474 ], [ 6.49270271013242, 53.201232452422509 ], [ 6.492691510672257, 53.201248066055143 ], [ 6.492592552247863, 53.201386100527756 ], [ 6.492029429410008, 53.201263089337715 ], [ 6.49177884953947, 53.201208360734526 ], [ 6.491760744508672, 53.201204402721267 ], [ 6.491671442366984, 53.201185032697602 ], [ 6.490920078749502, 53.201563776037396 ], [ 6.490824002920689, 53.201619135158829 ], [ 6.490728361948828, 53.201676296453371 ], [ 6.490726668767816, 53.201677390389783 ], [ 6.490701492958684, 53.201693698542023 ], [ 6.490614699421687, 53.201737478578977 ], [ 6.490237125993283, 53.201924281272539 ], [ 6.490090002436006, 53.201997380908779 ], [ 6.489886669710111, 53.20210175728225 ], [ 6.489813470012933, 53.202138734918364 ], [ 6.489789347536024, 53.202152355264069 ], [ 6.489764495840507, 53.202165550963372 ], [ 6.489719797655792, 53.202191024669311 ], [ 6.489650188258132, 53.202233235194178 ], [ 6.489600605820599, 53.20226437918528 ], [ 6.489572943141246, 53.202280620083521 ], [ 6.489541037352534, 53.202299497016696 ], [ 6.489480230665329, 53.202342408357339 ], [ 6.489430709697553, 53.202381846093239 ], [ 6.489387152990792, 53.202433333593341 ], [ 6.489360958596885, 53.20244083522357 ], [ 6.48930455995634, 53.202487597050457 ], [ 6.489270034249345, 53.20251643685922 ], [ 6.489242371006017, 53.202537952658474 ], [ 6.489206492949536, 53.202570695952431 ], [ 6.489184711722658, 53.202591636494375 ], [ 6.489168636230705, 53.202610367898551 ], [ 6.489151864484066, 53.202629968383903 ], [ 6.48913585512065, 53.202651296224815 ], [ 6.489122740588629, 53.202673460159239 ], [ 6.489108907596107, 53.202695621705224 ], [ 6.489096422829203, 53.202719595089704 ], [ 6.489080721512828, 53.202753015690732 ], [ 6.489070611877878, 53.202780337128004 ], [ 6.489045190067706, 53.202855768231188 ], [ 6.489037250013761, 53.202883069736266 ], [ 6.489016300872598, 53.202942553947516 ], [ 6.488989130366662, 53.203006336842186 ], [ 6.488965887663606, 53.203054519334771 ], [ 6.488955008478428, 53.203079250778067 ], [ 6.488946064002004, 53.203095328590599 ], [ 6.488939926044678, 53.203108774591385 ], [ 6.488932329889503, 53.20312138028325 ], [ 6.488924238005463, 53.203131564219092 ], [ 6.488857022804463, 53.203134482018399 ], [ 6.488741033063949, 53.203141568010238 ], [ 6.488728107200868, 53.203142360678079 ], [ 6.4886866396945, 53.203144898167693 ], [ 6.488436668578411, 53.203160178439994 ], [ 6.487690196178514, 53.203209534156223 ], [ 6.487545833692187, 53.203218550731862 ], [ 6.486946192656245, 53.203255986958467 ], [ 6.486540814341666, 53.203282725620703 ], [ 6.486207334318126, 53.20330472444217 ], [ 6.485998517651419, 53.20332110532047 ], [ 6.485853010240672, 53.203361079235471 ], [ 6.485757649721503, 53.203442649735464 ], [ 6.48571271634539, 53.203555048757153 ], [ 6.485710084366559, 53.20356161490119 ], [ 6.485710354797145, 53.203572261215747 ], [ 6.485712244552355, 53.20364488933253 ], [ 6.485716829354194, 53.203821257815676 ], [ 6.485626902303501, 53.20382217113989 ], [ 6.485458409831132, 53.203829375224025 ], [ 6.48517052301524, 53.203832280132005 ], [ 6.484559640845743, 53.203828793681431 ], [ 6.484024392574478, 53.20381258891075 ], [ 6.483962457407001, 53.203810710905266 ], [ 6.483661358389352, 53.203796038926953 ], [ 6.483566396898897, 53.203791416219254 ], [ 6.483166256665572, 53.20375876788777 ], [ 6.482841115429214, 53.20373262230617 ], [ 6.482591531169971, 53.203706657606745 ], [ 6.482414637594804, 53.203688260222343 ], [ 6.482255235034392, 53.203666701482305 ], [ 6.481791883551861, 53.203598213036301 ], [ 6.48151183153256, 53.203553437168608 ], [ 6.48127567455831, 53.203507370673236 ], [ 6.481213588653888, 53.203493594745012 ], [ 6.481204494001009, 53.203486695319491 ], [ 6.481143203805587, 53.203474790238353 ], [ 6.481078664636199, 53.203452185091884 ], [ 6.480978232474649, 53.20343300746471 ], [ 6.480547866081995, 53.203354813792345 ], [ 6.480076307729361, 53.203275807674117 ], [ 6.479705332391622, 53.203207116602506 ], [ 6.479605243523908, 53.203188446925488 ], [ 6.479406199253924, 53.203155680022476 ], [ 6.478251692360743, 53.202918199793345 ], [ 6.4772917065602, 53.202726658323968 ], [ 6.476477695020646, 53.202557669397372 ], [ 6.475795417625639, 53.202418796876927 ], [ 6.475781560867971, 53.202415903223709 ], [ 6.475086858649348, 53.202270786126057 ], [ 6.475085399574858, 53.202270493823775 ], [ 6.474473712509854, 53.202147131014343 ], [ 6.473699939665499, 53.201994922475066 ], [ 6.473195468455066, 53.201889677942255 ], [ 6.472805375707454, 53.201808503973744 ], [ 6.472396791978882, 53.201727549944664 ], [ 6.472234306515872, 53.201695357069177 ], [ 6.471470257402145, 53.201550693623169 ], [ 6.470543073326442, 53.201390020390178 ], [ 6.470045842726145, 53.201304386294126 ], [ 6.469795356899132, 53.201261248372219 ], [ 6.469197916418368, 53.201156996875596 ], [ 6.46801814359219, 53.200947252544957 ], [ 6.467124554806444, 53.200795011964942 ], [ 6.466165039380599, 53.200628593282815 ], [ 6.4656601298444, 53.200542183430628 ], [ 6.46522641196247, 53.200457513052051 ], [ 6.464996929021975, 53.200406421226006 ], [ 6.464800794649635, 53.20036693623203 ], [ 6.463461420829451, 53.200058230954397 ], [ 6.463454265903921, 53.200076815919502 ], [ 6.463427980287906, 53.200145122996553 ], [ 6.463427769270025, 53.200145664067925 ], [ 6.463305859117952, 53.200462581349818 ], [ 6.463245162633194, 53.200620332183533 ], [ 6.463243222791187, 53.200625372926666 ], [ 6.463206773910041, 53.200720109952591 ], [ 6.463190130971322, 53.200763375507485 ], [ 6.463108912908671, 53.200978768724134 ], [ 6.463037705578606, 53.201162251600778 ], [ 6.462996786933265, 53.201282495796711 ], [ 6.462884185459262, 53.201597855256466 ], [ 6.46274561567743, 53.20197878676165 ], [ 6.463140257058583, 53.202202007886186 ], [ 6.463442737462379, 53.202373988021392 ], [ 6.463453542408986, 53.202380576883741 ], [ 6.463563838763904, 53.202447739319219 ], [ 6.463608106363848, 53.202474696385174 ], [ 6.463781674197464, 53.20258248403082 ], [ 6.463833054796575, 53.202614400516168 ], [ 6.464090455179702, 53.202779486748383 ], [ 6.464243245958564, 53.20287200382235 ], [ 6.464304042271804, 53.20290216411717 ], [ 6.464314498126578, 53.202907345188684 ], [ 6.464385644550575, 53.202942642531092 ], [ 6.464539176344487, 53.203029410334487 ], [ 6.464720301771659, 53.203149008638924 ], [ 6.464737659261184, 53.203160876387514 ], [ 6.46487362587877, 53.203260418302747 ], [ 6.465033452636164, 53.203368480361661 ], [ 6.465082175630377, 53.203399979865765 ], [ 6.465153749365018, 53.203448159262813 ], [ 6.465186409899061, 53.203471113314372 ], [ 6.465246704058695, 53.203513490021678 ], [ 6.465292820798173, 53.203547295381306 ], [ 6.465309769668933, 53.203558969021408 ], [ 6.46535824017825, 53.20359233084622 ], [ 6.465448448737629, 53.203654945311236 ], [ 6.465524810596381, 53.203710845608526 ], [ 6.465593228145922, 53.203754254434962 ], [ 6.465674579360111, 53.203812158660028 ], [ 6.465744225632003, 53.203859213775949 ], [ 6.465769090770999, 53.203875632830808 ], [ 6.46580819940926, 53.203901458270408 ], [ 6.465821590604423, 53.203910297199272 ], [ 6.465882334382388, 53.203954448832377 ], [ 6.465894452822669, 53.203963263252575 ], [ 6.465958199275426, 53.204002382481427 ], [ 6.466030070412865, 53.204045005154804 ], [ 6.466040051111438, 53.204050918240043 ], [ 6.466127749850564, 53.204104640365507 ], [ 6.466169033100373, 53.204128226515181 ], [ 6.466177285082212, 53.204132636454162 ], [ 6.466202192690037, 53.204145945780269 ], [ 6.466217966653885, 53.204153100768671 ], [ 6.466252445981584, 53.204163726949773 ], [ 6.466382811449478, 53.204193287359907 ], [ 6.466519977579073, 53.20422186984009 ], [ 6.46670589790437, 53.204254326865218 ], [ 6.466788744277357, 53.204269505030474 ], [ 6.466802418172942, 53.204272868653511 ], [ 6.46689964814231, 53.204302448132545 ], [ 6.466878893938669, 53.204358394882178 ], [ 6.46686296604144, 53.204400234639813 ], [ 6.466831968304517, 53.204488911789667 ], [ 6.466826226711111, 53.204505327503405 ], [ 6.466816028427135, 53.204530275373024 ], [ 6.466812202355313, 53.204561069888598 ], [ 6.466811577086665, 53.20457019660352 ], [ 6.466817500180815, 53.204584431503882 ], [ 6.466824350576078, 53.204602836684792 ], [ 6.466840734479057, 53.204620023792209 ], [ 6.466862689714214, 53.204642750229446 ], [ 6.466875372283988, 53.204666350912397 ], [ 6.466890205958942, 53.204695180228484 ], [ 6.466897036622154, 53.204724782503476 ], [ 6.466901197939045, 53.204743984703342 ], [ 6.466901611728012, 53.204774345662642 ], [ 6.466900467588764, 53.204817840630923 ], [ 6.466897076544664, 53.204858264536753 ], [ 6.466899629847688, 53.204883798572133 ], [ 6.466899658777113, 53.204913731651892 ], [ 6.466900159470742, 53.204946374345575 ], [ 6.466900303119195, 53.204979703210661 ], [ 6.466900990154585, 53.205019209753715 ], [ 6.466901047508401, 53.205049681753849 ], [ 6.466902109540507, 53.205074833812738 ], [ 6.466903207503393, 53.205089435641341 ], [ 6.466909325248508, 53.205126449033308 ], [ 6.46691873123896, 53.20515308960708 ], [ 6.466934629876837, 53.205190994470065 ], [ 6.46694389251332, 53.205219685206309 ], [ 6.466953731706143, 53.205249287353908 ], [ 6.46696756517278, 53.205287201813498 ], [ 6.466983912321569, 53.205328679175821 ], [ 6.466997496007775, 53.205367377686883 ], [ 6.467028371790991, 53.205446430745532 ], [ 6.467043488045351, 53.205482365650219 ], [ 6.467057378876005, 53.205522571085346 ], [ 6.467064738035322, 53.20555055105482 ], [ 6.467071720302892, 53.205581419015594 ], [ 6.467075409081643, 53.205599672911845 ], [ 6.467076945121693, 53.205626420258241 ], [ 6.467074198884281, 53.205656099737688 ], [ 6.467071273853825, 53.205676821494656 ], [ 6.467041076465918, 53.20586649735305 ], [ 6.467031673007658, 53.205952652679031 ], [ 6.467021991303014, 53.206087606056514 ], [ 6.467016050920817, 53.206133228998524 ], [ 6.4670144869739, 53.206136532057585 ], [ 6.467010820905152, 53.206147959670581 ], [ 6.467003612670953, 53.20617038243897 ], [ 6.466974069223926, 53.206201651052488 ], [ 6.466934471750733, 53.20622229849306 ], [ 6.466915693640027, 53.206232136749129 ], [ 6.466841118412705, 53.206270828909254 ], [ 6.466626299802007, 53.206368403069646 ], [ 6.466474200080456, 53.206423617376231 ], [ 6.466437982685303, 53.206443578240531 ], [ 6.466249261565938, 53.206547575765441 ], [ 6.466168890987531, 53.206580199962474 ], [ 6.466107945967955, 53.206604930182763 ], [ 6.465940550996176, 53.206681273319511 ], [ 6.465810375951496, 53.206755646075344 ], [ 6.465674694090637, 53.206836691083012 ], [ 6.465492020849471, 53.20694926883089 ], [ 6.465205379566701, 53.207122467477411 ], [ 6.46498022059305, 53.207251682369495 ], [ 6.464870054078413, 53.207311631054132 ], [ 6.464820375761587, 53.207338667717032 ], [ 6.464746936145097, 53.207378633375058 ], [ 6.464551041179305, 53.207611951254677 ], [ 6.464473610660952, 53.207614318031176 ], [ 6.464582095922254, 53.20763822682968 ], [ 6.464584069288196, 53.207699405683044 ], [ 6.464680878045971, 53.207699219199434 ], [ 6.464677489848447, 53.207727834990877 ], [ 6.464678025462596, 53.207782367920537 ], [ 6.464681789544032, 53.207846325420562 ], [ 6.464683035778923, 53.207902945769156 ], [ 6.464694092797316, 53.20796163470898 ], [ 6.46471596560571, 53.208020073736819 ], [ 6.464744634933197, 53.208092964557075 ], [ 6.464795223495951, 53.208229748635077 ], [ 6.464832929160309, 53.208334279831043 ], [ 6.464871762159218, 53.208447400755368 ], [ 6.464911199216072, 53.208551718670677 ], [ 6.464965234457469, 53.208682612647273 ], [ 6.465012736728868, 53.208789203487527 ], [ 6.46505921930461, 53.208898112941625 ], [ 6.465129584910949, 53.209055378622075 ], [ 6.465177134170255, 53.209167423637815 ], [ 6.465232191154113, 53.209296007810295 ], [ 6.465289411073342, 53.209430880884014 ], [ 6.465347094144942, 53.209577710498856 ], [ 6.465417924734935, 53.209746932544149 ], [ 6.465488446636965, 53.209920560591392 ], [ 6.465542531579062, 53.210056908494117 ], [ 6.465625583636209, 53.21026174998007 ], [ 6.465710397280632, 53.210466368879615 ], [ 6.46579386739057, 53.21067770354982 ], [ 6.465878713953734, 53.210887776684956 ], [ 6.465960347097504, 53.211088416099145 ], [ 6.466044947336752, 53.21130834925458 ], [ 6.466128420734988, 53.211519683625177 ], [ 6.466217286910814, 53.21174673134793 ], [ 6.466335076591576, 53.212036809148756 ], [ 6.466422770815319, 53.212249803722905 ], [ 6.466503312887563, 53.212447307330883 ], [ 6.466585354003112, 53.212654457630038 ], [ 6.466655777725571, 53.212817176439245 ], [ 6.466755139622157, 53.213080047385205 ], [ 6.46687550154841, 53.213382915848058 ], [ 6.466944181397432, 53.213545847854448 ], [ 6.466966323065559, 53.213594435034572 ], [ 6.466977416895589, 53.213621446761771 ], [ 6.467018301629273, 53.213692825160614 ], [ 6.467084604944152, 53.213790538170549 ], [ 6.467131378003834, 53.21385790957369 ], [ 6.467165835736678, 53.21391589332778 ], [ 6.467200710267127, 53.213980370390146 ], [ 6.467229218562307, 53.214036897985743 ], [ 6.467242166703317, 53.214074604623391 ], [ 6.46725060254894, 53.214115056744582 ], [ 6.46726324163941, 53.214157169431516 ], [ 6.467272033055293, 53.214198669742579 ], [ 6.467279093258658, 53.214240383334911 ], [ 6.467293941779023, 53.214294230162935 ], [ 6.467298931761783, 53.21434056335741 ], [ 6.467303103049156, 53.214373900795422 ], [ 6.467316004910193, 53.214406153175716 ], [ 6.467350894367057, 53.21450775231402 ], [ 6.467395642865738, 53.214616874045284 ], [ 6.467451640376188, 53.214769370024513 ], [ 6.467494952257191, 53.214874299075696 ], [ 6.467535235366218, 53.214991611493033 ], [ 6.467580972800905, 53.215130082362023 ], [ 6.467629678276735, 53.215250724695409 ], [ 6.467672682020917, 53.215360059715266 ], [ 6.467714001207532, 53.215475062246632 ], [ 6.4677589059001, 53.215600537410701 ], [ 6.467805866157598, 53.215721393075512 ], [ 6.467848313995528, 53.215844985238903 ], [ 6.467901023442349, 53.215982602374261 ], [ 6.46791932256354, 53.216029498602296 ], [ 6.467946547286863, 53.216099265341676 ], [ 6.467952839769357, 53.216116219654729 ], [ 6.467995733245583, 53.216231854900442 ], [ 6.468048397098025, 53.216364017710333 ], [ 6.468082873023669, 53.216459123250893 ], [ 6.468129788581365, 53.216574524509646 ], [ 6.468172115144162, 53.216687208308748 ], [ 6.468208708220532, 53.216783139441063 ], [ 6.468248686070215, 53.216904857586421 ], [ 6.468293547476857, 53.217024887228312 ], [ 6.46833763619161, 53.217137357383073 ], [ 6.468374941195303, 53.217235384824932 ], [ 6.468441639389551, 53.217408398308827 ], [ 6.468485821761475, 53.217494654642778 ], [ 6.468520902348998, 53.217580939066707 ], [ 6.468546601892625, 53.217634544128764 ], [ 6.468591635098464, 53.217702128296445 ], [ 6.468634689918606, 53.217779794885324 ], [ 6.468662951399557, 53.217834059785766 ], [ 6.46870741462535, 53.217885428852014 ], [ 6.468750533150456, 53.217957846849124 ], [ 6.468787235819563, 53.218037718352228 ], [ 6.46884422610801, 53.218181047626572 ], [ 6.468900789012768, 53.218327624760676 ], [ 6.468950317505795, 53.218453938372136 ], [ 6.469006743075234, 53.218603374314981 ], [ 6.469059777338111, 53.218732747538027 ], [ 6.469103990248224, 53.218849430805648 ], [ 6.469149943636123, 53.218963860782992 ], [ 6.469183501705272, 53.219052620949782 ], [ 6.469257513945939, 53.219237061381378 ], [ 6.469351054507269, 53.219462329916425 ], [ 6.46939517849101, 53.219565831028028 ], [ 6.469451582963252, 53.219696961920604 ], [ 6.469481977624618, 53.219763976833093 ], [ 6.469526500121205, 53.219880378553491 ], [ 6.469637897160227, 53.220163905389427 ], [ 6.469685585246578, 53.220291888720716 ], [ 6.469692073101522, 53.22030583077099 ], [ 6.469739479162544, 53.2204075947419 ], [ 6.469798752699118, 53.220534826491168 ], [ 6.469816205603446, 53.220572285471114 ], [ 6.46982460109227, 53.220593641931188 ], [ 6.469829956675038, 53.220607207780162 ], [ 6.469865372484501, 53.220697101204273 ], [ 6.469956225284917, 53.220924199686991 ], [ 6.470134068623553, 53.221378907541016 ], [ 6.470253201589359, 53.221676256640151 ], [ 6.470386500315559, 53.22202318066261 ], [ 6.47056296228352, 53.222478565226361 ], [ 6.470775631160389, 53.223016871114794 ], [ 6.471149567277058, 53.223966997253903 ], [ 6.47127110632125, 53.224279707891519 ], [ 6.471495171496318, 53.224840024483953 ], [ 6.471645233782325, 53.22522464544322 ], [ 6.471765691378081, 53.225533357406917 ], [ 6.471996632861526, 53.226112365045005 ], [ 6.472131612088799, 53.226457114913075 ], [ 6.472311467947217, 53.226914990924996 ], [ 6.472602822331283, 53.227627121177981 ], [ 6.472727687355948, 53.227935477638177 ], [ 6.47286213206413, 53.22825431509473 ], [ 6.472974110018753, 53.228527624718453 ], [ 6.473078881048933, 53.228776889376327 ], [ 6.473177761432582, 53.229023511365853 ], [ 6.47327367413719, 53.22925092060126 ], [ 6.473357960443617, 53.22945782056555 ], [ 6.473401659311318, 53.229563273850019 ], [ 6.473446472373618, 53.22966955275075 ], [ 6.473494590712002, 53.229771479338957 ], [ 6.473520694748389, 53.229817998398232 ], [ 6.473551285636095, 53.229867855658213 ], [ 6.473584313964479, 53.229911014078539 ], [ 6.473618673710805, 53.229975556644675 ], [ 6.473690869749461, 53.23006302201177 ], [ 6.473747990430216, 53.230126864237164 ], [ 6.473820191031916, 53.230190668748001 ], [ 6.473837195131034, 53.230208792774455 ], [ 6.473863493626474, 53.230236816340515 ], [ 6.473875481172999, 53.230249594047748 ], [ 6.474005296365405, 53.230387902762885 ], [ 6.474118661599409, 53.230526522071131 ], [ 6.474226313953714, 53.230664833566152 ], [ 6.474353121771768, 53.230828159835255 ], [ 6.474189513109003, 53.230909924719256 ], [ 6.474120841702054, 53.230957319970891 ], [ 6.474065484385765, 53.230994610912212 ], [ 6.474010228727784, 53.231032970267101 ], [ 6.473945626949549, 53.231085585502306 ], [ 6.473919100326667, 53.231106871438826 ], [ 6.473875748972297, 53.231157676691566 ], [ 6.473839738528964, 53.231210374458108 ], [ 6.473812529208978, 53.23126168952512 ], [ 6.473793801051927, 53.231308425700071 ], [ 6.473784499778095, 53.231360198670572 ], [ 6.473782320830165, 53.231411718445528 ], [ 6.473781806026802, 53.231462117847364 ], [ 6.47378568126043, 53.231520933538427 ], [ 6.473792085335023, 53.231568942865117 ], [ 6.473804355103582, 53.231622111093174 ], [ 6.473830753186411, 53.231673713605836 ], [ 6.473858728485288, 53.231723118179531 ], [ 6.4738943502179, 53.231777620589355 ], [ 6.473929244791049, 53.231824644049205 ], [ 6.474076954794951, 53.231967436487537 ], [ 6.474155480328364, 53.23204081673191 ], [ 6.474269532678996, 53.232149406662522 ], [ 6.474413596770804, 53.232291252210743 ], [ 6.474562103287457, 53.232460806788886 ], [ 6.474641612706372, 53.232563095460392 ], [ 6.474787978985781, 53.232765954109759 ], [ 6.474979937814487, 53.233071201720044 ], [ 6.475151141655239, 53.233383601471743 ], [ 6.475405327816458, 53.233908563458449 ], [ 6.475691733029903, 53.234526725261937 ], [ 6.475923595206424, 53.235023519011115 ], [ 6.476053573584478, 53.23528216734185 ], [ 6.476057894336264, 53.235290772882649 ], [ 6.476361128097993, 53.235893674431274 ], [ 6.476495147317603, 53.236153768299808 ], [ 6.476691942093134, 53.236583176541863 ], [ 6.477164708536759, 53.237577521889584 ], [ 6.477527618349189, 53.238321644735414 ], [ 6.477579888140088, 53.238437730015761 ], [ 6.477815999850315, 53.238978324840303 ], [ 6.47796697776547, 53.239321430162704 ], [ 6.478023030624019, 53.23943952970383 ], [ 6.478052734211204, 53.239525545302541 ], [ 6.478104543772853, 53.239643458708834 ], [ 6.478130164490919, 53.239735055879656 ], [ 6.478173304375927, 53.239896972612726 ], [ 6.478199773780874, 53.240006741139723 ], [ 6.478242403892701, 53.240196492742292 ], [ 6.478282673840278, 53.240373442462179 ], [ 6.478333619396984, 53.240588738090935 ], [ 6.478367836979741, 53.24075080771356 ], [ 6.478408207667751, 53.240891380306088 ], [ 6.478459920691737, 53.241007146697996 ], [ 6.478508007280792, 53.241092015531144 ], [ 6.478518167629477, 53.241109967448637 ], [ 6.478585635962508, 53.241219057570667 ], [ 6.478660019106692, 53.241323753429342 ], [ 6.478760353228425, 53.241449420687239 ], [ 6.478868888988553, 53.241598485224678 ], [ 6.478963920679059, 53.241725305834535 ], [ 6.479034855851835, 53.241832198489277 ], [ 6.479106865173613, 53.241962607199468 ], [ 6.479192281224181, 53.242113130821551 ], [ 6.479246727683003, 53.242210665945613 ], [ 6.479297991613663, 53.242316811817695 ], [ 6.479368164132244, 53.242484709518031 ], [ 6.479414139892327, 53.242592008751707 ], [ 6.479465561110175, 53.242739885014529 ], [ 6.479512371642376, 53.242865364672141 ], [ 6.479558900639593, 53.242984439711591 ], [ 6.479626542969577, 53.243136319901332 ], [ 6.479670540250936, 53.243239377570596 ], [ 6.479718356608274, 53.243347720290927 ], [ 6.479762000283675, 53.243443295639423 ], [ 6.479811344108286, 53.243546268643321 ], [ 6.479860489900155, 53.243644957012336 ], [ 6.479913596116915, 53.243752146193458 ], [ 6.479984126584116, 53.243889001909515 ], [ 6.480049311767099, 53.24402595117536 ], [ 6.480102616995909, 53.244137415882008 ], [ 6.480140832285014, 53.244230937731125 ], [ 6.480194972581486, 53.244360582845275 ], [ 6.480231985691028, 53.244466965863545 ], [ 6.480270540721544, 53.244567970070221 ], [ 6.480307866313996, 53.244680766356431 ], [ 6.480380168975779, 53.244894635319021 ], [ 6.480404949338395, 53.245006575301431 ], [ 6.480424341698234, 53.245117530931836 ], [ 6.480456734363091, 53.24535560364091 ], [ 6.48047409111485, 53.245499763792914 ], [ 6.480499894755114, 53.245788228120936 ], [ 6.480522061856331, 53.245959060378098 ], [ 6.48053629189347, 53.246074376347103 ], [ 6.480537127831694, 53.246131071585395 ], [ 6.480533862348886, 53.246176068214858 ], [ 6.480524118005008, 53.24627642485423 ], [ 6.480512666702595, 53.246320004326449 ], [ 6.480462212000193, 53.246487022824482 ], [ 6.480450553037747, 53.24654134267211 ], [ 6.480447594123071, 53.246557616645646 ], [ 6.480446774350897, 53.24666076756845 ], [ 6.480446926059915, 53.24675849995608 ], [ 6.480440567893967, 53.246921028111828 ], [ 6.480426515928039, 53.24706784658099 ], [ 6.480430223365908, 53.247213721514704 ], [ 6.480431285363705, 53.247329660591689 ], [ 6.480439373410742, 53.247372190439464 ], [ 6.480473845093851, 53.247544357340239 ], [ 6.480514670062727, 53.247747324917746 ], [ 6.48054963814523, 53.247959197202832 ], [ 6.48061435962486, 53.248311261493072 ], [ 6.480650006598802, 53.248515588125485 ], [ 6.480686639936315, 53.24871447809771 ], [ 6.48072821587645, 53.248934593315994 ], [ 6.480773581623404, 53.249228621259334 ], [ 6.480841843871695, 53.24967716460889 ], [ 6.480906776598261, 53.250095346942523 ], [ 6.480920741035817, 53.250185288178258 ], [ 6.481345104635408, 53.250122220403739 ], [ 6.481785108228342, 53.250054982714843 ], [ 6.482166423557779, 53.249997219945165 ], [ 6.482539285630072, 53.249941150595639 ], [ 6.482932572719786, 53.249880535363381 ], [ 6.483342778251346, 53.24981653832203 ], [ 6.483852394051744, 53.249737847014565 ], [ 6.483966074015976, 53.249720992835456 ], [ 6.484423077257512, 53.249653257622917 ], [ 6.484978958454937, 53.249566428502774 ], [ 6.485350232658077, 53.249513599914778 ], [ 6.485817078649259, 53.249441878309582 ], [ 6.486082039294035, 53.249402187591087 ], [ 6.486268472675556, 53.24937414242892 ], [ 6.486333373992879, 53.24936401389666 ], [ 6.486612527850455, 53.249320426840477 ], [ 6.486852670217716, 53.249283450864041 ], [ 6.487270762126031, 53.249220113930967 ], [ 6.488264038643991, 53.249070140557961 ], [ 6.488601659710284, 53.249016352436932 ], [ 6.488556742943189, 53.248978186797977 ], [ 6.488467820468986, 53.248901146189326 ], [ 6.488424443010339, 53.248863406703663 ], [ 6.488392715860424, 53.248830718411199 ], [ 6.488351290867004, 53.24879139739231 ], [ 6.488321032577949, 53.248759315655036 ], [ 6.488286259717703, 53.248712349253204 ], [ 6.488259604362603, 53.24867525610437 ], [ 6.488232840935213, 53.248625107004067 ], [ 6.488225280284007, 53.248595935278018 ], [ 6.488227971355266, 53.248571027831865 ], [ 6.488240468850215, 53.248481204056269 ], [ 6.488251729238182, 53.248416903422914 ], [ 6.488261078179987, 53.248350499576787 ], [ 6.488269633616371, 53.248321728195137 ], [ 6.488288817466365, 53.248264400056769 ], [ 6.48830762951608, 53.248195429217809 ], [ 6.488343257503699, 53.248076161172236 ], [ 6.488366586999064, 53.248005153947425 ], [ 6.488376733245864, 53.247979432254063 ], [ 6.488394322823394, 53.247935975425406 ], [ 6.488409320916914, 53.247896649055868 ], [ 6.488429959298872, 53.247850549270993 ], [ 6.488452620457552, 53.247802696590234 ], [ 6.488481713545578, 53.247737989702081 ], [ 6.488511748269935, 53.247673786379515 ], [ 6.488534367170724, 53.24762839628449 ], [ 6.488549142205486, 53.247596782093858 ], [ 6.488572940777624, 53.247544192210945 ], [ 6.488596281635628, 53.247490105826735 ], [ 6.488626162772417, 53.247432230158992 ], [ 6.488634002783528, 53.247414194821737 ], [ 6.488656377810225, 53.247362777198063 ], [ 6.488667992674078, 53.247337671031381 ], [ 6.488686258779577, 53.247304901513388 ], [ 6.4887104030571, 53.247257655210873 ], [ 6.488725509121229, 53.24723139372874 ], [ 6.48888518387171, 53.247237800390742 ], [ 6.489447068062125, 53.247267985318501 ], [ 6.48976483828241, 53.247284055036403 ], [ 6.490041555052755, 53.247299988855474 ], [ 6.490427497496018, 53.247320921090626 ], [ 6.490409038628359, 53.247188319638354 ], [ 6.490404068211126, 53.24715502651712 ], [ 6.490399762344291, 53.247115490866108 ], [ 6.490394445476078, 53.247076845152776 ], [ 6.490389573379589, 53.247022766047131 ], [ 6.490403098372381, 53.246999753906003 ], [ 6.490416407145639, 53.246988219127026 ], [ 6.49042543590596, 53.246980390049202 ], [ 6.49046031262736, 53.246972736788898 ], [ 6.49049416312374, 53.24696596461132 ], [ 6.491085662973709, 53.246878294220664 ], [ 6.49243575664497, 53.246674690381226 ], [ 6.492309945547106, 53.246420757271906 ], [ 6.492386417173515, 53.246360097314572 ], [ 6.49198547978857, 53.245554696919662 ], [ 6.49253822281151, 53.245660471476292 ], [ 6.493303374714387, 53.245808992905104 ], [ 6.493590014136385, 53.245864033893788 ], [ 6.493633007742614, 53.245866261607496 ], [ 6.493682430056388, 53.245868555857712 ], [ 6.493758150470009, 53.245868738545731 ], [ 6.493822467459945, 53.245869403729174 ], [ 6.493902705462453, 53.245867567715145 ], [ 6.493969155653964, 53.245862614746329 ], [ 6.494013839854549, 53.245857736619065 ], [ 6.494057055081419, 53.245852242985102 ], [ 6.494101850175301, 53.245843508719226 ], [ 6.494181631058389, 53.245823255006727 ], [ 6.49423013866859, 53.245805644028763 ], [ 6.494284174699395, 53.245785124431912 ], [ 6.494355932802276, 53.245751132787625 ], [ 6.494404108746917, 53.245728186988885 ], [ 6.494451037211458, 53.245696904488668 ], [ 6.494542635199238, 53.245643822746757 ], [ 6.49467626361642, 53.245561848927039 ], [ 6.495930525993618, 53.245609220585585 ], [ 6.495988499710161, 53.245611407945468 ], [ 6.495846650921116, 53.24582303132879 ], [ 6.496737555485294, 53.246527289915527 ], [ 6.497040157511178, 53.246766482333669 ], [ 6.497526696667436, 53.247136321760678 ], [ 6.498029017740155, 53.247508978641292 ], [ 6.498060173002795, 53.24757685074033 ], [ 6.498552517766129, 53.247913679881947 ], [ 6.49871781424766, 53.248026004784798 ], [ 6.499236330030113, 53.248383266086513 ], [ 6.500594625606899, 53.248066780651222 ], [ 6.500603114738851, 53.248064814814157 ], [ 6.500657579276943, 53.248052205240015 ], [ 6.502151401911152, 53.247706327055781 ], [ 6.502163272520299, 53.24770129236132 ], [ 6.502548706031548, 53.247537946069201 ], [ 6.502635890452564, 53.247500993461955 ], [ 6.502678157626246, 53.247527217892184 ], [ 6.502825316709102, 53.247618525237925 ], [ 6.5029370760122, 53.247687875606609 ], [ 6.503169429615473, 53.247852455077798 ], [ 6.503358613384387, 53.247974400503757 ], [ 6.503512023566674, 53.248066888991289 ], [ 6.503665037772709, 53.248162580059152 ], [ 6.503725221906057, 53.248197381079208 ], [ 6.503761667690052, 53.248221493595388 ], [ 6.503783759565038, 53.248237454318613 ], [ 6.503801149318338, 53.248250026039564 ], [ 6.503850547115848, 53.248285430550723 ], [ 6.504017537599983, 53.248383875744601 ], [ 6.504103885652436, 53.248439119435467 ], [ 6.50439039294549, 53.248599607218949 ], [ 6.504490198073098, 53.248661878427185 ], [ 6.504564236097577, 53.248700495040538 ], [ 6.504623048453624, 53.248732019427671 ], [ 6.50475867574995, 53.248808712340299 ], [ 6.504940041853355, 53.248906707918884 ], [ 6.504649948481592, 53.249087227691682 ], [ 6.504886847086785, 53.249273463253239 ], [ 6.50491837471305, 53.249304891054187 ], [ 6.505083958032128, 53.249463330841863 ], [ 6.505168478188849, 53.249548532850056 ], [ 6.505234218343587, 53.249611471125618 ], [ 6.505259322265032, 53.249636084207992 ], [ 6.505374974719664, 53.249749545322388 ], [ 6.505513702473067, 53.249889669134618 ], [ 6.505611940497949, 53.249979766336352 ], [ 6.505732758485067, 53.250105166588867 ], [ 6.505825550274769, 53.250196096158426 ], [ 6.505883038244193, 53.250253305877322 ], [ 6.506007153604173, 53.250381002555478 ], [ 6.506109466843435, 53.250481997589972 ], [ 6.506148926865072, 53.250523433664284 ], [ 6.506187262738922, 53.250563694023583 ], [ 6.506326178794639, 53.250657688921414 ], [ 6.506481863450435, 53.250761007776447 ], [ 6.506778116844239, 53.250957236040151 ], [ 6.506864158079553, 53.251012444672362 ], [ 6.506946235147344, 53.251067312796295 ], [ 6.506951567912897, 53.2510707317347 ], [ 6.507049782131926, 53.251133689630443 ], [ 6.50712408579957, 53.25118402920274 ], [ 6.50726251898605, 53.25127658074917 ], [ 6.507393606995826, 53.25136609144397 ], [ 6.507437876043048, 53.251393562585818 ], [ 6.507549546924452, 53.251469810921655 ], [ 6.507833653931779, 53.251661818594258 ], [ 6.508029443216501, 53.251791180558229 ], [ 6.508140673003713, 53.251865940755238 ], [ 6.508228296594631, 53.251917898607303 ], [ 6.508314451255571, 53.251969250064768 ], [ 6.508541963174532, 53.252097443299746 ], [ 6.508695408455083, 53.252184515182272 ], [ 6.508807979997896, 53.252246816332381 ], [ 6.50892292263803, 53.252312707680119 ], [ 6.50901742096668, 53.25236621824606 ], [ 6.509111476322529, 53.252418241167028 ], [ 6.509083731895236, 53.252575893874045 ], [ 6.509063860823, 53.252700367803911 ], [ 6.509005701843193, 53.253074422956985 ], [ 6.509456272009885, 53.252826694825835 ], [ 6.509558136309, 53.252777864077814 ], [ 6.509684444958957, 53.252862420636227 ], [ 6.509693838320751, 53.252868704034448 ], [ 6.50984327183612, 53.252968985750812 ], [ 6.510099164054563, 53.253144079283111 ], [ 6.510368834491215, 53.253322278412334 ], [ 6.510448564660266, 53.253373562644747 ], [ 6.510632860142551, 53.253509767581811 ], [ 6.510864044661255, 53.253681199661095 ], [ 6.510987597147499, 53.253775377922715 ], [ 6.511089666762109, 53.25385013128497 ], [ 6.511233453288611, 53.253955415544162 ], [ 6.511261336045308, 53.253976604573097 ], [ 6.511271608548313, 53.253984407272952 ], [ 6.511347843383143, 53.254042355458154 ], [ 6.51144242236944, 53.254114240168157 ], [ 6.511323080109808, 53.254184165007928 ], [ 6.511211366448928, 53.254250136265142 ], [ 6.511090116187616, 53.254321049238136 ], [ 6.510880311408465, 53.254443913440106 ], [ 6.51076084533878, 53.254514908218447 ], [ 6.510639715819972, 53.254584759218503 ], [ 6.510488314113352, 53.254668309722462 ], [ 6.51035204789126, 53.254745014733558 ], [ 6.510074950777867, 53.254891781232224 ], [ 6.50994110865959, 53.254963224134436 ], [ 6.509794037386805, 53.255040532760113 ], [ 6.509539716881766, 53.255176490288399 ], [ 6.509438311665697, 53.255231094780235 ], [ 6.509313241298993, 53.255303991610475 ], [ 6.509280729836754, 53.255322645280195 ], [ 6.509186385197841, 53.255376806145293 ], [ 6.509072117244421, 53.255449098539657 ], [ 6.508946527286827, 53.255526268274124 ], [ 6.508866482781348, 53.255581795967871 ], [ 6.508821044397453, 53.255617383452851 ], [ 6.508749758494957, 53.255674365882911 ], [ 6.508702916353634, 53.255721684436494 ], [ 6.508666373660674, 53.255757656047969 ], [ 6.508613275856492, 53.255812212967548 ], [ 6.508570956683117, 53.255855409486578 ], [ 6.508381165052379, 53.256092260863355 ], [ 6.508352863359093, 53.25618593666006 ], [ 6.508335976810171, 53.256248898870673 ], [ 6.508320142770469, 53.256307960226401 ], [ 6.508285524331413, 53.256437118565465 ], [ 6.508253759697565, 53.256555574641624 ], [ 6.508250045351652, 53.256855766204488 ], [ 6.508249173739541, 53.256951477312015 ], [ 6.508246253061704, 53.257273003633244 ], [ 6.508240358007276, 53.257574051199867 ], [ 6.509440057326858, 53.257210054930638 ], [ 6.510825282044079, 53.25678785014248 ], [ 6.510989723846873, 53.256840030614839 ], [ 6.511028390399027, 53.256852303294529 ], [ 6.511053019849098, 53.256860124392539 ], [ 6.511100978903114, 53.256875338417231 ], [ 6.51118483961932, 53.25690195231504 ], [ 6.512131399882501, 53.25720233855548 ], [ 6.51222422231171, 53.257231797269448 ], [ 6.512269045389321, 53.257240498262391 ], [ 6.512803143637052, 53.25734418946378 ], [ 6.513161639911045, 53.25739824992587 ], [ 6.513190751154931, 53.257402640762166 ], [ 6.513370443497753, 53.257429738273665 ], [ 6.513382534616397, 53.257409549694223 ], [ 6.51342687094369, 53.257417383161382 ], [ 6.514399895569221, 53.257589297287964 ], [ 6.514664894993976, 53.257638515774644 ], [ 6.514632384267635, 53.25767668890375 ], [ 6.51584309915563, 53.257901669336142 ], [ 6.51608653856423, 53.257946899795996 ], [ 6.516195172456718, 53.257967085806015 ], [ 6.51712094441404, 53.258144849977832 ], [ 6.518091230689291, 53.258331156027324 ], [ 6.518919945176889, 53.258488514231288 ], [ 6.518996003900791, 53.258492739725618 ], [ 6.519038107430341, 53.258490204126744 ], [ 6.519054356303963, 53.258489224224583 ], [ 6.519087620055286, 53.258478756242994 ], [ 6.519115004262881, 53.258456661613529 ], [ 6.519138762514412, 53.258430018196229 ], [ 6.519149447275272, 53.258393433474815 ], [ 6.519168395632978, 53.258183337083096 ], [ 6.519178360517976, 53.258145590935506 ], [ 6.519203040780209, 53.258100966397109 ], [ 6.51922729384559, 53.258075486499216 ], [ 6.519274744844473, 53.25804601366859 ], [ 6.519324760618683, 53.258025772427793 ], [ 6.519403921541682, 53.258006604272019 ], [ 6.519545236098639, 53.257986041161196 ], [ 6.519619882700645, 53.257981023780076 ], [ 6.519774378946821, 53.257974534282319 ], [ 6.519893633192017, 53.257974487674808 ], [ 6.520103034947746, 53.25798392453747 ], [ 6.520206029821933, 53.257985019516425 ], [ 6.520300814765922, 53.257984484505876 ], [ 6.52038267228358, 53.257979578323727 ], [ 6.520511628709755, 53.257967218291995 ], [ 6.520787758108287, 53.257926869548442 ], [ 6.521131450800864, 53.257869167764859 ], [ 6.521312897413293, 53.257833845613064 ], [ 6.521621050990207, 53.257762190024572 ], [ 6.521719970684557, 53.257741665437464 ], [ 6.521814576893292, 53.257725225324421 ], [ 6.521923740365072, 53.257713589977122 ], [ 6.522030348576682, 53.257710785168229 ], [ 6.522346272329192, 53.257722715890566 ], [ 6.522411051780807, 53.257719182917022 ], [ 6.522437912223445, 53.257717715817193 ], [ 6.522451826898189, 53.2577140347002 ], [ 6.522477706617824, 53.257707185137257 ], [ 6.522554749325613, 53.257660537109132 ], [ 6.523169150134843, 53.25724171943439 ], [ 6.523667385877475, 53.256901360407426 ], [ 6.523825836987299, 53.256787973134841 ], [ 6.524024876161154, 53.256642488989073 ], [ 6.524086997604373, 53.256594417614444 ], [ 6.524240435592579, 53.256475685506146 ], [ 6.524291483497374, 53.256436183905016 ], [ 6.524467835383229, 53.256522371872109 ], [ 6.524737543213918, 53.256673885592058 ], [ 6.524961195893127, 53.256813173563145 ], [ 6.525150895720578, 53.256933786055605 ], [ 6.525337029955309, 53.257061782775729 ], [ 6.525411570852295, 53.257120484048478 ], [ 6.525457122461259, 53.257166951287921 ], [ 6.525484179528655, 53.257204221222636 ], [ 6.525510206515068, 53.257252437143229 ], [ 6.52561296597672, 53.257512350727708 ], [ 6.525649506987042, 53.257587614286983 ], [ 6.525736263428175, 53.257733869057532 ], [ 6.525818919063342, 53.257855297791451 ], [ 6.525863286720909, 53.257940353925207 ], [ 6.525882983150177, 53.258001354275571 ], [ 6.526013786549202, 53.257957941406033 ], [ 6.526038076871468, 53.257976069856092 ], [ 6.526095493187138, 53.258018919690535 ], [ 6.526115931088619, 53.258031890633852 ], [ 6.526262305416235, 53.258124839398739 ], [ 6.52643250121163, 53.258214704350806 ], [ 6.526594031251221, 53.25826577692856 ], [ 6.526732170898098, 53.258296483862182 ], [ 6.526931046258854, 53.258317475151017 ], [ 6.527209532344805, 53.258319405343322 ], [ 6.527495100680087, 53.258300680207405 ], [ 6.528001062362295, 53.258250134183193 ], [ 6.528438737969648, 53.258213948056714 ], [ 6.528543057659656, 53.258215238967139 ], [ 6.528641914330689, 53.258226421631043 ], [ 6.52874336807039, 53.258240607878328 ], [ 6.528832447472109, 53.258264005751215 ], [ 6.528949624275643, 53.258299267776302 ], [ 6.529224687047294, 53.258400092230843 ], [ 6.529282735281622, 53.2584213676244 ], [ 6.529291137569309, 53.258408158836737 ], [ 6.529343241792786, 53.258371286998603 ], [ 6.529490228336483, 53.258291088559282 ], [ 6.52956542095429, 53.258267647033051 ], [ 6.529683486393707, 53.25824076017993 ], [ 6.529799340470192, 53.25822601666448 ], [ 6.529928200178228, 53.258224790342126 ], [ 6.530309638882501, 53.258238080538511 ], [ 6.530290117623913, 53.258277895622086 ], [ 6.530258255107205, 53.258342881774304 ], [ 6.530227781167369, 53.258432584775548 ], [ 6.53021162648991, 53.258490322261636 ], [ 6.530222406286271, 53.258515983135013 ], [ 6.530255863677399, 53.258538399763992 ], [ 6.53031204864946, 53.258560591023844 ], [ 6.530828432190845, 53.258782989165347 ], [ 6.531410023350227, 53.259041508383298 ], [ 6.53171746518378, 53.258762395714527 ], [ 6.531785098095578, 53.258703664076826 ], [ 6.533056653808924, 53.259191062196983 ], [ 6.533374758305349, 53.259315639394991 ], [ 6.534154011610014, 53.259608625674446 ], [ 6.534267637444248, 53.259641355394876 ], [ 6.534253241249236, 53.259838983125654 ], [ 6.534238044284502, 53.259934840547977 ], [ 6.534225884744504, 53.259977497478026 ], [ 6.534231519949978, 53.260022635352719 ], [ 6.534266288192136, 53.260060422763289 ], [ 6.534479879705898, 53.260084891465446 ], [ 6.535850664084876, 53.260186674829534 ], [ 6.535840111056332, 53.259952819458256 ], [ 6.536582566675937, 53.260026662576458 ], [ 6.537040170839922, 53.260087269715477 ], [ 6.537216333658499, 53.260105756691686 ], [ 6.537625171939298, 53.260160106967689 ], [ 6.538928844274649, 53.260314762139934 ], [ 6.539111688423131, 53.260336453246126 ], [ 6.539308048422205, 53.260359748732512 ], [ 6.539229715577707, 53.260572656145193 ], [ 6.539015979493422, 53.261174896608821 ], [ 6.538653091856167, 53.262183557923969 ], [ 6.538597528917471, 53.262313707967479 ], [ 6.538484144259563, 53.262663559314262 ], [ 6.538557138542384, 53.262743025498715 ], [ 6.538643723707626, 53.262864524654063 ], [ 6.538644681506504, 53.262900433386363 ], [ 6.538612901900565, 53.262978298173159 ], [ 6.538592231873123, 53.263017541491813 ], [ 6.538491795356553, 53.263125215840134 ], [ 6.538417934857476, 53.263220665669721 ], [ 6.538319351821094, 53.263365282401189 ], [ 6.538265094254926, 53.263479280463798 ], [ 6.538210883123891, 53.263627632354414 ], [ 6.538172469024556, 53.263717539216202 ], [ 6.538125984462068, 53.263797629591565 ], [ 6.537971539358134, 53.264028806429877 ], [ 6.537926182788154, 53.264096700598479 ], [ 6.538006794104507, 53.264097527624699 ], [ 6.538126588525344, 53.264089549979609 ], [ 6.538268881930593, 53.264070420322966 ], [ 6.538830796909968, 53.26397804604035 ], [ 6.540118433332325, 53.263756194375951 ], [ 6.540622035662817, 53.263657541981942 ], [ 6.540773601236157, 53.263628776908632 ], [ 6.540860555883602, 53.263621354628924 ], [ 6.540966594241659, 53.263623633766819 ], [ 6.541065050019646, 53.263634926962453 ], [ 6.541443696857455, 53.263700490775292 ], [ 6.542495875657913, 53.263849491341503 ], [ 6.543701790639088, 53.263993991804554 ], [ 6.544573107165267, 53.264103684915916 ], [ 6.545005853341586, 53.264158022508518 ], [ 6.545124056885733, 53.264174585607087 ], [ 6.545531207373255, 53.264234586821274 ], [ 6.545532688294848, 53.264242857834958 ], [ 6.545800561409786, 53.26427674864965 ], [ 6.545916511567315, 53.26429141864773 ], [ 6.546214198949103, 53.264275731402705 ], [ 6.546431185440649, 53.264264282207527 ], [ 6.546434747765121, 53.264264104038126 ], [ 6.546522490762244, 53.264273743881155 ], [ 6.546536275218994, 53.264275255277738 ], [ 6.546566159388454, 53.264278543271871 ], [ 6.546606435859963, 53.264288740175587 ], [ 6.546738507436262, 53.264308214122458 ], [ 6.546876684874803, 53.264334036137136 ], [ 6.546894007938835, 53.264337274619251 ], [ 6.546878867933202, 53.264374569892837 ], [ 6.546909322756538, 53.264379011514286 ], [ 6.546913493118002, 53.264379708108635 ], [ 6.546972374113075, 53.264389509542106 ], [ 6.547223182958144, 53.264422465685598 ], [ 6.547251565483092, 53.264426199355299 ], [ 6.54730468046716, 53.264434483739684 ], [ 6.547333029147238, 53.264439188229659 ], [ 6.547419987652614, 53.264451962206245 ], [ 6.547571290622142, 53.264472588375853 ], [ 6.54774904241421, 53.264498602089724 ], [ 6.547952123946883, 53.264528513348765 ], [ 6.548147946497892, 53.264553219530541 ], [ 6.548325578379554, 53.264573635134646 ], [ 6.54849323561957, 53.26458986051022 ], [ 6.548638741453415, 53.264608896924258 ], [ 6.548699307890523, 53.264618923841581 ], [ 6.548772881794266, 53.264634441298107 ], [ 6.548799103046028, 53.264641951753369 ], [ 6.548815145983464, 53.264647736459295 ], [ 6.548829571862084, 53.264654696029396 ], [ 6.548839623592743, 53.264661185697179 ], [ 6.548852939705665, 53.264669791493574 ], [ 6.548898797030375, 53.264708554781095 ], [ 6.548937781886687, 53.264734210729223 ], [ 6.548956618720966, 53.26474244858565 ], [ 6.548972094005583, 53.264747744520179 ], [ 6.548988903826997, 53.264751392047664 ], [ 6.549020829750121, 53.264755899779587 ], [ 6.549125845003805, 53.264767374544533 ], [ 6.549289288304365, 53.264779020668023 ], [ 6.549401291209531, 53.264783373380673 ], [ 6.54949356440903, 53.264789193002031 ], [ 6.549570547777182, 53.264795493046563 ], [ 6.549576273910607, 53.264796075640859 ], [ 6.549667584463144, 53.26480733212923 ], [ 6.549684083521337, 53.264809454909404 ], [ 6.54976990218894, 53.264820476926403 ], [ 6.549911528882491, 53.264837895895617 ], [ 6.550017470581207, 53.264853144115598 ], [ 6.55007484113697, 53.264867469749078 ], [ 6.55013805740426, 53.264885701669712 ], [ 6.550182641398769, 53.264904410555594 ], [ 6.55024313553916, 53.264935644899765 ], [ 6.550263148129637, 53.264946899524624 ], [ 6.550329897248092, 53.264904889391204 ], [ 6.550167896030697, 53.264821071291692 ], [ 6.550120077251363, 53.264796337008725 ], [ 6.549987444330378, 53.264714408918387 ], [ 6.549976165634753, 53.264707445970046 ], [ 6.549944670782181, 53.26466775322902 ], [ 6.549854343322065, 53.264611187850782 ], [ 6.549601092896514, 53.264462635002666 ], [ 6.549551882511318, 53.264409014251569 ], [ 6.549585241197333, 53.264388256658073 ], [ 6.549704863791956, 53.264313833919012 ], [ 6.549856205723466, 53.264200660850022 ], [ 6.550087829833208, 53.263998222714235 ], [ 6.550138936552965, 53.263952544999889 ], [ 6.550221843129425, 53.263863883656136 ], [ 6.550316003155654, 53.263741774324124 ], [ 6.550365249714241, 53.263751676402222 ], [ 6.550501951570898, 53.263761656831534 ], [ 6.550602905664718, 53.263759321852724 ], [ 6.550724673858483, 53.263746837350588 ], [ 6.550881610976562, 53.263724082123218 ], [ 6.551042643607869, 53.263685911548443 ], [ 6.551146490756549, 53.263651916526328 ], [ 6.551424082285719, 53.263547078949053 ], [ 6.551654016009747, 53.263436834870014 ], [ 6.551750163167205, 53.263368568591169 ], [ 6.551811186647991, 53.263283910518759 ], [ 6.551864257838323, 53.263155045367228 ], [ 6.551883801570964, 53.26301339446352 ], [ 6.551860209549845, 53.26294944358132 ], [ 6.551719565723985, 53.262771028958824 ], [ 6.551594255451358, 53.262593184379391 ], [ 6.551387168162468, 53.26237503847895 ], [ 6.551428334403764, 53.262366012563007 ], [ 6.55173111403569, 53.262299642669809 ], [ 6.552123796513896, 53.2622181207132 ], [ 6.552187111496155, 53.26220846628992 ], [ 6.552282576665198, 53.262193916907734 ], [ 6.552314474147967, 53.262189653462663 ], [ 6.552397010474666, 53.262178626236626 ], [ 6.552573235506173, 53.262168307242924 ], [ 6.553509758775555, 53.262136937520815 ], [ 6.553944568889079, 53.262125973724956 ], [ 6.553978032203686, 53.262190187764972 ], [ 6.554489324062255, 53.262209777893794 ], [ 6.554758773558843, 53.262225121725102 ], [ 6.555763168062809, 53.262289883287053 ], [ 6.556983598466773, 53.262368177110574 ], [ 6.558094769306889, 53.262440128336472 ], [ 6.558134780664279, 53.262442721606462 ], [ 6.55818697281184, 53.262937462705459 ], [ 6.558202055916101, 53.26297082532956 ], [ 6.558217088823547, 53.262984104180283 ], [ 6.558220033265283, 53.262984911186706 ], [ 6.558261255217381, 53.262996200284618 ], [ 6.558268925802618, 53.262998300148901 ], [ 6.559418487708355, 53.263153760432679 ], [ 6.559770587218233, 53.263198938295027 ], [ 6.559942264273081, 53.263208135105323 ], [ 6.560531293585671, 53.263235881681098 ], [ 6.561035105945367, 53.263268088888474 ], [ 6.561389233531321, 53.263294056552148 ], [ 6.561899948247151, 53.263329814104338 ], [ 6.562579311256401, 53.263376292884992 ], [ 6.562846329809388, 53.263397195933308 ], [ 6.563088247456892, 53.263410508183448 ], [ 6.563957174766909, 53.263449775889207 ], [ 6.564294046479177, 53.263464437651763 ], [ 6.565967481520468, 53.263568437746585 ], [ 6.566480545579468, 53.263599947234255 ], [ 6.566601188847403, 53.263607353218909 ], [ 6.566756508377066, 53.263050162346495 ], [ 6.566852505184556, 53.262712935516717 ], [ 6.567009406250708, 53.262227555757136 ], [ 6.56723011107119, 53.261494075969509 ], [ 6.567392122325438, 53.26149416414011 ], [ 6.568401837965126, 53.26149472261104 ], [ 6.569507520197934, 53.261497104463821 ], [ 6.57040517079569, 53.261495181925596 ], [ 6.571203228497374, 53.26149472899926 ], [ 6.57204488007196, 53.26149470329613 ], [ 6.572737047816011, 53.261494530153776 ], [ 6.572962918816222, 53.261497898301698 ], [ 6.57306217318391, 53.261499380346699 ], [ 6.573218071430487, 53.261501704693941 ], [ 6.573215237100017, 53.261576920831814 ], [ 6.573215651949075, 53.261599112827092 ], [ 6.57425099431048, 53.261612587820565 ], [ 6.574388076262045, 53.261614072230842 ], [ 6.574525832947673, 53.261615567785384 ], [ 6.57466565852107, 53.261617087653491 ], [ 6.575623675330609, 53.261619902920572 ], [ 6.576125218402656, 53.26162272905276 ], [ 6.576790567154428, 53.261627641709424 ], [ 6.578080192247512, 53.261637153404052 ], [ 6.578086602989375, 53.261734267447345 ], [ 6.579338001868797, 53.261751450618625 ], [ 6.579738930664476, 53.261751809816587 ], [ 6.580176094655599, 53.26175529435536 ], [ 6.580340388978214, 53.261756600461482 ], [ 6.580705868817648, 53.261759501320192 ], [ 6.580964302789631, 53.261761560246491 ], [ 6.580966221600824, 53.261761577115244 ], [ 6.580963968800304, 53.261722383371804 ], [ 6.580961715258889, 53.261683162676363 ], [ 6.58210580210882, 53.2616822969552 ], [ 6.583177728684507, 53.261681510046756 ], [ 6.584175255758312, 53.261681661930062 ], [ 6.584170702064131, 53.261528778667433 ], [ 6.584905805619536, 53.261537111639626 ], [ 6.585752332550204, 53.261539852801334 ], [ 6.585778753825662, 53.262491488748722 ], [ 6.586113979490614, 53.262498647119187 ], [ 6.587335924904377, 53.26252282584754 ], [ 6.587479301552863, 53.262529570280286 ], [ 6.588573177724221, 53.262548753082619 ], [ 6.588693330022642, 53.26255085785472 ], [ 6.588560318296433, 53.262392026008648 ], [ 6.588208459487255, 53.261949681914238 ], [ 6.58811349535861, 53.261826647823881 ], [ 6.588096612577343, 53.261815071586618 ], [ 6.588074845310428, 53.261777142466066 ], [ 6.588061892096025, 53.261754356961333 ], [ 6.587977954004147, 53.261633288325015 ], [ 6.587873479622719, 53.261464096689323 ], [ 6.5877034374201, 53.261146666603558 ], [ 6.587658943041329, 53.261060492551586 ], [ 6.587646015916947, 53.261031623016869 ], [ 6.58763639980905, 53.261010259880713 ], [ 6.587635481352812, 53.26100848977643 ], [ 6.587588674896642, 53.260918384841283 ], [ 6.58758817495345, 53.260916035429823 ], [ 6.587580916293759, 53.260881897167721 ], [ 6.587543843328099, 53.260768860728945 ], [ 6.587491037011858, 53.260570207354206 ], [ 6.587468844867256, 53.26045334673416 ], [ 6.587436673777595, 53.260291816123122 ], [ 6.587418809161091, 53.260276160839283 ], [ 6.587377357573652, 53.260272971667248 ], [ 6.58736481954679, 53.260272638688264 ], [ 6.587362182589656, 53.260260263955409 ], [ 6.587288957202784, 53.259916802673651 ], [ 6.587151988846487, 53.259274366152304 ], [ 6.586932125397418, 53.258212477322267 ], [ 6.586927200809662, 53.258188955457001 ], [ 6.586795529858509, 53.257559333691525 ], [ 6.586648655266619, 53.256819763336821 ], [ 6.586529901971855, 53.256340370906209 ], [ 6.586343818286784, 53.25587481572714 ], [ 6.58633106452709, 53.255852099908282 ], [ 6.586327675477484, 53.255846076984049 ], [ 6.586778870672532, 53.255809794271073 ], [ 6.586832739639256, 53.255803783381744 ], [ 6.5868476250238, 53.255814759703021 ], [ 6.587016762206684, 53.255749015188947 ], [ 6.587261465572399, 53.255670239854084 ], [ 6.587389074793919, 53.255658818758413 ], [ 6.587510834170382, 53.255643960334446 ], [ 6.587590464020763, 53.255634249803258 ], [ 6.589968355278794, 53.255396577859997 ], [ 6.590596817764916, 53.255338923593108 ], [ 6.590642745133037, 53.255333502804611 ], [ 6.590835013117784, 53.255310826056906 ], [ 6.591035211582445, 53.255287206796787 ], [ 6.592142061695933, 53.255186590888549 ], [ 6.595276523706211, 53.254880695209501 ], [ 6.596861426014625, 53.254726069248427 ], [ 6.598052889362213, 53.254609134541582 ], [ 6.598252579217335, 53.254589534196768 ], [ 6.599048392981265, 53.254511419818229 ], [ 6.601008692769506, 53.254329099460271 ], [ 6.602066171561221, 53.254236601108573 ], [ 6.604411290793974, 53.254013279783628 ], [ 6.604843682625382, 53.253967081813094 ], [ 6.604895405037107, 53.253957382179728 ], [ 6.605035122613999, 53.253922949205233 ], [ 6.605220191845373, 53.253869714851284 ], [ 6.605420643712539, 53.253819990552394 ], [ 6.605618674970813, 53.253792298035854 ], [ 6.60597239054487, 53.253760787277557 ], [ 6.606248634378795, 53.253754675722078 ], [ 6.606311240520401, 53.253748360651521 ], [ 6.606351291294014, 53.253740845761307 ], [ 6.606376733889822, 53.253727018019248 ], [ 6.606399475010482, 53.25369340281415 ], [ 6.606427231616212, 53.253543947610154 ], [ 6.606463083190399, 53.253398337215543 ], [ 6.606489455583316, 53.25324179682319 ], [ 6.606513569376371, 53.25310663091458 ], [ 6.60651489384392, 53.253027771253329 ], [ 6.60651036168421, 53.252909188509513 ], [ 6.606496911841869, 53.25275815676266 ], [ 6.606470281905549, 53.25261210250364 ], [ 6.606451147298153, 53.252563276297337 ], [ 6.606412634802785, 53.25251962531415 ], [ 6.606356003139378, 53.252485396283149 ], [ 6.606325501247137, 53.252453741578258 ], [ 6.606283957246974, 53.25206279893743 ], [ 6.606307920290224, 53.251848518719186 ], [ 6.606376411033332, 53.251497723955829 ], [ 6.606407233979533, 53.251416587691999 ], [ 6.606443199938356, 53.251415189006579 ], [ 6.606466219247613, 53.251414290236518 ], [ 6.606557937480199, 53.251410716731186 ], [ 6.606671048524043, 53.251410196889729 ], [ 6.607777950805173, 53.251407305597731 ], [ 6.61041442672531, 53.251405238400316 ], [ 6.611452791715591, 53.251407531660234 ], [ 6.612901723574569, 53.251409902457603 ], [ 6.614244245955401, 53.251413442248669 ], [ 6.616619098711019, 53.251421443075202 ], [ 6.61667679910513, 53.251420870153652 ], [ 6.616741353394049, 53.251413154739119 ], [ 6.616813452430386, 53.25140098565474 ], [ 6.616882459124681, 53.251395983376639 ], [ 6.617061511344017, 53.251396988958959 ], [ 6.617262898163694, 53.251406203639092 ], [ 6.617646792789747, 53.251436202224141 ], [ 6.618292617733862, 53.25148518006344 ], [ 6.618345800872437, 53.251485928726559 ], [ 6.619057910608436, 53.249972633712254 ], [ 6.619296962522651, 53.249447892350375 ], [ 6.620598721251178, 53.249608950775702 ], [ 6.624008621586469, 53.250022936716739 ], [ 6.6240621916942, 53.250028360754484 ], [ 6.624220554205259, 53.250043219095566 ], [ 6.624849596204777, 53.250105122145854 ], [ 6.625259980803884, 53.250152562383001 ], [ 6.626926152060737, 53.25034514631033 ], [ 6.627635014342679, 53.25042099313535 ], [ 6.628069813123635, 53.250471568402197 ], [ 6.628845078093631, 53.250553928834613 ], [ 6.630349752060218, 53.250729021575665 ], [ 6.631182260103217, 53.250837293051639 ], [ 6.631829726841569, 53.250906571244599 ], [ 6.631835783814573, 53.250907218375026 ], [ 6.634782691951339, 53.251250958917396 ], [ 6.634926598711869, 53.251266160099483 ], [ 6.635043438083084, 53.251284742757747 ], [ 6.635204382907327, 53.251338363083853 ], [ 6.635295354495353, 53.251355686712756 ], [ 6.635304484793901, 53.251357425017858 ], [ 6.63536673280622, 53.251355564698017 ], [ 6.635422413820053, 53.251344229071393 ], [ 6.63546553479097, 53.251322914316638 ], [ 6.635517063807601, 53.25129131255995 ], [ 6.635518207680517, 53.251289934733755 ], [ 6.635530778155395, 53.25127487762132 ], [ 6.6355316181147, 53.251273871397366 ], [ 6.635565921668133, 53.251236248115028 ], [ 6.635956781892078, 53.251367832838177 ], [ 6.635995723456005, 53.251384385108629 ], [ 6.636020433057765, 53.25139635856516 ], [ 6.636031270567449, 53.251412052903817 ], [ 6.636045492450797, 53.251434415888163 ], [ 6.636047694793749, 53.251460830958038 ], [ 6.636030769183883, 53.251577093293378 ], [ 6.636015132365968, 53.251671604123089 ], [ 6.635961581598276, 53.252017759944742 ], [ 6.635911769193205, 53.252321191442476 ], [ 6.635895640944742, 53.252428261332668 ], [ 6.635869214182299, 53.25267975081416 ], [ 6.635851319020115, 53.252929372228863 ], [ 6.635837158051322, 53.253126770807341 ], [ 6.635745485084906, 53.25369476543613 ], [ 6.635692291376924, 53.253998492416912 ], [ 6.635678101890162, 53.254094398927073 ], [ 6.635665644427423, 53.254111836252839 ], [ 6.635653962123792, 53.254123433350621 ], [ 6.635638054239542, 53.254130886729925 ], [ 6.635619165567221, 53.254141489378846 ], [ 6.635603879904504, 53.254149214861464 ], [ 6.63559052406041, 53.254158385056996 ], [ 6.635583915102426, 53.254173389153884 ], [ 6.635557100253352, 53.254313073803907 ], [ 6.635527279213231, 53.254458145583641 ], [ 6.635434809734587, 53.25491899429592 ], [ 6.635389499965891, 53.255136342773852 ], [ 6.63537399149704, 53.255206355169932 ], [ 6.635348439101104, 53.255281414488849 ], [ 6.635297516161245, 53.255398434360906 ], [ 6.635256662353716, 53.255487959039364 ], [ 6.635210413360537, 53.255579543744574 ], [ 6.63514315211248, 53.255702134179586 ], [ 6.635089088981588, 53.255805940650809 ], [ 6.635047050033353, 53.255894929388326 ], [ 6.634974777377072, 53.256068668358324 ], [ 6.634904311001921, 53.256243224233138 ], [ 6.634833945330787, 53.256432175186646 ], [ 6.634792817285673, 53.256528352432866 ], [ 6.63476215547389, 53.256600382344452 ], [ 6.634753433960171, 53.256616459735945 ], [ 6.634749527540269, 53.256621811276325 ], [ 6.6347290790285, 53.256628781504531 ], [ 6.634712481721402, 53.256632638372317 ], [ 6.634680148840327, 53.256635427598106 ], [ 6.634663445876011, 53.256642889094877 ], [ 6.634647913262528, 53.256656107684996 ], [ 6.634629151416324, 53.256676333253594 ], [ 6.634612210885178, 53.256697357656989 ], [ 6.634582295933249, 53.25675479486344 ], [ 6.634576162336568, 53.256766567837843 ], [ 6.634505248706456, 53.256939222952091 ], [ 6.634415245854504, 53.257175789720762 ], [ 6.634377532809823, 53.257267294344295 ], [ 6.634341171951021, 53.257346473570891 ], [ 6.634304969300655, 53.257421795984712 ], [ 6.634258389719187, 53.257550326659114 ], [ 6.634170773509174, 53.257776740743999 ], [ 6.634085284359593, 53.257991737929473 ], [ 6.63392821788731, 53.258430807618993 ], [ 6.633892906400975, 53.25852563003042 ], [ 6.633813994027149, 53.258739093881793 ], [ 6.633736275410361, 53.258964344371996 ], [ 6.633629547211204, 53.259268140258492 ], [ 6.633545374648576, 53.259504537761046 ], [ 6.633495753750252, 53.259651944000758 ], [ 6.633468694526646, 53.259727440764792 ], [ 6.633458924619871, 53.259747213329895 ], [ 6.633451870348757, 53.259760343740936 ], [ 6.633287428616034, 53.259934984067655 ], [ 6.633065345535019, 53.26017085326172 ], [ 6.632665690958396, 53.260584166568378 ], [ 6.632510212169223, 53.260733074672238 ], [ 6.632363294291138, 53.260879539356047 ], [ 6.632282159664914, 53.260961275931855 ], [ 6.632230395456117, 53.261023656825998 ], [ 6.632228454909603, 53.261026004415122 ], [ 6.6321688979181, 53.26111698879506 ], [ 6.632144544693976, 53.261148711534368 ], [ 6.632117772470502, 53.261179704493678 ], [ 6.632087776030486, 53.261209589606139 ], [ 6.632045112433762, 53.261244045297765 ], [ 6.631954316636917, 53.26131925884426 ], [ 6.631772900051845, 53.261463312575351 ], [ 6.631598182321051, 53.261606874234168 ], [ 6.631320393449535, 53.261835615921285 ], [ 6.630768167444061, 53.262272924113958 ], [ 6.630275384841386, 53.262658670617533 ], [ 6.62995101775498, 53.262910383978507 ], [ 6.62976048289734, 53.263061466328324 ], [ 6.629496810543293, 53.263274654862457 ], [ 6.628957730365248, 53.263695570927005 ], [ 6.628675545133915, 53.263925088479041 ], [ 6.628523754710334, 53.264048350828986 ], [ 6.628411567387303, 53.264144181678382 ], [ 6.628207469862065, 53.26432436460636 ], [ 6.628182174455076, 53.264351629996717 ], [ 6.628082393035728, 53.264453622749343 ], [ 6.628037736294339, 53.264499258570694 ], [ 6.627960145337055, 53.264601552102661 ], [ 6.627845535584518, 53.264772766900776 ], [ 6.627607313691787, 53.265104532458835 ], [ 6.62755257240739, 53.265160732353593 ], [ 6.627508977741271, 53.265194342247675 ], [ 6.627233649238804, 53.265366272760623 ], [ 6.626876337580849, 53.26558329773782 ], [ 6.62645636598767, 53.265836724917065 ], [ 6.62627027384029, 53.265943983094751 ], [ 6.62602250834355, 53.266045703615781 ], [ 6.625907906089276, 53.266111551516445 ], [ 6.62587296138397, 53.266139544964695 ], [ 6.625858002072784, 53.266158327946577 ], [ 6.625850096312703, 53.266171152119583 ], [ 6.62584721891885, 53.266186314791049 ], [ 6.625847964109372, 53.266197135640731 ], [ 6.625857254474797, 53.266216369422885 ], [ 6.625899098123663, 53.266275741875447 ], [ 6.625986018065509, 53.266366622703408 ], [ 6.626099160294395, 53.26648906254372 ], [ 6.626408584001132, 53.266955091415426 ], [ 6.626716142406717, 53.267401341824225 ], [ 6.627025837615745, 53.267825220351838 ], [ 6.627378623159795, 53.268357765125984 ], [ 6.627559455614788, 53.268616456217259 ], [ 6.627877647814069, 53.269091808308694 ], [ 6.628139500642132, 53.269481679631184 ], [ 6.628610109270492, 53.270195191985046 ], [ 6.628955660864443, 53.270725551198673 ], [ 6.629108805390966, 53.270952804443873 ], [ 6.629138332171007, 53.270993288040799 ], [ 6.62923741250055, 53.271138399030747 ], [ 6.629550627226402, 53.2716113897024 ], [ 6.629831190698983, 53.272007560787713 ], [ 6.630421855070616, 53.272848975037832 ], [ 6.631270387789133, 53.274063559357955 ], [ 6.631374071385576, 53.274213922786579 ], [ 6.631564453284963, 53.274489106503893 ], [ 6.631905783559047, 53.274977193128848 ], [ 6.632119604299301, 53.275270554984857 ], [ 6.632425977023044, 53.275706908750955 ], [ 6.632471181800268, 53.27577509553452 ], [ 6.632627442993791, 53.275995302533801 ], [ 6.632706036061005, 53.27610764324583 ], [ 6.632777306178606, 53.276211945205517 ], [ 6.632966783660333, 53.276492051541126 ], [ 6.633166663873786, 53.276780829283922 ], [ 6.633252143686485, 53.276918691215492 ], [ 6.633450186623391, 53.277205492572634 ], [ 6.633706011434941, 53.277591334191065 ], [ 6.633835287144473, 53.277771704731165 ], [ 6.633991940957211, 53.278008117147387 ], [ 6.63408041884137, 53.278141633917755 ], [ 6.634293641168308, 53.278465102177265 ], [ 6.634566155306801, 53.278868121194357 ], [ 6.635402660108435, 53.28012934060559 ], [ 6.635681871788259, 53.280545461348375 ], [ 6.636191102794446, 53.28130058863696 ], [ 6.636521096366628, 53.281788042816558 ], [ 6.636804682475498, 53.282208455763545 ], [ 6.637230965245158, 53.282845318957982 ], [ 6.637632544570976, 53.28345097671329 ], [ 6.637916709310347, 53.28386576449811 ], [ 6.638394019761552, 53.284561437665921 ], [ 6.638776168661026, 53.285119576621064 ], [ 6.639065919996708, 53.285537502531795 ], [ 6.639489924578005, 53.286183466374808 ], [ 6.639758280835782, 53.286571087158215 ], [ 6.63991219079299, 53.28677945603593 ], [ 6.640211740422503, 53.287197330851178 ], [ 6.64066810660206, 53.287851408968109 ], [ 6.641412562979606, 53.288953967166456 ], [ 6.641705807331504, 53.289380899276367 ], [ 6.641963017803525, 53.289742804804561 ], [ 6.642119777529681, 53.289965887530641 ], [ 6.642306824809886, 53.290247441923881 ], [ 6.642510448276772, 53.290554307924403 ], [ 6.642679460149847, 53.290807051421865 ], [ 6.643164239146984, 53.291496363653017 ], [ 6.64333188523127, 53.291730788461877 ], [ 6.643532704161862, 53.292023259016737 ], [ 6.643698864146121, 53.292261616863293 ], [ 6.643804311207906, 53.292420074443136 ], [ 6.64384330709011, 53.292477259652053 ], [ 6.643879328007194, 53.292549698734227 ], [ 6.64392765990428, 53.292636980173953 ], [ 6.643969466568367, 53.292715981595791 ], [ 6.643978022759874, 53.292751747364356 ], [ 6.643981450589105, 53.292790118885563 ], [ 6.643984260761662, 53.292811926159196 ], [ 6.644046389021955, 53.292902729624188 ], [ 6.644095028402393, 53.292970687263988 ], [ 6.644172906812229, 53.293085220411065 ], [ 6.644311197556149, 53.293292866287352 ], [ 6.644474377213026, 53.29352951087391 ], [ 6.644615101799324, 53.293736169387905 ], [ 6.644735782983536, 53.293909671467567 ], [ 6.64484714984384, 53.294069243341006 ], [ 6.644973111669832, 53.294235006627282 ], [ 6.645070180144143, 53.294360930575941 ], [ 6.645082115387402, 53.294378805135565 ], [ 6.64529063913002, 53.294670284385965 ], [ 6.645326795658, 53.294720489533589 ], [ 6.645349875517582, 53.294761512839436 ], [ 6.645375828802653, 53.294809515347737 ], [ 6.645395286309572, 53.294839990740662 ], [ 6.645450475271166, 53.29492613934972 ], [ 6.645499973822897, 53.294999227561746 ], [ 6.64558798133167, 53.295144000348607 ], [ 6.645174039003381, 53.295230739499594 ], [ 6.645284096990612, 53.295528821161824 ], [ 6.645361045548596, 53.295707866737025 ], [ 6.6453813769552, 53.29573949220412 ], [ 6.645406321419498, 53.295753923539586 ], [ 6.645430067522018, 53.295762238778657 ], [ 6.645489364374491, 53.295763459952497 ], [ 6.645962475235069, 53.295757156094766 ], [ 6.646089771293142, 53.295969848522596 ], [ 6.646430688006217, 53.296528789890154 ], [ 6.646841578278655, 53.297201967063863 ], [ 6.647036996463891, 53.297505541326707 ], [ 6.647224678133699, 53.297820429239117 ], [ 6.647277380314938, 53.297903862243587 ], [ 6.647354881021474, 53.298057226916271 ], [ 6.647441914006856, 53.298250857890999 ], [ 6.647525202855363, 53.298486233362404 ], [ 6.647566194318237, 53.298633402894815 ], [ 6.647628697063446, 53.298927371137957 ], [ 6.647675380991453, 53.29913942468098 ], [ 6.647682621419984, 53.299180317131771 ], [ 6.647701269075141, 53.299285593359471 ], [ 6.647747124156115, 53.299438993179045 ], [ 6.647793808873423, 53.299575606905663 ], [ 6.64784051756672, 53.299685836671287 ], [ 6.647933265623495, 53.299872604655292 ], [ 6.64798227980845, 53.299962132764016 ], [ 6.648065407786356, 53.300117918079586 ], [ 6.648171850198577, 53.300323044885118 ], [ 6.648296789076139, 53.30056200845258 ], [ 6.648378757765382, 53.300726288740556 ], [ 6.648507269626172, 53.30097398516665 ], [ 6.648616720239754, 53.301163857236794 ], [ 6.64874488723027, 53.301384292682279 ], [ 6.64885393702346, 53.301578850578018 ], [ 6.648912880888707, 53.30168051331345 ], [ 6.649019949558349, 53.301848330756883 ], [ 6.649130388050539, 53.302029259615182 ], [ 6.649147844644856, 53.302056771944521 ], [ 6.64917805826742, 53.302106013868368 ], [ 6.649300463077753, 53.302084302435503 ], [ 6.649323286911272, 53.302119387701701 ], [ 6.649392890204639, 53.302226401878542 ], [ 6.649407498792391, 53.30224885786162 ], [ 6.649288352427771, 53.302280941267156 ], [ 6.64936557381913, 53.302399647442499 ], [ 6.64954585405728, 53.302658705696082 ], [ 6.649661108306511, 53.302828737036599 ], [ 6.649870954796669, 53.303127050658503 ], [ 6.649890602401841, 53.303155070041996 ], [ 6.649997631989252, 53.303301319968369 ], [ 6.650292635777981, 53.30370828038734 ], [ 6.65045257073485, 53.303940241864481 ], [ 6.650551771084145, 53.304065428925391 ], [ 6.650693023589804, 53.30423672255862 ], [ 6.650820102247589, 53.304380954683332 ], [ 6.65098272436664, 53.304542165321479 ], [ 6.651183911997253, 53.304733352617333 ], [ 6.651345341015898, 53.304880386012599 ], [ 6.651425587912898, 53.304955592472595 ], [ 6.651497109444768, 53.305033550616621 ], [ 6.651552776453649, 53.305094206253571 ], [ 6.651647361024196, 53.305193272986799 ], [ 6.651702320200202, 53.305242568385665 ], [ 6.651751087164618, 53.3052955683589 ], [ 6.651886774210283, 53.305458903409381 ], [ 6.652003144566956, 53.305601458715884 ], [ 6.652049266622011, 53.305665018301049 ], [ 6.652192604246018, 53.305880913968515 ], [ 6.652342715787707, 53.3061052031955 ], [ 6.652376622251027, 53.306158386327859 ], [ 6.652415587214666, 53.306204497922913 ], [ 6.652562395628603, 53.306419422022259 ], [ 6.65284372438182, 53.306830698695364 ], [ 6.652989218984499, 53.307051827626815 ], [ 6.653146775576056, 53.307289238206167 ], [ 6.65325595902655, 53.307446281943626 ], [ 6.653443160212483, 53.307712648021429 ], [ 6.653560644936459, 53.307880495341678 ], [ 6.653684417466507, 53.308058062305378 ], [ 6.653661249850122, 53.308065639254629 ], [ 6.653739236176642, 53.308155991850448 ], [ 6.653632512617786, 53.308270747797657 ], [ 6.653685218137494, 53.308361600492638 ], [ 6.65391107880035, 53.308407512011726 ], [ 6.654003344382471, 53.30853648959296 ], [ 6.654053436540241, 53.308644569362066 ], [ 6.65409330366278, 53.308628324278359 ], [ 6.654136743508534, 53.308610612700257 ], [ 6.654468700314245, 53.3085061069714 ], [ 6.654571589660564, 53.308479411067147 ], [ 6.654644267473057, 53.308459539770638 ], [ 6.654729209424658, 53.308436313004634 ], [ 6.654843618559858, 53.308406979203518 ], [ 6.655073248164411, 53.308346325734078 ], [ 6.655480547053823, 53.308218844150339 ], [ 6.655673000877584, 53.308151204154569 ], [ 6.655766747884805, 53.308117243972369 ], [ 6.655936766336728, 53.308329834152765 ], [ 6.656752943431613, 53.308063039058446 ], [ 6.656662682496028, 53.307951942962141 ], [ 6.656649041110422, 53.307931957851601 ], [ 6.656976084428314, 53.307782754410596 ], [ 6.656986387631113, 53.307775995707779 ], [ 6.65714389834391, 53.307719685781613 ], [ 6.657300439547908, 53.307675804903099 ], [ 6.657420791986283, 53.307640555740065 ], [ 6.657989588947125, 53.307473966473182 ], [ 6.658291770202858, 53.307387557686312 ], [ 6.65858953270399, 53.307292783737218 ], [ 6.658673764561052, 53.307265976134765 ], [ 6.658944880426612, 53.307190543097526 ], [ 6.659195979372065, 53.307120128977466 ], [ 6.659710694438242, 53.306973442337522 ], [ 6.659820250972969, 53.306941585044491 ], [ 6.660218876409274, 53.306822068934942 ], [ 6.660407652540299, 53.306773106688446 ], [ 6.660508188411837, 53.306751310106755 ], [ 6.660615274184872, 53.30672625390477 ], [ 6.660766039145905, 53.306692763863857 ], [ 6.660935396291332, 53.30666194317876 ], [ 6.661070277444473, 53.306638766614306 ], [ 6.661282890294735, 53.306604997678953 ], [ 6.661445905345039, 53.306580938282437 ], [ 6.661472371602234, 53.306576919340543 ], [ 6.66209416935017, 53.306491846885869 ], [ 6.662746867496644, 53.306401096358641 ], [ 6.663232741913996, 53.306323849956016 ], [ 6.663762638913815, 53.306239214479405 ], [ 6.664125406904625, 53.30618153229976 ], [ 6.664191348278664, 53.306171045503831 ], [ 6.664294420347202, 53.306155967465969 ], [ 6.664646243513574, 53.306087939996203 ], [ 6.664960587328945, 53.306026438668077 ], [ 6.665130167698648, 53.305997766355176 ], [ 6.665364906096017, 53.305963080867699 ], [ 6.66572332818538, 53.305905709640356 ], [ 6.666072794873011, 53.305838799354653 ], [ 6.666472874974344, 53.305763656963443 ], [ 6.666953947892305, 53.305665616312162 ], [ 6.667046191554362, 53.305639607078554 ], [ 6.667169367085813, 53.305607930442356 ], [ 6.667440016657348, 53.305528241448989 ], [ 6.667526157898173, 53.305501362284069 ], [ 6.667535121235179, 53.305498561909268 ], [ 6.667562219606792, 53.305490104642914 ], [ 6.667730389434584, 53.305457507664258 ], [ 6.668289677215878, 53.305340224166464 ], [ 6.66848266663433, 53.305300280321219 ], [ 6.6687665746617, 53.305253417605385 ], [ 6.668920256310475, 53.305230103530832 ], [ 6.669463984150188, 53.305210292980398 ], [ 6.669689916985938, 53.305200602928821 ], [ 6.670278060915416, 53.305147847171561 ], [ 6.670586421920892, 53.30511919483267 ], [ 6.670880802836682, 53.305127912256985 ], [ 6.671206889122807, 53.305107084733493 ], [ 6.671449025831786, 53.305055162380654 ], [ 6.671683751030969, 53.305031445850375 ], [ 6.671709971093875, 53.305028793185244 ], [ 6.671883756476271, 53.305000542591465 ], [ 6.672329691624053, 53.304931288527548 ], [ 6.672436461147006, 53.304912102107849 ], [ 6.672519398733526, 53.304897672647051 ], [ 6.672602321010364, 53.304887763397403 ], [ 6.672677753092752, 53.304883757337272 ], [ 6.672762097682458, 53.304877777743577 ], [ 6.672918564331379, 53.304862444504209 ], [ 6.672984141325832, 53.304853960689634 ], [ 6.673078282561067, 53.304840947612249 ], [ 6.673148547777639, 53.30483020290945 ], [ 6.673245505427048, 53.304813538083039 ], [ 6.6733260621218, 53.304793238534558 ], [ 6.673641204307744, 53.304703902167461 ], [ 6.673797135020505, 53.304656564331033 ], [ 6.673978799979939, 53.304596855155978 ], [ 6.674062621647082, 53.304570364530058 ], [ 6.67415298926951, 53.304543039901091 ], [ 6.674270512925094, 53.304507246802579 ], [ 6.674441436092087, 53.304459630706084 ], [ 6.674687267197054, 53.304387487945803 ], [ 6.674922821378586, 53.304324899408456 ], [ 6.675302281827824, 53.304232919297228 ], [ 6.675367235587428, 53.304217179921103 ], [ 6.675686666123567, 53.30415113854184 ], [ 6.676035558541883, 53.304075524411367 ], [ 6.676206971031379, 53.304036868848634 ], [ 6.676316553197465, 53.304009525157269 ], [ 6.676478109731907, 53.30396638294053 ], [ 6.676729581431616, 53.303898452900725 ], [ 6.676826506037034, 53.303870265068561 ], [ 6.67699035424633, 53.303814498761291 ], [ 6.677081647162924, 53.303782111662478 ], [ 6.677172460935501, 53.303740734347279 ], [ 6.677233752747188, 53.303708947778581 ], [ 6.677264188799104, 53.303694314817648 ], [ 6.677374189087731, 53.303652920065076 ], [ 6.677557238132801, 53.303585624060851 ], [ 6.677739821734529, 53.303520839949918 ], [ 6.677918660540049, 53.303453256109286 ], [ 6.678119965859501, 53.303379472710148 ], [ 6.678442981399884, 53.303258658783456 ], [ 6.678685983454991, 53.303178657120519 ], [ 6.678866212230357, 53.303115001889203 ], [ 6.679029126142861, 53.303064284108174 ], [ 6.679207991200654, 53.30300821847392 ], [ 6.679317074391435, 53.302971882072463 ], [ 6.679577851529397, 53.302887922164047 ], [ 6.679976256826251, 53.302751582552929 ], [ 6.680220136344362, 53.302655006518002 ], [ 6.680419980751973, 53.302565778451907 ], [ 6.680469121884384, 53.302542145740198 ], [ 6.68057954975584, 53.302486697782975 ], [ 6.680779841721361, 53.30238343664945 ], [ 6.681052652003953, 53.302245264291329 ], [ 6.681274463732597, 53.302129342506028 ], [ 6.681445872631211, 53.302040499805138 ], [ 6.681460688659635, 53.302032827655658 ], [ 6.681612270450919, 53.301950659436109 ], [ 6.681705396692128, 53.301896636907536 ], [ 6.682081029654516, 53.301662899152298 ], [ 6.682581576746425, 53.301352894604982 ], [ 6.683019891298748, 53.301079782916489 ], [ 6.683594827278492, 53.300736279456764 ], [ 6.683981687120932, 53.300499430919487 ], [ 6.684262054881623, 53.300321000578514 ], [ 6.684924040354745, 53.299885977578391 ], [ 6.685683716366275, 53.299394862766569 ], [ 6.686053196094327, 53.2991704165116 ], [ 6.686638900059996, 53.29884091698095 ], [ 6.686638603515592, 53.298829085187265 ], [ 6.68663958933322, 53.298795097199168 ], [ 6.686670149084019, 53.298725553944806 ], [ 6.68671021298606, 53.298657309753615 ], [ 6.686778189501738, 53.298585995845215 ], [ 6.686870595699142, 53.298518488446859 ], [ 6.687009482931046, 53.298450352326476 ], [ 6.687026785429211, 53.298445123806971 ], [ 6.687211077130217, 53.298389418581984 ], [ 6.687288239168212, 53.298366090863645 ], [ 6.687456416322033, 53.298327669609051 ], [ 6.687618165003433, 53.298284501018209 ], [ 6.687784680403284, 53.298234271264903 ], [ 6.687979951423238, 53.298173135067003 ], [ 6.68814067296417, 53.298112363660266 ], [ 6.688391553425479, 53.298017114584283 ], [ 6.688609503446401, 53.297927182131041 ], [ 6.68882213389548, 53.297834476205651 ], [ 6.689076564189961, 53.297711832788558 ], [ 6.689200888146818, 53.297649908665917 ], [ 6.689320547655684, 53.297592483201726 ], [ 6.689426215106907, 53.297532675121879 ], [ 6.689561816127865, 53.297464733345308 ], [ 6.689591633822117, 53.297449277124628 ], [ 6.689735522555918, 53.297539530741588 ], [ 6.689783684423877, 53.297569741889902 ], [ 6.689973725759641, 53.29769366990736 ], [ 6.691424473129616, 53.298622368162768 ], [ 6.692274959054167, 53.299166790601326 ], [ 6.69627688919608, 53.301728234145706 ], [ 6.696414055683074, 53.301818975448427 ], [ 6.697214625365513, 53.302326910421542 ], [ 6.700574407475469, 53.304471433974804 ], [ 6.70457210107512, 53.307022738665225 ], [ 6.70514233172149, 53.307386624156784 ], [ 6.705324776245469, 53.30749964814872 ], [ 6.705405480599031, 53.307474679481722 ], [ 6.705414816319578, 53.307480687779524 ], [ 6.705535331784846, 53.307432906314375 ], [ 6.70565966959014, 53.307382566612432 ], [ 6.705780764062851, 53.307329207012771 ], [ 6.705890579820738, 53.307265187453268 ], [ 6.705999623360169, 53.307200457357389 ], [ 6.7060558428961, 53.30716964624677 ], [ 6.706119942258036, 53.30714629714663 ], [ 6.706178445521836, 53.307121481758507 ], [ 6.70621220971109, 53.307107002594719 ], [ 6.706293306583027, 53.307075289255117 ], [ 6.706346496754581, 53.307058260358481 ], [ 6.706406800423635, 53.30704816268991 ], [ 6.706415638302447, 53.307047706211804 ], [ 6.706476858009829, 53.3070479327424 ], [ 6.706536290169614, 53.307053480808619 ], [ 6.706592814686206, 53.307066968750291 ], [ 6.706647423717034, 53.30708649854607 ], [ 6.706689386135583, 53.307109492130763 ], [ 6.706724958397003, 53.307139385489151 ], [ 6.706757920285758, 53.307177125617891 ], [ 6.7069622745512, 53.307451930272755 ], [ 6.707178211103053, 53.307771718772116 ], [ 6.707612443057283, 53.308345937981578 ], [ 6.707634661374442, 53.308380650699277 ], [ 6.708455869986926, 53.309479190409711 ], [ 6.708581206132141, 53.309642441969402 ], [ 6.708645213458082, 53.309723693519317 ], [ 6.708678556108652, 53.30976394510359 ], [ 6.70869537193982, 53.309783889576401 ], [ 6.708736847217811, 53.309825130071928 ], [ 6.70878404001077, 53.309861994234026 ], [ 6.708839442321557, 53.309892567518936 ], [ 6.708862800031119, 53.309910552890713 ], [ 6.708894844710879, 53.309923140777734 ], [ 6.70895493946236, 53.309950157729865 ], [ 6.709019576578848, 53.309973620018198 ], [ 6.709156329764689, 53.310014890691228 ], [ 6.709229323729542, 53.310031970502756 ], [ 6.709311552289448, 53.310041939331335 ], [ 6.709397597995954, 53.31004917020492 ], [ 6.709445786509182, 53.310049987948851 ], [ 6.709524057122193, 53.310048317944968 ], [ 6.709597566187468, 53.31003816326804 ], [ 6.709669495382625, 53.310025419894465 ], [ 6.709741099747498, 53.310011871282107 ], [ 6.709882575747537, 53.309982097098626 ], [ 6.709953227652024, 53.309966851437906 ], [ 6.710011942513447, 53.309958656614576 ], [ 6.710263384522478, 53.309899094903834 ], [ 6.710303021188389, 53.309885268862786 ], [ 6.710727426865406, 53.30979531500229 ], [ 6.711718505918119, 53.309587235182725 ], [ 6.712001127341539, 53.309526876813798 ], [ 6.71230507489906, 53.309462328623823 ], [ 6.712391466503477, 53.309441785737931 ], [ 6.712461367533336, 53.309421694241415 ], [ 6.712529279976646, 53.309400366547244 ], [ 6.712595345533176, 53.309377531505511 ], [ 6.712657578438605, 53.309352042797379 ], [ 6.712716745204689, 53.309324431154252 ], [ 6.712832467932071, 53.309267259583073 ], [ 6.713298882859456, 53.309041049437234 ], [ 6.713645740015395, 53.308869356350861 ], [ 6.71376237955809, 53.308812802780501 ], [ 6.713858927502848, 53.308766445749981 ], [ 6.713872116650845, 53.308756235433478 ], [ 6.713936225841271, 53.308728388880304 ], [ 6.714002570237557, 53.308704920923077 ], [ 6.714070339093827, 53.308683863513814 ], [ 6.714139390728723, 53.308665487805243 ], [ 6.714208769930037, 53.308648007073884 ], [ 6.714278773908292, 53.308631328173597 ], [ 6.714349905171524, 53.308617152959748 ], [ 6.714922907964884, 53.308510355943682 ], [ 6.715497812903977, 53.308406949957202 ], [ 6.716070332370019, 53.308299254125892 ], [ 6.716357393571082, 53.308247103719673 ], [ 6.71650076145928, 53.308220625671069 ], [ 6.716642848954056, 53.30819155557267 ], [ 6.716713267945382, 53.308173792284741 ], [ 6.717006983963501, 53.308099100799033 ], [ 6.717160617357243, 53.308060107184644 ], [ 6.717503904902098, 53.307972824107829 ], [ 6.718106230765285, 53.307839536841676 ], [ 6.718651146246187, 53.307688640335677 ], [ 6.719166436299357, 53.307545348653726 ], [ 6.719447511962108, 53.307469712866499 ], [ 6.719852063227898, 53.307355233998585 ], [ 6.719857862513798, 53.307353552138956 ], [ 6.719988982368788, 53.307309592443964 ], [ 6.720116857918458, 53.307262613226968 ], [ 6.720243958284489, 53.307214833697742 ], [ 6.720370286240475, 53.307166343691563 ], [ 6.720496461152852, 53.307117765384007 ], [ 6.720615525516674, 53.307062436207097 ], [ 6.720730423403493, 53.307003378873418 ], [ 6.720842074132986, 53.306941212237057 ], [ 6.720883707021803, 53.306919362625642 ], [ 6.720956196474685, 53.306881354514587 ], [ 6.721076250854952, 53.30681442146799 ], [ 6.72129279818283, 53.306690072543688 ], [ 6.721399003573266, 53.306626528007044 ], [ 6.721503222785615, 53.306561837199567 ], [ 6.721556711274808, 53.306530420017282 ], [ 6.721615699004703, 53.306502176833746 ], [ 6.721736587774973, 53.306447724886738 ], [ 6.72179649460819, 53.306420100450055 ], [ 6.721823520055048, 53.306391672961588 ], [ 6.721882670490007, 53.306344466600422 ], [ 6.721936308410601, 53.30631304758279 ], [ 6.721994226282097, 53.306284187044916 ], [ 6.722185421767231, 53.306208554582611 ], [ 6.722439883265647, 53.306107236718098 ], [ 6.72252105220985, 53.306073444642905 ], [ 6.722596360808134, 53.306039358183781 ], [ 6.722723668494089, 53.305988787883351 ], [ 6.722764180704841, 53.305974408741285 ], [ 6.722788812400283, 53.305965597916661 ], [ 6.722855533926338, 53.305944906561862 ], [ 6.722925382942437, 53.305928314134889 ], [ 6.722930757036612, 53.305927445623475 ], [ 6.722997912319716, 53.305915915464787 ], [ 6.723304797907828, 53.305889408599818 ], [ 6.723477067978287, 53.305856759601483 ], [ 6.723577937370604, 53.305814839711282 ], [ 6.724358589932105, 53.305536204589806 ], [ 6.724616487187703, 53.305444369346027 ], [ 6.724874230580195, 53.305352445386355 ], [ 6.725000542273073, 53.305303770851623 ], [ 6.725018813450035, 53.30529790601495 ], [ 6.725132897803574, 53.305261319349917 ], [ 6.725179413883808, 53.30524707921527 ], [ 6.725266947391857, 53.305220286655775 ], [ 6.725404243760154, 53.30518236288308 ], [ 6.725542164877153, 53.305145240766777 ], [ 6.725678535822487, 53.3051065182092 ], [ 6.725956846160821, 53.305034492273471 ], [ 6.726097238424416, 53.304999678437277 ], [ 6.726240724777252, 53.304967885324174 ], [ 6.726352356045467, 53.304939322696121 ], [ 6.72644334605523, 53.304907934650416 ], [ 6.726495142282599, 53.304889833910401 ], [ 6.726662783703022, 53.304906387371268 ], [ 6.726964232049414, 53.304961078700863 ], [ 6.727000290471048, 53.304967596167259 ], [ 6.727036198930806, 53.304974115295003 ], [ 6.727103038863545, 53.304986310378283 ], [ 6.727511732642093, 53.305006464943595 ], [ 6.727779374309597, 53.305011207589267 ], [ 6.727899548235869, 53.305001689203486 ], [ 6.728019990313079, 53.305000794631397 ], [ 6.728243794203043, 53.30504313915587 ], [ 6.728441617808192, 53.305089457677447 ], [ 6.728721765192463, 53.305158580866006 ], [ 6.729281096521034, 53.305246512316451 ], [ 6.729395939171162, 53.30529222837486 ], [ 6.72944781194204, 53.30534889221093 ], [ 6.729462352177218, 53.305430416011696 ], [ 6.729425061536267, 53.305687932955792 ], [ 6.729416218998723, 53.305818334261858 ], [ 6.729420901773551, 53.305905135331493 ], [ 6.729422970062784, 53.305943618872142 ], [ 6.729450159589467, 53.306094106634745 ], [ 6.729488136085259, 53.30622964636234 ], [ 6.729555730577371, 53.306415358669732 ], [ 6.729608874867397, 53.306512806387047 ], [ 6.729692300836015, 53.306633549951371 ], [ 6.729790417408551, 53.306744244303601 ], [ 6.72985793443553, 53.306811786406598 ], [ 6.729934896986698, 53.306888748488987 ], [ 6.730241885302175, 53.307192921545138 ], [ 6.730399253160257, 53.307375383371635 ], [ 6.73052525382774, 53.307557476734587 ], [ 6.730566004377985, 53.307671148182635 ], [ 6.730589074681407, 53.307833723434442 ], [ 6.73056475419834, 53.307977687487671 ], [ 6.730509181624993, 53.308076889277721 ], [ 6.730420362577083, 53.308153996726126 ], [ 6.730360216758965, 53.308202746124387 ], [ 6.730406187339984, 53.308262441003265 ], [ 6.730747442129323, 53.308447699412532 ], [ 6.730952689479669, 53.308529427075023 ], [ 6.731097321540391, 53.308558183628961 ], [ 6.731265973099876, 53.308563306780421 ], [ 6.73152693076141, 53.308531002276418 ], [ 6.731708472909292, 53.308516480160471 ], [ 6.731902800988084, 53.308536681837708 ], [ 6.732038870227669, 53.308593930035144 ], [ 6.732142110912934, 53.308695399026796 ], [ 6.732295259944424, 53.30898744953479 ], [ 6.732347582306791, 53.309111145449101 ], [ 6.732359001953657, 53.309222268956809 ], [ 6.732326654858031, 53.309301171964243 ], [ 6.732295434852754, 53.309339264199501 ], [ 6.732197779521153, 53.309450530200955 ], [ 6.732153034904002, 53.309516811257232 ], [ 6.732090241891873, 53.309644221902282 ], [ 6.732017373372547, 53.309828629005324 ], [ 6.732013337565088, 53.309838738907729 ], [ 6.732049021818597, 53.310030288499917 ], [ 6.732080483436677, 53.310158621265629 ], [ 6.73217490276928, 53.310395613558178 ], [ 6.732201572667689, 53.310471339771439 ], [ 6.732391745798803, 53.310781217979844 ], [ 6.73242867613344, 53.310844338228407 ], [ 6.732577629332154, 53.311088178397355 ], [ 6.732655812863875, 53.311184625479328 ], [ 6.732900784685008, 53.3114087884029 ], [ 6.732970522926102, 53.31145096231004 ], [ 6.733311494216537, 53.311625972238502 ], [ 6.733451604265036, 53.311696922752844 ], [ 6.733644774847437, 53.311794866782371 ], [ 6.733806563746974, 53.311858474762893 ], [ 6.734075403105317, 53.31196257955763 ], [ 6.734235303077757, 53.312013717082692 ], [ 6.734416332916598, 53.312054373062161 ], [ 6.734579811329488, 53.31208075749754 ], [ 6.734593158257008, 53.312080517990616 ], [ 6.734690931042048, 53.31207861296209 ], [ 6.734961444181843, 53.312072973432571 ], [ 6.7351764268688, 53.312057352257234 ], [ 6.735453822545525, 53.312027101621226 ], [ 6.735702999105306, 53.311982159751949 ], [ 6.735900762131764, 53.311929347183579 ], [ 6.736041397367786, 53.311897035384838 ], [ 6.736135209723028, 53.311898049268748 ], [ 6.736235285916249, 53.311936196353592 ], [ 6.736519322999779, 53.312156498670248 ], [ 6.7367146484976, 53.312279845065262 ], [ 6.7370314955942, 53.312464820746698 ], [ 6.737452170985628, 53.312706950645889 ], [ 6.737676728202304, 53.312834010926565 ], [ 6.737722278431623, 53.312875016099241 ], [ 6.737791695298677, 53.312926338984262 ], [ 6.737842279262193, 53.312963728937021 ], [ 6.737913403342444, 53.312940715254975 ], [ 6.738295596222348, 53.312783021636754 ], [ 6.738454319914732, 53.312715007487455 ], [ 6.738611673400632, 53.312646379484868 ], [ 6.738867007777663, 53.312548971246365 ], [ 6.738892661713887, 53.312539247009425 ], [ 6.739022290438851, 53.31250525824796 ], [ 6.739106552703194, 53.312484001169558 ], [ 6.739334775317634, 53.312426436964962 ], [ 6.739636422946293, 53.312365709575815 ], [ 6.739937575704939, 53.312317927377897 ], [ 6.740131233221175, 53.312273062052292 ], [ 6.740221754343263, 53.312255238408603 ], [ 6.740288083527225, 53.312236339124063 ], [ 6.740341178523832, 53.312221273231579 ], [ 6.740482848765059, 53.312174206902291 ], [ 6.74082796822934, 53.312040556718095 ], [ 6.740985570768992, 53.311965722133138 ], [ 6.741295243862261, 53.311788077142367 ], [ 6.741435995204526, 53.311702288704261 ], [ 6.741587436340898, 53.311603349362201 ], [ 6.741721586350329, 53.311522397756562 ], [ 6.741823635565376, 53.311460858980489 ], [ 6.741885308435947, 53.311427543200715 ], [ 6.742161059249298, 53.31127840566554 ], [ 6.742449161872142, 53.311121310022202 ], [ 6.742681541158412, 53.311019749030407 ], [ 6.742886805189763, 53.311334653082824 ], [ 6.742965105133406, 53.311329096831955 ], [ 6.743046402110142, 53.311323416852439 ], [ 6.743169511524489, 53.311297045667075 ], [ 6.74341407548292, 53.3112155651474 ], [ 6.743500646236599, 53.311167679179164 ], [ 6.743610896113833, 53.311114134046626 ], [ 6.743653950323461, 53.311099539451071 ], [ 6.743677349256003, 53.3110992753343 ], [ 6.743773902786375, 53.311173131917855 ], [ 6.743886816554546, 53.311270977115242 ], [ 6.743979136802393, 53.311353328531986 ], [ 6.744025121361641, 53.311403222993214 ], [ 6.744066894629738, 53.311462331102334 ], [ 6.744111970604882, 53.311526254554948 ], [ 6.744209004805232, 53.311696349582938 ], [ 6.744221787600751, 53.311730623105802 ], [ 6.744220329649087, 53.311751038669854 ], [ 6.744205711688248, 53.31177286093061 ], [ 6.744184145949582, 53.311788471170551 ], [ 6.744045174698336, 53.311859145637129 ], [ 6.744123572565886, 53.311932937333928 ], [ 6.744418066415281, 53.311888364261023 ], [ 6.745955196765841, 53.311655950252067 ], [ 6.746183621936345, 53.311621411735764 ], [ 6.746203692311093, 53.31161836304301 ], [ 6.746455920289332, 53.311580193916335 ], [ 6.746639753460744, 53.31155241341326 ], [ 6.746781906540716, 53.311530927360735 ], [ 6.747050874735127, 53.311490249096309 ], [ 6.747331360338094, 53.311919679865127 ], [ 6.747512088768701, 53.311879073648726 ], [ 6.747651396524629, 53.311847760709142 ], [ 6.747692801857176, 53.311838467330951 ], [ 6.747948338340199, 53.311781044708809 ], [ 6.747613122339498, 53.311200814140278 ], [ 6.747550430443488, 53.311092339116591 ], [ 6.747514558930611, 53.311030199859431 ], [ 6.747846146438508, 53.310963181732511 ], [ 6.748311106912507, 53.310852865389904 ], [ 6.748564737116343, 53.310769024991835 ], [ 6.7487012593818, 53.310716166000567 ], [ 6.748820358404807, 53.310648496980257 ], [ 6.748936595042265, 53.310570975233098 ], [ 6.748997087039902, 53.310509991009432 ], [ 6.749049117808743, 53.310456651215745 ], [ 6.749104879882088, 53.310388441550302 ], [ 6.749155230780569, 53.310319933727115 ], [ 6.74920203631024, 53.310229449380181 ], [ 6.749244076041359, 53.310140097395255 ], [ 6.749271209896559, 53.310049117061403 ], [ 6.749309804333238, 53.309950458237708 ], [ 6.749350823039947, 53.309843055107258 ], [ 6.749224044235709, 53.309795785792005 ], [ 6.749069635807062, 53.309738315377722 ], [ 6.748910150978397, 53.309748120577886 ], [ 6.748877764865233, 53.309715597324377 ], [ 6.748782200669538, 53.30965898744288 ], [ 6.74873111281884, 53.309642402250795 ], [ 6.748085155758666, 53.309327826305342 ], [ 6.747234880324157, 53.308914192900076 ], [ 6.747059591677611, 53.308827211257373 ], [ 6.746778378556414, 53.308687958739739 ], [ 6.745761376997115, 53.308196222273281 ], [ 6.744792157265175, 53.307753632294052 ], [ 6.744852749346148, 53.307462327504531 ], [ 6.74493031146678, 53.307090582327326 ], [ 6.744927790555835, 53.307024830336957 ], [ 6.744910373230397, 53.307019635289052 ], [ 6.745432805026806, 53.306196417755913 ], [ 6.745479234927107, 53.306127236789976 ], [ 6.746071938877813, 53.305244720160559 ], [ 6.748048261045546, 53.302968920154655 ], [ 6.748844717897073, 53.302315597569816 ], [ 6.749893940932229, 53.301454907794344 ], [ 6.751212374167906, 53.300372719144001 ], [ 6.751878342700773, 53.2998291339918 ], [ 6.752880700574874, 53.299010951360025 ], [ 6.753081465752391, 53.298847065997322 ], [ 6.755538595159816, 53.299633728829249 ], [ 6.755743012111374, 53.299481147287153 ], [ 6.756488753575304, 53.29891144714783 ], [ 6.757607368918052, 53.298053427936111 ], [ 6.75822738430798, 53.297588224960059 ], [ 6.758362277753597, 53.297481094722109 ], [ 6.758413043270249, 53.297440705353388 ], [ 6.759368862638676, 53.296753202433436 ], [ 6.759819775082041, 53.296391019640161 ], [ 6.759817388373536, 53.296377297622442 ], [ 6.759804435908487, 53.296366212524816 ], [ 6.759466914398528, 53.296176679496796 ], [ 6.760683718487712, 53.295236180719357 ], [ 6.761094833591683, 53.295475911934247 ], [ 6.761648670895542, 53.295807378459422 ], [ 6.762619701907233, 53.296446077180796 ], [ 6.76342868113581, 53.297119784575699 ], [ 6.764349490956058, 53.297912623417332 ], [ 6.764620575656452, 53.298134357207687 ], [ 6.765092144653718, 53.297734174581294 ], [ 6.76818579616388, 53.295108663317201 ], [ 6.769142373630036, 53.294296761686603 ], [ 6.769487293281267, 53.294003994992849 ], [ 6.769612314955037, 53.293908288229723 ], [ 6.769641963508506, 53.29388570551437 ], [ 6.770330021243945, 53.293361629141238 ], [ 6.771579595413637, 53.292409828507502 ], [ 6.772225662890941, 53.291917695211907 ], [ 6.772365183221941, 53.291811483791427 ], [ 6.772262261000074, 53.291759461412255 ], [ 6.772183000162798, 53.291719405772369 ], [ 6.771117607197771, 53.291221250665863 ], [ 6.770662368065505, 53.291018456732537 ], [ 6.770024847931894, 53.290766895880608 ], [ 6.769794411102251, 53.290680402155211 ], [ 6.771865012465831, 53.288302979851032 ], [ 6.772309461406009, 53.287792643547895 ], [ 6.769289023805122, 53.286681500470223 ], [ 6.769136878620873, 53.286625530554453 ], [ 6.769714616602131, 53.285785923218064 ], [ 6.76980345720463, 53.285652259804714 ], [ 6.769975873626683, 53.285524823472429 ], [ 6.770214815320166, 53.285353575566845 ], [ 6.770716054808767, 53.284996071363821 ], [ 6.770812350217191, 53.284917318736227 ], [ 6.770953740010859, 53.284790507894726 ], [ 6.771339928204448, 53.284385529446439 ], [ 6.771380193763734, 53.284271116419646 ], [ 6.77151968876247, 53.284141451002277 ], [ 6.771752931891427, 53.283923895080761 ], [ 6.77200662158377, 53.283666023069912 ], [ 6.772175932631977, 53.283484340590903 ], [ 6.772409747374202, 53.283219417726947 ], [ 6.772526792028597, 53.283086595062457 ], [ 6.77173134187213, 53.282802626153341 ], [ 6.769921957313482, 53.282153793107312 ], [ 6.7697313763861, 53.282088318358028 ], [ 6.768061588237711, 53.281489073923602 ], [ 6.76708134895832, 53.281135755982966 ], [ 6.766326481773931, 53.280861979406943 ], [ 6.766242445200393, 53.280831671198094 ], [ 6.765068814223622, 53.280408440434478 ], [ 6.763987460667168, 53.280018469118382 ], [ 6.762897739457659, 53.279627370836558 ], [ 6.761449536313751, 53.279108083436888 ], [ 6.760828500466878, 53.278886660457331 ], [ 6.758544060321364, 53.27806479753793 ], [ 6.757166675367956, 53.277565499182266 ], [ 6.75699834340673, 53.277477014791735 ], [ 6.757024793727179, 53.277450652234634 ], [ 6.756907712478157, 53.277408582650438 ], [ 6.756881994379486, 53.277434397640661 ], [ 6.756659770524557, 53.277385331116719 ], [ 6.756657928360339, 53.277384920768696 ], [ 6.756637000374978, 53.277377430989382 ], [ 6.751020425878275, 53.275357871949268 ], [ 6.749977290324812, 53.274988352361213 ], [ 6.746970887650895, 53.27390908107953 ], [ 6.745709156193246, 53.27344958235954 ], [ 6.745689717048982, 53.273440689930204 ], [ 6.745022940793642, 53.273200175830596 ], [ 6.744674908742362, 53.273082774390026 ], [ 6.744619370989207, 53.273061978299538 ], [ 6.744316791597822, 53.272953524876392 ], [ 6.744146815150573, 53.272886644838529 ], [ 6.743944380354153, 53.272813004954656 ], [ 6.743369244318682, 53.27262239096747 ], [ 6.743081671027714, 53.272531387547311 ], [ 6.742840267503706, 53.272455516781079 ], [ 6.741410843970566, 53.272020862647388 ], [ 6.740733554636268, 53.271818878810045 ], [ 6.740457219344193, 53.271736917729115 ], [ 6.739633214070473, 53.271489671351432 ], [ 6.737564532476426, 53.270875843054903 ], [ 6.737102315946545, 53.270735575019238 ], [ 6.735893520582231, 53.270371993091928 ], [ 6.734355397694451, 53.269906259910968 ], [ 6.734323681388801, 53.269887150939233 ], [ 6.733879780163187, 53.26975139206661 ], [ 6.73383212638254, 53.269741789671848 ], [ 6.732522138419086, 53.269290504255544 ], [ 6.732291767293905, 53.269208620722182 ], [ 6.732135216315632, 53.269150577961277 ], [ 6.731979195972382, 53.269092232501983 ], [ 6.731727875372039, 53.268997498153524 ], [ 6.730680661185708, 53.268566507591579 ], [ 6.729749998405748, 53.268189507933705 ], [ 6.729473762185586, 53.268074108934378 ], [ 6.728421484338258, 53.267634510487561 ], [ 6.727542700808816, 53.26726783306944 ], [ 6.72685040748572, 53.266981133647455 ], [ 6.725848012646749, 53.266564420148597 ], [ 6.725476800550622, 53.266420136763564 ], [ 6.718817579912493, 53.263652503874198 ], [ 6.716326352295722, 53.26261130562014 ], [ 6.715497768982906, 53.262292665201329 ], [ 6.715382850272839, 53.262250486719076 ], [ 6.714246226678911, 53.261833301929137 ], [ 6.711475438984278, 53.260844896599806 ], [ 6.709584616431497, 53.260174854463088 ], [ 6.707620705936185, 53.259474996642204 ], [ 6.707516604931432, 53.259430759652972 ], [ 6.707169336792014, 53.259308740038698 ], [ 6.706197779766033, 53.258964073219822 ], [ 6.705037139454701, 53.258549627156448 ], [ 6.703970074004679, 53.258167411761505 ], [ 6.7030643211664, 53.257845156333723 ], [ 6.702867525962687, 53.257774872898096 ], [ 6.702430575697978, 53.257618811069591 ], [ 6.701518956712325, 53.257294586405742 ], [ 6.700756626035296, 53.257020169324228 ], [ 6.699884322118571, 53.25669979778948 ], [ 6.699164195802656, 53.256444580676686 ], [ 6.698330353634643, 53.256144949834173 ], [ 6.699080261335693, 53.255804384214748 ], [ 6.699248191728606, 53.255728114141682 ], [ 6.699247949313906, 53.255728026925951 ], [ 6.699497496894742, 53.255615044426605 ], [ 6.699509450466431, 53.255609467962266 ], [ 6.699529782294342, 53.255602955189701 ], [ 6.699669118993589, 53.255582380753701 ], [ 6.699748869691943, 53.255563625821516 ], [ 6.700124161754331, 53.255393182599853 ], [ 6.701111467191827, 53.254918229838012 ], [ 6.701133835544983, 53.254934340452962 ], [ 6.701703584535077, 53.25465931790184 ], [ 6.701670547556283, 53.254642245817301 ], [ 6.703763993295176, 53.253616864044709 ], [ 6.703780474977338, 53.253610922959943 ], [ 6.703796323867523, 53.253604377730497 ], [ 6.703811450909849, 53.25359725629265 ], [ 6.703825812261134, 53.253589595073571 ], [ 6.703839363256565, 53.253581403549724 ], [ 6.703852030368066, 53.253572727460359 ], [ 6.703863784458465, 53.253563594084717 ], [ 6.703874566705588, 53.253554040014166 ], [ 6.70388433354085, 53.253544110659284 ], [ 6.703893070806985, 53.25353383313508 ], [ 6.703900704702673, 53.253523244197112 ], [ 6.703907251851692, 53.253512397582355 ], [ 6.70391265343246, 53.253501329882049 ], [ 6.703916895562022, 53.253490077194542 ], [ 6.703919964905358, 53.253478693585301 ], [ 6.703921862559128, 53.253467214988312 ], [ 6.703922559934953, 53.253455686649708 ], [ 6.703922073382975, 53.253444153322661 ], [ 6.703920374588799, 53.253432669236709 ], [ 6.703917509313639, 53.2534212608494 ], [ 6.703913464222538, 53.253409982225925 ], [ 6.703908255665533, 53.253398878119278 ], [ 6.703901914972057, 53.253387993118302 ], [ 6.703598293365133, 53.252688848033301 ], [ 6.703457113210251, 53.252363467103173 ], [ 6.703449614661892, 53.25234703212729 ], [ 6.703443789642279, 53.252331917791523 ], [ 6.703437523550074, 53.252317572143717 ], [ 6.703432971576976, 53.252298013505481 ], [ 6.703428230326633, 53.252280110458194 ], [ 6.703425839589473, 53.252263125223436 ], [ 6.703422212496693, 53.252243430633591 ], [ 6.703421285930404, 53.252228271578829 ], [ 6.703421028686443, 53.252212458157842 ], [ 6.703421235712283, 53.252196145389227 ], [ 6.703422266495712, 53.252184244947706 ], [ 6.703424559087183, 53.252167531880851 ], [ 6.703426184080585, 53.252152021337714 ], [ 6.70342954200785, 53.252139780854684 ], [ 6.703432166893146, 53.252126595839194 ], [ 6.703435743396672, 53.252113660998937 ], [ 6.703441380624035, 53.252100002618377 ], [ 6.703448229266964, 53.252079878648054 ], [ 6.703454330835456, 53.252066215175816 ], [ 6.703461817780603, 53.252052284892095 ], [ 6.703470000437345, 53.252037583127475 ], [ 6.703479764400329, 53.252021668820113 ], [ 6.703487527057898, 53.25200842747217 ], [ 6.703501315837157, 53.251989862949031 ], [ 6.703503073362359, 53.251987057863744 ], [ 6.703505515292622, 53.251982618717712 ], [ 6.703507544383045, 53.251978399774138 ], [ 6.703509128731775, 53.251975812263517 ], [ 6.703511889956908, 53.251972016644629 ], [ 6.703514079598087, 53.251968640671706 ], [ 6.703516382663164, 53.25196603629432 ], [ 6.703519341817498, 53.251961852085508 ], [ 6.703521974884671, 53.251958767805135 ], [ 6.703524672440299, 53.251955341330508 ], [ 6.703527746386728, 53.251951973634505 ], [ 6.703531522427435, 53.251948535334847 ], [ 6.703534790551773, 53.251945147536539 ], [ 6.703537438869649, 53.251942072075103 ], [ 6.70354073191306, 53.251939501775084 ], [ 6.703543094425773, 53.251937373029875 ], [ 6.703546691703236, 53.251934952164447 ], [ 6.703552006766246, 53.251929897392074 ], [ 6.703556728203688, 53.251926996902263 ], [ 6.703560030199061, 53.251924228800483 ], [ 6.703564540286769, 53.251921276708735 ], [ 6.703574847472503, 53.251914828209259 ], [ 6.703756515317852, 53.251803829849102 ], [ 6.703856447844669, 53.251747961181081 ], [ 6.703863504955843, 53.251744019588173 ], [ 6.705007166011518, 53.251104707514152 ], [ 6.70599729230993, 53.250550420740907 ], [ 6.706106246481774, 53.250492339196903 ], [ 6.70652202098845, 53.250256368056164 ], [ 6.707810100614719, 53.249524901995365 ], [ 6.708267410258101, 53.2492660912446 ], [ 6.708315419640844, 53.249238783099969 ], [ 6.708659281735865, 53.249042956585122 ], [ 6.70977725698727, 53.24841003589929 ], [ 6.709810721223143, 53.248431324734646 ], [ 6.709849081230493, 53.248406997951982 ], [ 6.709986486825325, 53.248319393090242 ], [ 6.71010569657467, 53.248244300118778 ], [ 6.710145379471024, 53.248219149872149 ], [ 6.710103046586763, 53.248192027754634 ], [ 6.710137705840284, 53.248169179500422 ], [ 6.710615322168277, 53.247855228014117 ], [ 6.711062809524631, 53.247570363692596 ], [ 6.711678042936975, 53.24720079118346 ], [ 6.71176912401571, 53.247146675848278 ], [ 6.712613558353719, 53.246644803653545 ], [ 6.713153271394841, 53.246334289811905 ], [ 6.713163728535969, 53.246328422924108 ], [ 6.713644748438296, 53.246058365427899 ], [ 6.713798534424913, 53.245971905023005 ], [ 6.714250640067484, 53.245717729219592 ], [ 6.714335909046644, 53.245669697093192 ], [ 6.714373378458253, 53.24568968228207 ], [ 6.71450759214612, 53.245610914124683 ], [ 6.713878353142222, 53.245264519321076 ], [ 6.713836131210894, 53.24524099188681 ], [ 6.712731374957444, 53.244625666107751 ], [ 6.712720709527267, 53.244619852764004 ], [ 6.714194984203689, 53.24380385190365 ], [ 6.717548433765231, 53.241947765556937 ], [ 6.717685704221514, 53.241872500436543 ], [ 6.716442860177173, 53.241056595339259 ], [ 6.71615680235469, 53.240868798511229 ], [ 6.715748785265848, 53.240597428004975 ], [ 6.715644549038466, 53.24052810012499 ], [ 6.714459757041343, 53.23974006454462 ], [ 6.714228178619412, 53.239574558487469 ], [ 6.713711973603655, 53.239205632919237 ], [ 6.713155743199174, 53.238808102773355 ], [ 6.713029655451118, 53.238871853314635 ], [ 6.71226925471003, 53.238328376902146 ], [ 6.712008782141415, 53.238457396449128 ], [ 6.711633683990846, 53.238195480064661 ], [ 6.712026251792153, 53.238000821365958 ], [ 6.711804519415228, 53.237846093712399 ], [ 6.711454661822348, 53.237601583754262 ], [ 6.710901343775041, 53.23721463325456 ], [ 6.710292074651308, 53.236788540492938 ], [ 6.710466416726455, 53.236701641606039 ], [ 6.709624037261506, 53.236050593619119 ], [ 6.708829754388316, 53.235436457161086 ], [ 6.708831271417208, 53.235427292138752 ], [ 6.708838118759371, 53.235383299422217 ], [ 6.708851764511348, 53.235296653522049 ], [ 6.708876559611072, 53.235139196558485 ], [ 6.70911543814529, 53.235016055997704 ], [ 6.709228830037737, 53.234957562643295 ], [ 6.709325707491294, 53.23490760860215 ], [ 6.706544381133757, 53.234910985721505 ], [ 6.706844427426745, 53.234760127760104 ], [ 6.707657079934543, 53.23435155741889 ], [ 6.707205044137252, 53.234027891365869 ], [ 6.709824517297753, 53.232709121113267 ], [ 6.709675355456028, 53.232235357344713 ], [ 6.709453038106846, 53.231529242754732 ], [ 6.709111660028355, 53.231701258978276 ], [ 6.708055852916164, 53.232232657793226 ], [ 6.707711695360747, 53.231980354799418 ], [ 6.707509943024805, 53.231832453882873 ], [ 6.706907227340215, 53.231391264373528 ], [ 6.706824977927468, 53.231331060123445 ], [ 6.70770391516594, 53.230851493637253 ], [ 6.707666525778135, 53.230823309760254 ], [ 6.70712886912963, 53.230418025741898 ], [ 6.706405620338771, 53.229872441278182 ], [ 6.707377694090235, 53.229301034588545 ], [ 6.705672235009797, 53.228256312443833 ], [ 6.707631661283172, 53.227104436911993 ], [ 6.707198282399451, 53.226839966676394 ], [ 6.707770306280952, 53.226476276856545 ], [ 6.708763912780748, 53.225844725000869 ], [ 6.708796375380762, 53.225824057803599 ], [ 6.708804082314777, 53.225733298255165 ], [ 6.70885312152513, 53.225505487348059 ], [ 6.708851641858646, 53.225422827027487 ], [ 6.708834387578428, 53.225323805115409 ], [ 6.708791680818567, 53.22522982640573 ], [ 6.708750206258711, 53.225161445889661 ], [ 6.708688712304257, 53.225079895802175 ], [ 6.708618646093472, 53.225011830097507 ], [ 6.70835843827918, 53.224783290478321 ], [ 6.708280905467227, 53.224818742432362 ], [ 6.708101101012205, 53.224908251142544 ], [ 6.707806037589156, 53.225102194088663 ], [ 6.707049421285234, 53.225599208804276 ], [ 6.705878958479671, 53.22506579104369 ], [ 6.705872200774812, 53.225062711011972 ], [ 6.705866965527393, 53.225060450002331 ], [ 6.705759992691645, 53.225011570181309 ], [ 6.706367292254637, 53.224530394901848 ], [ 6.705660470072591, 53.223952273438009 ], [ 6.705123587134586, 53.223706411882084 ], [ 6.705541371560331, 53.2233339656391 ], [ 6.704293106903203, 53.22213611010973 ], [ 6.703576960287387, 53.221909885864065 ], [ 6.703092841207641, 53.221757624953774 ], [ 6.702945407903347, 53.221711253270321 ], [ 6.703383717174165, 53.221201516739335 ], [ 6.703066879872932, 53.221109482155569 ], [ 6.703033191546758, 53.221099696734875 ], [ 6.702799311359736, 53.221030907680721 ], [ 6.702718634390973, 53.221007258799361 ], [ 6.702143158594847, 53.220838148285374 ], [ 6.702517702299042, 53.220324602274445 ], [ 6.702436302732426, 53.220301760937041 ], [ 6.702021407155931, 53.22018531244268 ], [ 6.702028746992435, 53.220175077164548 ], [ 6.702117771103833, 53.220050877457339 ], [ 6.702127336910586, 53.220037526390776 ], [ 6.701780760271364, 53.219940584163517 ], [ 6.701382119976213, 53.219830192092061 ], [ 6.701098512822135, 53.219751654739348 ], [ 6.700992118662064, 53.219722184418472 ], [ 6.701512618390285, 53.21894269348838 ], [ 6.701476081265833, 53.218897253070963 ], [ 6.701458651161111, 53.218875516693124 ], [ 6.7005831668952, 53.218726309731139 ], [ 6.699510572453658, 53.218530095714293 ], [ 6.699389158191855, 53.21851075439946 ], [ 6.699495056384328, 53.218423414807859 ], [ 6.699514931669527, 53.218402438398407 ], [ 6.699605083973089, 53.21824032271396 ], [ 6.699668591569004, 53.21812280231881 ], [ 6.699137706956385, 53.218020229855362 ], [ 6.69909583629352, 53.218012060531784 ], [ 6.699140706130202, 53.217931589234347 ], [ 6.698880811953318, 53.217876583941553 ], [ 6.698548347066722, 53.217806231324069 ], [ 6.698529357623456, 53.217802125295648 ], [ 6.698628646203828, 53.21766471348387 ], [ 6.698715667087733, 53.217537500660008 ], [ 6.698810695312482, 53.217392945967632 ], [ 6.698832047578231, 53.217361439199841 ], [ 6.698856739148219, 53.217336366272605 ], [ 6.698837619041408, 53.217327948155777 ], [ 6.698789806565668, 53.217306992849913 ], [ 6.698606234791529, 53.217226529384853 ], [ 6.698375944503812, 53.217125601467579 ], [ 6.698292884212373, 53.217089196760448 ], [ 6.698043165768256, 53.217050604843848 ], [ 6.697982259116519, 53.217041187277651 ], [ 6.697515540320558, 53.216965585446964 ], [ 6.697556038777544, 53.216862345500637 ], [ 6.69759528643289, 53.2167623004513 ], [ 6.697622679004748, 53.216692471987066 ], [ 6.697637007090244, 53.216655928770699 ], [ 6.697649382803649, 53.216625113364508 ], [ 6.697669859929754, 53.216574106455617 ], [ 6.697669971765924, 53.216573844622836 ], [ 6.697699189967314, 53.216501030618275 ], [ 6.697719555958596, 53.216450312482948 ], [ 6.697727888904351, 53.216429857836502 ], [ 6.697728711205597, 53.216427844843665 ], [ 6.697749503263886, 53.216376861436409 ], [ 6.697774461179026, 53.216315632732382 ], [ 6.697777356927784, 53.216309418322865 ], [ 6.697799201001314, 53.216262521301701 ], [ 6.697813454028391, 53.21623832646253 ], [ 6.697828675743579, 53.216212503452297 ], [ 6.697859930067865, 53.216161926958762 ], [ 6.697902830150329, 53.216080668801673 ], [ 6.69795339776366, 53.215969859803714 ], [ 6.697954281818713, 53.215967909040394 ], [ 6.697972475275532, 53.215928016475296 ], [ 6.698007697777444, 53.215850814223181 ], [ 6.698102567435991, 53.215641827810465 ], [ 6.698125326857339, 53.21559749088113 ], [ 6.698158829193494, 53.215532205626076 ], [ 6.698199479606838, 53.215125027881491 ], [ 6.69824526298275, 53.214667451022549 ], [ 6.698117897205756, 53.214643024195084 ], [ 6.698074538774769, 53.21474860523665 ], [ 6.697400745481475, 53.214673836493986 ], [ 6.696750210942876, 53.214601748741352 ], [ 6.695973621142381, 53.214515755370066 ], [ 6.695952911915859, 53.214585339849677 ], [ 6.695936218619215, 53.214643674228256 ], [ 6.694968328721393, 53.214562573707028 ], [ 6.694991189577603, 53.214482900965521 ], [ 6.694746096354449, 53.214452591441677 ], [ 6.694565389221388, 53.214437486128084 ], [ 6.694502765552455, 53.214391438184506 ], [ 6.694471003770482, 53.214377792125035 ], [ 6.694450739444416, 53.214369089227219 ], [ 6.694388162818249, 53.21436419933142 ], [ 6.694104438548841, 53.214348508211771 ], [ 6.693839489523436, 53.214339801229563 ], [ 6.693730635853755, 53.214329393944368 ], [ 6.693679468943571, 53.214315644459532 ], [ 6.693616529242108, 53.214298734049343 ], [ 6.693493050152298, 53.214284891161654 ], [ 6.693308663890944, 53.214252030559116 ], [ 6.693352239399952, 53.213930285332403 ], [ 6.693366972717911, 53.213803503772205 ], [ 6.693394001885537, 53.213625355742323 ], [ 6.693395187762501, 53.21361753347751 ], [ 6.693448414650299, 53.213243650651549 ], [ 6.693378229221998, 53.213165242828282 ], [ 6.693373296850831, 53.213161540127601 ], [ 6.693350503691426, 53.213144426160305 ], [ 6.69333542292915, 53.213120955580713 ], [ 6.693342492356142, 53.213082415970383 ], [ 6.6933603810763, 53.213000622890647 ], [ 6.693361273957661, 53.212995490807778 ], [ 6.691996666632313, 53.212944197876531 ], [ 6.691994440330987, 53.21299939980215 ], [ 6.691979514220203, 53.213168033880628 ], [ 6.691690787086301, 53.213166347707762 ], [ 6.69077083750623, 53.213160979561039 ], [ 6.69076801126593, 53.212456550943138 ], [ 6.690491248400859, 53.212452817779557 ], [ 6.690489450438434, 53.212467665196456 ], [ 6.690327153933472, 53.212381611076836 ], [ 6.69021043706148, 53.212319720947605 ], [ 6.689911041529689, 53.212320006626683 ], [ 6.689892530364833, 53.212588529419591 ], [ 6.689329836357763, 53.212603759197023 ], [ 6.689211816884151, 53.2126069541793 ], [ 6.688642998721233, 53.21262115981493 ], [ 6.688232299638169, 53.212633971713267 ], [ 6.688211708796772, 53.212486994599658 ], [ 6.688190104107131, 53.212179959252623 ], [ 6.688189898862892, 53.212177615977104 ], [ 6.688185868538958, 53.212130740670688 ], [ 6.688185403097977, 53.212123232924668 ], [ 6.687086118797559, 53.212137754421732 ], [ 6.687053962781911, 53.21188629847402 ], [ 6.687042572316072, 53.211814654945371 ], [ 6.686836375586267, 53.211789767232972 ], [ 6.686827075437127, 53.211788645800837 ], [ 6.686798378599632, 53.211785182287812 ], [ 6.686353688505695, 53.211732178742622 ], [ 6.685962754599608, 53.211685583207903 ], [ 6.685962835484689, 53.21168528577472 ], [ 6.685674977714827, 53.211661855199111 ], [ 6.685252663859201, 53.211626084332607 ], [ 6.684851159297556, 53.211592818834532 ], [ 6.684948473661597, 53.211174707498088 ], [ 6.684888980615813, 53.211157647432366 ], [ 6.684755292598145, 53.211137435707236 ], [ 6.684684600205357, 53.21113128057619 ], [ 6.68455287120327, 53.211121471886862 ], [ 6.684538039756839, 53.211121093073309 ], [ 6.684363838687718, 53.211117674594995 ], [ 6.684240099072068, 53.211114698855909 ], [ 6.684233494470845, 53.211138054516816 ], [ 6.683583452802597, 53.211098817413543 ], [ 6.683561122631035, 53.211097477063078 ], [ 6.682905596110712, 53.211057999004915 ], [ 6.682847701583632, 53.211299060438542 ], [ 6.682844547665569, 53.211312205931847 ], [ 6.682758393459479, 53.211656819385631 ], [ 6.682658103441658, 53.212059297220456 ], [ 6.682374754939936, 53.212033994744566 ], [ 6.681979129114741, 53.21199862519677 ], [ 6.681978081381351, 53.212003129796599 ], [ 6.681918994014831, 53.211998114895614 ], [ 6.681766357999941, 53.211985077903897 ], [ 6.681305759052116, 53.211941070144988 ], [ 6.681043512772931, 53.211917028688489 ], [ 6.680986912901788, 53.211906585567291 ], [ 6.680943302327314, 53.21188998133934 ], [ 6.68084624100462, 53.211853104574963 ], [ 6.680626679179104, 53.211754642369229 ], [ 6.680473000312536, 53.211691685525061 ], [ 6.680693675100595, 53.210081067036647 ], [ 6.680698078689895, 53.21004812864328 ], [ 6.680674255462274, 53.210047396972541 ], [ 6.680325161832759, 53.210037141162076 ], [ 6.6800812458596, 53.210029974619523 ], [ 6.680096747869633, 53.209912622450091 ], [ 6.680143576992154, 53.209511315906546 ], [ 6.679840654940723, 53.209443046936926 ], [ 6.679638449243, 53.209401415855595 ], [ 6.6796473070007, 53.209324161575459 ], [ 6.679653861026548, 53.209266990178833 ], [ 6.67965881082066, 53.209223756290861 ], [ 6.679762093364744, 53.208322276995766 ], [ 6.680916772329391, 53.20831830497162 ], [ 6.682484292654355, 53.208487287484466 ], [ 6.682928719158789, 53.206852885248722 ], [ 6.682957329470836, 53.206747684609333 ], [ 6.682957706181766, 53.206746269643901 ], [ 6.68297375123586, 53.206687296998751 ], [ 6.683013835414902, 53.206691267464322 ], [ 6.683058856504391, 53.206500355041605 ], [ 6.683014425056701, 53.206496161952082 ], [ 6.683024104958358, 53.206444564156897 ], [ 6.683167799252211, 53.205765332082272 ], [ 6.683304790070229, 53.205072332702677 ], [ 6.683337804665822, 53.20494535469193 ], [ 6.683476958718079, 53.204384614416441 ], [ 6.683494607668874, 53.204309295642197 ], [ 6.683536906433625, 53.204127578617744 ], [ 6.68374241691399, 53.203314136111381 ], [ 6.683979302646197, 53.202359353791493 ], [ 6.684002854176327, 53.202206416566014 ], [ 6.684007455715543, 53.202186677141974 ], [ 6.68401087203373, 53.202166842691412 ], [ 6.684013104479424, 53.202146958132907 ], [ 6.684014153323629, 53.202127032450257 ], [ 6.684014004683715, 53.202107101740054 ], [ 6.684012658830718, 53.202087174985941 ], [ 6.684010132344382, 53.202067305928402 ], [ 6.684006425226324, 53.20204749456736 ], [ 6.684001523593893, 53.202027776999245 ], [ 6.683993244006554, 53.202006712009855 ], [ 6.68398381722032, 53.201985821180784 ], [ 6.683973259006618, 53.201965131301215 ], [ 6.68396156963629, 53.201944651354573 ], [ 6.683948765419355, 53.201924426097271 ], [ 6.68393486131888, 53.201904455367206 ], [ 6.683919888067684, 53.201884765791661 ], [ 6.683903831513284, 53.201865384483128 ], [ 6.68388673735, 53.20184633790705 ], [ 6.683868590617088, 53.201827626224691 ], [ 6.683849452509039, 53.201809293707207 ], [ 6.683829323026599, 53.201791340354177 ], [ 6.683808202978482, 53.201773793116196 ], [ 6.683786153020035, 53.201756678296945 ], [ 6.683763173421021, 53.201740004879753 ], [ 6.683739294643799, 53.201723790507899 ], [ 6.683714547150584, 53.201708052824941 ], [ 6.683688946441791, 53.201692809636029 ], [ 6.683662538210336, 53.201678087406719 ], [ 6.683640649016358, 53.201661339274771 ], [ 6.683619586111796, 53.201644195784134 ], [ 6.683599395458352, 53.201626692384934 ], [ 6.683580092017111, 53.201608828915816 ], [ 6.683561676595327, 53.201590632328418 ], [ 6.683544179384833, 53.201572111283433 ], [ 6.683527600923415, 53.201553283748687 ], [ 6.683511971672, 53.201534167368635 ], [ 6.683497292168192, 53.201514780111005 ], [ 6.683483592872732, 53.201495139620263 ], [ 6.68347087432306, 53.201475263864076 ], [ 6.68345536960789, 53.201127739133156 ], [ 6.683189401654686, 53.201102215267781 ], [ 6.683060397444137, 53.201012484663586 ], [ 6.682977391177526, 53.200954429138548 ], [ 6.682854641534263, 53.200873617369943 ], [ 6.682731583963001, 53.20078750669763 ], [ 6.682700290478238, 53.200762053078435 ], [ 6.682339692817906, 53.200779966162699 ], [ 6.681576503516909, 53.200817859817441 ], [ 6.681319375813633, 53.200832586342855 ], [ 6.68079594601654, 53.200850543940724 ], [ 6.680508857541364, 53.200850323565888 ], [ 6.678952515111703, 53.20084911149236 ], [ 6.678645629433072, 53.200846484746343 ], [ 6.678645637480848, 53.200846754258073 ], [ 6.67836772329921, 53.200842017559431 ], [ 6.678098751151027, 53.200836015726331 ], [ 6.677829135041277, 53.200828492495518 ], [ 6.67707015153867, 53.200806820834096 ], [ 6.676665984290661, 53.20079409167802 ], [ 6.676282776595527, 53.200781585249992 ], [ 6.676129464597371, 53.200774605593331 ], [ 6.675736713777491, 53.200758245859646 ], [ 6.674977173558104, 53.200722817444998 ], [ 6.674390593804787, 53.200710870570127 ], [ 6.674007213486288, 53.200677419944839 ], [ 6.673922751233459, 53.200675630016221 ], [ 6.673862924503757, 53.200676900822664 ], [ 6.673796554859173, 53.20067958976896 ], [ 6.673704099024832, 53.200685793637099 ], [ 6.673620793646182, 53.200692708095055 ], [ 6.673496120598553, 53.200704613326074 ], [ 6.673574533608996, 53.200687183173876 ], [ 6.673596943425529, 53.200650636963452 ], [ 6.672907200238432, 53.200717613141109 ], [ 6.672876759143715, 53.200720635400799 ], [ 6.672558038421702, 53.200752808229971 ], [ 6.67221593711396, 53.200793947684531 ], [ 6.671932708435783, 53.200831939378091 ], [ 6.671646716420297, 53.200877688465567 ], [ 6.671420201265205, 53.200915431105699 ], [ 6.670921308855255, 53.201013962277401 ], [ 6.670663625186855, 53.20108070428585 ], [ 6.670404422546932, 53.20115680804512 ], [ 6.670279437824937, 53.201191575154766 ], [ 6.670099481889076, 53.201234928133253 ], [ 6.669961769088216, 53.201264439074826 ], [ 6.669606086573389, 53.201332316591575 ], [ 6.669327625959255, 53.201374834273338 ], [ 6.669175923786708, 53.201396945088362 ], [ 6.66893961475123, 53.201432630887794 ], [ 6.668801091739522, 53.201455049731479 ], [ 6.66831511501641, 53.201535279042105 ], [ 6.668049050147002, 53.201587097269346 ], [ 6.667948523595602, 53.201608929662918 ], [ 6.667796483466425, 53.201650004039998 ], [ 6.667599213342511, 53.201710253130216 ], [ 6.667386580477952, 53.201787470773994 ], [ 6.667259894976735, 53.201840765228397 ], [ 6.666872696574255, 53.202020341685831 ], [ 6.666781656625153, 53.201977404379456 ], [ 6.664682615241017, 53.200991041301343 ], [ 6.664262186277936, 53.200795467603648 ], [ 6.663723597735363, 53.200544920861908 ], [ 6.662747279125268, 53.200090493479244 ], [ 6.661465015979021, 53.199493645139285 ], [ 6.661424517056177, 53.199474790144123 ], [ 6.661285662190476, 53.199410159764405 ], [ 6.661276679320038, 53.199405977562002 ], [ 6.661103589231923, 53.199426903471476 ], [ 6.660963723042133, 53.19935840125703 ], [ 6.660915815334053, 53.199334933767261 ], [ 6.660890092621492, 53.199322338112225 ], [ 6.659591521413167, 53.19868632680528 ], [ 6.659534763063018, 53.198658531254154 ], [ 6.659347599001896, 53.198541273379497 ], [ 6.659162939300471, 53.198453671361946 ], [ 6.65829954818436, 53.198045891155417 ], [ 6.658192298888186, 53.197976330153949 ], [ 6.658163166413607, 53.197969359709667 ], [ 6.658127824389484, 53.197958348182318 ], [ 6.658068148433426, 53.197931526450979 ], [ 6.658063143106911, 53.197929251957127 ], [ 6.65760356922065, 53.19772003287116 ], [ 6.657525859380871, 53.197670225464407 ], [ 6.657384969982465, 53.197617959738999 ], [ 6.657259485298027, 53.197549058320163 ], [ 6.656557420138299, 53.197222809147725 ], [ 6.656261640408822, 53.197084121610843 ], [ 6.656320981172276, 53.197041454489948 ], [ 6.656498201987369, 53.196927471516119 ], [ 6.656447990255973, 53.196903846912178 ], [ 6.655996675080998, 53.196689331112161 ], [ 6.655657106580536, 53.196527928888536 ], [ 6.655363690997704, 53.196388459288329 ], [ 6.655349334482805, 53.196381637485665 ], [ 6.655085586903039, 53.196255144698299 ], [ 6.654792214003049, 53.196114451088334 ], [ 6.654844820114888, 53.196072269241668 ], [ 6.65355722054048, 53.195473883963523 ], [ 6.653249249843783, 53.195331040178743 ], [ 6.651705274333766, 53.194626279912576 ], [ 6.651751586375195, 53.194582718927315 ], [ 6.651818069450169, 53.194546314249088 ], [ 6.651992706713776, 53.194423243704044 ], [ 6.65204149890504, 53.194381103287313 ], [ 6.652068879540754, 53.194338514660629 ], [ 6.652090551215059, 53.194277752442986 ], [ 6.652049545863647, 53.194260714950154 ], [ 6.651971822042291, 53.194228418995237 ], [ 6.651723552057232, 53.194124851221702 ], [ 6.650179182448187, 53.193410397143062 ], [ 6.650102850218555, 53.193429254976095 ], [ 6.649981799763248, 53.193212586765533 ], [ 6.649974437178972, 53.193196677140314 ], [ 6.649979114477679, 53.193176983209455 ], [ 6.649786868721551, 53.193158185215211 ], [ 6.649443215872391, 53.193090430881746 ], [ 6.649114188617324, 53.193027985534563 ], [ 6.648413318627783, 53.192879718944504 ], [ 6.647889859968946, 53.192768980795677 ], [ 6.647875255470354, 53.192765890148856 ], [ 6.646513739618102, 53.192474865304021 ], [ 6.646053365670508, 53.192372524264961 ], [ 6.645223783514989, 53.1921870106573 ], [ 6.64475788518543, 53.192079204865024 ], [ 6.644495900444444, 53.192018587159872 ], [ 6.644249246970213, 53.191963406841616 ], [ 6.643999476300877, 53.191905976092578 ], [ 6.643067602175528, 53.191684611656129 ], [ 6.643018687322593, 53.19168715481495 ], [ 6.642990398282354, 53.1916950896183 ], [ 6.642964056598679, 53.191703615112907 ], [ 6.642912683044116, 53.191718882013895 ], [ 6.642882746427876, 53.191728307841132 ], [ 6.642864699963698, 53.191734454885903 ], [ 6.642835134062033, 53.191744281216089 ], [ 6.642817168607885, 53.191752188775681 ], [ 6.64278660164871, 53.191764128434315 ], [ 6.642761866827907, 53.191774919653589 ], [ 6.64274020818802, 53.191787044625173 ], [ 6.642696359310246, 53.19181205499401 ], [ 6.642688705023843, 53.191816412733338 ], [ 6.642674618641031, 53.191827541793927 ], [ 6.642656881868169, 53.19184281593256 ], [ 6.642630929562949, 53.191863217538334 ], [ 6.642622836509695, 53.191871533962292 ], [ 6.642611434273549, 53.191882347347907 ], [ 6.642584761878648, 53.191869685858244 ], [ 6.642562405545742, 53.191860349154766 ], [ 6.642529010898654, 53.19184858478021 ], [ 6.642524717598112, 53.191847075038353 ], [ 6.642461582234213, 53.191823130580183 ], [ 6.642432214572707, 53.191808852721579 ], [ 6.642389494013089, 53.191781477367222 ], [ 6.642346907583311, 53.1917582074622 ], [ 6.642275943137903, 53.191718663254569 ], [ 6.641743127168634, 53.191412682009741 ], [ 6.641291566174101, 53.191153145186099 ], [ 6.641179696287839, 53.191088847656616 ], [ 6.641075715559396, 53.191029832534412 ], [ 6.641007132573248, 53.190989256189361 ], [ 6.640928872712877, 53.190943649625289 ], [ 6.640197770224036, 53.190517579616504 ], [ 6.640188927409217, 53.190512414851156 ], [ 6.640005734188728, 53.190408835128267 ], [ 6.639976969864015, 53.190392079062484 ], [ 6.639813103542113, 53.190296573805895 ], [ 6.640798566468582, 53.189943052582528 ], [ 6.641822514572395, 53.189574166823832 ], [ 6.642427209268669, 53.189355917688061 ], [ 6.642817673985051, 53.189210974501485 ], [ 6.643073346873333, 53.189121828452841 ], [ 6.643189510549153, 53.189082598676301 ], [ 6.643340442297713, 53.189033973104408 ], [ 6.643557094019762, 53.188967045165477 ], [ 6.643962539299453, 53.188846169099413 ], [ 6.644772070258138, 53.18861037617382 ], [ 6.644943481866221, 53.188560221754599 ], [ 6.645045413030119, 53.188530233846826 ], [ 6.645113342686765, 53.188508717390157 ], [ 6.645527486206165, 53.188375460038621 ], [ 6.645623465765476, 53.188344581498583 ], [ 6.645718508294311, 53.188312355737388 ], [ 6.64624785469274, 53.18813235177295 ], [ 6.646821286045105, 53.187937351070246 ], [ 6.645855127259723, 53.187672145575988 ], [ 6.645200644671641, 53.187492936219328 ], [ 6.64495477014192, 53.187425608390477 ], [ 6.644922567594536, 53.187413068322726 ], [ 6.644888953627466, 53.187406015886971 ], [ 6.644817243253383, 53.187394689919024 ], [ 6.644776082056107, 53.18738998121929 ], [ 6.644731924044256, 53.187386660906242 ], [ 6.644699925665679, 53.187383716325613 ], [ 6.644668714562354, 53.187382120457904 ], [ 6.644635953911005, 53.187382805452145 ], [ 6.644604926281606, 53.187384433832939 ], [ 6.644526945092154, 53.187398264022718 ], [ 6.644483791958677, 53.187406355049255 ], [ 6.644445229199459, 53.187414865240058 ], [ 6.644399878652135, 53.187426627831456 ], [ 6.644364430085133, 53.187438304578272 ], [ 6.644304721174948, 53.18746001304013 ], [ 6.643650422915869, 53.18726208325603 ], [ 6.643611223837363, 53.187250227229733 ], [ 6.643487332336413, 53.187212747959421 ], [ 6.643466245895056, 53.187206363700945 ], [ 6.643458034768338, 53.187203879548612 ], [ 6.643446789667225, 53.187200474598008 ], [ 6.643358309037088, 53.187173713714429 ], [ 6.643353403464415, 53.187172228389628 ], [ 6.643309750813114, 53.187158990045369 ], [ 6.643298113206288, 53.187155463379781 ], [ 6.641779662522922, 53.186695014533214 ], [ 6.640447207220762, 53.186290755313564 ], [ 6.640437215174255, 53.186287723411994 ], [ 6.640398062201217, 53.186275847889874 ], [ 6.640290643419203, 53.18624232704024 ], [ 6.639993842207416, 53.186149702763132 ], [ 6.639883257310621, 53.18611377027328 ], [ 6.639857098828625, 53.186105272597501 ], [ 6.639538998086575, 53.186001897054886 ], [ 6.639538832005496, 53.186001844869665 ], [ 6.639522883283468, 53.185996664394843 ], [ 6.639470407923368, 53.185981422921884 ], [ 6.639468069394165, 53.185980746387045 ], [ 6.639853549613166, 53.185899992934495 ], [ 6.640315722355174, 53.185816289071006 ], [ 6.640610682133748, 53.18575605181347 ], [ 6.640766879384994, 53.18572267850432 ], [ 6.640926923752231, 53.185680610676634 ], [ 6.64131305766788, 53.185583364229743 ], [ 6.641316607485734, 53.185582473379867 ], [ 6.641705544220179, 53.185480819868182 ], [ 6.642402072410094, 53.185276536186528 ], [ 6.64335942656496, 53.18499575452477 ], [ 6.643368445793687, 53.184993107853714 ], [ 6.643376214969931, 53.18499068995483 ], [ 6.643427812997576, 53.18497467452211 ], [ 6.64354239607394, 53.184939109384977 ], [ 6.643597448740956, 53.184922024226381 ], [ 6.64360051777641, 53.184921066452212 ], [ 6.643623944612115, 53.184913802471527 ], [ 6.645179383629505, 53.184445514487422 ], [ 6.645219559835513, 53.184433419422525 ], [ 6.645185401620448, 53.1844065393459 ], [ 6.64603289237108, 53.184151889182175 ], [ 6.646908906722816, 53.18388299507177 ], [ 6.647025537045922, 53.18384857330549 ], [ 6.647251202628617, 53.183781966020291 ], [ 6.647269699015349, 53.183776505511979 ], [ 6.647544741854544, 53.183695323751373 ], [ 6.647545631864746, 53.183695062772166 ], [ 6.647554576048019, 53.183692425556657 ], [ 6.647592681215194, 53.183680665981981 ], [ 6.648055592025595, 53.183537855169533 ], [ 6.648164094859449, 53.183504380448184 ], [ 6.648108165403482, 53.183491767207812 ], [ 6.648111293797361, 53.183490799705517 ], [ 6.648895261223739, 53.183249036670105 ], [ 6.649552251545789, 53.183052289118251 ], [ 6.649720027947591, 53.183002049018775 ], [ 6.650356578117195, 53.182806923087135 ], [ 6.650693629637115, 53.18270360277296 ], [ 6.651256155508722, 53.182524538160564 ], [ 6.651299984094991, 53.182510587227164 ], [ 6.651328591991664, 53.18250204491931 ], [ 6.652069312337692, 53.182280990511366 ], [ 6.652487450359393, 53.182152536872316 ], [ 6.65245757640649, 53.182143856471534 ], [ 6.652683539985541, 53.182075743875181 ], [ 6.653456890705694, 53.181851200068138 ], [ 6.65360865957231, 53.181806353691236 ], [ 6.654158661881067, 53.181643844041453 ], [ 6.654882990065728, 53.181434609815355 ], [ 6.654899370372064, 53.181429494000682 ], [ 6.655075943286664, 53.181378155777658 ], [ 6.655845140423101, 53.181153092065649 ], [ 6.655909000452306, 53.181127532440286 ], [ 6.655993242078837, 53.181149664871874 ], [ 6.656035620307049, 53.181102162447282 ], [ 6.656242079821063, 53.180883013337464 ], [ 6.656474707193374, 53.180610017517964 ], [ 6.656555696248713, 53.180626854905853 ], [ 6.657075256517522, 53.180734891040522 ], [ 6.657240923214937, 53.180769334686751 ], [ 6.657242170549423, 53.180768000440061 ], [ 6.657299073337247, 53.180707277142936 ], [ 6.657312069713205, 53.180693407904137 ], [ 6.657327829393539, 53.180676849349872 ], [ 6.657624387620768, 53.180365250422376 ], [ 6.657633819993371, 53.180355337079561 ], [ 6.657635750381168, 53.180353321593749 ], [ 6.657620612773932, 53.180351316192173 ], [ 6.657636888046836, 53.180335003756987 ], [ 6.65796743076386, 53.180003614731525 ], [ 6.65821568337966, 53.17971818298313 ], [ 6.658334738329918, 53.179549014556102 ], [ 6.658427882126687, 53.179404231858484 ], [ 6.658673515639575, 53.178945860882607 ], [ 6.658771552231607, 53.178755895057854 ], [ 6.658853635982059, 53.178624259891521 ], [ 6.659064741140542, 53.178269870154111 ], [ 6.659176731094173, 53.17809162728895 ], [ 6.659354599402787, 53.177854973124091 ], [ 6.659505269009344, 53.177701158629709 ], [ 6.659723489158123, 53.177395768156785 ], [ 6.660024357916383, 53.176986926277806 ], [ 6.66026489905046, 53.176622417193613 ], [ 6.66038599950216, 53.176365712678106 ], [ 6.660478743364646, 53.176080686638734 ], [ 6.660562217804809, 53.175702297703999 ], [ 6.660640856009133, 53.175329378973466 ], [ 6.660748058626839, 53.174923840711109 ], [ 6.660851851084747, 53.174521420934617 ], [ 6.660958332984912, 53.174125577626974 ], [ 6.661045003646972, 53.173793040005769 ], [ 6.661100658836605, 53.173575052315378 ], [ 6.661164655376713, 53.173324408277097 ], [ 6.66123743287633, 53.173094672709119 ], [ 6.661335321763765, 53.172715051210027 ], [ 6.66145464871968, 53.172468285291899 ], [ 6.661618684127206, 53.172171922878043 ], [ 6.661812251453556, 53.171890146140164 ], [ 6.662034394704714, 53.171606249893514 ], [ 6.662331054798421, 53.171296263202564 ], [ 6.662725703195339, 53.170988369618605 ], [ 6.663157447201468, 53.170705709875563 ], [ 6.663461976666308, 53.170522096950748 ], [ 6.66379866555118, 53.17030577078291 ], [ 6.6642305667519, 53.170012680788666 ], [ 6.664371574553432, 53.169903940702113 ], [ 6.664654240557843, 53.16974404870912 ], [ 6.665004619579574, 53.169600275391282 ], [ 6.66524465662253, 53.169526937697903 ], [ 6.665527592996407, 53.169465022503097 ], [ 6.665792987321473, 53.16942340591288 ], [ 6.666219919166572, 53.169378951158443 ], [ 6.666765296754893, 53.169351725376664 ], [ 6.66730302662437, 53.169326861384697 ], [ 6.667906555613432, 53.169293284964205 ], [ 6.668188524931205, 53.169269621117209 ], [ 6.668360864077829, 53.169256303592107 ], [ 6.668660902590679, 53.169222155779998 ], [ 6.668881263565743, 53.169183610809867 ], [ 6.669083773478317, 53.169128091724282 ], [ 6.669332717047662, 53.169046256964315 ], [ 6.669590128506124, 53.168939321142325 ], [ 6.669749598330591, 53.168853104426169 ], [ 6.669908501369671, 53.168741218577367 ], [ 6.670084284758822, 53.16859844435055 ], [ 6.670249166004516, 53.168426948229403 ], [ 6.670370024386501, 53.168301054227832 ], [ 6.670443662136043, 53.168224355449347 ], [ 6.67060035425822, 53.168057197163975 ], [ 6.670844292041629, 53.167795238499615 ], [ 6.671016269499598, 53.167624204454548 ], [ 6.671185922998697, 53.16746763665536 ], [ 6.671365900444644, 53.167312800286453 ], [ 6.671528708621807, 53.167190724347684 ], [ 6.67165976027469, 53.16709008020571 ], [ 6.671933813763162, 53.166902008655285 ], [ 6.67197433314206, 53.166879089702171 ], [ 6.672348258257395, 53.166667641833335 ], [ 6.672650068276526, 53.166531681472982 ], [ 6.673169034635598, 53.166333027446321 ], [ 6.673670674889512, 53.166172975216313 ], [ 6.674160777637224, 53.16605604609672 ], [ 6.674701323371978, 53.165943821455315 ], [ 6.675193654731389, 53.165808486311136 ], [ 6.675697045589417, 53.165664492874711 ], [ 6.676209645460514, 53.165509973690135 ], [ 6.676686652041647, 53.165359995985156 ], [ 6.677001227518819, 53.165256742553154 ], [ 6.677325790052914, 53.165136404901645 ], [ 6.677667163721954, 53.164993652257799 ], [ 6.678059338932747, 53.164797428835449 ], [ 6.678330360364592, 53.164637458342867 ], [ 6.678561770962979, 53.164458547538388 ], [ 6.678841973314004, 53.164185406050358 ], [ 6.679121312717241, 53.163917539374495 ], [ 6.679659928233377, 53.16337126313006 ], [ 6.679821411053723, 53.163042773730076 ], [ 6.679834328709865, 53.163011657203256 ], [ 6.679870640653853, 53.162904665127066 ], [ 6.679902256389632, 53.162867766205792 ], [ 6.679835854938204, 53.162611992134522 ], [ 6.679982370673952, 53.162258123522967 ], [ 6.680473390741269, 53.161954162268472 ], [ 6.682622252985203, 53.160936550977787 ], [ 6.683501447714643, 53.160474285844359 ], [ 6.684491234629508, 53.159637040731944 ], [ 6.685133404821546, 53.158586395737323 ], [ 6.685294403559222, 53.158062162934527 ], [ 6.685448016011337, 53.157791400139665 ], [ 6.68572269963212, 53.157455744342023 ], [ 6.686416424565982, 53.15676660900322 ], [ 6.687276048836972, 53.156063951310301 ], [ 6.688262445008836, 53.155155902654762 ], [ 6.688714246532141, 53.154611126925708 ], [ 6.688983444057395, 53.15418447764138 ], [ 6.689223218849254, 53.153584406145647 ], [ 6.689261976122478, 53.153513034601851 ], [ 6.689417117516198, 53.153139836210173 ], [ 6.689451739249433, 53.153077622103169 ], [ 6.689458464111852, 53.153064113819788 ], [ 6.689543280593922, 53.15288535310188 ], [ 6.689630236547994, 53.152598790741628 ], [ 6.68964927024114, 53.152521333640877 ], [ 6.689734100524237, 53.152302329837383 ], [ 6.689882460120639, 53.152015072935484 ], [ 6.690103339358379, 53.151580803714694 ], [ 6.690194549421136, 53.151378715136261 ], [ 6.690269590896329, 53.151155000344936 ], [ 6.69028562074748, 53.151080613282225 ], [ 6.690266939548285, 53.15078214093306 ], [ 6.690249715736874, 53.15054651520682 ], [ 6.690249890790085, 53.150468355313848 ], [ 6.690251083380424, 53.150440914707339 ], [ 6.690240793837539, 53.150418892147513 ], [ 6.690215550138175, 53.150393212788266 ], [ 6.689971491059811, 53.150244438756566 ], [ 6.689917929411016, 53.150215103977388 ], [ 6.689783885374372, 53.150156987552087 ], [ 6.689631831420192, 53.150085047324943 ], [ 6.689568164461236, 53.150049234899562 ], [ 6.689451415470246, 53.149980128062609 ], [ 6.689367407998449, 53.149929043340506 ], [ 6.689294412261529, 53.149900647363367 ], [ 6.689007190978749, 53.149803214451083 ], [ 6.688085245039683, 53.149478970927923 ], [ 6.687885573439226, 53.14940662870702 ], [ 6.687775394210722, 53.149369981084085 ], [ 6.687675528424068, 53.149339269550573 ], [ 6.687522834331415, 53.149255749671489 ], [ 6.687181380000739, 53.149082315530649 ], [ 6.686986517211094, 53.148965372224403 ], [ 6.68677433773304, 53.148797850087043 ], [ 6.686632137140906, 53.148671348382081 ], [ 6.68639667530713, 53.148405277405125 ], [ 6.686278135877004, 53.148141569302616 ], [ 6.686274685881257, 53.147847586326137 ], [ 6.686435731942445, 53.147471712009086 ], [ 6.686494315240512, 53.14719422120065 ], [ 6.687087871959451, 53.146458435518248 ], [ 6.687126915476933, 53.146417616437823 ], [ 6.687168133414819, 53.146384008117273 ], [ 6.687210692396559, 53.146358230696002 ], [ 6.687483635365019, 53.146169108393984 ], [ 6.687518637361508, 53.146137580428046 ], [ 6.687567753887765, 53.146084286085021 ], [ 6.687642327620037, 53.146009650457707 ], [ 6.687732569479166, 53.145922191357506 ], [ 6.687781249525068, 53.145874788000398 ], [ 6.687821129016596, 53.145835963658001 ], [ 6.687897636808721, 53.145772504404242 ], [ 6.687978296816711, 53.145705962496521 ], [ 6.688102561982975, 53.145597760756715 ], [ 6.688652591993758, 53.145123271627313 ], [ 6.688763820407271, 53.14503796528269 ], [ 6.688891767548735, 53.144863400175154 ], [ 6.688963944255724, 53.144774797267111 ], [ 6.689052760045467, 53.144664427286514 ], [ 6.689572283025348, 53.143306126263681 ], [ 6.690437132158285, 53.139574354795563 ], [ 6.6917974259494, 53.133703499827675 ], [ 6.692194799359998, 53.132066175824761 ], [ 6.692330253928115, 53.131507993113154 ], [ 6.692907115664019, 53.129130764609911 ], [ 6.693046592683288, 53.128555928910252 ], [ 6.693636851510226, 53.12667880103232 ], [ 6.693819173323579, 53.126098940297894 ], [ 6.694503072549788, 53.12392371528513 ], [ 6.694686475530808, 53.123340335878687 ], [ 6.695366928276136, 53.121176015112837 ], [ 6.693555229728801, 53.120890357986774 ], [ 6.693469807944955, 53.120876883549485 ], [ 6.689163538580877, 53.120039672333803 ], [ 6.689135058108747, 53.120033933717465 ], [ 6.687295016804276, 53.11966338499753 ], [ 6.687226214222026, 53.119649528054907 ], [ 6.685461928478648, 53.119317932005323 ], [ 6.682935908266701, 53.118814859987559 ], [ 6.681209790991836, 53.118471052043382 ], [ 6.680705434638934, 53.118396534295577 ], [ 6.680566948928916, 53.11837607475065 ], [ 6.680119174383177, 53.118309921476069 ], [ 6.680042654903528, 53.118298615111577 ], [ 6.679521138168578, 53.118221554596559 ], [ 6.678731573658, 53.118102088464006 ], [ 6.678616663495729, 53.118084706606631 ], [ 6.678542867657042, 53.118073540676143 ], [ 6.677791822548069, 53.117972300836676 ], [ 6.67770129614054, 53.117960101421126 ], [ 6.675402890452188, 53.117650251595954 ], [ 6.675330013646737, 53.117636278904527 ], [ 6.674926989096297, 53.117524735807095 ], [ 6.674850815318442, 53.117486246210035 ], [ 6.674725000908389, 53.11743756883493 ], [ 6.674666323170452, 53.117399717853139 ], [ 6.674552233097867, 53.117342924979177 ], [ 6.674280283488129, 53.117207566774695 ], [ 6.674210252451469, 53.117201363412043 ], [ 6.674169126592378, 53.117197725246243 ], [ 6.673621825305067, 53.11701151039216 ], [ 6.673605136181911, 53.117005830200213 ], [ 6.673458587137992, 53.117129202634111 ], [ 6.673446087314407, 53.117126775606657 ], [ 6.673341025068559, 53.117106353261818 ], [ 6.673333688695505, 53.117104769466678 ], [ 6.673311274003045, 53.117099941551487 ], [ 6.670602480811916, 53.116516307928784 ], [ 6.670889884071467, 53.116243829710534 ], [ 6.6708778225051, 53.116241056220758 ], [ 6.670667090511674, 53.116192574668389 ], [ 6.670650998417852, 53.11618887376374 ], [ 6.667823776644007, 53.115538497245709 ], [ 6.667798075022473, 53.115532580093969 ], [ 6.667723557607144, 53.115515447997332 ], [ 6.667736326687818, 53.115436991186847 ], [ 6.667699948278424, 53.115429148142297 ], [ 6.667684239568575, 53.115425766270036 ], [ 6.665151651528931, 53.114879992261102 ], [ 6.665288706987337, 53.114635678623287 ], [ 6.664142559207236, 53.114361195807717 ], [ 6.664139445343995, 53.114360447148982 ], [ 6.661459064709541, 53.113718484311192 ], [ 6.661430508024066, 53.113710897666451 ], [ 6.661292933773427, 53.113674364798086 ], [ 6.661232523892749, 53.113658318816633 ], [ 6.656828840847985, 53.112480568604063 ], [ 6.656781301803886, 53.112467852881579 ], [ 6.656767964303357, 53.112464282692308 ], [ 6.656713019012439, 53.112449587461178 ], [ 6.656699967579165, 53.112446095113789 ], [ 6.656695240320121, 53.112444815166775 ], [ 6.656237540800261, 53.112321405370153 ], [ 6.656171211320545, 53.112303523355251 ], [ 6.65520516310123, 53.112043026090262 ], [ 6.65471644565791, 53.111911248635344 ], [ 6.654671659622816, 53.111899167974357 ], [ 6.654398865134317, 53.11182561244059 ], [ 6.654208129507472, 53.11177260389114 ], [ 6.654164767722006, 53.111761208948778 ], [ 6.653801604753565, 53.111665790383661 ], [ 6.653788072068611, 53.111662168008458 ], [ 6.653753209344979, 53.111652839881138 ], [ 6.653736997480585, 53.111648508911252 ], [ 6.653674828715846, 53.11163187563205 ], [ 6.653651632072773, 53.111625668364631 ], [ 6.653616588664627, 53.111616288187463 ], [ 6.652773537840197, 53.111390741758697 ], [ 6.652773056388619, 53.11139062103031 ], [ 6.652168764329867, 53.111228942018194 ], [ 6.652019983867585, 53.111189137894733 ], [ 6.651988237948411, 53.111180648066473 ], [ 6.65190936211651, 53.11115954411185 ], [ 6.65180483480315, 53.11112895125104 ], [ 6.650470594070317, 53.110738516169597 ], [ 6.648822043392621, 53.110247984152913 ], [ 6.648737135564597, 53.110222717858306 ], [ 6.64812123455283, 53.110042322468608 ], [ 6.647878569104396, 53.109971247894798 ], [ 6.646583919080081, 53.109583444647079 ], [ 6.646090842931392, 53.109438539399619 ], [ 6.64507135409221, 53.109131809304316 ], [ 6.643953255447248, 53.108800412056617 ], [ 6.643520896223555, 53.108668087797824 ], [ 6.643502228269021, 53.108662372995042 ], [ 6.6435021201215, 53.108662340866275 ], [ 6.637919569771823, 53.107077542310613 ], [ 6.63791014416744, 53.107081396892276 ] ] ], [ [ [ 6.643494045198001, 53.108659867918 ], [ 6.643346907673941, 53.108614841499623 ], [ 6.643334536902496, 53.108611052991378 ], [ 6.643097324042981, 53.108538446778986 ], [ 6.643015180500999, 53.108514028186597 ], [ 6.641905630172715, 53.108184310740789 ], [ 6.641336012029189, 53.108017990492023 ], [ 6.641326677436529, 53.108026742544823 ], [ 6.641128798003439, 53.10795845664201 ], [ 6.640892487995181, 53.107882214961769 ], [ 6.640682659701993, 53.10781950840483 ], [ 6.640422882484251, 53.107749209055022 ], [ 6.640112878583549, 53.107665307314136 ], [ 6.639904684763152, 53.107606374744698 ], [ 6.639579909445405, 53.107515616419541 ], [ 6.639315594129258, 53.107442666097285 ], [ 6.638966479206782, 53.107331212311564 ], [ 6.638865832960112, 53.10730405458073 ], [ 6.638699601444042, 53.10726409290767 ], [ 6.638363698121402, 53.10716323857114 ], [ 6.638257265316784, 53.107125967707368 ], [ 6.638197483074043, 53.107102067147494 ], [ 6.638148759976456, 53.107080001185324 ], [ 6.638145854952956, 53.107078692492514 ], [ 6.638116986409594, 53.107066727014818 ], [ 6.638081552945144, 53.107056519618723 ], [ 6.638063542896745, 53.107051342592335 ], [ 6.637988784303588, 53.107052366011921 ], [ 6.637955810595338, 53.107062721686603 ], [ 6.637919570003723, 53.107077542215798 ], [ 6.643502118602474, 53.108662339983567 ], [ 6.643502180577527, 53.108662358395243 ], [ 6.643494045198001, 53.108659867918 ] ] ], [ [ [ 6.529035142089836, 53.195718452120246 ], [ 6.529028338216582, 53.195719199858125 ], [ 6.528643339084694, 53.195767257155914 ], [ 6.52833080333965, 53.195811083182299 ], [ 6.527908000549823, 53.195872653853883 ], [ 6.52730661343065, 53.195962565340317 ], [ 6.526994936872055, 53.195806261543751 ], [ 6.526958809070174, 53.195803819067599 ], [ 6.526931398039014, 53.195808482872778 ], [ 6.52691856386806, 53.195826847218648 ], [ 6.526918327155711, 53.195846260093369 ], [ 6.526926345623625, 53.195855260165459 ], [ 6.526887100222885, 53.195904878550209 ], [ 6.526860875521225, 53.195920494474741 ], [ 6.526126138704881, 53.196041043522257 ], [ 6.52539637422827, 53.196160768022878 ], [ 6.524441495624021, 53.196327617541272 ], [ 6.524105355819839, 53.196386349047664 ], [ 6.523329263681597, 53.196528220106465 ], [ 6.52268590017078, 53.196650695136938 ], [ 6.522328381718555, 53.196716660352685 ], [ 6.52201552400333, 53.196774374817096 ], [ 6.521467559611684, 53.196875469642933 ], [ 6.521094981380448, 53.196939650477404 ], [ 6.520502900417947, 53.197050566653246 ], [ 6.520442199340395, 53.197062939295044 ], [ 6.52007197832094, 53.197138390545483 ], [ 6.519998498303177, 53.19715480171967 ], [ 6.519094819260935, 53.197356638984807 ], [ 6.51870013501985, 53.197449013512063 ], [ 6.518165660966703, 53.197573887617523 ], [ 6.518133524772205, 53.197581631346225 ], [ 6.51792563533222, 53.197630284515803 ], [ 6.517922065592791, 53.197631117955176 ], [ 6.516956430746321, 53.197857121213673 ], [ 6.516701824156995, 53.19791802035099 ], [ 6.51611826451182, 53.198052468621526 ], [ 6.515771311571827, 53.198135892037449 ], [ 6.515759967264785, 53.198142738557095 ], [ 6.515776971105251, 53.198168117859097 ], [ 6.515800764359068, 53.198203641802671 ], [ 6.515784654786983, 53.19820909534036 ], [ 6.515762789485025, 53.198216490169486 ], [ 6.515725707982569, 53.198234901673374 ], [ 6.515709513573404, 53.198250870061258 ], [ 6.515702475510904, 53.198267902558712 ], [ 6.515697689193964, 53.198279468125826 ], [ 6.515715198228867, 53.198308149669629 ], [ 6.530491977502482, 53.195559273665047 ], [ 6.529035142089836, 53.195718452120246 ] ] ], [ [ [ 6.529698775347552, 53.195261509336731 ], [ 6.529831820453714, 53.195313666143313 ], [ 6.530491888656416, 53.19555923895625 ], [ 6.529528927343863, 53.195194920261272 ], [ 6.529698775347552, 53.195261509336731 ] ] ], [ [ [ 6.637434839698327, 53.106937600783489 ], [ 6.637426838455861, 53.106886423509664 ], [ 6.637399629505057, 53.106861562428811 ], [ 6.637326446934963, 53.106832283415379 ], [ 6.637227724646936, 53.106800817526214 ], [ 6.637088086729832, 53.1067642516742 ], [ 6.636778296008552, 53.106685201019552 ], [ 6.636617510985878, 53.106635608695719 ], [ 6.636515835294453, 53.106607857629996 ], [ 6.636365169556085, 53.106541974156897 ], [ 6.636195663388692, 53.106508423831983 ], [ 6.635984954582826, 53.106458749182849 ], [ 6.635864790452949, 53.106426274559063 ], [ 6.63569030688029, 53.106360890199198 ], [ 6.635579253977097, 53.10632586691009 ], [ 6.635452357118002, 53.10628618273568 ], [ 6.635272898034231, 53.106231561914406 ], [ 6.635199111032461, 53.106216999328311 ], [ 6.635068052238513, 53.106198728764511 ], [ 6.63497380737995, 53.106200285858669 ], [ 6.634919430769157, 53.10620118488746 ], [ 6.634908368415187, 53.106201300136341 ], [ 6.634836258403519, 53.1062020766975 ], [ 6.637435262266283, 53.106940037068291 ], [ 6.637434839698327, 53.106937600783489 ] ] ] ] } },
{ "type": "Feature", "properties": { "identificatie": "GM1969", "fid": 219, "naam": "Westerkwartier", "code": "1969", "ligt_in_provincie_code": "20", "ligt_in_provincie_naam": "Groningen", "gid": "GM1969", "label": "Westerkwartier" }, "geometry": { "type": "MultiPolygon", "coordinates": [ [ [ [ 6.251264707537714, 53.113936963075709 ], [ 6.251264442446923, 53.11393694752698 ], [ 6.239363960206507, 53.113388825802005 ], [ 6.239363958291829, 53.113388825801394 ], [ 6.225961810546482, 53.114300140074398 ], [ 6.223410497315665, 53.114767065490355 ], [ 6.223030630633531, 53.114840251653249 ], [ 6.222679430355755, 53.114905039523094 ], [ 6.222637223121897, 53.114911273833577 ], [ 6.222606765128026, 53.114914146198998 ], [ 6.221826601130041, 53.114939662164112 ], [ 6.221480721872411, 53.114951810844637 ], [ 6.220521027943221, 53.114985521975562 ], [ 6.21868175991803, 53.115047206900606 ], [ 6.217082496731122, 53.11510235738362 ], [ 6.216038809691183, 53.115128797528762 ], [ 6.21286058286065, 53.115232537069915 ], [ 6.212819068343749, 53.115234128315571 ], [ 6.212785368265274, 53.115235420973065 ], [ 6.211837586663115, 53.115270220475516 ], [ 6.21177904805287, 53.115273058744449 ], [ 6.207777935053406, 53.115396949069556 ], [ 6.207035111133272, 53.115419935347198 ], [ 6.206271316716216, 53.115444484553024 ], [ 6.206205389699996, 53.115447763316219 ], [ 6.205609966284197, 53.115466449896097 ], [ 6.205609813639358, 53.115466454708219 ], [ 6.20238153170686, 53.117220588500977 ], [ 6.202380113840739, 53.11722150973003 ], [ 6.196343942278461, 53.121145167656721 ], [ 6.19585824432649, 53.121464197096358 ], [ 6.195793579245471, 53.121506671124799 ], [ 6.195650347620298, 53.121600753025859 ], [ 6.195552295355197, 53.121661613380361 ], [ 6.195354004729108, 53.121790312907315 ], [ 6.194882810261032, 53.122096110555859 ], [ 6.194469688947621, 53.122364231161306 ], [ 6.19384060982085, 53.122772488855666 ], [ 6.193763725026399, 53.122822385767968 ], [ 6.192961309676954, 53.123343531180367 ], [ 6.192941152212546, 53.123356621046533 ], [ 6.185716695339543, 53.129213440409515 ], [ 6.184450169432382, 53.130377543152136 ], [ 6.18442563318273, 53.130400099984577 ], [ 6.184272948873815, 53.130540428623085 ], [ 6.184248397666201, 53.130562994502888 ], [ 6.183918782821046, 53.130865936306407 ], [ 6.183379556180792, 53.131215308972351 ], [ 6.182386879330013, 53.131858365318777 ], [ 6.182386126152734, 53.131858846584812 ], [ 6.181506368655318, 53.132428834161558 ], [ 6.18068152781217, 53.132963674915565 ], [ 6.179798043051425, 53.133536549799224 ], [ 6.179772526448584, 53.133522071134728 ], [ 6.179271117405355, 53.133859492530696 ], [ 6.179069281845303, 53.133992024650205 ], [ 6.178810532276232, 53.134141826439226 ], [ 6.178564790976226, 53.134251283718889 ], [ 6.178455331269343, 53.134290098967618 ], [ 6.178285685607209, 53.134350267233735 ], [ 6.177890631973864, 53.134433121300994 ], [ 6.17758265407616, 53.134467328479005 ], [ 6.175677576274737, 53.135076376686833 ], [ 6.176303876147254, 53.15278529385354 ], [ 6.176303893988872, 53.152785562399316 ], [ 6.176304407798152, 53.152793224190098 ], [ 6.176309585149762, 53.152870632401225 ], [ 6.176309648488285, 53.152871647414656 ], [ 6.176309935740213, 53.152876500510047 ], [ 6.176678390423837, 53.158421582302843 ], [ 6.176684163958046, 53.158477353693392 ], [ 6.176711552648127, 53.158823371553041 ], [ 6.176711471633949, 53.1588271282737 ], [ 6.176710025411904, 53.158897605698463 ], [ 6.176750359605319, 53.159504513363032 ], [ 6.176785617022398, 53.159954035331275 ], [ 6.176807108698387, 53.160177431378727 ], [ 6.176804559148565, 53.160195537998881 ], [ 6.177337001500697, 53.166982764664027 ], [ 6.181057055561618, 53.17020383426788 ], [ 6.181078917952791, 53.170215152698979 ], [ 6.181137862334296, 53.17026209197742 ], [ 6.181150261489257, 53.170271975413421 ], [ 6.181223876468445, 53.170348264829826 ], [ 6.18122504699513, 53.170350117192903 ], [ 6.181251904710698, 53.17039247035801 ], [ 6.181375452360939, 53.170556726028479 ], [ 6.181400197855503, 53.170601312708136 ], [ 6.181456334160123, 53.170709519440834 ], [ 6.181500483187029, 53.170795241557123 ], [ 6.181542523273041, 53.170876862011362 ], [ 6.18166755523549, 53.171162599101876 ], [ 6.18168809813808, 53.171205506212821 ], [ 6.181717956342126, 53.171267878302395 ], [ 6.181719309539613, 53.171270717916713 ], [ 6.181728858176794, 53.171290675585425 ], [ 6.18195250195801, 53.171757834393965 ], [ 6.182112730313877, 53.172092518359349 ], [ 6.182118002627086, 53.172103545243665 ], [ 6.182118142322605, 53.172103822885326 ], [ 6.18214975916046, 53.172169867479873 ], [ 6.182489307718255, 53.172879122866028 ], [ 6.182522916366289, 53.172949323670167 ], [ 6.182718380317898, 53.173357584478822 ], [ 6.182996185563567, 53.173941065697761 ], [ 6.183016784816668, 53.173984328200611 ], [ 6.183016801074696, 53.173984361169403 ], [ 6.184436041461576, 53.176464586597426 ], [ 6.184525386097437, 53.176494214024288 ], [ 6.184526695284251, 53.176494645635039 ], [ 6.184555850622149, 53.176488404144777 ], [ 6.184590398241721, 53.176523992794465 ], [ 6.184667803185595, 53.17660375039074 ], [ 6.184708297159548, 53.176645472873481 ], [ 6.184602857918172, 53.176675028332468 ], [ 6.184577444054399, 53.176711681198249 ], [ 6.18579109766844, 53.178832361425137 ], [ 6.185791105572028, 53.178832374302409 ], [ 6.186060468911164, 53.179258959685228 ], [ 6.186369173788763, 53.179747828135412 ], [ 6.18667696107179, 53.180235228153826 ], [ 6.186972736167086, 53.180703594148717 ], [ 6.187007001943486, 53.180694505367178 ], [ 6.187567691199317, 53.181582359128925 ], [ 6.187531790746569, 53.18158882606631 ], [ 6.187624064552332, 53.181734925217917 ], [ 6.187729698089726, 53.181903723698873 ], [ 6.187832444651087, 53.182077330914709 ], [ 6.18788037135618, 53.182164597816239 ], [ 6.187925930419564, 53.182252437641139 ], [ 6.187969060837172, 53.182340787897132 ], [ 6.188008950582393, 53.182427802886075 ], [ 6.188034205559957, 53.182486716879637 ], [ 6.188263296526157, 53.182794034962043 ], [ 6.18828151930339, 53.18280056524025 ], [ 6.188320401101715, 53.182814494440301 ], [ 6.188388611309816, 53.182849102241754 ], [ 6.188388898156079, 53.182849244101845 ], [ 6.188427692062787, 53.182868924917088 ], [ 6.188477950461375, 53.182888924500567 ], [ 6.188518720629255, 53.182909499670721 ], [ 6.188567647544128, 53.182934333615108 ], [ 6.188626346758125, 53.182969885472069 ], [ 6.188683590294943, 53.183007603678085 ], [ 6.188745700106001, 53.183049602626696 ], [ 6.188812689539454, 53.183096601103884 ], [ 6.188882085584561, 53.183144302337489 ], [ 6.188924850809236, 53.183175647274261 ], [ 6.188965548723356, 53.183208443783371 ], [ 6.188986861728623, 53.183228430000874 ], [ 6.189065146486812, 53.183287573821183 ], [ 6.189071016713864, 53.183297598926778 ], [ 6.189076913583653, 53.183309061619411 ], [ 6.189077385888587, 53.183318403937207 ], [ 6.189076661613991, 53.183327754256382 ], [ 6.189073701604768, 53.183338350612374 ], [ 6.189105804025096, 53.183376299631689 ], [ 6.189187126919806, 53.183463747035447 ], [ 6.189277954053594, 53.183560332512769 ], [ 6.189369940339962, 53.18364195740569 ], [ 6.189436358727634, 53.183690343202237 ], [ 6.18944642734961, 53.183697662363969 ], [ 6.189602180227939, 53.183812881590235 ], [ 6.189700072292313, 53.183855557186142 ], [ 6.189741544648272, 53.183930043443759 ], [ 6.189768816318954, 53.183980901598204 ], [ 6.189801579408257, 53.184037474053987 ], [ 6.189833992927358, 53.184071970156452 ], [ 6.18983850984531, 53.184076765423818 ], [ 6.189903308246365, 53.184178880308842 ], [ 6.189912476666352, 53.184193304422919 ], [ 6.189914093936409, 53.184203070401026 ], [ 6.189917865094428, 53.184212821961381 ], [ 6.189921418268327, 53.18422372519295 ], [ 6.189926189383799, 53.184235770483845 ], [ 6.189930221203685, 53.184246670511087 ], [ 6.189935896269816, 53.184255834220039 ], [ 6.189942810615043, 53.184267290057349 ], [ 6.189986508615371, 53.184326233461341 ], [ 6.190047721372139, 53.184413239788569 ], [ 6.19009966940576, 53.184491106416843 ], [ 6.190137937237486, 53.184547614961154 ], [ 6.190163653896557, 53.184585570503501 ], [ 6.19022886259385, 53.184686334551046 ], [ 6.190243744192181, 53.184707927178223 ], [ 6.190280380025863, 53.184761921528647 ], [ 6.190377570697034, 53.184904472022446 ], [ 6.190469954152658, 53.185045904422424 ], [ 6.190547846250114, 53.185176273175522 ], [ 6.190578581888035, 53.185231511083579 ], [ 6.190587821378378, 53.185248127258525 ], [ 6.190607140704427, 53.185291166721491 ], [ 6.190688539483229, 53.185435512118971 ], [ 6.190706847706828, 53.185467595382065 ], [ 6.19073103864956, 53.185507115602256 ], [ 6.190758872954004, 53.185549486933851 ], [ 6.190786553420283, 53.185596460136722 ], [ 6.190812079988858, 53.185643447766353 ], [ 6.190834771072738, 53.185679527379683 ], [ 6.190846335574455, 53.185709355387957 ], [ 6.190854950675328, 53.185730199158812 ], [ 6.190868543706783, 53.185758090560164 ], [ 6.190911368269339, 53.185834292641289 ], [ 6.190983985077344, 53.18597125624634 ], [ 6.191050745112429, 53.186121486495871 ], [ 6.191119225827042, 53.18625157646548 ], [ 6.191149162162796, 53.18630236250344 ], [ 6.191175853545174, 53.186336312499506 ], [ 6.191227060128204, 53.18639980593791 ], [ 6.191267723307097, 53.186436915180487 ], [ 6.191349368233078, 53.18650250490127 ], [ 6.191430195019723, 53.186575576427785 ], [ 6.191465188573519, 53.18661187893764 ], [ 6.191489492691129, 53.186649367395383 ], [ 6.191536390412821, 53.186720042474747 ], [ 6.19161190639274, 53.186838142533702 ], [ 6.191630353562871, 53.186867169466204 ], [ 6.191636934102197, 53.186877522158056 ], [ 6.191845476163067, 53.187207078463189 ], [ 6.191865771942386, 53.187228499762185 ], [ 6.191890035849162, 53.18725413583617 ], [ 6.191941926251171, 53.187346235878287 ], [ 6.191969448723865, 53.187384583268006 ], [ 6.192011739100234, 53.187442331221234 ], [ 6.192021025413884, 53.187454975141272 ], [ 6.192064962976417, 53.18752164413003 ], [ 6.192109744050891, 53.187591829962322 ], [ 6.192132482767289, 53.187656089172307 ], [ 6.192168609924857, 53.187732335729237 ], [ 6.192206648864885, 53.187835743179626 ], [ 6.192226457086361, 53.187878374706003 ], [ 6.192326178135255, 53.188069350210931 ], [ 6.192416046427024, 53.188217213935658 ], [ 6.19247797305266, 53.188316291384787 ], [ 6.192529046828137, 53.18843672058172 ], [ 6.192584100264559, 53.188565174504383 ], [ 6.192605207558993, 53.188617650283824 ], [ 6.193097426731777, 53.189277732384234 ], [ 6.193161603978114, 53.189317558486188 ], [ 6.193218983151295, 53.18935225429415 ], [ 6.193254602727903, 53.189370562045532 ], [ 6.193280856483355, 53.189384044341537 ], [ 6.193343584273183, 53.189413510220177 ], [ 6.193388963589124, 53.189430476313355 ], [ 6.193435043680526, 53.189449720127769 ], [ 6.193496059944247, 53.189474039456755 ], [ 6.193551624816875, 53.189501270934244 ], [ 6.19361940732881, 53.189528995339586 ], [ 6.193679998703103, 53.189556192959081 ], [ 6.193747248256727, 53.189583408673201 ], [ 6.193764614877686, 53.189592053249292 ], [ 6.193809480210617, 53.18961433337914 ], [ 6.19384782661843, 53.189634428805441 ], [ 6.193859433384197, 53.189640676896708 ], [ 6.193872018999439, 53.189648068613685 ], [ 6.19388412591756, 53.189655463549151 ], [ 6.193896765151655, 53.189665730429525 ], [ 6.193909883093398, 53.189675994088525 ], [ 6.193921793564567, 53.189685690762921 ], [ 6.193934693612541, 53.189697106095579 ], [ 6.193946286476645, 53.189705816441709 ], [ 6.193956121072541, 53.189716515538969 ], [ 6.193968574605694, 53.189729659187577 ], [ 6.193980810241656, 53.189743954511314 ], [ 6.193989587734577, 53.189752522044053 ], [ 6.193996450420663, 53.189761102457432 ], [ 6.194003531013776, 53.189768531193835 ], [ 6.194009654203843, 53.189775966370568 ], [ 6.194015798843391, 53.189784551613386 ], [ 6.194023965535099, 53.189798874305865 ], [ 6.194030631779418, 53.189809756460043 ], [ 6.194038016081951, 53.18982063378305 ], [ 6.194044442981504, 53.189831517546658 ], [ 6.19405120575363, 53.189847574998105 ], [ 6.194055521391064, 53.189860773386137 ], [ 6.194059662025038, 53.189877423583155 ], [ 6.19406122685808, 53.189886722572545 ], [ 6.194089405839401, 53.190013828951734 ], [ 6.194100833502802, 53.190074641337965 ], [ 6.194121236189529, 53.190136956904013 ], [ 6.194133793752941, 53.190168503202941 ], [ 6.194151406549556, 53.190214393117849 ], [ 6.194182698706875, 53.190287796037723 ], [ 6.194205631034306, 53.190336525675924 ], [ 6.194222625820816, 53.190374943369136 ], [ 6.194234151021182, 53.190402470866026 ], [ 6.194242001187273, 53.190423876654641 ], [ 6.194251960467647, 53.190446059019493 ], [ 6.19426428221857, 53.190464954574672 ], [ 6.194267459725689, 53.19047002514413 ], [ 6.194620882147061, 53.190830156089966 ], [ 6.194626407428412, 53.190833460011284 ], [ 6.19463900425456, 53.190841426676847 ], [ 6.194653503058945, 53.190851896620998 ], [ 6.1946707142321, 53.190860191657507 ], [ 6.194682560803367, 53.190866438054279 ], [ 6.194695843522476, 53.190872674780401 ], [ 6.194710323032601, 53.190878903447043 ], [ 6.194727424745581, 53.190884539351025 ], [ 6.194745984075484, 53.190891315648372 ], [ 6.194776347069749, 53.190902038198573 ], [ 6.194791773297285, 53.190907685375464 ], [ 6.194809810993498, 53.19091216475482 ], [ 6.19482585621336, 53.190915705030875 ], [ 6.19492888033993, 53.190955645997327 ], [ 6.194942859722735, 53.190960727794007 ], [ 6.194956349656441, 53.190965237780325 ], [ 6.194978574583812, 53.190976015089852 ], [ 6.19498923517818, 53.190982844549445 ], [ 6.195000613850021, 53.190989669171536 ], [ 6.195011763904689, 53.190997070437554 ], [ 6.195021195506599, 53.191002182856785 ], [ 6.195030180607147, 53.191009023598212 ], [ 6.195039426544083, 53.191017012792351 ], [ 6.195048661746631, 53.191024426952914 ], [ 6.195062743847801, 53.19103500748686 ], [ 6.195071319371722, 53.191045553223525 ], [ 6.19507846478968, 53.191056432089525 ], [ 6.19508340229366, 53.191064450302129 ], [ 6.195101380170795, 53.191091359141673 ], [ 6.195106807138921, 53.191099949161234 ], [ 6.195110776479753, 53.191107398789349 ], [ 6.195115789166696, 53.191119442230153 ], [ 6.195124661328792, 53.191147472755276 ], [ 6.195129808544316, 53.19116832158646 ], [ 6.195136435183188, 53.191202693393734 ], [ 6.19514348416939, 53.191275702230428 ], [ 6.195170400896897, 53.191364644220201 ], [ 6.195201797006882, 53.191422082219489 ], [ 6.195276796562855, 53.191498501997621 ], [ 6.197037147762674, 53.192015868896654 ], [ 6.197096339794194, 53.192012773394282 ], [ 6.197329977819457, 53.191993043700897 ], [ 6.197447336429487, 53.191988027487334 ], [ 6.197506234415967, 53.191993200905088 ], [ 6.197532373913907, 53.19199882926555 ], [ 6.197566475660009, 53.192006183053437 ], [ 6.197603940368482, 53.192017342151587 ], [ 6.197755220113768, 53.192073920228566 ], [ 6.197834843481232, 53.192115167067179 ], [ 6.197883105494679, 53.192143596113823 ], [ 6.197903888648588, 53.192158803749706 ], [ 6.197932863857258, 53.192180012581787 ], [ 6.197971302733571, 53.192211203799836 ], [ 6.198021695299216, 53.192257500562818 ], [ 6.198039274244335, 53.192269387038621 ], [ 6.198108713397856, 53.192327632203813 ], [ 6.198246180971411, 53.192482969518586 ], [ 6.198246593492702, 53.192483425015858 ], [ 6.198326112009839, 53.192573277603174 ], [ 6.198381121892028, 53.192634369914252 ], [ 6.198511666060777, 53.192826524523184 ], [ 6.198572538028879, 53.192916134649202 ], [ 6.19861050507874, 53.19296997361247 ], [ 6.19862912097895, 53.192989257463033 ], [ 6.198671396892836, 53.193017546969905 ], [ 6.198699859852047, 53.1930353264231 ], [ 6.198741624265891, 53.193052296986117 ], [ 6.198824333938031, 53.19307447193129 ], [ 6.198883415202015, 53.193081350781711 ], [ 6.198892471752957, 53.193081577042967 ], [ 6.198954071329792, 53.19308311909414 ], [ 6.199019790468569, 53.193084920782148 ], [ 6.199076171655617, 53.193083460818883 ], [ 6.199107136701788, 53.193083071486519 ], [ 6.199118649609674, 53.193082634109338 ], [ 6.199126196275075, 53.193082133720878 ], [ 6.199231027547687, 53.193115031709802 ], [ 6.199371150032231, 53.193198641344857 ], [ 6.199399307967321, 53.193224060812135 ], [ 6.199415530092319, 53.193235363197374 ], [ 6.199432031730919, 53.193253582919773 ], [ 6.199437828656443, 53.1932674719868 ], [ 6.19944152097174, 53.193280836145377 ], [ 6.199443513631969, 53.193291336289199 ], [ 6.199446293666871, 53.193311895438363 ], [ 6.199450551146507, 53.193355358921728 ], [ 6.199452544352558, 53.193373856615359 ], [ 6.199456148284802, 53.193422356692331 ], [ 6.199458937505033, 53.193441810498321 ], [ 6.199479468185306, 53.193585348853382 ], [ 6.199483321404256, 53.193650309617375 ], [ 6.199481101946748, 53.193799851931772 ], [ 6.1994625873611, 53.193998765923496 ], [ 6.199460581870773, 53.194020256078133 ], [ 6.199468401811989, 53.194117970946913 ], [ 6.19948139817632, 53.194159865585043 ], [ 6.199500303369819, 53.194197694469473 ], [ 6.199527314977768, 53.194233743133125 ], [ 6.199575029954656, 53.194288630023692 ], [ 6.199792002662995, 53.19447637870239 ], [ 6.199845405820413, 53.194522591388356 ], [ 6.199874886043999, 53.194541873318819 ], [ 6.199878131312289, 53.194542579196927 ], [ 6.199879301782881, 53.194646296808052 ], [ 6.199879831614745, 53.194693613558549 ], [ 6.19988621959332, 53.194802660461349 ], [ 6.199896225747415, 53.194897215365387 ], [ 6.199898796346928, 53.194922538500059 ], [ 6.199907454356643, 53.195017012674427 ], [ 6.199913424051675, 53.195063969062808 ], [ 6.199918651387922, 53.195119197610524 ], [ 6.199916173566188, 53.195162526972773 ], [ 6.199910201678806, 53.195195096796873 ], [ 6.199896075326892, 53.195231675718112 ], [ 6.199878712540052, 53.195263244400103 ], [ 6.199859481782433, 53.195290961751098 ], [ 6.199830600385436, 53.195322698328766 ], [ 6.199743154115274, 53.196590522245899 ], [ 6.199771525138209, 53.196622655086479 ], [ 6.199839805022078, 53.19670392022757 ], [ 6.19984026434294, 53.196704474247973 ], [ 6.199861983548468, 53.196730323611355 ], [ 6.199897337778375, 53.19678022598427 ], [ 6.199937816904239, 53.196840068087084 ], [ 6.199975188548731, 53.196909725979054 ], [ 6.199988966206782, 53.196942161958326 ], [ 6.200004554116062, 53.196991299639059 ], [ 6.200011784021266, 53.197025667046752 ], [ 6.200013707102722, 53.197128004615749 ], [ 6.200011357590294, 53.19717816244583 ], [ 6.200005608371703, 53.19722259226991 ], [ 6.199990086546293, 53.197264572234509 ], [ 6.199978892271579, 53.197289988623382 ], [ 6.199960755938432, 53.197328212177588 ], [ 6.199939003353429, 53.197365112331113 ], [ 6.199935611733808, 53.197370167474773 ], [ 6.199924637084858, 53.197386569406937 ], [ 6.199921536768771, 53.197391200234122 ], [ 6.199903369328041, 53.197419808964234 ], [ 6.199884128130389, 53.197454984749299 ], [ 6.199851355785237, 53.19749474520907 ], [ 6.199824176146341, 53.197529525466891 ], [ 6.199797640524563, 53.197566727576017 ], [ 6.199767101125539, 53.197613841405868 ], [ 6.199737966733129, 53.197656093267319 ], [ 6.199715248551393, 53.197689405514481 ], [ 6.199694479687116, 53.197737270863527 ], [ 6.199692442650138, 53.197741948397628 ], [ 6.199671949052501, 53.197782164788627 ], [ 6.19965910504273, 53.197809024708988 ], [ 6.19962142157068, 53.198355319732336 ], [ 6.199958515380685, 53.198460599204282 ], [ 6.200009051037202, 53.19846488386829 ], [ 6.200071323521628, 53.198465989492149 ], [ 6.200154699814709, 53.19846731149314 ], [ 6.200219976617701, 53.198469025697953 ], [ 6.2002648724054, 53.198469170681093 ], [ 6.200275072572135, 53.198468876888967 ], [ 6.200297177779629, 53.198468232815152 ], [ 6.200330407925206, 53.198468726431756 ], [ 6.200366847753437, 53.198472792680327 ], [ 6.200388113012007, 53.198473636974363 ], [ 6.200488808385446, 53.198488769629805 ], [ 6.200591812405119, 53.198507301226265 ], [ 6.200699041490799, 53.198527691140242 ], [ 6.20079799364578, 53.198547193570548 ], [ 6.200812743413576, 53.198550103833789 ], [ 6.200935805021028, 53.198576856064591 ], [ 6.201072793732039, 53.198604142692332 ], [ 6.201199319010085, 53.198632039332374 ], [ 6.201326116641651, 53.198658496230628 ], [ 6.201435061670384, 53.198682558103457 ], [ 6.201559419156484, 53.198714512781585 ], [ 6.201612182698153, 53.198727966030546 ], [ 6.201665126838129, 53.198741471946114 ], [ 6.201759249190167, 53.198765095012497 ], [ 6.201807227306475, 53.19877950623156 ], [ 6.201847289458809, 53.198791544973517 ], [ 6.201922239629567, 53.198814219801356 ], [ 6.20198961651624, 53.198840001267484 ], [ 6.202035752367808, 53.198858288890634 ], [ 6.202074150034309, 53.198878875566429 ], [ 6.202110133408697, 53.198898400311961 ], [ 6.202138003155079, 53.198916182970997 ], [ 6.202167494359142, 53.198939804494259 ], [ 6.202169606158275, 53.198941488500452 ], [ 6.202230756449781, 53.198994180282902 ], [ 6.202234116691618, 53.19899699702723 ], [ 6.202264814539538, 53.199022704065946 ], [ 6.202298985049352, 53.199049250154943 ], [ 6.202332863121371, 53.199076157661558 ], [ 6.202365969395174, 53.199101812363423 ], [ 6.202433736504745, 53.19914825873321 ], [ 6.202472161715787, 53.199170282854858 ], [ 6.202508934697615, 53.199188804667997 ], [ 6.202535917373079, 53.199202378829327 ], [ 6.202576995888765, 53.199214320560237 ], [ 6.202619259585842, 53.199225625200199 ], [ 6.202674129246529, 53.199238821044922 ], [ 6.20269647111821, 53.199243566522981 ], [ 6.202740538863804, 53.199252926864901 ], [ 6.202805584936729, 53.199266143319591 ], [ 6.2028732836721, 53.199277185060289 ], [ 6.202960034243881, 53.199290703136157 ], [ 6.203058852139374, 53.19930135341145 ], [ 6.20315584404482, 53.199310398546466 ], [ 6.203248044078135, 53.199327204165414 ], [ 6.203258750687415, 53.199331534466104 ], [ 6.203331949385949, 53.199356466833692 ], [ 6.203407805439432, 53.199387401695994 ], [ 6.203437747970661, 53.199403166071455 ], [ 6.203478240686055, 53.199424483881387 ], [ 6.203537681998222, 53.199457866726249 ], [ 6.203601266809786, 53.199496702801554 ], [ 6.203650326538854, 53.199522356399548 ], [ 6.203667767971822, 53.199531475291558 ], [ 6.203717070844123, 53.19955890643574 ], [ 6.20373769587695, 53.199574159057576 ], [ 6.203770188771403, 53.199598173110807 ], [ 6.203833183966593, 53.199637462377289 ], [ 6.203896131771683, 53.199674235852989 ], [ 6.203943787339878, 53.199701588260041 ], [ 6.203972904963115, 53.199714240890685 ], [ 6.204114562489339, 53.19975847489949 ], [ 6.207016114082019, 53.199866048825974 ], [ 6.207066273649552, 53.199855962963809 ], [ 6.207119173945808, 53.199844099291887 ], [ 6.207183243580262, 53.199829373581991 ], [ 6.207239853871107, 53.199815867013989 ], [ 6.207292254074217, 53.199801310882634 ], [ 6.207336773323125, 53.199789414554061 ], [ 6.207382477650897, 53.199776881085306 ], [ 6.207427717730532, 53.199763542033061 ], [ 6.207474023927284, 53.199751184133582 ], [ 6.207520144682325, 53.199736940423172 ], [ 6.207565881281313, 53.199726114004079 ], [ 6.207619529423545, 53.199714244994951 ], [ 6.207702735802328, 53.199698579374569 ], [ 6.207768277820055, 53.19969049292196 ], [ 6.207816937370095, 53.19968386983345 ], [ 6.20787776113375, 53.199679499861979 ], [ 6.207933378580018, 53.199676782963785 ], [ 6.207991126623879, 53.199675938521843 ], [ 6.208053652543106, 53.199674522195501 ], [ 6.208105016690898, 53.199673209182968 ], [ 6.208111089387063, 53.199673050805025 ], [ 6.208162962689133, 53.199670179704086 ], [ 6.20819361326814, 53.199667957056562 ], [ 6.208227530518109, 53.199665963649991 ], [ 6.208260457288273, 53.199666187571118 ], [ 6.208278723889551, 53.199666691555301 ], [ 6.208294319354905, 53.19966838200218 ], [ 6.208362206042802, 53.199678179298502 ], [ 6.208388256254183, 53.199681936830643 ], [ 6.208567826108506, 53.199713056972321 ], [ 6.208750111721891, 53.19974532642663 ], [ 6.208874250264571, 53.199765305691464 ], [ 6.208920933642031, 53.199772821693948 ], [ 6.209015838730884, 53.199790053662717 ], [ 6.20907593489059, 53.199800155539556 ], [ 6.20919298980461, 53.19981984154272 ], [ 6.209233680967371, 53.199827021074675 ], [ 6.209260340300822, 53.199833685709827 ], [ 6.209273226345171, 53.199836904247448 ], [ 6.209307046560038, 53.199844759864398 ], [ 6.2093612750699, 53.199863438520033 ], [ 6.209426173409796, 53.199884470235155 ], [ 6.209476420111994, 53.199906231375188 ], [ 6.209531554082184, 53.199933170873209 ], [ 6.209578174623746, 53.199960977454467 ], [ 6.218841828201817, 53.205874195707203 ], [ 6.218951399532751, 53.205927487436135 ], [ 6.219057588174838, 53.205993517110599 ], [ 6.219182872360642, 53.206079632755539 ], [ 6.21918483500183, 53.206081290539707 ], [ 6.219242358907384, 53.206129811353833 ], [ 6.219336513803059, 53.206228637149088 ], [ 6.219423993017484, 53.206297488204754 ], [ 6.219473475201849, 53.206341086452063 ], [ 6.219503919844438, 53.206375381464099 ], [ 6.219523505703564, 53.206413166487245 ], [ 6.219531903392368, 53.206433718064403 ], [ 6.221077136936806, 53.208055514745183 ], [ 6.221107924271598, 53.208073918018293 ], [ 6.221142928263864, 53.208096139682333 ], [ 6.221165688755178, 53.208112156252582 ], [ 6.221175228223346, 53.208120177332638 ], [ 6.221178088567912, 53.208122583666871 ], [ 6.221179685962658, 53.208123920461389 ], [ 6.221194949754157, 53.208139270261221 ], [ 6.221215037251301, 53.208156383723576 ], [ 6.221286724071111, 53.208210250600629 ], [ 6.221354591628599, 53.208260100293408 ], [ 6.221375521724902, 53.208274332352019 ], [ 6.221398889694395, 53.208290793953687 ], [ 6.221421375335433, 53.208308070425751 ], [ 6.22144384365963, 53.208324448414601 ], [ 6.221496218187261, 53.208354816296108 ], [ 6.221530546839543, 53.208380025893639 ], [ 6.221615874426297, 53.20843566679374 ], [ 6.221658839499148, 53.208463970369081 ], [ 6.221681762452214, 53.208479078126082 ], [ 6.221687129374243, 53.20848261721995 ], [ 6.2217699128731, 53.208537484939519 ], [ 6.22180007647481, 53.208557044286373 ], [ 6.221828249448047, 53.208574281116228 ], [ 6.221852479283805, 53.208588849574859 ], [ 6.221871944333406, 53.208604709218534 ], [ 6.221873540033046, 53.208605956155658 ], [ 6.221891701777445, 53.208620207384897 ], [ 6.221917516708686, 53.208639347658703 ], [ 6.221954021147703, 53.208669466320835 ], [ 6.221991207507689, 53.208701566131239 ], [ 6.22200607883112, 53.208714393494176 ], [ 6.222027927660551, 53.208737425319519 ], [ 6.222039200211323, 53.208747590909056 ], [ 6.222056810505516, 53.208760408191708 ], [ 6.222073277313728, 53.208776019087274 ], [ 6.222076576528689, 53.208780219544586 ], [ 6.22208463315742, 53.208790497369677 ], [ 6.222092341663929, 53.208802125515824 ], [ 6.222098904943901, 53.208816457429478 ], [ 6.222105106453202, 53.208827556902797 ], [ 6.222110117627849, 53.208839024099483 ], [ 6.222114056898518, 53.208849240716766 ], [ 6.222116408900648, 53.208862523618023 ], [ 6.22211815185555, 53.208875271598274 ], [ 6.222119021141202, 53.208889283697665 ], [ 6.222118971649063, 53.208902223872073 ], [ 6.222117707528255, 53.208914273900248 ], [ 6.222114709943627, 53.208929570949742 ], [ 6.222110504667156, 53.208944337244247 ], [ 6.222104270072204, 53.208962532338482 ], [ 6.222094864850587, 53.20897931173868 ], [ 6.222076291252193, 53.209009633930776 ], [ 6.222040671723851, 53.209066718381557 ], [ 6.22463070990216, 53.211784617928345 ], [ 6.22468249046268, 53.211828436154292 ], [ 6.224736836397295, 53.211875233213448 ], [ 6.224768302007071, 53.21190772254284 ], [ 6.22479693263117, 53.211940680955394 ], [ 6.224802903803876, 53.211947558477874 ], [ 6.224814940151387, 53.211966165298435 ], [ 6.224825491989365, 53.211985411501168 ], [ 6.224839620263411, 53.212003823994309 ], [ 6.22484878156745, 53.212020833406569 ], [ 6.224856595842758, 53.212037852222885 ], [ 6.224863515581474, 53.212055057003965 ], [ 6.224868600978946, 53.212070297674963 ], [ 6.224871542246098, 53.212083037239815 ], [ 6.224872910211115, 53.21209183395537 ], [ 6.224874365216927, 53.212105123056382 ], [ 6.224876408462563, 53.212117868890999 ], [ 6.224879906718311, 53.212143903826323 ], [ 6.224880978866091, 53.212160610274978 ], [ 6.224881629933865, 53.212194213317574 ], [ 6.224880979182746, 53.212222433857534 ], [ 6.224877060382346, 53.21232148678375 ], [ 6.224877786849837, 53.212397610982045 ], [ 6.224877917102977, 53.212412059537336 ], [ 6.224879288680309, 53.2124442197889 ], [ 6.224882917528413, 53.212476993298658 ], [ 6.224889207407205, 53.212508040891215 ], [ 6.224898675233049, 53.212540863491235 ], [ 6.224907036175285, 53.212570638583792 ], [ 6.224917903309832, 53.212606147206891 ], [ 6.224930782315305, 53.212637328508151 ], [ 6.224940730506846, 53.212664037279936 ], [ 6.224954838267771, 53.212696827475611 ], [ 6.22497830075991, 53.212748872214235 ], [ 6.225018881976074, 53.212826856760962 ], [ 6.225028662759594, 53.212844149381681 ], [ 6.225072048264257, 53.212920838316116 ], [ 6.225097827443536, 53.21296882315719 ], [ 6.225103979026235, 53.212984227102233 ], [ 6.225125989527996, 53.213039346169715 ], [ 6.225171129250217, 53.213105347465046 ], [ 6.225224611034363, 53.21318467959059 ], [ 6.225261170609627, 53.213232768814002 ], [ 6.225281880172281, 53.213266321591163 ], [ 6.225316187550551, 53.213298611198766 ], [ 6.225316702763451, 53.213302022273375 ], [ 6.225318843619305, 53.213312071619562 ], [ 6.225317753675318, 53.213316850790612 ], [ 6.225313185931194, 53.21333682259575 ], [ 6.225282141486371, 53.213403356009664 ], [ 6.22521457978223, 53.21348578009183 ], [ 6.225156892770474, 53.213552499556364 ], [ 6.225069408141097, 53.213649709845569 ], [ 6.22503456947571, 53.213694289970803 ], [ 6.225027046753977, 53.213703921559855 ], [ 6.224991352743449, 53.213746854223636 ], [ 6.224925551401073, 53.213850652471699 ], [ 6.224898992783394, 53.213909246785846 ], [ 6.224888304710774, 53.213926259984213 ], [ 6.224856443027514, 53.21397693871949 ], [ 6.224809059936145, 53.21404241788364 ], [ 6.224766629128642, 53.214104057070628 ], [ 6.224750136963324, 53.214578573340958 ], [ 6.228203599986601, 53.216416697762583 ], [ 6.22824898999904, 53.216436660611159 ], [ 6.228436346367521, 53.216517389132648 ], [ 6.228542790036691, 53.216570585607123 ], [ 6.228573766248632, 53.21658606689698 ], [ 6.228665530662919, 53.216638836025425 ], [ 6.228706848133709, 53.216662592728866 ], [ 6.228796212711897, 53.216715881803488 ], [ 6.228925087426693, 53.216799266246163 ], [ 6.229057407987139, 53.216890444173124 ], [ 6.229232107069093, 53.217020593275443 ], [ 6.229326984838721, 53.217100909025611 ], [ 6.229333484688793, 53.217106416739163 ], [ 6.229401722157633, 53.217158685467695 ], [ 6.229455219965303, 53.217199762253138 ], [ 6.229484400773786, 53.217222175113243 ], [ 6.229639734871581, 53.217364860205336 ], [ 6.229806865888153, 53.217536666671776 ], [ 6.229892600371359, 53.217641649780852 ], [ 6.229945066951001, 53.217714247404068 ], [ 6.229980343835003, 53.217788223780424 ], [ 6.229985711038472, 53.217810111860167 ], [ 6.229988418687401, 53.217818449798315 ], [ 6.229989298519735, 53.217825183099499 ], [ 6.229989372680799, 53.217826683236382 ], [ 6.229990010351172, 53.217838657061776 ], [ 6.229989286481695, 53.217840144514199 ], [ 6.230085151908255, 53.220236620000541 ], [ 6.230096959682088, 53.220275350514441 ], [ 6.230119567618055, 53.220329107506238 ], [ 6.230120140975426, 53.220331637521333 ], [ 6.230124153427608, 53.220349293718741 ], [ 6.230134679584818, 53.220405382070297 ], [ 6.230146885220954, 53.220486170031336 ], [ 6.230152225729056, 53.22056808453322 ], [ 6.230153723416021, 53.220614172021683 ], [ 6.230153131281741, 53.220644458889232 ], [ 6.23015297110634, 53.220652367665103 ], [ 6.230157753216358, 53.220682616777971 ], [ 6.230156684030124, 53.220705331826458 ], [ 6.230155847110651, 53.220723067017673 ], [ 6.230149929098221, 53.220780439057037 ], [ 6.230151439514143, 53.220857887474502 ], [ 6.230160513324318, 53.220962330513849 ], [ 6.230168692919115, 53.2210216882563 ], [ 6.230175840877357, 53.221073442131896 ], [ 6.230181606094633, 53.221114943747963 ], [ 6.230187729070907, 53.221175555997775 ], [ 6.230192635436651, 53.221196818266456 ], [ 6.230198919163857, 53.221234964472551 ], [ 6.230212074145848, 53.221283036825419 ], [ 6.230213616282438, 53.221289945184125 ], [ 6.230226902279667, 53.221349338929713 ], [ 6.230235208817104, 53.221414428814356 ], [ 6.230262206303055, 53.221524317200149 ], [ 6.230276425248134, 53.221608505642145 ], [ 6.230279692253056, 53.221645504859488 ], [ 6.230283158132667, 53.221738754811433 ], [ 6.230289371741342, 53.221811677177776 ], [ 6.230286366037413, 53.22185178467813 ], [ 6.230284142803689, 53.221881346145445 ], [ 6.230285117859984, 53.221908306169972 ], [ 6.230275051943209, 53.221967953826905 ], [ 6.230256078578268, 53.222054532091612 ], [ 6.230240637740548, 53.222145668373209 ], [ 6.230224312366283, 53.222222163745876 ], [ 6.230218470098976, 53.222260395128757 ], [ 6.230217132661587, 53.222267054136601 ], [ 6.230216081917778, 53.222272291348261 ], [ 6.230199777632181, 53.222353710872817 ], [ 6.230173320378412, 53.222440431547106 ], [ 6.230142293494945, 53.222500136570027 ], [ 6.230109508374965, 53.222546464852165 ], [ 6.230070813546597, 53.222581512324254 ], [ 6.230024653354455, 53.222609962607187 ], [ 6.229972309555686, 53.222636119951432 ], [ 6.229895608952386, 53.22266478467381 ], [ 6.229885230774585, 53.222669287634176 ], [ 6.229719469919443, 53.222736255771416 ], [ 6.229661580929735, 53.222759640013635 ], [ 6.225339457465566, 53.225455381547533 ], [ 6.225338371381148, 53.225468868054243 ], [ 6.225342657961437, 53.225496874271037 ], [ 6.225358413814218, 53.225537200987894 ], [ 6.225385739624215, 53.225571875602689 ], [ 6.225425257083731, 53.225609789852754 ], [ 6.225475341994044, 53.225652123245062 ], [ 6.225528866860052, 53.225686524951939 ], [ 6.225596684924313, 53.225732149069913 ], [ 6.225661613163884, 53.225775456994647 ], [ 6.22571694715363, 53.225810474993629 ], [ 6.225789569021995, 53.225864422366698 ], [ 6.22585139889433, 53.22591008818646 ], [ 6.225902276756141, 53.225954662345259 ], [ 6.225941366787699, 53.225993657725454 ], [ 6.225985467624132, 53.226043940361457 ], [ 6.226024819400186, 53.226096412804019 ], [ 6.226055657925837, 53.226142295143092 ], [ 6.226085749932257, 53.226196000465436 ], [ 6.226114989316292, 53.226259775999502 ], [ 6.226138647283872, 53.226321433917889 ], [ 6.22616044239558, 53.226379690194797 ], [ 6.22617118416952, 53.226418533227566 ], [ 6.226172520863857, 53.226423367307099 ], [ 6.226176068093278, 53.226439481265679 ], [ 6.226184347298041, 53.226477200297929 ], [ 6.2261960220078, 53.226523216575259 ], [ 6.226208724148719, 53.226575875266967 ], [ 6.226214667645016, 53.226619774983895 ], [ 6.226221383887167, 53.226657199417055 ], [ 6.226228188809293, 53.226691478148716 ], [ 6.226235220513519, 53.226737437022102 ], [ 6.226239430198448, 53.226784583797908 ], [ 6.226237436754444, 53.226828449143952 ], [ 6.226229968135765, 53.226875677569076 ], [ 6.226218091272507, 53.226919522154553 ], [ 6.226200140021174, 53.226959006093921 ], [ 6.226186174849071, 53.226980130837148 ], [ 6.226168241876635, 53.22699741936195 ], [ 6.226126674223074, 53.227031407246258 ], [ 6.226062117499027, 53.227076788244887 ], [ 6.225986138105142, 53.227120002561534 ], [ 6.225906565207325, 53.227163241943323 ], [ 6.225829219734846, 53.227207067763366 ], [ 6.225828360581491, 53.227207550022307 ], [ 6.225759802382306, 53.227247387531591 ], [ 6.225744990445681, 53.22725575809843 ], [ 6.225681597453736, 53.227291695514317 ], [ 6.225608549206109, 53.227339382076281 ], [ 6.225534755836167, 53.22739498142635 ], [ 6.225467099218043, 53.227450448003438 ], [ 6.225399508648954, 53.227509328736971 ], [ 6.225338827872734, 53.227569329344227 ], [ 6.225288441336108, 53.227627370979917 ], [ 6.225264691249284, 53.227653596069139 ], [ 6.225208961574499, 53.227721829095294 ], [ 6.225142467291905, 53.227798673900246 ], [ 6.225096383937028, 53.227854708494746 ], [ 6.225092896600837, 53.227858659699244 ], [ 6.225078769568004, 53.227880746928854 ], [ 6.225039527521756, 53.227942089353789 ], [ 6.224994729162238, 53.228041247443485 ], [ 6.224971515659528, 53.228149240769795 ], [ 6.224968654105488, 53.228201693700257 ], [ 6.224965988896056, 53.228250371164755 ], [ 6.224974772119376, 53.228417628024964 ], [ 6.225001872399028, 53.228726375379132 ], [ 6.225035170627979, 53.228984039307505 ], [ 6.225051154995023, 53.229128781008924 ], [ 6.225064865374264, 53.229248917113694 ], [ 6.22507537326453, 53.229304286975193 ], [ 6.22507508306433, 53.229307083627283 ], [ 6.225069424749272, 53.22936049060376 ], [ 6.225068590721517, 53.229369994560564 ], [ 6.225062074993947, 53.2294448299915 ], [ 6.22503844448965, 53.229523621900285 ], [ 6.225005469737709, 53.229614789765982 ], [ 6.224954697591318, 53.229699432266486 ], [ 6.224849312857131, 53.229830544793337 ], [ 6.224846271401765, 53.229834331128281 ], [ 6.224842981148446, 53.229838415735458 ], [ 6.224788458060316, 53.229907269093701 ], [ 6.224720162894785, 53.229984126157625 ], [ 6.224633227480079, 53.230072794964364 ], [ 6.224537823067268, 53.230157209545709 ], [ 6.224469594155541, 53.230204295600217 ], [ 6.22441442852339, 53.230242358467919 ], [ 6.224362289684182, 53.2302797442224 ], [ 6.224299136426243, 53.230317521288406 ], [ 6.224202703968353, 53.230375209614742 ], [ 6.223955024290711, 53.230515140376262 ], [ 6.223706595920713, 53.230662893590136 ], [ 6.223679326409711, 53.230677640866496 ], [ 6.223522238192357, 53.230763023678122 ], [ 6.223464942603361, 53.230797120170678 ], [ 6.223455641640269, 53.230801704903129 ], [ 6.223452467030565, 53.230803263617837 ], [ 6.22344180118961, 53.230808513832493 ], [ 6.223373146418117, 53.230843767740971 ], [ 6.223297650395689, 53.230889223370468 ], [ 6.223269504785817, 53.230905144825492 ], [ 6.223196340009455, 53.230947259355027 ], [ 6.223147812309953, 53.230977879962552 ], [ 6.223097466847686, 53.231007434899148 ], [ 6.223001630129859, 53.231062017937241 ], [ 6.222884767165644, 53.231121240273424 ], [ 6.222762537352148, 53.231189485786153 ], [ 6.222711949955166, 53.231217397816152 ], [ 6.222667704537768, 53.231241815079024 ], [ 6.22255862559553, 53.231293165144749 ], [ 6.222450528559892, 53.231341093623236 ], [ 6.222349019745202, 53.231388976156907 ], [ 6.222290970642344, 53.231415169701471 ], [ 6.222270502072645, 53.231423866727489 ], [ 6.222135453801892, 53.231481399693678 ], [ 6.22197356369676, 53.231551088462531 ], [ 6.221831326238958, 53.231607071590332 ], [ 6.221680492060718, 53.231667697143166 ], [ 6.221526893303426, 53.231717019456781 ], [ 6.221424824638545, 53.23175151605767 ], [ 6.221150267649915, 53.231842115263895 ], [ 6.22099189963667, 53.231900455947951 ], [ 6.220815135737546, 53.231960092367331 ], [ 6.220680613965085, 53.231996970360143 ], [ 6.22057304414705, 53.232025843299589 ], [ 6.220521300961892, 53.232037434990517 ], [ 6.220490110108861, 53.23203765155845 ], [ 6.22047218622436, 53.232037776005953 ], [ 6.220431819519023, 53.232033563305201 ], [ 6.220416453870321, 53.232031641128643 ], [ 6.217692610316052, 53.232815828573905 ], [ 6.217689569562862, 53.23282086665867 ], [ 6.217632444738758, 53.232895395755172 ], [ 6.217562058650518, 53.232981248969359 ], [ 6.217526811349431, 53.233025254244922 ], [ 6.217471952389191, 53.23309302814372 ], [ 6.217424257620408, 53.233143948793057 ], [ 6.217370680003787, 53.233200481382283 ], [ 6.217318127582703, 53.233248020938923 ], [ 6.21725701931977, 53.23330235908152 ], [ 6.217190091158665, 53.233349998002424 ], [ 6.217133642863731, 53.233389656810424 ], [ 6.217069901829059, 53.233431702354963 ], [ 6.21699779564918, 53.233474884010469 ], [ 6.216934800992148, 53.233509016715253 ], [ 6.216874372255845, 53.233536392212166 ], [ 6.216800723055791, 53.23356943032924 ], [ 6.216720164419282, 53.233593620100315 ], [ 6.216663753779915, 53.233604074198681 ], [ 6.21660603790831, 53.233601148278062 ], [ 6.216544213378653, 53.233594836073763 ], [ 6.216428714159033, 53.233577662304413 ], [ 6.216311867321493, 53.233560497733883 ], [ 6.216168792720733, 53.233542346039386 ], [ 6.216029527366982, 53.23352758251611 ], [ 6.215940877930063, 53.233520376937967 ], [ 6.215823325954311, 53.233513280985818 ], [ 6.21569403200304, 53.233510848790772 ], [ 6.215546297114899, 53.233515193310055 ], [ 6.215436363470228, 53.2335226914375 ], [ 6.215322023528317, 53.23353471282396 ], [ 6.215195106677433, 53.233554728472129 ], [ 6.215085388065757, 53.23357345718486 ], [ 6.214976418097925, 53.233599998377294 ], [ 6.214871685625657, 53.233628846584615 ], [ 6.214782397486392, 53.233658666514593 ], [ 6.214702052079373, 53.233676698435509 ], [ 6.214583935996623, 53.233710697402486 ], [ 6.214639013861095, 53.234191454163287 ], [ 6.214880967730483, 53.234207205703839 ], [ 6.215063555013231, 53.234216100485583 ], [ 6.21527923669889, 53.234232584401681 ], [ 6.215602074406324, 53.234252821321697 ], [ 6.215930046925356, 53.234275268397305 ], [ 6.216290492685881, 53.234296322091147 ], [ 6.216561754178346, 53.234313587920894 ], [ 6.216678836780756, 53.234319518234656 ], [ 6.216719225963828, 53.23432481035708 ], [ 6.216729413377338, 53.23433043701467 ], [ 6.216735271765806, 53.234333685367659 ], [ 6.216753396797771, 53.234341647413736 ], [ 6.216744964656682, 53.234347097241915 ], [ 6.216697907399189, 53.234384534296176 ], [ 6.216628023065986, 53.234426532181892 ], [ 6.216550566658561, 53.234464179252853 ], [ 6.216501636239983, 53.234497675369845 ], [ 6.216446476372647, 53.234526541832984 ], [ 6.21638007584332, 53.234531583404397 ], [ 6.216220062294893, 53.234559646509275 ], [ 6.216039727688409, 53.234598003813886 ], [ 6.215949453695236, 53.234623338449296 ], [ 6.215878368178385, 53.234649618840784 ], [ 6.215804931386688, 53.234678251759092 ], [ 6.215710273439377, 53.234724913085422 ], [ 6.215646014338143, 53.234763546769329 ], [ 6.215548812124173, 53.234818133127533 ], [ 6.215433534787323, 53.234882998215241 ], [ 6.215326961488977, 53.234940973842271 ], [ 6.215195145504902, 53.235002538162512 ], [ 6.215093749164382, 53.235057153076561 ], [ 6.215018280085936, 53.2350970319076 ], [ 6.214983289893702, 53.235116377279141 ], [ 6.214976635624175, 53.235120053480024 ], [ 6.214931431530665, 53.235160532248209 ], [ 6.214883951129345, 53.235211971531839 ], [ 6.214882425043031, 53.23521361749107 ], [ 6.214870768351714, 53.235240745458391 ], [ 6.214863069223123, 53.235258680507521 ], [ 6.214843608350729, 53.235313898319809 ], [ 6.214831185749192, 53.235376885333693 ], [ 6.214829522895773, 53.235430812242988 ], [ 6.214828538313757, 53.235434143817919 ], [ 6.21482178049743, 53.23545665518462 ], [ 6.214821071999352, 53.235465016963616 ], [ 6.21481582332272, 53.235526435885774 ], [ 6.214812775186785, 53.23556199616516 ], [ 6.214806486454095, 53.235635580187953 ], [ 6.214805950716857, 53.235648524110751 ], [ 6.214805951171299, 53.235648528077135 ], [ 6.214996148936545, 53.235993680636788 ], [ 6.215537014701385, 53.235999501994769 ], [ 6.215539159767427, 53.236299643396883 ], [ 6.215541652351085, 53.236849132219113 ], [ 6.215542522979717, 53.236985154815649 ], [ 6.215884495166376, 53.237009410490288 ], [ 6.216151626291315, 53.237026759746279 ], [ 6.216336480459356, 53.237038413631268 ], [ 6.216580037400321, 53.237057344556519 ], [ 6.216658207310267, 53.237062860874175 ], [ 6.216822548941304, 53.237078762323918 ], [ 6.217083497392631, 53.237102469335376 ], [ 6.217189639206373, 53.237112345615195 ], [ 6.220239054202312, 53.237347760674616 ], [ 6.220257929797831, 53.237351826086055 ], [ 6.22089908329928, 53.237475055120086 ], [ 6.221413925998626, 53.237581708066891 ], [ 6.222017472471205, 53.237723326084399 ], [ 6.222581656145939, 53.237865484626504 ], [ 6.223189933873201, 53.238037562016721 ], [ 6.223871302833766, 53.238238663548451 ], [ 6.224477337676248, 53.238440538364898 ], [ 6.2247061964419, 53.238509624859603 ], [ 6.224972056678085, 53.238592839103106 ], [ 6.224700091374538, 53.23943904933904 ], [ 6.224657098429722, 53.239572829423579 ], [ 6.224615919193505, 53.239700941217002 ], [ 6.224435249540859, 53.239680454407846 ], [ 6.223972961910533, 53.239630689430115 ], [ 6.22395721436105, 53.239628885212689 ], [ 6.223735367650678, 53.239603464845196 ], [ 6.223366181303823, 53.239559723916379 ], [ 6.222823443907462, 53.239497672818878 ], [ 6.222616547301825, 53.2396101248465 ], [ 6.222575019321813, 53.23963144088669 ], [ 6.222494915135599, 53.239671805905928 ], [ 6.2221522489141, 53.239844652584694 ], [ 6.221853289225389, 53.239992752701909 ], [ 6.221489402323947, 53.24017616864694 ], [ 6.221107445192872, 53.240370312364881 ], [ 6.221070809551143, 53.240389077831537 ], [ 6.220814951309935, 53.24052007223527 ], [ 6.220503706725204, 53.240684069408658 ], [ 6.220136434926754, 53.240864215814547 ], [ 6.220073017073982, 53.240889259251531 ], [ 6.220043344735886, 53.240900976067671 ], [ 6.219959236472646, 53.240934185080022 ], [ 6.218449551492667, 53.241691285169544 ], [ 6.217978238112256, 53.241932130491428 ], [ 6.218450151845137, 53.242231109580359 ], [ 6.218450801126223, 53.242231386890182 ], [ 6.218566177474239, 53.242303193847249 ], [ 6.218574665912821, 53.242309993971617 ], [ 6.219453490102477, 53.242866750526169 ], [ 6.220225935507333, 53.243102092854627 ], [ 6.220293979083169, 53.243113962894157 ], [ 6.22032942730831, 53.243118928684957 ], [ 6.22037518252755, 53.243122385183185 ], [ 6.220399474369859, 53.243123654314886 ], [ 6.220431249938033, 53.24312460191765 ], [ 6.220504362634721, 53.243125172697283 ], [ 6.220558716620921, 53.243123986628717 ], [ 6.220741456359996, 53.243107711388312 ], [ 6.221012811595957, 53.243080306863966 ], [ 6.221190134082611, 53.243070538409498 ], [ 6.221415993946509, 53.243076427272378 ], [ 6.221722850703816, 53.243111046639264 ], [ 6.221914938139127, 53.243136668735794 ], [ 6.222277308934353, 53.243183570751967 ], [ 6.222630589850008, 53.243217415538837 ], [ 6.222659792162251, 53.243221624368395 ], [ 6.223215236284817, 53.243301586604559 ], [ 6.223282099683798, 53.243327539433785 ], [ 6.223360041202548, 53.243368601216432 ], [ 6.22343581429845, 53.243412939933599 ], [ 6.223449587014471, 53.243420994190693 ], [ 6.223519695972036, 53.243498503297751 ], [ 6.22361136814468, 53.243668416799508 ], [ 6.223672001169177, 53.243767108685425 ], [ 6.223748304047241, 53.243862725993402 ], [ 6.223775201464252, 53.243890215087958 ], [ 6.223785649057637, 53.243899829066912 ], [ 6.223819431522907, 53.243930882495754 ], [ 6.223908407474317, 53.244007900438952 ], [ 6.224052555400916, 53.244110413064334 ], [ 6.224193783336901, 53.244201354077902 ], [ 6.224345284163922, 53.244288988363579 ], [ 6.224503661671082, 53.244368127755827 ], [ 6.224630339641147, 53.24441163438528 ], [ 6.224642316540845, 53.244417436589202 ], [ 6.224742548201641, 53.244466024906345 ], [ 6.224858783697498, 53.244511760767956 ], [ 6.224900394626582, 53.244526107356869 ], [ 6.225111529999023, 53.244590420525526 ], [ 6.225332210694679, 53.244637763166473 ], [ 6.225484997630486, 53.244667967201465 ], [ 6.22562573364752, 53.244679294983953 ], [ 6.225688057622381, 53.244679578537607 ], [ 6.225747673280982, 53.244679251965557 ], [ 6.225804776093091, 53.244674494902732 ], [ 6.22584533724218, 53.244671111403974 ], [ 6.225988157578893, 53.244666339455655 ], [ 6.226058021039782, 53.244661448176778 ], [ 6.226136150505241, 53.244657936831068 ], [ 6.226249676012275, 53.244656604222691 ], [ 6.226334958741397, 53.244658883577507 ], [ 6.226423462001127, 53.244665004289878 ], [ 6.226475510245836, 53.244668414476408 ], [ 6.226587395887611, 53.244682908183186 ], [ 6.226681514965772, 53.244700491378161 ], [ 6.226769740568749, 53.244723147818128 ], [ 6.226832873756833, 53.244741936054936 ], [ 6.226889502093915, 53.244765172847224 ], [ 6.226923498689145, 53.244780121192655 ], [ 6.227021046208296, 53.244835331025229 ], [ 6.227066151504675, 53.244882281244841 ], [ 6.22713810422665, 53.244946296508452 ], [ 6.227193395129283, 53.244993175410002 ], [ 6.227261872466269, 53.245040231583715 ], [ 6.227317030297529, 53.245072554215916 ], [ 6.227388159813255, 53.245109617417178 ], [ 6.227433218763727, 53.245131047891945 ], [ 6.227512590165202, 53.245168233048297 ], [ 6.227554647734659, 53.245181687044777 ], [ 6.22758719367671, 53.245191343682556 ], [ 6.227602534081453, 53.245195208050717 ], [ 6.227644400603269, 53.245205769896486 ], [ 6.227743333038978, 53.245239672885987 ], [ 6.228683584661883, 53.245006145905819 ], [ 6.228723944243873, 53.244984971661665 ], [ 6.22884412209976, 53.2449329095327 ], [ 6.228964316227815, 53.244889383765674 ], [ 6.229099022492409, 53.244852585376982 ], [ 6.229228897752601, 53.244821571694743 ], [ 6.229353299139503, 53.244794100771713 ], [ 6.229480313272805, 53.244770026025982 ], [ 6.229587788856983, 53.244758039497739 ], [ 6.229707212970527, 53.244751899703331 ], [ 6.229835949937709, 53.24474704230245 ], [ 6.229981640493227, 53.244743503480457 ], [ 6.230105253454291, 53.244752430184143 ], [ 6.230234279728015, 53.244762397051261 ], [ 6.230321293958193, 53.244776612656842 ], [ 6.230428711499434, 53.24480003020944 ], [ 6.230540024626832, 53.244831148168139 ], [ 6.230653338849441, 53.24487267560206 ], [ 6.230741535773208, 53.244909077755366 ], [ 6.230832109475226, 53.244952112702961 ], [ 6.230941558535238, 53.245010470653583 ], [ 6.231015598392357, 53.245050656328814 ], [ 6.231043483539477, 53.245067084216949 ], [ 6.231094865674971, 53.245105362359617 ], [ 6.231237290976562, 53.245264309952908 ], [ 6.231292987066332, 53.245331671976196 ], [ 6.231358576939468, 53.245414689713705 ], [ 6.231400847084979, 53.245484931725258 ], [ 6.231438188461555, 53.245555927255587 ], [ 6.231464201113104, 53.245622150066303 ], [ 6.231476251791907, 53.245663849718767 ], [ 6.231488703934238, 53.245710758364197 ], [ 6.231498750985264, 53.245780238515714 ], [ 6.231509661701217, 53.245901561193307 ], [ 6.23150679980195, 53.245953844056643 ], [ 6.232075255667237, 53.247124663756146 ], [ 6.231928123258512, 53.24723104949787 ], [ 6.231903794637865, 53.247272012377742 ], [ 6.231863787765279, 53.247302306748615 ], [ 6.231798724152859, 53.247345986654167 ], [ 6.231730058351411, 53.247389332429087 ], [ 6.231680689612998, 53.247409957583571 ], [ 6.229601568468699, 53.24891319721084 ], [ 6.230318479261669, 53.25042641878553 ], [ 6.230383804798636, 53.250418861148731 ], [ 6.230447278285313, 53.250408530862778 ], [ 6.23052173191924, 53.250392731885313 ], [ 6.230602237943877, 53.250372307543692 ], [ 6.230694441464106, 53.250344791975543 ], [ 6.230776742066682, 53.250316537192191 ], [ 6.230966021227093, 53.250242511264702 ], [ 6.231033427207819, 53.250218764066922 ], [ 6.231123255546091, 53.25020007102205 ], [ 6.231226183361187, 53.250184700448699 ], [ 6.231343382739661, 53.250171296189748 ], [ 6.231440345904327, 53.250165043111018 ], [ 6.231526674328332, 53.250166592605396 ], [ 6.231625041423862, 53.250170842983351 ], [ 6.231666610254384, 53.250175843272039 ], [ 6.231771013234378, 53.250188416927728 ], [ 6.231927039516335, 53.250206818536981 ], [ 6.232081531340988, 53.250223361679808 ], [ 6.23213017606139, 53.250228572601358 ], [ 6.232213544500688, 53.250238103925369 ], [ 6.232320226901662, 53.250254596876339 ], [ 6.232453950158528, 53.250276326821087 ], [ 6.232550148793302, 53.250293773997555 ], [ 6.232687047212555, 53.250325383766423 ], [ 6.232890465665656, 53.250394382325361 ], [ 6.232918765219702, 53.250405122017568 ], [ 6.233665183512857, 53.250398998324407 ], [ 6.233935457125513, 53.25095555434843 ], [ 6.234080850798037, 53.251079107911913 ], [ 6.234108183706134, 53.251102260414427 ], [ 6.2341190163847, 53.251111439452465 ], [ 6.234136483608876, 53.251146451019956 ], [ 6.234170889426363, 53.251212434229934 ], [ 6.234193065894472, 53.251266013336064 ], [ 6.23420308345361, 53.25130314420263 ], [ 6.23421668918383, 53.251431546286724 ], [ 6.234220671145366, 53.251542859709957 ], [ 6.234699565639836, 53.252528948981457 ], [ 6.234776668159824, 53.252603216609373 ], [ 6.23484009020204, 53.252674116704107 ], [ 6.234894594320353, 53.252748674082682 ], [ 6.23494001115194, 53.252818263511926 ], [ 6.23497300092273, 53.252895938105276 ], [ 6.235024673049793, 53.253062800358826 ], [ 6.235049629724798, 53.253143407134147 ], [ 6.235091321266186, 53.253305577316929 ], [ 6.235100679369518, 53.253354843677293 ], [ 6.235098954098104, 53.253376098468728 ], [ 6.23509717807353, 53.253397820883876 ], [ 6.235080073848791, 53.253450059748751 ], [ 6.235054682318516, 53.253507568942069 ], [ 6.235012032616364, 53.25359422437235 ], [ 6.23496614503284, 53.253683867985714 ], [ 6.234906137725176, 53.253779362232841 ], [ 6.234846958192747, 53.253848342277223 ], [ 6.234793658126869, 53.253903891832557 ], [ 6.234758305559522, 53.253934873091652 ], [ 6.234710780843556, 53.253964053231257 ], [ 6.234640253146109, 53.253989262218681 ], [ 6.234548564313243, 53.254012733482085 ], [ 6.234432189255044, 53.25403808619734 ], [ 6.234319081801011, 53.254054340013219 ], [ 6.234199740160972, 53.25406596505006 ], [ 6.234076022107747, 53.254068365391007 ], [ 6.234045449071013, 53.254068041890122 ], [ 6.233956821480981, 53.254064263916966 ], [ 6.233909528487011, 53.2540602123497 ], [ 6.233862760562364, 53.254056193004601 ], [ 6.233841702978567, 53.254054382580925 ], [ 6.233772251874989, 53.254050469241001 ], [ 6.233725207905406, 53.254050711091701 ], [ 6.233678209729014, 53.254053288927423 ], [ 6.233668265682835, 53.254054496014653 ], [ 6.232625266128744, 53.254563916707532 ], [ 6.231749084922068, 53.255946627939615 ], [ 6.231804732892559, 53.25605173779531 ], [ 6.231862282795701, 53.256087889141057 ], [ 6.231912561891421, 53.256118860129853 ], [ 6.231929713175036, 53.256143836975113 ], [ 6.231944906866536, 53.256162959822738 ], [ 6.231954508482995, 53.256175041153831 ], [ 6.231954826235369, 53.256175964461995 ], [ 6.231964365316997, 53.256203996138289 ], [ 6.231969134774597, 53.256218007483753 ], [ 6.231972231065196, 53.256226917645591 ], [ 6.231993472133043, 53.256287836112584 ], [ 6.232014158828355, 53.256333437580565 ], [ 6.232015234049185, 53.256373839437003 ], [ 6.232020921686259, 53.256418692783448 ], [ 6.232023462421493, 53.25645817675472 ], [ 6.232024131826198, 53.256466140962438 ], [ 6.232173048892766, 53.256747412369506 ], [ 6.232406440626192, 53.256743750920208 ], [ 6.232496565066078, 53.256730506171053 ], [ 6.232718645927239, 53.256700367408257 ], [ 6.232943082966526, 53.256675782870488 ], [ 6.233051872028191, 53.25666818725248 ], [ 6.233186067929716, 53.256657177609995 ], [ 6.233211963009634, 53.256655737128249 ], [ 6.233398007070933, 53.256644811194114 ], [ 6.233465240833824, 53.256640122954046 ], [ 6.233680983009614, 53.256632195206542 ], [ 6.233897012362819, 53.256630510220809 ], [ 6.234018515062892, 53.256629383748859 ], [ 6.234126898374247, 53.256631674466959 ], [ 6.23424790752805, 53.256635942762522 ], [ 6.234369997211245, 53.256641820767626 ], [ 6.234489702069886, 53.256648344488745 ], [ 6.234608007463306, 53.256659910051752 ], [ 6.234766203499292, 53.256680718924478 ], [ 6.234944825295346, 53.256703899413012 ], [ 6.23509106563216, 53.25672631987095 ], [ 6.235227928891683, 53.256751951435049 ], [ 6.235348422520559, 53.256775721590564 ], [ 6.23537774348038, 53.25678086105156 ], [ 6.235463751610402, 53.256795933767521 ], [ 6.235522071653436, 53.256803555084609 ], [ 6.235555693679569, 53.256807954229778 ], [ 6.235619856290578, 53.256817025870653 ], [ 6.235672353725207, 53.256827258216447 ], [ 6.2357284949322, 53.256847528956378 ], [ 6.235797546192646, 53.256876604431412 ], [ 6.235864789040516, 53.256905153497478 ], [ 6.23594113779891, 53.256931930842825 ], [ 6.236015353761956, 53.256956926044921 ], [ 6.236092611935458, 53.256976598032267 ], [ 6.236287756835876, 53.257032188537394 ], [ 6.236364844236446, 53.257050783254343 ], [ 6.236457166663068, 53.257074481963308 ], [ 6.236507914409045, 53.25708715250493 ], [ 6.236600649352466, 53.257108961154515 ], [ 6.236655492478806, 53.257123381862634 ], [ 6.236858895190376, 53.257180485546854 ], [ 6.237002960129219, 53.25722167258013 ], [ 6.237007169428074, 53.257222361656744 ], [ 6.237051877763691, 53.257254780716494 ], [ 6.237086826490915, 53.257280116094776 ], [ 6.237137734861815, 53.257316148482545 ], [ 6.237306389577717, 53.257396096834128 ], [ 6.237339426462317, 53.257407274967058 ], [ 6.237394821924845, 53.257433732486888 ], [ 6.237502950605045, 53.257485372339417 ], [ 6.237584186728117, 53.257547158904451 ], [ 6.237658906142215, 53.257605217510722 ], [ 6.237731725776726, 53.257665715711354 ], [ 6.237803317763343, 53.257733105736577 ], [ 6.237910494337728, 53.257842072794155 ], [ 6.238070172378675, 53.258004690722395 ], [ 6.238272855679594, 53.258221880277787 ], [ 6.238479171375207, 53.258448389029311 ], [ 6.238509109239226, 53.258482457834091 ], [ 6.238660227335163, 53.258655307653129 ], [ 6.238685231093673, 53.258692960818209 ], [ 6.238705478308978, 53.258723459020715 ], [ 6.238745204330737, 53.258785000016253 ], [ 6.238798525580628, 53.258905212109184 ], [ 6.238812869088919, 53.258956239928452 ], [ 6.238814314752752, 53.258964954946258 ], [ 6.238821376234113, 53.259007668575464 ], [ 6.238827926707395, 53.259058661806236 ], [ 6.238839922593568, 53.259112222312226 ], [ 6.238847245457418, 53.259149192119004 ], [ 6.238850512162926, 53.259160580991811 ], [ 6.238851831541234, 53.25916517239429 ], [ 6.238859153731956, 53.259190712189714 ], [ 6.238875154576598, 53.259226991430523 ], [ 6.238882729815876, 53.25924332790796 ], [ 6.238892214919919, 53.259263802305256 ], [ 6.23890540087794, 53.259301718963052 ], [ 6.238913545672875, 53.259342367136348 ], [ 6.238911409462335, 53.259393601692942 ], [ 6.238907650004542, 53.259430919679836 ], [ 6.238899523119347, 53.259474738464824 ], [ 6.238888229369676, 53.25950995328639 ], [ 6.23887175518827, 53.259548439761112 ], [ 6.238854679049561, 53.259579202663346 ], [ 6.238829773283284, 53.259615682187658 ], [ 6.238798944150172, 53.259648160080758 ], [ 6.238763027658524, 53.259681033480078 ], [ 6.237973446654129, 53.261582736068576 ], [ 6.237978494135793, 53.26158791209987 ], [ 6.237984475568286, 53.261594670033446 ], [ 6.239415661036698, 53.263143235721991 ], [ 6.239515350498402, 53.263174967084709 ], [ 6.23963113056547, 53.263209459611645 ], [ 6.239753004887019, 53.263241392720779 ], [ 6.239890709236878, 53.263278065655875 ], [ 6.239999467305168, 53.263306048022976 ], [ 6.240087634214358, 53.263331031499987 ], [ 6.240161812824288, 53.263345870408727 ], [ 6.240237630936268, 53.26336024833239 ], [ 6.24030669350529, 53.263374045194183 ], [ 6.240399302901886, 53.263396301126569 ], [ 6.240503823220259, 53.263422156545523 ], [ 6.240760851815312, 53.263501121552039 ], [ 6.240829933066075, 53.263520390364022 ], [ 6.240898356164242, 53.263552603439223 ], [ 6.241000272556807, 53.263600591116898 ], [ 6.241036538390973, 53.263615609194822 ], [ 6.241085264254793, 53.263639254933295 ], [ 6.241283801429255, 53.263743246987055 ], [ 6.241444496149123, 53.263835826325817 ], [ 6.241623516935761, 53.263951683190783 ], [ 6.241759165603971, 53.26404860076893 ], [ 6.24190991074162, 53.264164631471836 ], [ 6.241993001752558, 53.26422074072385 ], [ 6.242054610900417, 53.264263712779453 ], [ 6.242152419757743, 53.264331928912426 ], [ 6.242239150555026, 53.264390168683256 ], [ 6.242412721103706, 53.26451967674145 ], [ 6.242622886079646, 53.264673095798308 ], [ 6.242807580093623, 53.264804141497272 ], [ 6.242882040130262, 53.264861731395406 ], [ 6.242988555383954, 53.264944109403764 ], [ 6.243067605031291, 53.265000336572292 ], [ 6.243198471091023, 53.265099865549161 ], [ 6.243252278268598, 53.265145309798598 ], [ 6.243308102988085, 53.265201792232261 ], [ 6.243345426414112, 53.265247353956546 ], [ 6.243391830303463, 53.26529734384895 ], [ 6.243397367640841, 53.265304493045157 ], [ 6.243405388197983, 53.265315937742081 ], [ 6.243413678172333, 53.265325852923482 ], [ 6.243420794262465, 53.26533703449293 ], [ 6.243427707035957, 53.265345521757588 ], [ 6.243434031085907, 53.265354552370454 ], [ 6.243436676639715, 53.265359475722498 ], [ 6.243443887198955, 53.265375419115841 ], [ 6.243449963231485, 53.265387057391877 ], [ 6.24345409649882, 53.265398979095941 ], [ 6.243457612525736, 53.26541000661642 ], [ 6.243462957114012, 53.265422548692008 ], [ 6.243470091055735, 53.265434628715717 ], [ 6.2434768860807, 53.265444734269416 ], [ 6.243481852547212, 53.265453325267757 ], [ 6.243484499119867, 53.265459824497256 ], [ 6.243484499403227, 53.265459824726889 ], [ 6.243484499503297, 53.265459825438853 ], [ 6.243485318681056, 53.265461837105967 ], [ 6.243487885684694, 53.265470355355603 ], [ 6.243491651531698, 53.265478865056402 ], [ 6.243497085255261, 53.265495899417949 ], [ 6.2435001552997, 53.265507109834076 ], [ 6.24350506268494, 53.265527832145516 ], [ 6.243507012450916, 53.265535456211403 ], [ 6.243509306487709, 53.265545324283877 ], [ 6.243510546189563, 53.265554930299309 ], [ 6.24351098849009, 53.265562115822462 ], [ 6.243511387877323, 53.265574693159422 ], [ 6.243511041687843, 53.26557990741901 ], [ 6.243510187113167, 53.265582159974571 ], [ 6.243507359324499, 53.265590716693424 ], [ 6.243505530618651, 53.265596750250879 ], [ 6.243504401288899, 53.265601420528846 ], [ 6.243625014747742, 53.266459527736508 ], [ 6.246863172423723, 53.268295830926753 ], [ 6.248924268179507, 53.267583799527898 ], [ 6.248963626365112, 53.267549957542876 ], [ 6.249015171271859, 53.267511667366755 ], [ 6.249035146127583, 53.267498674253702 ], [ 6.249066956703155, 53.267480923552448 ], [ 6.249176410900137, 53.267419842917029 ], [ 6.249213593789158, 53.267397920124083 ], [ 6.249287389520054, 53.267357807721474 ], [ 6.249316940205184, 53.267341735557281 ], [ 6.249337948654741, 53.26733547435736 ], [ 6.249371742004201, 53.267316451319651 ], [ 6.249419357571114, 53.26729157808748 ], [ 6.249451709943722, 53.267279205914122 ], [ 6.249480194980845, 53.267268317208575 ], [ 6.249535019967304, 53.267259207254234 ], [ 6.249563106288972, 53.267254620471221 ], [ 6.24977003188252, 53.267236492534678 ], [ 6.249826544742614, 53.267229347209359 ], [ 6.249870382236167, 53.267225437961379 ], [ 6.249879720822412, 53.267224732879875 ], [ 6.24990869461313, 53.26722255683341 ], [ 6.249935189505656, 53.267220838895632 ], [ 6.24995510666929, 53.267219976935785 ], [ 6.249961550697834, 53.267219930638944 ], [ 6.249977289708122, 53.26721999727804 ], [ 6.250130330496305, 53.26723552145976 ], [ 6.250182449086471, 53.267240987731242 ], [ 6.250198518365361, 53.267242579562229 ], [ 6.250202279266408, 53.267243271402499 ], [ 6.250215822463272, 53.26724595968664 ], [ 6.250245427759361, 53.267249880411697 ], [ 6.250331179978316, 53.267258339799653 ], [ 6.250360639025375, 53.267262441264542 ], [ 6.250372351561478, 53.267263525236785 ], [ 6.250380913417974, 53.267264452138001 ], [ 6.250390955919801, 53.267264469810762 ], [ 6.250401615834692, 53.267265381629507 ], [ 6.250413467452933, 53.26726592544712 ], [ 6.25042066618458, 53.267266143276082 ], [ 6.250437219242424, 53.267267192446816 ], [ 6.250442276754999, 53.267267515524949 ], [ 6.250448267612335, 53.267267292742588 ], [ 6.250462542169079, 53.267269077156783 ], [ 6.250480147817623, 53.267272544933981 ], [ 6.250494005139337, 53.26727594979662 ], [ 6.250503655564271, 53.267278845750177 ], [ 6.250517543439534, 53.267283777984709 ], [ 6.250531097450956, 53.267287005306571 ], [ 6.250540430187248, 53.267289004956282 ], [ 6.250560610450216, 53.267293802089327 ], [ 6.250574780087931, 53.267297833706678 ], [ 6.250580048599429, 53.267298963988445 ], [ 6.250599051546765, 53.267304847881398 ], [ 6.250615156809371, 53.267308236567821 ], [ 6.250627183465147, 53.267310037124716 ], [ 6.250633501009461, 53.267311159861578 ], [ 6.250652291201672, 53.267313900228821 ], [ 6.250681873217404, 53.267316652853701 ], [ 6.250717041452029, 53.267321432047432 ], [ 6.250746222425569, 53.267326613719497 ], [ 6.250764254336368, 53.267328910229594 ], [ 6.250778821458969, 53.267330333068458 ], [ 6.250783022973349, 53.267330572429586 ], [ 6.250801358205983, 53.267333046469858 ], [ 6.250816369522679, 53.267334196534286 ], [ 6.250825041584259, 53.267334637375541 ], [ 6.250842475984391, 53.267335536378653 ], [ 6.250857915314509, 53.267335605057838 ], [ 6.250867966821716, 53.267336071918542 ], [ 6.25089090821626, 53.267336535930667 ], [ 6.2509117569438, 53.267337284565208 ], [ 6.250938737408395, 53.267337360083644 ], [ 6.250976672146827, 53.267338075671084 ], [ 6.251013399004008, 53.267338350642675 ], [ 6.251039929884802, 53.267338429372344 ], [ 6.251086103412055, 53.267338905942644 ], [ 6.25110064717107, 53.267339160750232 ], [ 6.251107842321612, 53.267339198846855 ], [ 6.251162517796132, 53.267345095592241 ], [ 6.251170635496082, 53.267346295208263 ], [ 6.251182335485833, 53.267346750182554 ], [ 6.251191632295987, 53.267346952870412 ], [ 6.251205567619762, 53.267346762750407 ], [ 6.251213057099211, 53.267346529147652 ], [ 6.251223980565753, 53.267346378667128 ], [ 6.251285281361408, 53.267345560187302 ], [ 6.251373006113919, 53.267347714545231 ], [ 6.251476726478256, 53.267355262043999 ], [ 6.251534815913954, 53.267359489639148 ], [ 6.251691750548325, 53.26737480409269 ], [ 6.251754934066232, 53.267378932008846 ], [ 6.251984359316919, 53.26740506431215 ], [ 6.252245453221403, 53.267466246505045 ], [ 6.252291775957338, 53.267481638048665 ], [ 6.252341504133056, 53.267494938295371 ], [ 6.252414850731278, 53.267512561280867 ], [ 6.252499440650809, 53.267530282924604 ], [ 6.252626704990053, 53.267553358062784 ], [ 6.252817709271655, 53.267585858066539 ], [ 6.252917282131103, 53.267603291698798 ], [ 6.2529806264913, 53.267615415219403 ], [ 6.253066592640153, 53.267634474420795 ], [ 6.253149825288278, 53.267651756102097 ], [ 6.253228805966639, 53.26766628277619 ], [ 6.2533091769275, 53.267682866116914 ], [ 6.253388421169857, 53.267703051871315 ], [ 6.253474138436325, 53.267724628615568 ], [ 6.253545279418665, 53.267744333569937 ], [ 6.253638370620517, 53.267774842850265 ], [ 6.253691260477872, 53.267792540767424 ], [ 6.253706777368306, 53.267795717625901 ], [ 6.253882043652871, 53.267866186890508 ], [ 6.253894853048784, 53.267873363996735 ], [ 6.25393550365072, 53.267889874148182 ], [ 6.253951186864378, 53.267894613312819 ], [ 6.254040695690892, 53.267937773258978 ], [ 6.254162321575579, 53.267996426516035 ], [ 6.254194435576169, 53.268013267784426 ], [ 6.25421058289237, 53.268018722432728 ], [ 6.254331396888228, 53.268107816455867 ], [ 6.254407147499186, 53.268163682621847 ], [ 6.254549274660845, 53.268262399117994 ], [ 6.254693300154934, 53.268358585694976 ], [ 6.254843342574627, 53.268455806929325 ], [ 6.254992287905133, 53.268558067980059 ], [ 6.25511753687455, 53.268644685013136 ], [ 6.255147998525694, 53.268662795988114 ], [ 6.255192022648363, 53.268688986051401 ], [ 6.255299121004628, 53.268761446583575 ], [ 6.255504431656846, 53.268956348003314 ], [ 6.255529482220891, 53.268982630199247 ], [ 6.255545998817796, 53.269006413130434 ], [ 6.255556818835899, 53.269037605646538 ], [ 6.255560605270463, 53.26904700442261 ], [ 6.255566616548301, 53.269061940365312 ], [ 6.255568651788357, 53.269066993667224 ], [ 6.255647315000054, 53.269192954564524 ], [ 6.255686656708487, 53.269270208939481 ], [ 6.255725088103559, 53.269414693011768 ], [ 6.255752906985382, 53.269523400289607 ], [ 6.255762612712731, 53.269603483851562 ], [ 6.255766505910145, 53.269677768649629 ], [ 6.255773927490576, 53.269756071557595 ], [ 6.2557827670485, 53.269852695334336 ], [ 6.255791637592844, 53.269958304729585 ], [ 6.255801410329072, 53.270168323122633 ], [ 6.255806799877243, 53.270346743028895 ], [ 6.255806552523874, 53.27047596126669 ], [ 6.255805268010155, 53.270516406857887 ], [ 6.255803452506895, 53.270552812658998 ], [ 6.255800046055576, 53.270584647185878 ], [ 6.255795716856325, 53.27061532022654 ], [ 6.255768259232546, 53.270739855938324 ], [ 6.255763293834993, 53.270836489669257 ], [ 6.25570098242859, 53.270985467314262 ], [ 6.255602816434362, 53.271103208808817 ], [ 6.255512105744081, 53.271179525495285 ], [ 6.255435631169473, 53.271252675017173 ], [ 6.255368213259729, 53.271302881064088 ], [ 6.255260935322457, 53.271382785849788 ], [ 6.255050009098118, 53.271547232543497 ], [ 6.25485083248935, 53.271710893067528 ], [ 6.254722037716722, 53.271815657290304 ], [ 6.252964937210801, 53.273467863068241 ], [ 6.251408724147554, 53.27725496897073 ], [ 6.251601833839509, 53.2781629654488 ], [ 6.251640875482504, 53.278232491935398 ], [ 6.251689844936849, 53.278324046417573 ], [ 6.251761110085044, 53.278424686797869 ], [ 6.251836721123877, 53.278515492323969 ], [ 6.251947032584185, 53.278628395699613 ], [ 6.252068186681635, 53.278749658579947 ], [ 6.252161764038104, 53.278836192066713 ], [ 6.252226529264361, 53.278901924150446 ], [ 6.252271154092313, 53.278956146655503 ], [ 6.252313608580859, 53.279012783988421 ], [ 6.25240565648184, 53.279195701162209 ], [ 6.252458036111329, 53.279340543586692 ], [ 6.252491190266532, 53.279441008764366 ], [ 6.252512586037229, 53.27957489600962 ], [ 6.252537704877008, 53.279730699778881 ], [ 6.252555891877594, 53.279872778225815 ], [ 6.252556939935173, 53.279880929792931 ], [ 6.252560974057107, 53.279931068520582 ], [ 6.252552618404946, 53.279997363142776 ], [ 6.252535273913365, 53.280069230824871 ], [ 6.252507711977901, 53.28013998598351 ], [ 6.252475799873938, 53.28022782754207 ], [ 6.252438318976395, 53.280306381931943 ], [ 6.252319068045234, 53.280545751276101 ], [ 6.252256189466228, 53.280673703803515 ], [ 6.252204140790658, 53.280817626955049 ], [ 6.252200078433044, 53.280828133663945 ], [ 6.252179836420039, 53.280880482739384 ], [ 6.2529411363543, 53.284459247123735 ], [ 6.252948807658871, 53.284473303395146 ], [ 6.253006260252716, 53.28464412268923 ], [ 6.253069939556436, 53.284865995030984 ], [ 6.254266057137908, 53.288642837506579 ], [ 6.25426605930465, 53.288642839111183 ], [ 6.259903656385448, 53.291075709876914 ], [ 6.266816983611821, 53.290873574087932 ], [ 6.266926324331814, 53.29086302362473 ], [ 6.267112574419265, 53.290864922528058 ], [ 6.267456569136921, 53.290854853328831 ], [ 6.267477378579177, 53.290844286314005 ], [ 6.267549877248402, 53.290801944156406 ], [ 6.267646244269817, 53.290751231982732 ], [ 6.267730733264886, 53.290706366686251 ], [ 6.267769037271517, 53.290685948759503 ], [ 6.26778338277411, 53.290678304524832 ], [ 6.267805718792443, 53.290663188434742 ], [ 6.267883318398937, 53.290610699658082 ], [ 6.26789032268366, 53.290593853856862 ], [ 6.267915140792116, 53.290527707181681 ], [ 6.267937249022694, 53.290463251724752 ], [ 6.267958481935366, 53.290380902971243 ], [ 6.267969481067894, 53.290316609822533 ], [ 6.267973973781975, 53.290256821329777 ], [ 6.267975010080168, 53.290217240278771 ], [ 6.267984047316577, 53.290169234788891 ], [ 6.267988490683042, 53.290153297348752 ], [ 6.26799205400335, 53.290140529361658 ], [ 6.268013835364215, 53.290084316254102 ], [ 6.268039207445555, 53.290024024218241 ], [ 6.268078513128422, 53.289972651749245 ], [ 6.268119731623405, 53.289932704161558 ], [ 6.268168091300584, 53.289899515426178 ], [ 6.268218562660324, 53.28986619436867 ], [ 6.268249469710251, 53.289846369672816 ], [ 6.268293085796181, 53.289812955086312 ], [ 6.268317549237434, 53.289795567854434 ], [ 6.268321057857333, 53.289788937557582 ], [ 6.26853635349808, 53.289782874345811 ], [ 6.268716772433241, 53.289773355538784 ], [ 6.268718520035176, 53.289800165327833 ], [ 6.268725235296611, 53.289838907749562 ], [ 6.268750372504467, 53.289891182390178 ], [ 6.268797465075174, 53.289944967265434 ], [ 6.268845552269346, 53.290000452124296 ], [ 6.268884600069885, 53.290037753147779 ], [ 6.268948707080438, 53.290086812359306 ], [ 6.269008674374514, 53.290123357747632 ], [ 6.269142114855111, 53.290202019322884 ], [ 6.269267862367665, 53.290278463828386 ], [ 6.269401180645835, 53.290352570214004 ], [ 6.269555025714098, 53.29044702229632 ], [ 6.269692469926547, 53.290533633244856 ], [ 6.269754805974648, 53.290570816824385 ], [ 6.269780633163616, 53.290590036409149 ], [ 6.269812806873651, 53.290608670213352 ], [ 6.269839889945056, 53.290627700842592 ], [ 6.269858191838867, 53.29064266251644 ], [ 6.269875575707982, 53.29065673235278 ], [ 6.269897809212591, 53.290673282577053 ], [ 6.269920327908629, 53.290689111837807 ], [ 6.269946332899675, 53.290714080991513 ], [ 6.269965249346048, 53.290729756997159 ], [ 6.269995671744197, 53.29075073992891 ], [ 6.270035004141896, 53.290782080902183 ], [ 6.270046905607199, 53.290792057535057 ], [ 6.270054213179145, 53.290797395311692 ], [ 6.270078293948999, 53.290816268234714 ], [ 6.270121708885775, 53.290856564974668 ], [ 6.270135348622421, 53.29086647490864 ], [ 6.270146674660573, 53.290874712515816 ], [ 6.270201351022279, 53.290923013677144 ], [ 6.270228866782402, 53.290948510812854 ], [ 6.270253606346222, 53.290970254313635 ], [ 6.27027902664373, 53.290995946556443 ], [ 6.270302310977311, 53.291019857335627 ], [ 6.270322353627675, 53.291040718797255 ], [ 6.270367369624473, 53.291091804607134 ], [ 6.270390219858678, 53.291123805778163 ], [ 6.270433449577611, 53.291169674960607 ], [ 6.270475126608067, 53.291227596511696 ], [ 6.27050787884103, 53.291274441280031 ], [ 6.270543666829502, 53.29132306087692 ], [ 6.270575456980248, 53.291366857529134 ], [ 6.270609555937903, 53.291424529237119 ], [ 6.270617106853038, 53.29143807820833 ], [ 6.270636242919163, 53.291479092439594 ], [ 6.270653918143645, 53.291507357578794 ], [ 6.270672285186852, 53.291540110526 ], [ 6.270685340646637, 53.291562479007879 ], [ 6.270703485143319, 53.291599007621116 ], [ 6.27071366371374, 53.291621496100547 ], [ 6.270723046403428, 53.291646129051735 ], [ 6.270727876041139, 53.291662267966295 ], [ 6.270738146152123, 53.291695080450019 ], [ 6.27074369705449, 53.291717144684753 ], [ 6.270749185386014, 53.291736154208579 ], [ 6.270753751962416, 53.291754092215626 ], [ 6.270761186893145, 53.291780276059079 ], [ 6.270763404153517, 53.291815304356305 ], [ 6.270765288396163, 53.291848717659015 ], [ 6.270764777185151, 53.291882328295088 ], [ 6.270765502353965, 53.291917726996751 ], [ 6.270763048452075, 53.291973636692653 ], [ 6.27076035332257, 53.292003129923273 ], [ 6.270759886054223, 53.292009603132527 ], [ 6.270754922561479, 53.292060139806388 ], [ 6.27074056229127, 53.29226691870084 ], [ 6.270736151106148, 53.292373702379621 ], [ 6.27073712635899, 53.292392026227375 ], [ 6.27072881476219, 53.292513395572158 ], [ 6.270717211809053, 53.292664442234525 ], [ 6.27070571358812, 53.29280596317691 ], [ 6.270703050323167, 53.292939511641514 ], [ 6.270700309367558, 53.29301069927385 ], [ 6.270700020887158, 53.293069827907644 ], [ 6.270701493144947, 53.293110217201416 ], [ 6.270702755436835, 53.293144749302499 ], [ 6.270706542364439, 53.293212474322942 ], [ 6.270707983926635, 53.293241847260134 ], [ 6.270714778917444, 53.293337810470412 ], [ 6.270715705434875, 53.293410858138635 ], [ 6.270715164942724, 53.293501609615582 ], [ 6.270715445786949, 53.293508895349767 ], [ 6.273123095754027, 53.295469425524644 ], [ 6.273163993682277, 53.29548970745325 ], [ 6.273236145352564, 53.295526726976654 ], [ 6.273339202951744, 53.295578812319782 ], [ 6.273424416922963, 53.295638388556682 ], [ 6.273518610222036, 53.295696999913162 ], [ 6.273613303136916, 53.295765312159894 ], [ 6.273696507068312, 53.295829216211487 ], [ 6.273854962578473, 53.295949534768447 ], [ 6.273930965431526, 53.296013312084568 ], [ 6.274040261309419, 53.296127972732151 ], [ 6.274073925223099, 53.296160432502624 ], [ 6.274112498215001, 53.296212804470287 ], [ 6.274148238955845, 53.296258727567611 ], [ 6.274196142995396, 53.296312648064223 ], [ 6.274233679751194, 53.29635837816037 ], [ 6.274263533694634, 53.296395179183001 ], [ 6.274271491511523, 53.296404474577606 ], [ 6.274374946432743, 53.296488707295673 ], [ 6.274388461496465, 53.296489506076242 ], [ 6.274399036467726, 53.296493202017402 ], [ 6.274410190134268, 53.296503884625501 ], [ 6.274409066556173, 53.296514154689653 ], [ 6.274403204361612, 53.296535404432312 ], [ 6.274390976219733, 53.296582580244412 ], [ 6.274381060735758, 53.296632499793127 ], [ 6.274488005029825, 53.299147384217022 ], [ 6.274488006744856, 53.299147387646052 ], [ 6.276213341181638, 53.300766368520712 ], [ 6.276235726265957, 53.300780786155265 ], [ 6.276279688649574, 53.300806852084904 ], [ 6.276273148943321, 53.300809775922829 ], [ 6.276300299660323, 53.300833090792253 ], [ 6.276321730530845, 53.300823434246219 ], [ 6.276324536608177, 53.300825668911131 ], [ 6.27633815019164, 53.300819538717398 ], [ 6.276361079908208, 53.300811281839444 ], [ 6.27638373560024, 53.300804284993333 ], [ 6.276404602678488, 53.300797840526045 ], [ 6.276429402500543, 53.300792984389481 ], [ 6.276458131547329, 53.300789545877549 ], [ 6.276462993456843, 53.300794002782098 ], [ 6.276502882890793, 53.300830585173507 ], [ 6.276584113987473, 53.300905060075863 ], [ 6.27658809306979, 53.300908166658012 ], [ 6.2765923461888, 53.300911468898569 ], [ 6.276605796226196, 53.300923589993253 ], [ 6.276568661392751, 53.300941297267919 ], [ 6.276578430435852, 53.300949491870952 ], [ 6.276524946829655, 53.300973807872126 ], [ 6.276535459776048, 53.300989706766821 ], [ 6.276553953713875, 53.301013651756023 ], [ 6.276568059527113, 53.301043020687004 ], [ 6.276581695168804, 53.301078683138087 ], [ 6.276593257085497, 53.301115618945495 ], [ 6.276596032222685, 53.301125449598445 ], [ 6.278307175445239, 53.302730935686363 ], [ 6.279478633872877, 53.303324380651553 ], [ 6.284696557804389, 53.304319182459459 ], [ 6.284703746778125, 53.304320122776303 ], [ 6.285792974085717, 53.304457767458068 ], [ 6.285806391521761, 53.304459509203006 ], [ 6.286540605423606, 53.304554755815261 ], [ 6.286571767990167, 53.304558584148545 ], [ 6.28699880962175, 53.304611027052509 ], [ 6.287254813058774, 53.304640766662239 ], [ 6.287354442325, 53.304654676165015 ], [ 6.2874070703302, 53.304662018661709 ], [ 6.287559595459691, 53.304681722908661 ], [ 6.28762729363046, 53.304690920274602 ], [ 6.287706533628613, 53.304703265986873 ], [ 6.28778377875912, 53.304713470012032 ], [ 6.287858027797035, 53.304720281849818 ], [ 6.287976869174599, 53.304736104578275 ], [ 6.28807181500598, 53.304747694323616 ], [ 6.288138964162096, 53.304754298629163 ], [ 6.288211765994425, 53.304763637116778 ], [ 6.288310122550667, 53.304775479658844 ], [ 6.288401568334482, 53.304786834804055 ], [ 6.288500847475707, 53.304799748564328 ], [ 6.288614345999826, 53.304818306471994 ], [ 6.288742967670395, 53.304842681421796 ], [ 6.288911926030464, 53.304873403025816 ], [ 6.289074071506156, 53.304908308984025 ], [ 6.289203474113288, 53.304941303926782 ], [ 6.28932902226962, 53.304976484254667 ], [ 6.289444292265752, 53.305007967600019 ], [ 6.289548455556988, 53.305039174809004 ], [ 6.289650575537877, 53.305073093006655 ], [ 6.289732004380614, 53.305107525959379 ], [ 6.289778679491317, 53.30512999925093 ], [ 6.289830237145397, 53.305156389589889 ], [ 6.289876661284705, 53.305181201030528 ], [ 6.289906705773578, 53.30519750915856 ], [ 6.289924390757779, 53.305211034681676 ], [ 6.290083011163977, 53.305293132105938 ], [ 6.290214538620557, 53.305355143042441 ], [ 6.290224899933315, 53.305362792945488 ], [ 6.290234949974026, 53.305369906040333 ], [ 6.29025017079771, 53.305377683724117 ], [ 6.29025017149119, 53.305377683856264 ], [ 6.290250172275785, 53.305377684479375 ], [ 6.290254359765742, 53.305379824242685 ], [ 6.290283264818116, 53.30539901628827 ], [ 6.290307992689447, 53.305419318014245 ], [ 6.290344053412388, 53.305450676920749 ], [ 6.290392222773025, 53.305487156554499 ], [ 6.290418961636573, 53.305511735938374 ], [ 6.290464622040319, 53.30554799896106 ], [ 6.290521206151196, 53.305585929115232 ], [ 6.290600605756608, 53.305637988856738 ], [ 6.290660640710257, 53.305682286658765 ], [ 6.290681754015763, 53.305701896621798 ], [ 6.290700144862451, 53.30572044875781 ], [ 6.290731072446239, 53.305750228703481 ], [ 6.290765509540994, 53.305775669079637 ], [ 6.29080047886244, 53.305797870564753 ], [ 6.290827610875028, 53.305818333820667 ], [ 6.290864998998382, 53.305841415675367 ], [ 6.290911316576091, 53.305875393009636 ], [ 6.290961748781514, 53.305919583163458 ], [ 6.29100586112399, 53.305948545012846 ], [ 6.291053558323794, 53.30597676101965 ], [ 6.291102538424134, 53.306008921098375 ], [ 6.29120370830221, 53.306068903877829 ], [ 6.291336038916767, 53.306155429728832 ], [ 6.29144111462161, 53.306229939876026 ], [ 6.291541536284927, 53.306297116621657 ], [ 6.291614342390764, 53.306349405030851 ], [ 6.29166842403532, 53.306390862702692 ], [ 6.291686309015222, 53.306404575162539 ], [ 6.29178845224569, 53.306467964718706 ], [ 6.291889918269507, 53.306541962500248 ], [ 6.292006433330511, 53.306618183184987 ], [ 6.292126182586894, 53.306705521761224 ], [ 6.292176288853796, 53.306734078612777 ], [ 6.292202098233246, 53.306747219127843 ], [ 6.292223600935823, 53.306758163600819 ], [ 6.29229740868793, 53.306800919132598 ], [ 6.292353167852304, 53.306841474269696 ], [ 6.292417859061429, 53.306878727217729 ], [ 6.292465739324969, 53.30691556762924 ], [ 6.292505619800201, 53.306942943370082 ], [ 6.292552813427936, 53.306975655464029 ], [ 6.29260970888904, 53.307013146758202 ], [ 6.292656944186101, 53.30704783536747 ], [ 6.292717900138101, 53.307078646542543 ], [ 6.292785795807813, 53.307125579781129 ], [ 6.292849944444491, 53.307165532318059 ], [ 6.292903146072339, 53.307198558425782 ], [ 6.292964625150605, 53.307239968745769 ], [ 6.293028876062423, 53.307284772734008 ], [ 6.293088012036076, 53.307328896385222 ], [ 6.293184793528861, 53.307393942615938 ], [ 6.293283409297481, 53.307460592377325 ], [ 6.293398087760099, 53.307534848693564 ], [ 6.293497813520607, 53.307597176737886 ], [ 6.293584192213673, 53.307652596469453 ], [ 6.293660519975838, 53.307700903338024 ], [ 6.29373929325978, 53.307751348294858 ], [ 6.293824201998383, 53.307806751986156 ], [ 6.293921795778358, 53.307868943006241 ], [ 6.293996411220275, 53.307921396037308 ], [ 6.294085255484865, 53.307979851966856 ], [ 6.294253424022863, 53.308100609511897 ], [ 6.294323786408375, 53.30814768500769 ], [ 6.294361128314182, 53.308172662123944 ], [ 6.294289818613035, 53.308213187104208 ], [ 6.293904700421023, 53.308432093476064 ], [ 6.293891016528598, 53.308439870570687 ], [ 6.293860594569476, 53.308457155094587 ], [ 6.293860034649923, 53.308456813415539 ], [ 6.293579227229862, 53.308615225662557 ], [ 6.293226997934565, 53.309177525807044 ], [ 6.293193268659587, 53.309233508479487 ], [ 6.29318472450537, 53.309248857684999 ], [ 6.293173014550665, 53.309269909761582 ], [ 6.293049386075928, 53.30946462877565 ], [ 6.2929591940729, 53.309605038355294 ], [ 6.292779356794595, 53.309892119080772 ], [ 6.292696178032861, 53.3100299883126 ], [ 6.292674389491494, 53.31007623148421 ], [ 6.292666705417296, 53.310092544628638 ], [ 6.292639287861933, 53.310124372110991 ], [ 6.292620335378179, 53.310148497909466 ], [ 6.292595771414465, 53.310179755749601 ], [ 6.292560159013252, 53.310222158295879 ], [ 6.292542594168934, 53.310240208236323 ], [ 6.292521176335556, 53.310258395029472 ], [ 6.292497344942153, 53.310271675802213 ], [ 6.292462278769845, 53.310287943602994 ], [ 6.292404778309037, 53.310310436785059 ], [ 6.292270810016726, 53.310360283441703 ], [ 6.292145771892681, 53.310401005051531 ], [ 6.291886484185702, 53.310491089637715 ], [ 6.291792073560402, 53.310530681726419 ], [ 6.291668642883876, 53.310572262351535 ], [ 6.291576374786206, 53.310606725244227 ], [ 6.291476793537662, 53.310650183926512 ], [ 6.290881613109288, 53.310928861465236 ], [ 6.290736468995666, 53.310999727238617 ], [ 6.290660146710451, 53.311036989896358 ], [ 6.290578601365572, 53.31106916089891 ], [ 6.29048443708623, 53.311106305961339 ], [ 6.290411574101762, 53.311130387306036 ], [ 6.290343825245431, 53.311148643344048 ], [ 6.290139302515777, 53.311194075626744 ], [ 6.289755407602146, 53.311275180422513 ], [ 6.289624389661422, 53.311302124185559 ], [ 6.289211764138321, 53.311386974373889 ], [ 6.288745475977473, 53.311485084332169 ], [ 6.288711859690618, 53.311491878142014 ], [ 6.288392534437374, 53.311556418641864 ], [ 6.288265183342012, 53.311582291066728 ], [ 6.288182958543612, 53.311600034395795 ], [ 6.288098563958203, 53.311619492241434 ], [ 6.288026690979187, 53.311638640509706 ], [ 6.287846904599826, 53.311692680489067 ], [ 6.287522533557188, 53.311790180272794 ], [ 6.286763298905, 53.312010364674762 ], [ 6.286725428199971, 53.312017513256571 ], [ 6.286692672646122, 53.312023167849269 ], [ 6.286646386632245, 53.312024655468164 ], [ 6.28651792250542, 53.312016711987233 ], [ 6.286494504144573, 53.312015404581587 ], [ 6.286172519052049, 53.311984404562445 ], [ 6.285789393186319, 53.311946905889471 ], [ 6.285369603761162, 53.31190749647952 ], [ 6.284860035208998, 53.311859590779093 ], [ 6.284787527032456, 53.3118527738688 ], [ 6.284027779511328, 53.311792166201855 ], [ 6.280503416685113, 53.312581484699457 ], [ 6.28084892229931, 53.314118640118259 ], [ 6.280865224183324, 53.314189452895597 ], [ 6.280871771444501, 53.31422029204704 ], [ 6.281436561584687, 53.31673278958273 ], [ 6.281504589531803, 53.316983825177928 ], [ 6.281584152030171, 53.317363572125991 ], [ 6.281744685085152, 53.318064180772552 ], [ 6.281773871572217, 53.318218877477193 ], [ 6.281774528127752, 53.318236106595172 ], [ 6.283851139797412, 53.327470762010684 ], [ 6.283916543904481, 53.327742792070907 ], [ 6.28392678039384, 53.327785343869877 ], [ 6.283960283171772, 53.327930374734322 ], [ 6.284012327065851, 53.328155644336633 ], [ 6.284017869934559, 53.328179648714247 ], [ 6.284020838289134, 53.328192458146539 ], [ 6.284048682526332, 53.328312946314128 ], [ 6.284152309696668, 53.328761431067704 ], [ 6.284182094768529, 53.328894358878614 ], [ 6.284325531494403, 53.329534597616707 ], [ 6.284428098124011, 53.329992417038675 ], [ 6.284610847461945, 53.330808139910161 ], [ 6.284620363121583, 53.330850607136639 ], [ 6.284722465141479, 53.331305994479074 ], [ 6.28472741401945, 53.331328107256226 ], [ 6.28473997689572, 53.331384254892981 ], [ 6.284751167388363, 53.331434329462169 ], [ 6.284829115227399, 53.331782158569858 ], [ 6.284963202320216, 53.332380511649994 ], [ 6.285128409791439, 53.333117775368805 ], [ 6.285231240008475, 53.333576607042822 ], [ 6.285530344286713, 53.334911244127149 ], [ 6.285633730031148, 53.335372542128226 ], [ 6.285815943291942, 53.336185534253509 ], [ 6.285823739685497, 53.33622031344477 ], [ 6.285834168977954, 53.336266880133202 ], [ 6.285933306655399, 53.33670917778872 ], [ 6.286035574699148, 53.337165415638538 ], [ 6.286334728722848, 53.338500013013828 ], [ 6.286341168853329, 53.33852875493551 ], [ 6.286437817826201, 53.338959928267244 ], [ 6.286738089376288, 53.340299376827602 ], [ 6.286840060383599, 53.340754222960634 ], [ 6.286901049433508, 53.341026265617174 ], [ 6.288469802416382, 53.340557213170207 ], [ 6.290521633448954, 53.339420322011705 ], [ 6.290521643845998, 53.339420315620387 ], [ 6.290521855932651, 53.339420198731418 ], [ 6.2912702614172, 53.339005493906157 ], [ 6.291397956985493, 53.338937337619676 ], [ 6.292240302967836, 53.338473064273614 ], [ 6.29548776199073, 53.336677793438604 ], [ 6.295827217682762, 53.336513063785965 ], [ 6.29594385641824, 53.336456470966631 ], [ 6.296091314902671, 53.336384917503594 ], [ 6.300507024354045, 53.334241954760287 ], [ 6.302972136730775, 53.333515407715645 ], [ 6.304692103318688, 53.33306025090431 ], [ 6.305194825167737, 53.33285008337802 ], [ 6.305667051934645, 53.332630639812244 ], [ 6.307942792534892, 53.331509516578414 ], [ 6.310203691434916, 53.330597920299695 ], [ 6.311142684819748, 53.330154270571306 ], [ 6.312302973340841, 53.329441046067046 ], [ 6.31290516109646, 53.32904220651676 ], [ 6.313222254152683, 53.328822669074285 ], [ 6.313587016984187, 53.328558553616752 ], [ 6.31386795379598, 53.328326173855999 ], [ 6.31406620790208, 53.328129744877018 ], [ 6.314074862996315, 53.328120422838062 ], [ 6.314367617814061, 53.327802765965423 ], [ 6.314640601832634, 53.327487237721499 ], [ 6.314940125835039, 53.327052173391557 ], [ 6.315131843275791, 53.326761802141021 ], [ 6.315334963833099, 53.326401703017815 ], [ 6.315630865922358, 53.325750467753096 ], [ 6.315867314233632, 53.325265837306596 ], [ 6.315948071449101, 53.325071390875344 ], [ 6.315981202185847, 53.324923409249983 ], [ 6.315975795587546, 53.324770064360152 ], [ 6.315961958550047, 53.324587670785384 ], [ 6.315902794551605, 53.323938638144057 ], [ 6.315864547478942, 53.323758679541136 ], [ 6.315786388109775, 53.323537335383499 ], [ 6.315775986150223, 53.323326250639099 ], [ 6.315789119821763, 53.322626428790123 ], [ 6.315850081979869, 53.321854890368272 ], [ 6.315882308117345, 53.321442195244529 ], [ 6.315912197951773, 53.321123059826867 ], [ 6.316053625830858, 53.320554965690221 ], [ 6.31617647867603, 53.320113893753927 ], [ 6.316312386510712, 53.319763387024587 ], [ 6.316531492622876, 53.319394984161029 ], [ 6.31675632238385, 53.319152966257974 ], [ 6.316898294471342, 53.319007404047959 ], [ 6.317723325199085, 53.318171750088027 ], [ 6.318763420917481, 53.317430669897178 ], [ 6.319340527223967, 53.317159228156939 ], [ 6.319907401139313, 53.316921469783495 ], [ 6.320884564882563, 53.316547173091223 ], [ 6.322078308581552, 53.316196793289791 ], [ 6.322955745801069, 53.315951212683913 ], [ 6.324353947274945, 53.315647741178822 ], [ 6.325236638765285, 53.315506787162477 ], [ 6.32639367749295, 53.315368535347005 ], [ 6.326847350585657, 53.315302807569168 ], [ 6.326912715913067, 53.315293310712796 ], [ 6.327451018112215, 53.315248305080857 ], [ 6.328031862620157, 53.315220666010042 ], [ 6.3291989290667, 53.315143771390737 ], [ 6.330089595991307, 53.315135349336408 ], [ 6.330426269840649, 53.31515409371125 ], [ 6.331260248740579, 53.315236145506731 ], [ 6.331640509489803, 53.315299203487974 ], [ 6.3323116044857, 53.315439048524588 ], [ 6.33273287332722, 53.315551831443777 ], [ 6.333400752807548, 53.315763582072016 ], [ 6.334100264970254, 53.316021536342632 ], [ 6.335430827741981, 53.316549654431526 ], [ 6.336125231348693, 53.316825249446715 ], [ 6.336635019224944, 53.317058897625081 ], [ 6.337670912291546, 53.317482836831338 ], [ 6.338656264994169, 53.317839234673983 ], [ 6.339529110361489, 53.318155900211131 ], [ 6.339898436967398, 53.318326758511517 ], [ 6.340423826103142, 53.318497366502022 ], [ 6.341227850989872, 53.318734142721915 ], [ 6.341657020178868, 53.318821671619375 ], [ 6.342372699132686, 53.318944662750155 ], [ 6.342707456799575, 53.318990435368391 ], [ 6.343424127705132, 53.319063181787769 ], [ 6.343865662649105, 53.319078718093913 ], [ 6.344743974737105, 53.319057706133073 ], [ 6.345067015522787, 53.319035273489632 ], [ 6.345371855660654, 53.319004178992159 ], [ 6.345688226630677, 53.318958524630837 ], [ 6.346027673087994, 53.318891119434426 ], [ 6.346494382372715, 53.318776959888318 ], [ 6.347295429445821, 53.318541515694072 ], [ 6.347796076462418, 53.318374872428478 ], [ 6.348488939600267, 53.31813381497799 ], [ 6.349103624957883, 53.317886549957663 ], [ 6.34925695773717, 53.317818019022432 ], [ 6.349798027041639, 53.317526949728304 ], [ 6.350145092959874, 53.317324504914765 ], [ 6.351608015942737, 53.316403132484503 ], [ 6.353548236389774, 53.314764233130923 ], [ 6.35367028069458, 53.31466826265202 ], [ 6.353754826081679, 53.314601015779559 ], [ 6.353915015244779, 53.314493820487527 ], [ 6.354089784353114, 53.314384440937154 ], [ 6.354261841006307, 53.314305347198726 ], [ 6.354414958835243, 53.314233513413228 ], [ 6.354542858274073, 53.314168594822654 ], [ 6.354759669325747, 53.314088025877957 ], [ 6.355016588266237, 53.313996143892872 ], [ 6.35528052521108, 53.313906127785003 ], [ 6.355439315969774, 53.313861869396327 ], [ 6.35583663424274, 53.313838251957883 ], [ 6.356049682875435, 53.313836130280002 ], [ 6.356325265091715, 53.313838419225839 ], [ 6.356328311699754, 53.313838448573364 ], [ 6.356444559435968, 53.313839407118756 ], [ 6.356456370415852, 53.313839509552629 ], [ 6.356635106498258, 53.313846200095981 ], [ 6.356744589545072, 53.313847931784203 ], [ 6.356862113530966, 53.313854262140197 ], [ 6.357127497764676, 53.313883445235135 ], [ 6.357377340886673, 53.313924111289417 ], [ 6.357668030999582, 53.31397760224467 ], [ 6.357830612891245, 53.314015835910837 ], [ 6.358671477657101, 53.314341346743667 ], [ 6.359197574696211, 53.314582073604193 ], [ 6.36039627024621, 53.315294959326799 ], [ 6.361409305431059, 53.316279667788884 ], [ 6.36190760354713, 53.316845391801436 ], [ 6.362338573479792, 53.317425938464758 ], [ 6.362791951159003, 53.318080371771337 ], [ 6.363123460162563, 53.318588326624948 ], [ 6.363405235391162, 53.319037539814474 ], [ 6.363644226606014, 53.319362637333072 ], [ 6.363924105862782, 53.319736338859748 ], [ 6.364288560925555, 53.320203020353112 ], [ 6.364758625932767, 53.320664950965572 ], [ 6.365141918951024, 53.320934651330674 ], [ 6.365353089030005, 53.321080956340367 ], [ 6.365657811200518, 53.321237632880262 ], [ 6.365926134957263, 53.321326564452974 ], [ 6.367009097382842, 53.321571689450039 ], [ 6.367590874614381, 53.321622522844436 ], [ 6.368537926319757, 53.321532655113131 ], [ 6.368705210337242, 53.321515384324393 ], [ 6.369516856069872, 53.32138973667616 ], [ 6.370427939748355, 53.321223498896586 ], [ 6.371410798594299, 53.321037661447399 ], [ 6.371586574759348, 53.320994159362421 ], [ 6.372236262288406, 53.320853492291434 ], [ 6.37292052959878, 53.320714470046738 ], [ 6.373754365662468, 53.320555031576831 ], [ 6.37480430944986, 53.320354912129552 ], [ 6.375004013054563, 53.320330285307868 ], [ 6.375452883686311, 53.320273884608909 ], [ 6.376180033789416, 53.320184443304647 ], [ 6.376986531444297, 53.320093436619452 ], [ 6.377616839053683, 53.320035461665491 ], [ 6.378528805441994, 53.31998452391359 ], [ 6.379602343766255, 53.319927518740116 ], [ 6.380698653180788, 53.319917096008702 ], [ 6.381932398756255, 53.319907493821084 ], [ 6.382741529635303, 53.319913006424613 ], [ 6.383990347440214, 53.319922461013078 ], [ 6.385108158996694, 53.319943701505117 ], [ 6.3860378746726, 53.319955181698816 ], [ 6.386872271811261, 53.319964913514866 ], [ 6.387646208473499, 53.319963730782447 ], [ 6.388111600361476, 53.319957223290189 ], [ 6.388836792668737, 53.319943040901983 ], [ 6.389616080717841, 53.31992418862729 ], [ 6.39044072941681, 53.319871624172841 ], [ 6.391276915554555, 53.31981322469484 ], [ 6.391951975778275, 53.319753722267485 ], [ 6.392603103925044, 53.319686095329345 ], [ 6.393884843834286, 53.319554857600878 ], [ 6.39423017912792, 53.31951762078959 ], [ 6.394624778865655, 53.319469384733338 ], [ 6.395083849209431, 53.319419339765076 ], [ 6.395458913213857, 53.319343085128267 ], [ 6.396040555226451, 53.319294946586403 ], [ 6.396725506830939, 53.31923293500617 ], [ 6.397345858811235, 53.319175649860142 ], [ 6.397989736368978, 53.31913294539968 ], [ 6.398567482237178, 53.319105099462725 ], [ 6.398833304200119, 53.319099142239267 ], [ 6.399687549676253, 53.31911044209339 ], [ 6.400078500965782, 53.319109142981439 ], [ 6.400544618683568, 53.319105861010733 ], [ 6.401138287135598, 53.319134883771007 ], [ 6.401707087691122, 53.319205223841251 ], [ 6.402342046982082, 53.319305823991506 ], [ 6.403130581240831, 53.319443699128811 ], [ 6.403780765728358, 53.319593342667233 ], [ 6.403984004946617, 53.319649420612642 ], [ 6.404706652748549, 53.319823390905952 ], [ 6.404750616292096, 53.31983391857807 ], [ 6.405081741539647, 53.319920281597774 ], [ 6.405751158499014, 53.320075403774283 ], [ 6.406530216877439, 53.320325498625422 ], [ 6.406808162089782, 53.320423809819381 ], [ 6.40699180396563, 53.320495486673138 ], [ 6.407443687391884, 53.320676347354606 ], [ 6.407924987908151, 53.320871109278499 ], [ 6.408248997201669, 53.320995390505487 ], [ 6.408600811835203, 53.321135285655188 ], [ 6.408836976622682, 53.321245835526639 ], [ 6.408957105882174, 53.321309566562789 ], [ 6.409087943939795, 53.321390728877667 ], [ 6.409166727174933, 53.32144744280253 ], [ 6.409213850700377, 53.321482886753166 ], [ 6.409264021801596, 53.321522168694074 ], [ 6.409386819105809, 53.321609743079399 ], [ 6.409618645382391, 53.321775070222351 ], [ 6.409830091398071, 53.321989651117626 ], [ 6.410393276594943, 53.322611972905463 ], [ 6.410744724232874, 53.323000297156419 ], [ 6.411114010735158, 53.323398847082466 ], [ 6.41131418222071, 53.323656204231092 ], [ 6.41175577514749, 53.324314186944825 ], [ 6.411968381040341, 53.324816993605637 ], [ 6.412275880183075, 53.325320545198565 ], [ 6.413081616819988, 53.326533591518732 ], [ 6.413373036042104, 53.326827277941582 ], [ 6.413508414638817, 53.32701608317771 ], [ 6.413675022227828, 53.327217830799391 ], [ 6.413819206462433, 53.327385533582813 ], [ 6.413928406437051, 53.327514895827896 ], [ 6.413986968791279, 53.327566333861306 ], [ 6.414050438294941, 53.327622133017179 ], [ 6.414148505218108, 53.327731461846106 ], [ 6.41428610899491, 53.327824457972874 ], [ 6.414449309960665, 53.327939699840684 ], [ 6.414604685156905, 53.328028859538136 ], [ 6.414779599856914, 53.3281065298345 ], [ 6.414966805839271, 53.328164595488779 ], [ 6.415123248534239, 53.328216633817206 ], [ 6.415253163965314, 53.32825146625337 ], [ 6.415408878367743, 53.328285538732892 ], [ 6.41556040819407, 53.328307785481968 ], [ 6.41590022571547, 53.328307573739252 ], [ 6.416201423944499, 53.32828666472178 ], [ 6.416595050181731, 53.328251844149023 ], [ 6.416879998671794, 53.328204204866516 ], [ 6.417752876616733, 53.327993285122822 ], [ 6.419868279371032, 53.327451884590623 ], [ 6.420141302096948, 53.327389243710634 ], [ 6.420395842528037, 53.327344553070851 ], [ 6.420581406875308, 53.327302701331007 ], [ 6.420770789266921, 53.327263602091861 ], [ 6.421382869329643, 53.327150776978243 ], [ 6.421608520020566, 53.327121967699284 ], [ 6.421837599084236, 53.327098430147572 ], [ 6.422049126797413, 53.327087803185094 ], [ 6.422263245343435, 53.327085061103759 ], [ 6.422807218162514, 53.327086369523265 ], [ 6.423217899517476, 53.327087350648974 ], [ 6.423631605938681, 53.327070575171852 ], [ 6.423956235886387, 53.32708206331565 ], [ 6.424267500487644, 53.327118197313261 ], [ 6.424517669557745, 53.327160249258114 ], [ 6.424751516028535, 53.327210079559492 ], [ 6.424988687411251, 53.327285760007697 ], [ 6.425300548904597, 53.327352797580879 ], [ 6.425387907869768, 53.327371632329466 ], [ 6.425964410688694, 53.327495599197057 ], [ 6.426419700171337, 53.327559866792704 ], [ 6.426844065120242, 53.327673642700354 ], [ 6.426880473601239, 53.327683391987328 ], [ 6.427409535327087, 53.327850085718772 ], [ 6.427413815251155, 53.32785328359676 ], [ 6.428421742170666, 53.328177304280736 ], [ 6.428911243220774, 53.328290329017037 ], [ 6.429328755240585, 53.328430484199046 ], [ 6.43000109652778, 53.328525475166757 ], [ 6.430365617708435, 53.328485380550447 ], [ 6.431096746047291, 53.328206402339774 ], [ 6.431673408542785, 53.327877632176218 ], [ 6.432129768876128, 53.327539930628987 ], [ 6.432814935831501, 53.326951508084839 ], [ 6.432949787852964, 53.326800315733976 ], [ 6.43349085289557, 53.32619370612418 ], [ 6.433678850005584, 53.325939422505677 ], [ 6.43514484372447, 53.324307187143731 ], [ 6.435742907625603, 53.323710412314341 ], [ 6.435824943467896, 53.323621014877382 ], [ 6.436652238557961, 53.322602216381675 ], [ 6.43727543638898, 53.321726875542801 ], [ 6.437363913692669, 53.321586165087417 ], [ 6.43743509141658, 53.321449954892323 ], [ 6.437502280649071, 53.321311443163154 ], [ 6.437582173621145, 53.321138161737608 ], [ 6.437863192430926, 53.320275421907731 ], [ 6.437909116614864, 53.320042249498179 ], [ 6.437930009287909, 53.319939582570299 ], [ 6.437936143645952, 53.319824958605345 ], [ 6.437955750847744, 53.31961418443786 ], [ 6.437987707455495, 53.319292586881794 ], [ 6.438005759943363, 53.318880209354568 ], [ 6.438008891640732, 53.318728616591891 ], [ 6.437995894900142, 53.318543934922083 ], [ 6.438004664795968, 53.318368165670655 ], [ 6.4380262793802, 53.318184367516409 ], [ 6.438033275261826, 53.318077400927187 ], [ 6.438049728639896, 53.317971196320542 ], [ 6.438076509367582, 53.317858350678456 ], [ 6.438098324352722, 53.317715409682719 ], [ 6.438136378567757, 53.317527657689816 ], [ 6.438144527274972, 53.317498750631025 ], [ 6.43817191459195, 53.317401571080929 ], [ 6.438327548793883, 53.317160636515872 ], [ 6.438426562843606, 53.317045775172829 ], [ 6.438482413520659, 53.316991577826265 ], [ 6.438538235567351, 53.316936212532887 ], [ 6.438592745903429, 53.316888595562652 ], [ 6.438690015300222, 53.316846202713414 ], [ 6.438825793308864, 53.316799042785796 ], [ 6.438939397930993, 53.316768098634853 ], [ 6.439223747204366, 53.316725811365792 ], [ 6.439426087302731, 53.316693901294101 ], [ 6.439558428675988, 53.316670134010245 ], [ 6.439691325457502, 53.316649452872653 ], [ 6.439839384165904, 53.316645613200386 ], [ 6.439871266334218, 53.316644785820195 ], [ 6.440084048605361, 53.316649688355845 ], [ 6.440345203788508, 53.316664788014812 ], [ 6.440755919802637, 53.316723982022431 ], [ 6.440904568428239, 53.316752242568853 ], [ 6.44110611637255, 53.316769597435567 ], [ 6.441293172531518, 53.31680735130675 ], [ 6.442226331133624, 53.317162392497593 ], [ 6.443096500208472, 53.317585652880133 ], [ 6.443447516540866, 53.317795966279384 ], [ 6.443989749842428, 53.318120848382222 ], [ 6.444136352516129, 53.318229996250636 ], [ 6.445050315526076, 53.318910402960306 ], [ 6.445890316255173, 53.319566069018748 ], [ 6.446509263763061, 53.32004918006588 ], [ 6.446559801476901, 53.320084956891492 ], [ 6.446828702517651, 53.320271308848191 ], [ 6.44704879981422, 53.320396528024041 ], [ 6.44766304189644, 53.320727048810667 ], [ 6.448256229314102, 53.320960911099235 ], [ 6.448972898444175, 53.321220116325094 ], [ 6.449216424711683, 53.321301740578107 ], [ 6.449508115421017, 53.321411549836725 ], [ 6.449915857541381, 53.321643538324537 ], [ 6.450237419228317, 53.321914630570667 ], [ 6.450252852043307, 53.321937947328365 ], [ 6.450355371093922, 53.322203832500996 ], [ 6.450374298521589, 53.322406495218608 ], [ 6.450365478363747, 53.322443172874614 ], [ 6.450358393772441, 53.322548370766924 ], [ 6.450328407255072, 53.322658443894575 ], [ 6.45028601248811, 53.322731550863203 ], [ 6.45018462826493, 53.322843881840804 ], [ 6.449954821325855, 53.323003742530382 ], [ 6.44935219152239, 53.323392345373072 ], [ 6.449218584990117, 53.323468315661579 ], [ 6.448976561912755, 53.323605943359894 ], [ 6.44847539070451, 53.323890505089096 ], [ 6.448160756512039, 53.324069145854445 ], [ 6.447816883124723, 53.324294123504259 ], [ 6.44759651807791, 53.324444344171511 ], [ 6.44716314561941, 53.324829914734572 ], [ 6.447046044005913, 53.325018303409216 ], [ 6.446935883437714, 53.325186268699476 ], [ 6.446887927704433, 53.325294180856673 ], [ 6.446767243727191, 53.325538403252715 ], [ 6.44676434740833, 53.325771568024244 ], [ 6.446780516292952, 53.325907840479069 ], [ 6.446801346861343, 53.326083528926617 ], [ 6.446809296711944, 53.326144967343119 ], [ 6.446891410118768, 53.326321876781378 ], [ 6.44701077336434, 53.32665422832477 ], [ 6.447130193383846, 53.32681309745314 ], [ 6.447370198254234, 53.327049969953002 ], [ 6.447587552749926, 53.327223879895428 ], [ 6.447683874791107, 53.327300955891701 ], [ 6.447810559778867, 53.327368813965442 ], [ 6.448097451059625, 53.327513210792475 ], [ 6.44850676055402, 53.327681264372927 ], [ 6.448557109438027, 53.327701631182606 ], [ 6.449012776155699, 53.327863127390856 ], [ 6.449612194732267, 53.328041646787732 ], [ 6.450609239988643, 53.328291723569905 ], [ 6.450921819837959, 53.328363406194711 ], [ 6.451565535067761, 53.328511025791613 ], [ 6.451914517644478, 53.328584540146373 ], [ 6.452360717381903, 53.328678533631908 ], [ 6.452740960382316, 53.328771133222943 ], [ 6.452935652491884, 53.328801936300145 ], [ 6.453011374464399, 53.328810879877977 ], [ 6.45327286278716, 53.328841719182698 ], [ 6.453629169087542, 53.328888879876253 ], [ 6.453951657059575, 53.32890992107253 ], [ 6.454249489633889, 53.328929383078922 ], [ 6.454414690229593, 53.328930558434067 ], [ 6.4546428243977, 53.328932181170352 ], [ 6.455209770122601, 53.328944209771734 ], [ 6.455514771321033, 53.328950674243991 ], [ 6.455933843063534, 53.328944163624769 ], [ 6.456255202285795, 53.328919650149217 ], [ 6.457265960625009, 53.328791773595171 ], [ 6.457810304989242, 53.328684999724388 ], [ 6.458130230301564, 53.328622240975086 ], [ 6.458766196751774, 53.32845533048134 ], [ 6.45916442265942, 53.32835081432944 ], [ 6.459511893064508, 53.328235840710221 ], [ 6.459917301598113, 53.328078744289812 ], [ 6.460320117472914, 53.327944224262417 ], [ 6.460999027549036, 53.327661844807167 ], [ 6.461323466213718, 53.327421178909958 ], [ 6.461389029905759, 53.327367666001862 ], [ 6.461551574945129, 53.327268590384428 ], [ 6.461796950097829, 53.327092214092765 ], [ 6.462068663946758, 53.326828564155186 ], [ 6.462302521894189, 53.326510213376643 ], [ 6.462436772556756, 53.326263921604173 ], [ 6.462559088009031, 53.325936988925875 ], [ 6.46259036200509, 53.325790058886696 ], [ 6.46260396722147, 53.325598510047143 ], [ 6.462598028135909, 53.32543812849714 ], [ 6.462583910656614, 53.325355979675152 ], [ 6.462562902393115, 53.325307436951341 ], [ 6.462453717547379, 53.325106149504755 ], [ 6.462375405677458, 53.324989628605699 ], [ 6.462284231347006, 53.324856850338143 ], [ 6.46224728514537, 53.324812547682221 ], [ 6.46106151421249, 53.323638523261472 ], [ 6.460907984723214, 53.323406251668423 ], [ 6.46090067396625, 53.323386907367741 ], [ 6.460894254400398, 53.323360564053814 ], [ 6.460863608284138, 53.323234702320526 ], [ 6.4608511530361, 53.323130558828929 ], [ 6.460849691901904, 53.323041197830356 ], [ 6.460868188524883, 53.322920998569522 ], [ 6.460915618772427, 53.322798923378755 ], [ 6.460963538735352, 53.322679045340614 ], [ 6.461004425990148, 53.322585918318438 ], [ 6.461054354961864, 53.322497895382348 ], [ 6.461100767393388, 53.32243076917235 ], [ 6.461180220134984, 53.32234951838111 ], [ 6.461329582973884, 53.322232301144567 ], [ 6.461519112084227, 53.322114733703117 ], [ 6.461613143440119, 53.322065081635046 ], [ 6.46170213115759, 53.322024424568276 ], [ 6.462675564036559, 53.321661250497172 ], [ 6.464278168293881, 53.321281801684123 ], [ 6.465907361774432, 53.320981249818473 ], [ 6.466949510897856, 53.320822168652938 ], [ 6.468250452105148, 53.320706121108302 ], [ 6.46934425558493, 53.320674307692975 ], [ 6.470230351147862, 53.320753930726404 ], [ 6.471460611817418, 53.320974245248379 ], [ 6.471808422228595, 53.3210505250482 ], [ 6.47192876553944, 53.321089228836392 ], [ 6.471947940880852, 53.321096217585975 ], [ 6.472204202077886, 53.321194331579591 ], [ 6.472435809155419, 53.321291930784071 ], [ 6.472511240635902, 53.321327831503311 ], [ 6.472628257661566, 53.321407208082462 ], [ 6.472753296836391, 53.321497016672112 ], [ 6.472912789603874, 53.321636089409544 ], [ 6.473060119599494, 53.32176354515024 ], [ 6.473109350954975, 53.321816198359862 ], [ 6.473245635886291, 53.32196506832846 ], [ 6.473494723330881, 53.3224039825907 ], [ 6.473668125007181, 53.322821259348665 ], [ 6.473688728784674, 53.32290390556927 ], [ 6.473692972959336, 53.322919853204994 ], [ 6.473734955332386, 53.323077770148195 ], [ 6.473769057948684, 53.323175543477738 ], [ 6.473818150674068, 53.323273783343296 ], [ 6.473869506153326, 53.323361758752817 ], [ 6.473925332793645, 53.323439557569507 ], [ 6.473962121460151, 53.323479562869032 ], [ 6.474055268174275, 53.323566648147313 ], [ 6.474149305760284, 53.323634297684258 ], [ 6.474283427560305, 53.323709546186095 ], [ 6.474383048133148, 53.323755749514675 ], [ 6.474460860182527, 53.323788805900051 ], [ 6.474544052504248, 53.323819171697771 ], [ 6.474626893645428, 53.323840374951558 ], [ 6.47473706681293, 53.323859264094956 ], [ 6.474751849432414, 53.323862805598303 ], [ 6.474954142843165, 53.323900063994515 ], [ 6.475288679431547, 53.323922601187377 ], [ 6.47590036063804, 53.32391002658354 ], [ 6.476656647107013, 53.323832724479701 ], [ 6.477425702906068, 53.323723383690542 ], [ 6.478091151038314, 53.323572492719713 ], [ 6.478931659609432, 53.32331768511844 ], [ 6.479918221257353, 53.322978980947838 ], [ 6.480067052053271, 53.322922579897444 ], [ 6.480069194492741, 53.322921841541756 ], [ 6.48066763301955, 53.322694958062044 ], [ 6.48084842857549, 53.322598924713944 ], [ 6.48109526785545, 53.322457153592438 ], [ 6.481321944514911, 53.322333492468722 ], [ 6.481684862872242, 53.322148447382823 ], [ 6.482140175723367, 53.321904132820279 ], [ 6.482533108624304, 53.321687450670083 ], [ 6.482817536101961, 53.321433125634648 ], [ 6.482922346682077, 53.321321481117792 ], [ 6.482978806423242, 53.32126133555461 ], [ 6.48301954031857, 53.321207767285429 ], [ 6.48312380303866, 53.321054558498254 ], [ 6.483249046481409, 53.320829998426149 ], [ 6.483298063213769, 53.320716229419446 ], [ 6.483336551363038, 53.320626917359682 ], [ 6.483397309649824, 53.320480359259633 ], [ 6.483483679147663, 53.320273406469383 ], [ 6.483592877621687, 53.319927403150729 ], [ 6.483607370434427, 53.319845256006566 ], [ 6.483613679101064, 53.319754053769529 ], [ 6.483640070768723, 53.319514947962645 ], [ 6.483616759410364, 53.319354877855638 ], [ 6.483591401868067, 53.319255939992431 ], [ 6.483528970260395, 53.319116597902358 ], [ 6.483393130092534, 53.318917234057345 ], [ 6.482714103909212, 53.318285466031121 ], [ 6.48229652267456, 53.317924207346998 ], [ 6.482244417474839, 53.317867387519897 ], [ 6.482152978997883, 53.317760290049343 ], [ 6.482038221310752, 53.317605347942639 ], [ 6.481947603950027, 53.317469685406572 ], [ 6.481893470791672, 53.317373749977286 ], [ 6.481861877435529, 53.317245924686276 ], [ 6.481863108386167, 53.31712482745862 ], [ 6.481891732413195, 53.316996327891154 ], [ 6.481932551880248, 53.316906060388739 ], [ 6.482001233920354, 53.316819205346739 ], [ 6.482155030536902, 53.316680417694826 ], [ 6.482242847499212, 53.316616131683048 ], [ 6.482550069417079, 53.316415029574799 ], [ 6.483188064916131, 53.316014054880249 ], [ 6.48360517114988, 53.3156846254968 ], [ 6.483876958589934, 53.315462546320447 ], [ 6.484190949700579, 53.315252697606574 ], [ 6.484818183026047, 53.314748563137073 ], [ 6.485339560859181, 53.314246389936159 ], [ 6.485827330350826, 53.313776583557789 ], [ 6.487344621706176, 53.312227257735849 ], [ 6.489074356379024, 53.310438724015647 ], [ 6.489102260382663, 53.310413954338024 ], [ 6.491025922356621, 53.308707110149172 ], [ 6.493057849660107, 53.306873657250172 ], [ 6.494166024590726, 53.305812493408055 ], [ 6.49469484467691, 53.305254512710668 ], [ 6.494736173480102, 53.305216489318369 ], [ 6.495726688617068, 53.304325349762379 ], [ 6.498508163980179, 53.301766321961374 ], [ 6.500950950983651, 53.299423020361623 ], [ 6.501639234594768, 53.29870140206669 ], [ 6.501969881288746, 53.298354734782208 ], [ 6.503118165204185, 53.297064657543068 ], [ 6.503946040486234, 53.296104801649705 ], [ 6.504107093932267, 53.295907749693953 ], [ 6.504223460513786, 53.295736588488374 ], [ 6.504303535722727, 53.295581301515476 ], [ 6.504373628236493, 53.295349276381593 ], [ 6.504403486242397, 53.295097262884731 ], [ 6.504366703548718, 53.29459618197221 ], [ 6.504344649782592, 53.294316857191873 ], [ 6.504277702229649, 53.293948754017073 ], [ 6.504180238065844, 53.293456261644842 ], [ 6.50407556871135, 53.29308332400791 ], [ 6.503965866905749, 53.292850166569323 ], [ 6.503802768439994, 53.292459772644378 ], [ 6.503728666239163, 53.29227962545805 ], [ 6.503672979136565, 53.292130093399258 ], [ 6.50366444365319, 53.292103367240159 ], [ 6.503611961164736, 53.29193103463372 ], [ 6.503538689953817, 53.291682684205334 ], [ 6.503454507793806, 53.291266521137565 ], [ 6.503358600570713, 53.290801133292049 ], [ 6.503288042260247, 53.290364229344647 ], [ 6.503266491651204, 53.290031539965049 ], [ 6.503256053876445, 53.289717977535489 ], [ 6.503273873422226, 53.289534387944606 ], [ 6.503276465316494, 53.289507630250107 ], [ 6.503365691871078, 53.289258902013593 ], [ 6.503458540256283, 53.289047018945595 ], [ 6.503637387503398, 53.288744017375848 ], [ 6.503974426830915, 53.288252193918254 ], [ 6.504120504555861, 53.288076164129926 ], [ 6.504214566097426, 53.287942061698473 ], [ 6.504283074495717, 53.287820139327103 ], [ 6.504353525517682, 53.287668436893163 ], [ 6.504391629429956, 53.287582139508679 ], [ 6.504427167124921, 53.287454664721345 ], [ 6.504454563976042, 53.287322637791121 ], [ 6.504477015002282, 53.287173933719735 ], [ 6.504491419881107, 53.286902167965231 ], [ 6.504541939914795, 53.286290220949269 ], [ 6.504521176086098, 53.285736349042082 ], [ 6.504472585432497, 53.285496413762651 ], [ 6.504427297752728, 53.285386890004247 ], [ 6.504358990617983, 53.285299281750682 ], [ 6.504277005444325, 53.285222566007853 ], [ 6.504056046981064, 53.28504160061793 ], [ 6.503773161723832, 53.284836894067595 ], [ 6.503336085379493, 53.284570096875477 ], [ 6.502992092010548, 53.284377134992788 ], [ 6.502602735915151, 53.284112569735889 ], [ 6.502311632147894, 53.283848708662696 ], [ 6.502138917660612, 53.283647100112979 ], [ 6.50203734848056, 53.283478960260403 ], [ 6.501856147863926, 53.283128701012622 ], [ 6.501764165467764, 53.282820225780057 ], [ 6.501748419338328, 53.282731337533001 ], [ 6.501740224286846, 53.28228816479988 ], [ 6.501740541662656, 53.281981223318716 ], [ 6.501747383845295, 53.28154204455727 ], [ 6.50175081519539, 53.281247690605284 ], [ 6.501758609435236, 53.280955650501681 ], [ 6.501758721957562, 53.280951300178948 ], [ 6.50178726240389, 53.280692163391848 ], [ 6.501810759500617, 53.280414831560925 ], [ 6.501833581554925, 53.280259375657756 ], [ 6.501875213202302, 53.280070577432539 ], [ 6.501913294399293, 53.279903378807937 ], [ 6.501954742408572, 53.279771913657818 ], [ 6.501978534228446, 53.279713795294327 ], [ 6.502043719376517, 53.279554612272825 ], [ 6.502153884151267, 53.279316562870385 ], [ 6.502275861291461, 53.27909646577767 ], [ 6.502482668058475, 53.278733734974082 ], [ 6.502837417396771, 53.27816161891122 ], [ 6.503338863995431, 53.27729588272539 ], [ 6.503746696498333, 53.276644551752014 ], [ 6.504160580818275, 53.275827278901865 ], [ 6.504542913899328, 53.274925720328255 ], [ 6.505011648419821, 53.273868219332208 ], [ 6.505470636835643, 53.273016885930872 ], [ 6.506817828414756, 53.270745405612523 ], [ 6.506857210646361, 53.270620733026206 ], [ 6.506891208632767, 53.270328977182224 ], [ 6.506884352241549, 53.270241498012744 ], [ 6.506875179843091, 53.270192438263287 ], [ 6.506838669981076, 53.2700736132835 ], [ 6.506807797277453, 53.269986600633565 ], [ 6.506801472951764, 53.269965272549953 ], [ 6.506799962553917, 53.269960209454638 ], [ 6.506748496639899, 53.269772743853686 ], [ 6.506680144481436, 53.269571084746175 ], [ 6.506552368455741, 53.269304461431126 ], [ 6.506459633541316, 53.268905828261168 ], [ 6.506449361428653, 53.268874445494284 ], [ 6.506413105020472, 53.268767039389999 ], [ 6.506403947501308, 53.268675744512457 ], [ 6.506414413801207, 53.268493227988493 ], [ 6.506421631457872, 53.268401043624529 ], [ 6.506482246441552, 53.268094068675907 ], [ 6.506522086096861, 53.267883627915879 ], [ 6.506565244769344, 53.267641084584191 ], [ 6.506686799901662, 53.267075692476567 ], [ 6.506766106955423, 53.266715165161543 ], [ 6.506810685832923, 53.266491065969198 ], [ 6.506855325483556, 53.26625834844225 ], [ 6.506900237904021, 53.266015941248021 ], [ 6.506944194883075, 53.265786411112735 ], [ 6.506968923396355, 53.265654596095715 ], [ 6.506995535305913, 53.265438814733422 ], [ 6.507049650457893, 53.265036439687549 ], [ 6.50706350230624, 53.26491349654524 ], [ 6.507095628937414, 53.264663633048251 ], [ 6.507126391609818, 53.264420135462508 ], [ 6.507152077897536, 53.264208595085336 ], [ 6.507161941594733, 53.264154361409823 ], [ 6.507327116963951, 53.263023842910634 ], [ 6.507644583956249, 53.261082706251472 ], [ 6.507786498092522, 53.260286724846388 ], [ 6.507811095959644, 53.260152978565486 ], [ 6.508052302619016, 53.258841556684189 ], [ 6.508126584968172, 53.2584368351975 ], [ 6.508142615810033, 53.258349528484374 ], [ 6.50818379892897, 53.258011973150694 ], [ 6.508215207887735, 53.257775882247181 ], [ 6.508240060965274, 53.25758915976251 ], [ 6.508240358007276, 53.257574051199867 ], [ 6.508246253061704, 53.257273003633244 ], [ 6.508249173739541, 53.256951477312015 ], [ 6.508250045351652, 53.256855766204488 ], [ 6.508253759697565, 53.256555574641624 ], [ 6.508285524331413, 53.256437118565465 ], [ 6.508320142770469, 53.256307960226401 ], [ 6.508335976810171, 53.256248898870673 ], [ 6.508352863359093, 53.25618593666006 ], [ 6.508381165052379, 53.256092260863355 ], [ 6.508570956683117, 53.255855409486578 ], [ 6.508613275856492, 53.255812212967548 ], [ 6.508666373660674, 53.255757656047969 ], [ 6.508702916353634, 53.255721684436494 ], [ 6.508749758494957, 53.255674365882911 ], [ 6.508821044397453, 53.255617383452851 ], [ 6.508866482781348, 53.255581795967871 ], [ 6.508946527286827, 53.255526268274124 ], [ 6.509072117244421, 53.255449098539657 ], [ 6.509186385197841, 53.255376806145293 ], [ 6.509280729836754, 53.255322645280195 ], [ 6.509313241298993, 53.255303991610475 ], [ 6.509438311665697, 53.255231094780235 ], [ 6.509539716881766, 53.255176490288399 ], [ 6.509794037386805, 53.255040532760113 ], [ 6.50994110865959, 53.254963224134436 ], [ 6.510074950777867, 53.254891781232224 ], [ 6.51035204789126, 53.254745014733558 ], [ 6.510488314113352, 53.254668309722462 ], [ 6.510639715819972, 53.254584759218503 ], [ 6.51076084533878, 53.254514908218447 ], [ 6.510880311408465, 53.254443913440106 ], [ 6.511090116187616, 53.254321049238136 ], [ 6.511211366448928, 53.254250136265142 ], [ 6.511323080109808, 53.254184165007928 ], [ 6.51144242236944, 53.254114240168157 ], [ 6.511347843383143, 53.254042355458154 ], [ 6.511271608548313, 53.253984407272952 ], [ 6.511261336045308, 53.253976604573097 ], [ 6.511233453288611, 53.253955415544162 ], [ 6.511089666762109, 53.25385013128497 ], [ 6.510987597147499, 53.253775377922715 ], [ 6.510864044661255, 53.253681199661095 ], [ 6.510632860142551, 53.253509767581811 ], [ 6.510448564660266, 53.253373562644747 ], [ 6.510368834491215, 53.253322278412334 ], [ 6.510099164054563, 53.253144079283111 ], [ 6.50984327183612, 53.252968985750812 ], [ 6.509693838320751, 53.252868704034448 ], [ 6.509684444958957, 53.252862420636227 ], [ 6.509558136309, 53.252777864077814 ], [ 6.509456272009885, 53.252826694825835 ], [ 6.509005701843193, 53.253074422956985 ], [ 6.509063860823, 53.252700367803911 ], [ 6.509083731895236, 53.252575893874045 ], [ 6.509111476322529, 53.252418241167028 ], [ 6.50901742096668, 53.25236621824606 ], [ 6.50892292263803, 53.252312707680119 ], [ 6.508807979997896, 53.252246816332381 ], [ 6.508695408455083, 53.252184515182272 ], [ 6.508541963174532, 53.252097443299746 ], [ 6.508314451255571, 53.251969250064768 ], [ 6.508228296594631, 53.251917898607303 ], [ 6.508140673003713, 53.251865940755238 ], [ 6.508029443216501, 53.251791180558229 ], [ 6.507833653931779, 53.251661818594258 ], [ 6.507549546924452, 53.251469810921655 ], [ 6.507437876043048, 53.251393562585818 ], [ 6.507393606995826, 53.25136609144397 ], [ 6.50726251898605, 53.25127658074917 ], [ 6.50712408579957, 53.25118402920274 ], [ 6.507049782131926, 53.251133689630443 ], [ 6.506951567912897, 53.2510707317347 ], [ 6.506946235147344, 53.251067312796295 ], [ 6.506864158079553, 53.251012444672362 ], [ 6.506778116844239, 53.250957236040151 ], [ 6.506481863450435, 53.250761007776447 ], [ 6.506326178794639, 53.250657688921414 ], [ 6.506187262738922, 53.250563694023583 ], [ 6.506148926865072, 53.250523433664284 ], [ 6.506109466843435, 53.250481997589972 ], [ 6.506007153604173, 53.250381002555478 ], [ 6.505883038244193, 53.250253305877322 ], [ 6.505825550274769, 53.250196096158426 ], [ 6.505732758485067, 53.250105166588867 ], [ 6.505611940497949, 53.249979766336352 ], [ 6.505513702473067, 53.249889669134618 ], [ 6.505374974719664, 53.249749545322388 ], [ 6.505259322265032, 53.249636084207992 ], [ 6.505234218343587, 53.249611471125618 ], [ 6.505168478188849, 53.249548532850056 ], [ 6.505083958032128, 53.249463330841863 ], [ 6.50491837471305, 53.249304891054187 ], [ 6.504886847086785, 53.249273463253239 ], [ 6.504649948481592, 53.249087227691682 ], [ 6.504940041853355, 53.248906707918884 ], [ 6.50475867574995, 53.248808712340299 ], [ 6.504623048453624, 53.248732019427671 ], [ 6.504564236097577, 53.248700495040538 ], [ 6.504490198073098, 53.248661878427185 ], [ 6.50439039294549, 53.248599607218949 ], [ 6.504103885652436, 53.248439119435467 ], [ 6.504017537599983, 53.248383875744601 ], [ 6.503850547115848, 53.248285430550723 ], [ 6.503801149318338, 53.248250026039564 ], [ 6.503783759565038, 53.248237454318613 ], [ 6.503761667690052, 53.248221493595388 ], [ 6.503725221906057, 53.248197381079208 ], [ 6.503665037772709, 53.248162580059152 ], [ 6.503512023566674, 53.248066888991289 ], [ 6.503358613384387, 53.247974400503757 ], [ 6.503169429615473, 53.247852455077798 ], [ 6.5029370760122, 53.247687875606609 ], [ 6.502825316709102, 53.247618525237925 ], [ 6.502678157626246, 53.247527217892184 ], [ 6.502635890452564, 53.247500993461955 ], [ 6.502548706031548, 53.247537946069201 ], [ 6.502163272520299, 53.24770129236132 ], [ 6.502151401911152, 53.247706327055781 ], [ 6.500657579276943, 53.248052205240015 ], [ 6.500603114738851, 53.248064814814157 ], [ 6.500594625606899, 53.248066780651222 ], [ 6.499236330030113, 53.248383266086513 ], [ 6.49871781424766, 53.248026004784798 ], [ 6.498552517766129, 53.247913679881947 ], [ 6.498060173002795, 53.24757685074033 ], [ 6.498029017740155, 53.247508978641292 ], [ 6.497526696667436, 53.247136321760678 ], [ 6.497040157511178, 53.246766482333669 ], [ 6.496737555485294, 53.246527289915527 ], [ 6.495846650921116, 53.24582303132879 ], [ 6.495988499710161, 53.245611407945468 ], [ 6.495930525993618, 53.245609220585585 ], [ 6.49467626361642, 53.245561848927039 ], [ 6.494542635199238, 53.245643822746757 ], [ 6.494451037211458, 53.245696904488668 ], [ 6.494404108746917, 53.245728186988885 ], [ 6.494355932802276, 53.245751132787625 ], [ 6.494284174699395, 53.245785124431912 ], [ 6.49423013866859, 53.245805644028763 ], [ 6.494181631058389, 53.245823255006727 ], [ 6.494101850175301, 53.245843508719226 ], [ 6.494057055081419, 53.245852242985102 ], [ 6.494013839854549, 53.245857736619065 ], [ 6.493969155653964, 53.245862614746329 ], [ 6.493902705462453, 53.245867567715145 ], [ 6.493822467459945, 53.245869403729174 ], [ 6.493758150470009, 53.245868738545731 ], [ 6.493682430056388, 53.245868555857712 ], [ 6.493633007742614, 53.245866261607496 ], [ 6.493590014136385, 53.245864033893788 ], [ 6.493303374714387, 53.245808992905104 ], [ 6.49253822281151, 53.245660471476292 ], [ 6.49198547978857, 53.245554696919662 ], [ 6.492386417173515, 53.246360097314572 ], [ 6.492309945547106, 53.246420757271906 ], [ 6.49243575664497, 53.246674690381226 ], [ 6.491085662973709, 53.246878294220664 ], [ 6.49049416312374, 53.24696596461132 ], [ 6.49046031262736, 53.246972736788898 ], [ 6.49042543590596, 53.246980390049202 ], [ 6.490416407145639, 53.246988219127026 ], [ 6.490403098372381, 53.246999753906003 ], [ 6.490389573379589, 53.247022766047131 ], [ 6.490394445476078, 53.247076845152776 ], [ 6.490399762344291, 53.247115490866108 ], [ 6.490404068211126, 53.24715502651712 ], [ 6.490409038628359, 53.247188319638354 ], [ 6.490427497496018, 53.247320921090626 ], [ 6.490041555052755, 53.247299988855474 ], [ 6.48976483828241, 53.247284055036403 ], [ 6.489447068062125, 53.247267985318501 ], [ 6.48888518387171, 53.247237800390742 ], [ 6.488725509121229, 53.24723139372874 ], [ 6.4887104030571, 53.247257655210873 ], [ 6.488686258779577, 53.247304901513388 ], [ 6.488667992674078, 53.247337671031381 ], [ 6.488656377810225, 53.247362777198063 ], [ 6.488634002783528, 53.247414194821737 ], [ 6.488626162772417, 53.247432230158992 ], [ 6.488596281635628, 53.247490105826735 ], [ 6.488572940777624, 53.247544192210945 ], [ 6.488549142205486, 53.247596782093858 ], [ 6.488534367170724, 53.24762839628449 ], [ 6.488511748269935, 53.247673786379515 ], [ 6.488481713545578, 53.247737989702081 ], [ 6.488452620457552, 53.247802696590234 ], [ 6.488429959298872, 53.247850549270993 ], [ 6.488409320916914, 53.247896649055868 ], [ 6.488394322823394, 53.247935975425406 ], [ 6.488376733245864, 53.247979432254063 ], [ 6.488366586999064, 53.248005153947425 ], [ 6.488343257503699, 53.248076161172236 ], [ 6.48830762951608, 53.248195429217809 ], [ 6.488288817466365, 53.248264400056769 ], [ 6.488269633616371, 53.248321728195137 ], [ 6.488261078179987, 53.248350499576787 ], [ 6.488251729238182, 53.248416903422914 ], [ 6.488240468850215, 53.248481204056269 ], [ 6.488227971355266, 53.248571027831865 ], [ 6.488225280284007, 53.248595935278018 ], [ 6.488232840935213, 53.248625107004067 ], [ 6.488259604362603, 53.24867525610437 ], [ 6.488286259717703, 53.248712349253204 ], [ 6.488321032577949, 53.248759315655036 ], [ 6.488351290867004, 53.24879139739231 ], [ 6.488392715860424, 53.248830718411199 ], [ 6.488424443010339, 53.248863406703663 ], [ 6.488467820468986, 53.248901146189326 ], [ 6.488556742943189, 53.248978186797977 ], [ 6.488601659710284, 53.249016352436932 ], [ 6.488264038643991, 53.249070140557961 ], [ 6.487270762126031, 53.249220113930967 ], [ 6.486852670217716, 53.249283450864041 ], [ 6.486612527850455, 53.249320426840477 ], [ 6.486333373992879, 53.24936401389666 ], [ 6.486268472675556, 53.24937414242892 ], [ 6.486082039294035, 53.249402187591087 ], [ 6.485817078649259, 53.249441878309582 ], [ 6.485350232658077, 53.249513599914778 ], [ 6.484978958454937, 53.249566428502774 ], [ 6.484423077257512, 53.249653257622917 ], [ 6.483966074015976, 53.249720992835456 ], [ 6.483852394051744, 53.249737847014565 ], [ 6.483342778251346, 53.24981653832203 ], [ 6.482932572719786, 53.249880535363381 ], [ 6.482539285630072, 53.249941150595639 ], [ 6.482166423557779, 53.249997219945165 ], [ 6.481785108228342, 53.250054982714843 ], [ 6.481345104635408, 53.250122220403739 ], [ 6.480920741035817, 53.250185288178258 ], [ 6.480906776598261, 53.250095346942523 ], [ 6.480841843871695, 53.24967716460889 ], [ 6.480773581623404, 53.249228621259334 ], [ 6.48072821587645, 53.248934593315994 ], [ 6.480686639936315, 53.24871447809771 ], [ 6.480650006598802, 53.248515588125485 ], [ 6.48061435962486, 53.248311261493072 ], [ 6.48054963814523, 53.247959197202832 ], [ 6.480514670062727, 53.247747324917746 ], [ 6.480473845093851, 53.247544357340239 ], [ 6.480439373410742, 53.247372190439464 ], [ 6.480431285363705, 53.247329660591689 ], [ 6.480430223365908, 53.247213721514704 ], [ 6.480426515928039, 53.24706784658099 ], [ 6.480440567893967, 53.246921028111828 ], [ 6.480446926059915, 53.24675849995608 ], [ 6.480446774350897, 53.24666076756845 ], [ 6.480447594123071, 53.246557616645646 ], [ 6.480450553037747, 53.24654134267211 ], [ 6.480462212000193, 53.246487022824482 ], [ 6.480512666702595, 53.246320004326449 ], [ 6.480524118005008, 53.24627642485423 ], [ 6.480533862348886, 53.246176068214858 ], [ 6.480537127831694, 53.246131071585395 ], [ 6.48053629189347, 53.246074376347103 ], [ 6.480522061856331, 53.245959060378098 ], [ 6.480499894755114, 53.245788228120936 ], [ 6.48047409111485, 53.245499763792914 ], [ 6.480456734363091, 53.24535560364091 ], [ 6.480424341698234, 53.245117530931836 ], [ 6.480404949338395, 53.245006575301431 ], [ 6.480380168975779, 53.244894635319021 ], [ 6.480307866313996, 53.244680766356431 ], [ 6.480270540721544, 53.244567970070221 ], [ 6.480231985691028, 53.244466965863545 ], [ 6.480194972581486, 53.244360582845275 ], [ 6.480140832285014, 53.244230937731125 ], [ 6.480102616995909, 53.244137415882008 ], [ 6.480049311767099, 53.24402595117536 ], [ 6.479984126584116, 53.243889001909515 ], [ 6.479913596116915, 53.243752146193458 ], [ 6.479860489900155, 53.243644957012336 ], [ 6.479811344108286, 53.243546268643321 ], [ 6.479762000283675, 53.243443295639423 ], [ 6.479718356608274, 53.243347720290927 ], [ 6.479670540250936, 53.243239377570596 ], [ 6.479626542969577, 53.243136319901332 ], [ 6.479558900639593, 53.242984439711591 ], [ 6.479512371642376, 53.242865364672141 ], [ 6.479465561110175, 53.242739885014529 ], [ 6.479414139892327, 53.242592008751707 ], [ 6.479368164132244, 53.242484709518031 ], [ 6.479297991613663, 53.242316811817695 ], [ 6.479246727683003, 53.242210665945613 ], [ 6.479192281224181, 53.242113130821551 ], [ 6.479106865173613, 53.241962607199468 ], [ 6.479034855851835, 53.241832198489277 ], [ 6.478963920679059, 53.241725305834535 ], [ 6.478868888988553, 53.241598485224678 ], [ 6.478760353228425, 53.241449420687239 ], [ 6.478660019106692, 53.241323753429342 ], [ 6.478585635962508, 53.241219057570667 ], [ 6.478518167629477, 53.241109967448637 ], [ 6.478508007280792, 53.241092015531144 ], [ 6.478459920691737, 53.241007146697996 ], [ 6.478408207667751, 53.240891380306088 ], [ 6.478367836979741, 53.24075080771356 ], [ 6.478333619396984, 53.240588738090935 ], [ 6.478282673840278, 53.240373442462179 ], [ 6.478242403892701, 53.240196492742292 ], [ 6.478199773780874, 53.240006741139723 ], [ 6.478173304375927, 53.239896972612726 ], [ 6.478130164490919, 53.239735055879656 ], [ 6.478104543772853, 53.239643458708834 ], [ 6.478052734211204, 53.239525545302541 ], [ 6.478023030624019, 53.23943952970383 ], [ 6.47796697776547, 53.239321430162704 ], [ 6.477815999850315, 53.238978324840303 ], [ 6.477579888140088, 53.238437730015761 ], [ 6.477527618349189, 53.238321644735414 ], [ 6.477164708536759, 53.237577521889584 ], [ 6.476691942093134, 53.236583176541863 ], [ 6.476495147317603, 53.236153768299808 ], [ 6.476361128097993, 53.235893674431274 ], [ 6.476057894336264, 53.235290772882649 ], [ 6.476053573584478, 53.23528216734185 ], [ 6.475923595206424, 53.235023519011115 ], [ 6.475691733029903, 53.234526725261937 ], [ 6.475405327816458, 53.233908563458449 ], [ 6.475151141655239, 53.233383601471743 ], [ 6.474979937814487, 53.233071201720044 ], [ 6.474787978985781, 53.232765954109759 ], [ 6.474641612706372, 53.232563095460392 ], [ 6.474562103287457, 53.232460806788886 ], [ 6.474413596770804, 53.232291252210743 ], [ 6.474269532678996, 53.232149406662522 ], [ 6.474155480328364, 53.23204081673191 ], [ 6.474076954794951, 53.231967436487537 ], [ 6.473929244791049, 53.231824644049205 ], [ 6.4738943502179, 53.231777620589355 ], [ 6.473858728485288, 53.231723118179531 ], [ 6.473830753186411, 53.231673713605836 ], [ 6.473804355103582, 53.231622111093174 ], [ 6.473792085335023, 53.231568942865117 ], [ 6.47378568126043, 53.231520933538427 ], [ 6.473781806026802, 53.231462117847364 ], [ 6.473782320830165, 53.231411718445528 ], [ 6.473784499778095, 53.231360198670572 ], [ 6.473793801051927, 53.231308425700071 ], [ 6.473812529208978, 53.23126168952512 ], [ 6.473839738528964, 53.231210374458108 ], [ 6.473875748972297, 53.231157676691566 ], [ 6.473919100326667, 53.231106871438826 ], [ 6.473945626949549, 53.231085585502306 ], [ 6.474010228727784, 53.231032970267101 ], [ 6.474065484385765, 53.230994610912212 ], [ 6.474120841702054, 53.230957319970891 ], [ 6.474189513109003, 53.230909924719256 ], [ 6.474353121771768, 53.230828159835255 ], [ 6.474226313953714, 53.230664833566152 ], [ 6.474118661599409, 53.230526522071131 ], [ 6.474005296365405, 53.230387902762885 ], [ 6.473875481172999, 53.230249594047748 ], [ 6.473863493626474, 53.230236816340515 ], [ 6.473837195131034, 53.230208792774455 ], [ 6.473820191031916, 53.230190668748001 ], [ 6.473747990430216, 53.230126864237164 ], [ 6.473690869749461, 53.23006302201177 ], [ 6.473618673710805, 53.229975556644675 ], [ 6.473584313964479, 53.229911014078539 ], [ 6.473551285636095, 53.229867855658213 ], [ 6.473520694748389, 53.229817998398232 ], [ 6.473494590712002, 53.229771479338957 ], [ 6.473446472373618, 53.22966955275075 ], [ 6.473401659311318, 53.229563273850019 ], [ 6.473357960443617, 53.22945782056555 ], [ 6.47327367413719, 53.22925092060126 ], [ 6.473177761432582, 53.229023511365853 ], [ 6.473078881048933, 53.228776889376327 ], [ 6.472974110018753, 53.228527624718453 ], [ 6.47286213206413, 53.22825431509473 ], [ 6.472727687355948, 53.227935477638177 ], [ 6.472602822331283, 53.227627121177981 ], [ 6.472311467947217, 53.226914990924996 ], [ 6.472131612088799, 53.226457114913075 ], [ 6.471996632861526, 53.226112365045005 ], [ 6.471765691378081, 53.225533357406917 ], [ 6.471645233782325, 53.22522464544322 ], [ 6.471495171496318, 53.224840024483953 ], [ 6.47127110632125, 53.224279707891519 ], [ 6.471149567277058, 53.223966997253903 ], [ 6.470775631160389, 53.223016871114794 ], [ 6.47056296228352, 53.222478565226361 ], [ 6.470386500315559, 53.22202318066261 ], [ 6.470253201589359, 53.221676256640151 ], [ 6.470134068623553, 53.221378907541016 ], [ 6.469956225284917, 53.220924199686991 ], [ 6.469865372484501, 53.220697101204273 ], [ 6.469829956675038, 53.220607207780162 ], [ 6.46982460109227, 53.220593641931188 ], [ 6.469816205603446, 53.220572285471114 ], [ 6.469798752699118, 53.220534826491168 ], [ 6.469739479162544, 53.2204075947419 ], [ 6.469692073101522, 53.22030583077099 ], [ 6.469685585246578, 53.220291888720716 ], [ 6.469637897160227, 53.220163905389427 ], [ 6.469526500121205, 53.219880378553491 ], [ 6.469481977624618, 53.219763976833093 ], [ 6.469451582963252, 53.219696961920604 ], [ 6.46939517849101, 53.219565831028028 ], [ 6.469351054507269, 53.219462329916425 ], [ 6.469257513945939, 53.219237061381378 ], [ 6.469183501705272, 53.219052620949782 ], [ 6.469149943636123, 53.218963860782992 ], [ 6.469103990248224, 53.218849430805648 ], [ 6.469059777338111, 53.218732747538027 ], [ 6.469006743075234, 53.218603374314981 ], [ 6.468950317505795, 53.218453938372136 ], [ 6.468900789012768, 53.218327624760676 ], [ 6.46884422610801, 53.218181047626572 ], [ 6.468787235819563, 53.218037718352228 ], [ 6.468750533150456, 53.217957846849124 ], [ 6.46870741462535, 53.217885428852014 ], [ 6.468662951399557, 53.217834059785766 ], [ 6.468634689918606, 53.217779794885324 ], [ 6.468591635098464, 53.217702128296445 ], [ 6.468546601892625, 53.217634544128764 ], [ 6.468520902348998, 53.217580939066707 ], [ 6.468485821761475, 53.217494654642778 ], [ 6.468441639389551, 53.217408398308827 ], [ 6.468374941195303, 53.217235384824932 ], [ 6.46833763619161, 53.217137357383073 ], [ 6.468293547476857, 53.217024887228312 ], [ 6.468248686070215, 53.216904857586421 ], [ 6.468208708220532, 53.216783139441063 ], [ 6.468172115144162, 53.216687208308748 ], [ 6.468129788581365, 53.216574524509646 ], [ 6.468082873023669, 53.216459123250893 ], [ 6.468048397098025, 53.216364017710333 ], [ 6.467995733245583, 53.216231854900442 ], [ 6.467952839769357, 53.216116219654729 ], [ 6.467946547286863, 53.216099265341676 ], [ 6.46791932256354, 53.216029498602296 ], [ 6.467901023442349, 53.215982602374261 ], [ 6.467848313995528, 53.215844985238903 ], [ 6.467805866157598, 53.215721393075512 ], [ 6.4677589059001, 53.215600537410701 ], [ 6.467714001207532, 53.215475062246632 ], [ 6.467672682020917, 53.215360059715266 ], [ 6.467629678276735, 53.215250724695409 ], [ 6.467580972800905, 53.215130082362023 ], [ 6.467535235366218, 53.214991611493033 ], [ 6.467494952257191, 53.214874299075696 ], [ 6.467451640376188, 53.214769370024513 ], [ 6.467395642865738, 53.214616874045284 ], [ 6.467350894367057, 53.21450775231402 ], [ 6.467316004910193, 53.214406153175716 ], [ 6.467303103049156, 53.214373900795422 ], [ 6.467298931761783, 53.21434056335741 ], [ 6.467293941779023, 53.214294230162935 ], [ 6.467279093258658, 53.214240383334911 ], [ 6.467272033055293, 53.214198669742579 ], [ 6.46726324163941, 53.214157169431516 ], [ 6.46725060254894, 53.214115056744582 ], [ 6.467242166703317, 53.214074604623391 ], [ 6.467229218562307, 53.214036897985743 ], [ 6.467200710267127, 53.213980370390146 ], [ 6.467165835736678, 53.21391589332778 ], [ 6.467131378003834, 53.21385790957369 ], [ 6.467084604944152, 53.213790538170549 ], [ 6.467018301629273, 53.213692825160614 ], [ 6.466977416895589, 53.213621446761771 ], [ 6.466966323065559, 53.213594435034572 ], [ 6.466944181397432, 53.213545847854448 ], [ 6.46687550154841, 53.213382915848058 ], [ 6.466755139622157, 53.213080047385205 ], [ 6.466655777725571, 53.212817176439245 ], [ 6.466585354003112, 53.212654457630038 ], [ 6.466503312887563, 53.212447307330883 ], [ 6.466422770815319, 53.212249803722905 ], [ 6.466335076591576, 53.212036809148756 ], [ 6.466217286910814, 53.21174673134793 ], [ 6.466128420734988, 53.211519683625177 ], [ 6.466044947336752, 53.21130834925458 ], [ 6.465960347097504, 53.211088416099145 ], [ 6.465878713953734, 53.210887776684956 ], [ 6.46579386739057, 53.21067770354982 ], [ 6.465710397280632, 53.210466368879615 ], [ 6.465625583636209, 53.21026174998007 ], [ 6.465542531579062, 53.210056908494117 ], [ 6.465488446636965, 53.209920560591392 ], [ 6.465417924734935, 53.209746932544149 ], [ 6.465347094144942, 53.209577710498856 ], [ 6.465289411073342, 53.209430880884014 ], [ 6.465232191154113, 53.209296007810295 ], [ 6.465177134170255, 53.209167423637815 ], [ 6.465129584910949, 53.209055378622075 ], [ 6.46505921930461, 53.208898112941625 ], [ 6.465012736728868, 53.208789203487527 ], [ 6.464965234457469, 53.208682612647273 ], [ 6.464911199216072, 53.208551718670677 ], [ 6.464871762159218, 53.208447400755368 ], [ 6.464832929160309, 53.208334279831043 ], [ 6.464795223495951, 53.208229748635077 ], [ 6.464744634933197, 53.208092964557075 ], [ 6.46471596560571, 53.208020073736819 ], [ 6.464694092797316, 53.20796163470898 ], [ 6.464683035778923, 53.207902945769156 ], [ 6.464681789544032, 53.207846325420562 ], [ 6.464678025462596, 53.207782367920537 ], [ 6.464677489848447, 53.207727834990877 ], [ 6.464680878045971, 53.207699219199434 ], [ 6.464584069288196, 53.207699405683044 ], [ 6.464582095922254, 53.20763822682968 ], [ 6.464473610660952, 53.207614318031176 ], [ 6.464551041179305, 53.207611951254677 ], [ 6.464746936145097, 53.207378633375058 ], [ 6.464820375761587, 53.207338667717032 ], [ 6.464870054078413, 53.207311631054132 ], [ 6.46498022059305, 53.207251682369495 ], [ 6.465205379566701, 53.207122467477411 ], [ 6.465492020849471, 53.20694926883089 ], [ 6.465674694090637, 53.206836691083012 ], [ 6.465810375951496, 53.206755646075344 ], [ 6.465940550996176, 53.206681273319511 ], [ 6.466107945967955, 53.206604930182763 ], [ 6.466168890987531, 53.206580199962474 ], [ 6.466249261565938, 53.206547575765441 ], [ 6.466437982685303, 53.206443578240531 ], [ 6.466474200080456, 53.206423617376231 ], [ 6.466626299802007, 53.206368403069646 ], [ 6.466841118412705, 53.206270828909254 ], [ 6.466915693640027, 53.206232136749129 ], [ 6.466934471750733, 53.20622229849306 ], [ 6.466974069223926, 53.206201651052488 ], [ 6.467003612670953, 53.20617038243897 ], [ 6.467010820905152, 53.206147959670581 ], [ 6.4670144869739, 53.206136532057585 ], [ 6.467016050920817, 53.206133228998524 ], [ 6.467021991303014, 53.206087606056514 ], [ 6.467031673007658, 53.205952652679031 ], [ 6.467041076465918, 53.20586649735305 ], [ 6.467071273853825, 53.205676821494656 ], [ 6.467074198884281, 53.205656099737688 ], [ 6.467076945121693, 53.205626420258241 ], [ 6.467075409081643, 53.205599672911845 ], [ 6.467071720302892, 53.205581419015594 ], [ 6.467064738035322, 53.20555055105482 ], [ 6.467057378876005, 53.205522571085346 ], [ 6.467043488045351, 53.205482365650219 ], [ 6.467028371790991, 53.205446430745532 ], [ 6.466997496007775, 53.205367377686883 ], [ 6.466983912321569, 53.205328679175821 ], [ 6.46696756517278, 53.205287201813498 ], [ 6.466953731706143, 53.205249287353908 ], [ 6.46694389251332, 53.205219685206309 ], [ 6.466934629876837, 53.205190994470065 ], [ 6.46691873123896, 53.20515308960708 ], [ 6.466909325248508, 53.205126449033308 ], [ 6.466903207503393, 53.205089435641341 ], [ 6.466902109540507, 53.205074833812738 ], [ 6.466901047508401, 53.205049681753849 ], [ 6.466900990154585, 53.205019209753715 ], [ 6.466900303119195, 53.204979703210661 ], [ 6.466900159470742, 53.204946374345575 ], [ 6.466899658777113, 53.204913731651892 ], [ 6.466899629847688, 53.204883798572133 ], [ 6.466897076544664, 53.204858264536753 ], [ 6.466900467588764, 53.204817840630923 ], [ 6.466901611728012, 53.204774345662642 ], [ 6.466901197939045, 53.204743984703342 ], [ 6.466897036622154, 53.204724782503476 ], [ 6.466890205958942, 53.204695180228484 ], [ 6.466875372283988, 53.204666350912397 ], [ 6.466862689714214, 53.204642750229446 ], [ 6.466840734479057, 53.204620023792209 ], [ 6.466824350576078, 53.204602836684792 ], [ 6.466817500180815, 53.204584431503882 ], [ 6.466811577086665, 53.20457019660352 ], [ 6.466812202355313, 53.204561069888598 ], [ 6.466816028427135, 53.204530275373024 ], [ 6.466826226711111, 53.204505327503405 ], [ 6.466831968304517, 53.204488911789667 ], [ 6.46686296604144, 53.204400234639813 ], [ 6.466878893938669, 53.204358394882178 ], [ 6.46689964814231, 53.204302448132545 ], [ 6.466802418172942, 53.204272868653511 ], [ 6.466788744277357, 53.204269505030474 ], [ 6.46670589790437, 53.204254326865218 ], [ 6.466519977579073, 53.20422186984009 ], [ 6.466382811449478, 53.204193287359907 ], [ 6.466252445981584, 53.204163726949773 ], [ 6.466217966653885, 53.204153100768671 ], [ 6.466202192690037, 53.204145945780269 ], [ 6.466177285082212, 53.204132636454162 ], [ 6.466169033100373, 53.204128226515181 ], [ 6.466127749850564, 53.204104640365507 ], [ 6.466040051111438, 53.204050918240043 ], [ 6.466030070412865, 53.204045005154804 ], [ 6.465958199275426, 53.204002382481427 ], [ 6.465894452822669, 53.203963263252575 ], [ 6.465882334382388, 53.203954448832377 ], [ 6.465821590604423, 53.203910297199272 ], [ 6.46580819940926, 53.203901458270408 ], [ 6.465769090770999, 53.203875632830808 ], [ 6.465744225632003, 53.203859213775949 ], [ 6.465674579360111, 53.203812158660028 ], [ 6.465593228145922, 53.203754254434962 ], [ 6.465524810596381, 53.203710845608526 ], [ 6.465448448737629, 53.203654945311236 ], [ 6.46535824017825, 53.20359233084622 ], [ 6.465309769668933, 53.203558969021408 ], [ 6.465292820798173, 53.203547295381306 ], [ 6.465246704058695, 53.203513490021678 ], [ 6.465186409899061, 53.203471113314372 ], [ 6.465153749365018, 53.203448159262813 ], [ 6.465082175630377, 53.203399979865765 ], [ 6.465033452636164, 53.203368480361661 ], [ 6.46487362587877, 53.203260418302747 ], [ 6.464737659261184, 53.203160876387514 ], [ 6.464720301771659, 53.203149008638924 ], [ 6.464539176344487, 53.203029410334487 ], [ 6.464385644550575, 53.202942642531092 ], [ 6.464314498126578, 53.202907345188684 ], [ 6.464304042271804, 53.20290216411717 ], [ 6.464243245958564, 53.20287200382235 ], [ 6.464090455179702, 53.202779486748383 ], [ 6.463833054796575, 53.202614400516168 ], [ 6.463781674197464, 53.20258248403082 ], [ 6.463608106363848, 53.202474696385174 ], [ 6.463563838763904, 53.202447739319219 ], [ 6.463453542408986, 53.202380576883741 ], [ 6.463442737462379, 53.202373988021392 ], [ 6.463140257058583, 53.202202007886186 ], [ 6.46274561567743, 53.20197878676165 ], [ 6.462884185459262, 53.201597855256466 ], [ 6.462996786933265, 53.201282495796711 ], [ 6.463037705578606, 53.201162251600778 ], [ 6.463108912908671, 53.200978768724134 ], [ 6.463190130971322, 53.200763375507485 ], [ 6.463206773910041, 53.200720109952591 ], [ 6.463243222791187, 53.200625372926666 ], [ 6.463245162633194, 53.200620332183533 ], [ 6.463305859117952, 53.200462581349818 ], [ 6.463427769270025, 53.200145664067925 ], [ 6.463427980287906, 53.200145122996553 ], [ 6.463454265903921, 53.200076815919502 ], [ 6.463461420829451, 53.200058230954397 ], [ 6.46316533844037, 53.199989985237686 ], [ 6.462439623667719, 53.199822706583561 ], [ 6.462375034251359, 53.199806490143153 ], [ 6.46210883164411, 53.199739672418275 ], [ 6.462078005334159, 53.199731932873519 ], [ 6.461916058466477, 53.199691283136083 ], [ 6.461913676400193, 53.199689974505816 ], [ 6.461905292364475, 53.199688027704973 ], [ 6.461874450044109, 53.199680845402376 ], [ 6.461817852711687, 53.199667046266086 ], [ 6.461813531624189, 53.199665997635179 ], [ 6.461692312366029, 53.199636458229875 ], [ 6.461661401565307, 53.199628926020537 ], [ 6.461101290724793, 53.199497889294101 ], [ 6.460406644156033, 53.199330571882314 ], [ 6.459712124448093, 53.199162719147367 ], [ 6.459017361454629, 53.198996302398392 ], [ 6.458323907668323, 53.198827542508425 ], [ 6.457630584806451, 53.198658409028425 ], [ 6.456936548150186, 53.198490446150963 ], [ 6.456243964156453, 53.198320489350927 ], [ 6.455550525396989, 53.198152054874832 ], [ 6.454854925866482, 53.197986798824765 ], [ 6.454160198057349, 53.197820263944081 ], [ 6.453468209692501, 53.197649297427745 ], [ 6.452773472983767, 53.197482565932823 ], [ 6.452077473904787, 53.197317827617653 ], [ 6.451383341784447, 53.197150291960035 ], [ 6.45069097698797, 53.196981379710529 ], [ 6.450769431977841, 53.196871105196784 ], [ 6.450775796124005, 53.196862152333566 ], [ 6.450735215678056, 53.196851306248732 ], [ 6.450563922994444, 53.196814920750498 ], [ 6.450360484069548, 53.196771702801762 ], [ 6.450120681008218, 53.196727207202144 ], [ 6.450110609028033, 53.196725337444171 ], [ 6.449989445010243, 53.196702858011953 ], [ 6.449608491556807, 53.196646429091963 ], [ 6.449496866195484, 53.196632114094065 ], [ 6.449176326102785, 53.196590991577814 ], [ 6.448856642252478, 53.196549977451461 ], [ 6.448184600127533, 53.196465728505444 ], [ 6.448171939003428, 53.196465058692212 ], [ 6.448095462274495, 53.196460990377709 ], [ 6.448083355367014, 53.196460342612099 ], [ 6.447730954047683, 53.196441586353451 ], [ 6.447712074699051, 53.196440585061325 ], [ 6.447710518203193, 53.196436303375734 ], [ 6.447259888457713, 53.1951918750323 ], [ 6.446615202606327, 53.193477234432081 ], [ 6.44659713228471, 53.193429173563011 ], [ 6.446582679664596, 53.193390749994911 ], [ 6.446547707176594, 53.193297718197648 ], [ 6.446479588183067, 53.193116544959999 ], [ 6.446413693687049, 53.192941256030799 ], [ 6.446368654592417, 53.192666214671206 ], [ 6.446301508601807, 53.192440981862632 ], [ 6.445661941956331, 53.191015487182668 ], [ 6.445460214369326, 53.190750976145523 ], [ 6.445434816701887, 53.19071766335167 ], [ 6.445336705336542, 53.190589009372005 ], [ 6.444767748832482, 53.189499810109396 ], [ 6.444344379697807, 53.189040675901602 ], [ 6.444086341577228, 53.188756035258685 ], [ 6.443936628087412, 53.188590883134445 ], [ 6.443889194268728, 53.18853856042638 ], [ 6.442866783736709, 53.187740423089224 ], [ 6.442515947953976, 53.187625808116678 ], [ 6.442471141563283, 53.187611168289031 ], [ 6.442250171696405, 53.187538975388804 ], [ 6.442181145580689, 53.187525644851789 ], [ 6.442124776201921, 53.187514755054885 ], [ 6.441167914110285, 53.187329899581364 ], [ 6.440611794197885, 53.187034076821618 ], [ 6.440527542413772, 53.186983388191742 ], [ 6.440406562910116, 53.186910610198424 ], [ 6.439738358969, 53.186508632910986 ], [ 6.43895608375724, 53.186115488464978 ], [ 6.438947072321676, 53.186110966505204 ], [ 6.438843331061359, 53.186059674800426 ], [ 6.438035198762441, 53.185660083294678 ], [ 6.438017906438779, 53.185651536069159 ], [ 6.437618467383333, 53.185575857064421 ], [ 6.436726636490277, 53.185406868703808 ], [ 6.436055231778106, 53.18559193871134 ], [ 6.435926418873341, 53.185738050338415 ], [ 6.435920798681964, 53.185744425847233 ], [ 6.435770552559512, 53.185914861943935 ], [ 6.435385925785689, 53.185866966461234 ], [ 6.435312277820889, 53.185857797105299 ], [ 6.435210089109963, 53.185845075916184 ], [ 6.434437162596278, 53.185748826954317 ], [ 6.434436306731334, 53.185609618574013 ], [ 6.433283172207203, 53.184911364215296 ], [ 6.432453608881026, 53.1844805152041 ], [ 6.432271005835681, 53.184224001948323 ], [ 6.43084945115618, 53.183625106379687 ], [ 6.430075342103287, 53.183298952128276 ], [ 6.430020618109353, 53.183275901870417 ], [ 6.430014043873047, 53.183273128353306 ], [ 6.429742358490241, 53.183158659639908 ], [ 6.429739293322734, 53.183158102177678 ], [ 6.429675826100699, 53.18314654937123 ], [ 6.427871290042889, 53.182817993553407 ], [ 6.426900228098405, 53.182593051327139 ], [ 6.424487530526685, 53.181678021923823 ], [ 6.424287415394671, 53.181602120093146 ], [ 6.424049606046076, 53.181511923142274 ], [ 6.421426328376803, 53.18098955741057 ], [ 6.420690793378262, 53.181088547704626 ], [ 6.420550437526711, 53.181107433343534 ], [ 6.420265111075441, 53.180978224484122 ], [ 6.41927718844464, 53.180530847357801 ], [ 6.418227106173352, 53.180055294380672 ], [ 6.418116781355756, 53.180031782207863 ], [ 6.416563975968764, 53.179700775970332 ], [ 6.41627609573985, 53.179639408210406 ], [ 6.415681446980049, 53.179781721791798 ], [ 6.415671823671169, 53.179784023946226 ], [ 6.415464602984726, 53.179833617173976 ], [ 6.412073809728367, 53.178987290743756 ], [ 6.411781118691928, 53.178929475993549 ], [ 6.411453632090571, 53.178881600052442 ], [ 6.411323995234877, 53.178857114348034 ], [ 6.411317925159936, 53.178855971013547 ], [ 6.411412337465976, 53.178711761302623 ], [ 6.411430671042905, 53.178683747183463 ], [ 6.411506749145765, 53.178567551512216 ], [ 6.411398004177194, 53.178554857171761 ], [ 6.4112287073805, 53.178535104413399 ], [ 6.410968779214168, 53.178510212265138 ], [ 6.410748972162227, 53.178493073740412 ], [ 6.410687547276424, 53.178487676079435 ], [ 6.410570902866504, 53.178477420799183 ], [ 6.410337449282442, 53.178456893332523 ], [ 6.409986230821274, 53.178417285594506 ], [ 6.409812676026198, 53.178396425903138 ], [ 6.409597576620506, 53.178371471979922 ], [ 6.409269356034954, 53.178332133344625 ], [ 6.408821749068068, 53.178278471437686 ], [ 6.408484926154114, 53.178237101161308 ], [ 6.408261000801016, 53.178209506159874 ], [ 6.408136946454962, 53.178191969814534 ], [ 6.408062705305356, 53.178175231394775 ], [ 6.407970277615108, 53.17814843033424 ], [ 6.407896808726129, 53.178123840203291 ], [ 6.407893084825388, 53.178122595848315 ], [ 6.407809547011866, 53.17808838617529 ], [ 6.407774356322117, 53.178068924836893 ], [ 6.407486722311245, 53.177876774422757 ], [ 6.407427236742174, 53.177834299118445 ], [ 6.407320982762807, 53.177778661359277 ], [ 6.407247484932075, 53.17775216598536 ], [ 6.407047705381863, 53.177680177714855 ], [ 6.406984949560108, 53.177654408569779 ], [ 6.406817089779094, 53.177536686779398 ], [ 6.406489960865146, 53.177309598615508 ], [ 6.406281526519435, 53.177146229125327 ], [ 6.40591066906449, 53.176857532548347 ], [ 6.405805096841734, 53.176763309495634 ], [ 6.405768865510775, 53.176710984542964 ], [ 6.405723267066642, 53.176635608421442 ], [ 6.405667774826921, 53.176570093409417 ], [ 6.405649636247711, 53.176548671378896 ], [ 6.405647820916504, 53.176546530086831 ], [ 6.405612882245938, 53.176505265222957 ], [ 6.405241720533839, 53.175929771494822 ], [ 6.40514396899421, 53.175761542195957 ], [ 6.405057716844778, 53.175615438310579 ], [ 6.404995266198346, 53.175514692856275 ], [ 6.404913008994011, 53.175318357485864 ], [ 6.404439188848791, 53.174112759376925 ], [ 6.404384856866602, 53.173958287489725 ], [ 6.404336501885766, 53.173802929142433 ], [ 6.404287741873928, 53.173655778700237 ], [ 6.404260707664798, 53.173570125927505 ], [ 6.404230698324962, 53.173461601282668 ], [ 6.404202437879841, 53.173346663544912 ], [ 6.404187688237392, 53.173275877730987 ], [ 6.404179494942973, 53.173239067436008 ], [ 6.404150705193373, 53.173081853608018 ], [ 6.404132258793864, 53.173011584397763 ], [ 6.404120699733252, 53.172955005814437 ], [ 6.404115241245766, 53.17290982403955 ], [ 6.404110030999725, 53.172818549400652 ], [ 6.404106330138263, 53.172726587984393 ], [ 6.404107101592078, 53.172604727140467 ], [ 6.404104706302612, 53.172439740909191 ], [ 6.40409932898108, 53.172292330217772 ], [ 6.404108192558043, 53.172210623432612 ], [ 6.404119025702445, 53.172150368226511 ], [ 6.404117748331828, 53.172104270319771 ], [ 6.404108865934619, 53.172053393295542 ], [ 6.404093384423227, 53.171957793470654 ], [ 6.404091744574865, 53.171918546201695 ], [ 6.40408659593416, 53.171846438805652 ], [ 6.404086696893928, 53.171753330813793 ], [ 6.404091077963245, 53.171695358927856 ], [ 6.404097302470058, 53.171618455226422 ], [ 6.404109328028094, 53.171577133033864 ], [ 6.404124389754165, 53.171535821032634 ], [ 6.404121286308489, 53.171510029690403 ], [ 6.404112457254174, 53.171482426744873 ], [ 6.404111213123913, 53.171447291843265 ], [ 6.404106030592129, 53.171366737594191 ], [ 6.404102629711256, 53.171244885126285 ], [ 6.404100749085249, 53.171125994227907 ], [ 6.404098950662838, 53.171032884351519 ], [ 6.404098783519255, 53.170976748289632 ], [ 6.404103254568658, 53.170946165899117 ], [ 6.404195971839108, 53.169559483401628 ], [ 6.404210277154053, 53.169128252574119 ], [ 6.40421528468037, 53.168935911920236 ], [ 6.40420649994762, 53.168798774373954 ], [ 6.404185120864787, 53.168681252949966 ], [ 6.404137894491498, 53.168572379931113 ], [ 6.404055020135404, 53.168444533598297 ], [ 6.403970853247132, 53.168355231498055 ], [ 6.403911040876823, 53.16829176515246 ], [ 6.403753028473026, 53.168134873980151 ], [ 6.403605006298978, 53.167988160277986 ], [ 6.403536247237867, 53.167920015830994 ], [ 6.403497680353889, 53.167881791464779 ], [ 6.403471468919935, 53.167855809553132 ], [ 6.403310038073349, 53.167694579420967 ], [ 6.403190737351459, 53.167553247207302 ], [ 6.403056716434139, 53.167368312175249 ], [ 6.402921511217619, 53.167205511342097 ], [ 6.402807804463043, 53.167100454051592 ], [ 6.402687250940914, 53.167005663107624 ], [ 6.402529472636535, 53.166911286158943 ], [ 6.402223367729841, 53.166737153239005 ], [ 6.401870561712801, 53.166558418420422 ], [ 6.401565991617095, 53.166402342333377 ], [ 6.40146274550153, 53.166348462220668 ], [ 6.401165559402192, 53.166199790284615 ], [ 6.400897504917137, 53.166060702329318 ], [ 6.400799974419463, 53.166010089272795 ], [ 6.400672743977448, 53.165944675130696 ], [ 6.400425201142069, 53.165817400475909 ], [ 6.400073531488389, 53.165624596196679 ], [ 6.399772973741645, 53.165468805194322 ], [ 6.39972334005619, 53.16544307421308 ], [ 6.399545382767212, 53.165348513325263 ], [ 6.399362686742077, 53.165251422096304 ], [ 6.399179670537537, 53.165159149961603 ], [ 6.398872295354034, 53.165001212617064 ], [ 6.398787951948441, 53.164955447099302 ], [ 6.398787648746243, 53.164955269931355 ], [ 6.398766250700214, 53.164942465256161 ], [ 6.398760988466209, 53.164939319514858 ], [ 6.398678541088773, 53.164901095418003 ], [ 6.398594809031241, 53.164862280019676 ], [ 6.398557182427673, 53.164843519494241 ], [ 6.398535850242, 53.164832888912315 ], [ 6.398478451709257, 53.164807555417845 ], [ 6.398398428801472, 53.164772599671352 ], [ 6.398124933708162, 53.164684719563091 ], [ 6.398084963354147, 53.164671873681186 ], [ 6.398083366477132, 53.164671365940023 ], [ 6.398079253425371, 53.164670043688176 ], [ 6.398078816516251, 53.164669903591161 ], [ 6.398078545316817, 53.164669816014793 ], [ 6.39800914726388, 53.164646075209525 ], [ 6.397702750350036, 53.16454124478237 ], [ 6.397491369195428, 53.164473076847173 ], [ 6.397237243441183, 53.164372441657022 ], [ 6.396824853255138, 53.16423571988517 ], [ 6.396823994403692, 53.164235439556073 ], [ 6.396633035213034, 53.164172121477719 ], [ 6.396168113107848, 53.164000469628604 ], [ 6.396167660633659, 53.164000302696735 ], [ 6.396007710074831, 53.163941242761652 ], [ 6.396002189863165, 53.163939204388484 ], [ 6.395899144497704, 53.163897880705598 ], [ 6.395864624980288, 53.163884035673846 ], [ 6.395670534533076, 53.163806202552806 ], [ 6.395650301412295, 53.163797125835238 ], [ 6.39557671287029, 53.163764118041179 ], [ 6.395439524411765, 53.163702592347406 ], [ 6.395381530242679, 53.163676579430174 ], [ 6.395165335250714, 53.163576636332117 ], [ 6.395093718112014, 53.163528721334771 ], [ 6.394603481502727, 53.163132222876108 ], [ 6.393727687898405, 53.16238883521936 ], [ 6.393762905080199, 53.162371025177222 ], [ 6.393824676337812, 53.162333231226164 ], [ 6.393853383441695, 53.16230359590422 ], [ 6.393840961020683, 53.162279922410157 ], [ 6.393819801040856, 53.162259871882732 ], [ 6.393744532302881, 53.162216803412932 ], [ 6.393667226456706, 53.162176789376488 ], [ 6.393398036128813, 53.16205168600888 ], [ 6.393310019256507, 53.162010773152126 ], [ 6.393232281135382, 53.161974644556629 ], [ 6.393131772901355, 53.161923789691208 ], [ 6.393124555945536, 53.161920138900264 ], [ 6.392901116905218, 53.161807689654587 ], [ 6.392897057273583, 53.161799636022366 ], [ 6.392894063639594, 53.161793703205383 ], [ 6.392880710571016, 53.161767269632129 ], [ 6.392914202977114, 53.161722200814395 ], [ 6.392950841600475, 53.161672899990393 ], [ 6.392963709697892, 53.161639830193309 ], [ 6.392968405147205, 53.161618610034019 ], [ 6.392969987654227, 53.161611425670529 ], [ 6.392932782624093, 53.161582262678657 ], [ 6.392892162579217, 53.16155992198604 ], [ 6.392845779938145, 53.161534097997709 ], [ 6.392809732104193, 53.161513552130515 ], [ 6.392764764738104, 53.161480419343903 ], [ 6.392738563220675, 53.161443471696359 ], [ 6.392729646628401, 53.161423929345879 ], [ 6.392715674894955, 53.161427506276475 ], [ 6.392695631697436, 53.161396914211863 ], [ 6.392687905427988, 53.161379051302696 ], [ 6.392684784123573, 53.161356027563173 ], [ 6.392690699651117, 53.161317804041246 ], [ 6.392705147042594, 53.161307025077946 ], [ 6.392723092190851, 53.161293628712045 ], [ 6.392736682979756, 53.161287170365583 ], [ 6.392650069350368, 53.16117330326346 ], [ 6.392369865155084, 53.160881863250552 ], [ 6.392292924638284, 53.160803320894765 ], [ 6.392027773149926, 53.160530849805539 ], [ 6.391881294966658, 53.160367924350382 ], [ 6.391838691122516, 53.160302537456054 ], [ 6.391719965616415, 53.160151268114852 ], [ 6.391599555664353, 53.159999536492194 ], [ 6.391417553628622, 53.159771370829411 ], [ 6.391411593984908, 53.159763890213938 ], [ 6.391357420704632, 53.159697926090281 ], [ 6.391355835808546, 53.159695989333905 ], [ 6.391128129136705, 53.159418754322274 ], [ 6.391113178568398, 53.159422006775188 ], [ 6.391107317260427, 53.159423278003658 ], [ 6.389986901969069, 53.159667280092435 ], [ 6.389935719368451, 53.159583155914547 ], [ 6.389930117517074, 53.159558184844215 ], [ 6.389909657394103, 53.159466848238289 ], [ 6.389910283094986, 53.159452545760054 ], [ 6.389915604939117, 53.159330475922502 ], [ 6.38991550687768, 53.159315909908024 ], [ 6.389914772729051, 53.159197035937339 ], [ 6.389914556660595, 53.159163168279775 ], [ 6.389915885554574, 53.159070112736089 ], [ 6.389916753017952, 53.159022990167323 ], [ 6.389916807101708, 53.159020806037454 ], [ 6.389917651221202, 53.158984943531173 ], [ 6.389893009541565, 53.158882175332465 ], [ 6.38987571556223, 53.158810042960219 ], [ 6.389859562658563, 53.158741989818736 ], [ 6.389838619501844, 53.158676906284512 ], [ 6.389840907987042, 53.158662742662393 ], [ 6.389842814543467, 53.158632083336506 ], [ 6.389851553277065, 53.15855814262369 ], [ 6.389851940921405, 53.158518060356698 ], [ 6.38984896119019, 53.158502368192281 ], [ 6.389839285476016, 53.158479659795518 ], [ 6.38981810031877, 53.158468046932576 ], [ 6.389785369517876, 53.158465966279103 ], [ 6.389743784691561, 53.158477313352982 ], [ 6.389699174091818, 53.158492936250965 ], [ 6.389566838046798, 53.158537258191508 ], [ 6.38942444055212, 53.158584198251958 ], [ 6.389418010195819, 53.158578321039464 ], [ 6.389366230418462, 53.158512219183713 ], [ 6.389355021423802, 53.158480096910388 ], [ 6.38933732274238, 53.15839301459097 ], [ 6.389322825106314, 53.158331840049364 ], [ 6.389306471922981, 53.158302897004866 ], [ 6.389254226931577, 53.158248328446511 ], [ 6.389198214380898, 53.158200863599355 ], [ 6.389167775629357, 53.158185400948383 ], [ 6.389122772009063, 53.158161415183095 ], [ 6.389076577099436, 53.15814215718045 ], [ 6.389014923078584, 53.158133236831574 ], [ 6.388961411027341, 53.158137620064345 ], [ 6.388919695766988, 53.158142677514341 ], [ 6.388866038223171, 53.158140771490494 ], [ 6.388846259926504, 53.158133082712631 ], [ 6.388714638786429, 53.158000789435725 ], [ 6.388502176644051, 53.158095950316593 ], [ 6.388455415362563, 53.158019202280393 ], [ 6.388448541919702, 53.158009024266036 ], [ 6.38840837526425, 53.157912280463329 ], [ 6.38839971927549, 53.157898073487054 ], [ 6.388373546065808, 53.157859507102657 ], [ 6.388321184918452, 53.157810187126145 ], [ 6.388230339776779, 53.157724596186945 ], [ 6.388125510294846, 53.157625166183657 ], [ 6.388054803111536, 53.157531112570112 ], [ 6.38798854692066, 53.157446565233592 ], [ 6.387867614290155, 53.157310784952507 ], [ 6.38783001116914, 53.157266670450333 ], [ 6.387777093274602, 53.157235902666692 ], [ 6.387765652172297, 53.157229258422525 ], [ 6.387704086336211, 53.157208555592085 ], [ 6.387609416143829, 53.157178612501404 ], [ 6.387530702097362, 53.157157252917237 ], [ 6.387482627188422, 53.157143258010443 ], [ 6.387391422562331, 53.15711900113412 ], [ 6.387370621529372, 53.157109074066163 ], [ 6.387254650527802, 53.157050776834048 ], [ 6.387087025048677, 53.156970408618108 ], [ 6.387053561069332, 53.156954000145767 ], [ 6.387021797093835, 53.156931574616031 ], [ 6.386979735120873, 53.156902144757936 ], [ 6.38688487092537, 53.156819057564064 ], [ 6.386803770011477, 53.156748652052563 ], [ 6.386731932300612, 53.156696761959239 ], [ 6.386549339350626, 53.156570193275122 ], [ 6.386549065944571, 53.156570006841626 ], [ 6.386543961121389, 53.156566472842442 ], [ 6.386527808068227, 53.156578487440981 ], [ 6.386338812917765, 53.156435517843114 ], [ 6.386220160349607, 53.156346382911096 ], [ 6.386171266985881, 53.156315643784602 ], [ 6.38612415598664, 53.156288933633107 ], [ 6.385932205476012, 53.156175229544637 ], [ 6.385827891780673, 53.156110741077924 ], [ 6.385657975615059, 53.156007906162486 ], [ 6.385411855103182, 53.155861394055201 ], [ 6.385154091289956, 53.155704545255276 ], [ 6.38472733020863, 53.155447485023863 ], [ 6.384488720675762, 53.155302912475975 ], [ 6.384451620711101, 53.155280422829122 ], [ 6.384417052913653, 53.155259475725714 ], [ 6.384449894141687, 53.155238551904581 ], [ 6.384338900257998, 53.155167476829057 ], [ 6.384310599937915, 53.155148625288817 ], [ 6.384277972563453, 53.155126889178966 ], [ 6.384243091295669, 53.15510595361954 ], [ 6.383977486221172, 53.154951638769823 ], [ 6.383623645090395, 53.154743806399047 ], [ 6.383221428389133, 53.154499468125493 ], [ 6.382796243103008, 53.154241651084575 ], [ 6.382458557551395, 53.154038318048599 ], [ 6.382338453411235, 53.153967999738882 ], [ 6.381929849633214, 53.153721562451693 ], [ 6.381840472378896, 53.153665762166696 ], [ 6.381811387548094, 53.15365301826958 ], [ 6.381769270133177, 53.153634550377959 ], [ 6.381688662523302, 53.153603883874275 ], [ 6.381539000215958, 53.153550228042029 ], [ 6.381530212460659, 53.153547074850465 ], [ 6.381414284159534, 53.153505504201668 ], [ 6.381485573467088, 53.153418104873261 ], [ 6.38154568954877, 53.153236028321089 ], [ 6.381626240401701, 53.153015536348512 ], [ 6.381649435288937, 53.152899384247732 ], [ 6.381650738487413, 53.152899499243929 ], [ 6.381652653082504, 53.152889131101361 ], [ 6.381664196586516, 53.152818941915235 ], [ 6.381667273511233, 53.152757629582432 ], [ 6.381667162443581, 53.152720238364225 ], [ 6.381642622529078, 53.152631306512895 ], [ 6.381606460045799, 53.152463265521149 ], [ 6.381624761778252, 53.152365791660657 ], [ 6.381637024632386, 53.152194113800419 ], [ 6.381628335845079, 53.151811107329195 ], [ 6.381574045064543, 53.15155791837396 ], [ 6.381582674146054, 53.151446739695068 ], [ 6.381586851401916, 53.151392984705872 ], [ 6.381569950877893, 53.151323579645265 ], [ 6.381580201240504, 53.151282373116217 ], [ 6.381601016571241, 53.151198690369434 ], [ 6.381601073367359, 53.151061171945159 ], [ 6.381601387372945, 53.150880813497487 ], [ 6.381584304788919, 53.150533246747017 ], [ 6.381584243340802, 53.150531872346647 ], [ 6.381572308476667, 53.15020081569044 ], [ 6.381561733139808, 53.14984041629603 ], [ 6.381546329972633, 53.149592673777235 ], [ 6.38167350493269, 53.149590028021684 ], [ 6.381695527402549, 53.149589566710539 ], [ 6.381988618387145, 53.149583467933553 ], [ 6.382612271281847, 53.14957048973384 ], [ 6.382423547919259, 53.149266988552242 ], [ 6.382363636532046, 53.149170649169371 ], [ 6.382360330473276, 53.149165329744839 ], [ 6.382263014283344, 53.149008858724542 ], [ 6.38222553127672, 53.148948583975745 ], [ 6.382163214988343, 53.148848373366086 ], [ 6.38213416068406, 53.148801678874825 ], [ 6.381146705277305, 53.147213833887676 ], [ 6.381140838702801, 53.14720439295612 ], [ 6.381137641883562, 53.147199261303719 ], [ 6.381069992407296, 53.14709048540616 ], [ 6.381068113881271, 53.147087436639026 ], [ 6.380943444741098, 53.14688493858295 ], [ 6.380851829775981, 53.146736120392873 ], [ 6.380382711719228, 53.145974111210137 ], [ 6.380291141610274, 53.14582121239507 ], [ 6.37993213955753, 53.145221705659026 ], [ 6.379782496277165, 53.144971812491363 ], [ 6.379596896819458, 53.144668523408335 ], [ 6.379573569208665, 53.14463082111849 ], [ 6.379556884513197, 53.144603856430038 ], [ 6.379550024407083, 53.144592770154517 ], [ 6.379031791755555, 53.143755496997919 ], [ 6.37902608048036, 53.143746270345211 ], [ 6.378858684446066, 53.143475800352178 ], [ 6.378857970545791, 53.143474647019445 ], [ 6.378830363710387, 53.143428191330152 ], [ 6.378709150094808, 53.143224251386435 ], [ 6.378623019840784, 53.14307931307016 ], [ 6.37833755558618, 53.142598945132626 ], [ 6.378208931764574, 53.142382503012321 ], [ 6.378162373162537, 53.142304571895323 ], [ 6.377819627057124, 53.141731056419808 ], [ 6.377771951705913, 53.141651283184338 ], [ 6.377735511918474, 53.141590324364195 ], [ 6.377706477361121, 53.141544068917241 ], [ 6.377698861812954, 53.141531928384019 ], [ 6.377179526224088, 53.140704675742761 ], [ 6.3770180451707, 53.140447436035572 ], [ 6.37696869838024, 53.140363713284309 ], [ 6.37675610696167, 53.140002968038232 ], [ 6.376688757675699, 53.139888687415457 ], [ 6.376494636065348, 53.139565639740525 ], [ 6.376455892536717, 53.139501149916143 ], [ 6.376455799400574, 53.139500997916812 ], [ 6.376428971468356, 53.139456359448069 ], [ 6.376426221804278, 53.139451781127384 ], [ 6.376409927128463, 53.139425360928421 ], [ 6.376403238343881, 53.13941450669536 ], [ 6.376339223141512, 53.139310685432825 ], [ 6.376276534224972, 53.139208650460809 ], [ 6.376200420336577, 53.139084772560707 ], [ 6.376138772926365, 53.138984472272568 ], [ 6.37613863291791, 53.138984230796062 ], [ 6.376012667983395, 53.138779221873811 ], [ 6.376012481922382, 53.138778926859018 ], [ 6.375894584544543, 53.1385894875148 ], [ 6.375890938063165, 53.138583586598202 ], [ 6.375883582058639, 53.138571641502928 ], [ 6.375196744522595, 53.137457586903125 ], [ 6.375194959958454, 53.137454690033081 ], [ 6.374947908108922, 53.137053948628996 ], [ 6.374947706097974, 53.13705360881216 ], [ 6.374944246126972, 53.137048011864557 ], [ 6.374509011029866, 53.136341998893492 ], [ 6.374472872810721, 53.136283381990495 ], [ 6.374468931592994, 53.136276989206543 ], [ 6.374261242716815, 53.135940075709136 ], [ 6.374259737435746, 53.135937625842594 ], [ 6.374253981144225, 53.135928300472344 ], [ 6.374044914391052, 53.135589133366402 ], [ 6.373999467587312, 53.135515406004345 ], [ 6.373759094086419, 53.135125453588664 ], [ 6.373583114778866, 53.134839967407544 ], [ 6.373577668825605, 53.134831133699251 ], [ 6.373429681819547, 53.134591058650003 ], [ 6.373375750187409, 53.134503561856967 ], [ 6.373354819900833, 53.134469603860104 ], [ 6.373352616671648, 53.134466027442365 ], [ 6.373313533868444, 53.134402635682434 ], [ 6.37331071015837, 53.134398057896121 ], [ 6.373284954627536, 53.134356267531146 ], [ 6.373282301393735, 53.13435195793253 ], [ 6.373124963485767, 53.134086914409487 ], [ 6.373103614322496, 53.134050946864619 ], [ 6.372852606016544, 53.133631550809696 ], [ 6.372609193275419, 53.133256843904888 ], [ 6.372608801813778, 53.133256056322921 ], [ 6.372538721368243, 53.133115995814656 ], [ 6.372535935111455, 53.133110429199441 ], [ 6.372533998652856, 53.133107407727636 ], [ 6.372329720627795, 53.132789711499427 ], [ 6.372277861511375, 53.132709053756933 ], [ 6.372270829368742, 53.132698121227747 ], [ 6.372188657825693, 53.132570327466929 ], [ 6.372186437637328, 53.132565996310127 ], [ 6.372174885090105, 53.132543535463782 ], [ 6.37211830772553, 53.132433414146988 ], [ 6.37206514507175, 53.132355849352315 ], [ 6.372039644605076, 53.13231202568803 ], [ 6.372005611632813, 53.132247783199254 ], [ 6.371994976864828, 53.132229538390227 ], [ 6.371994105981893, 53.132228035836071 ], [ 6.37198384364224, 53.13221039903889 ], [ 6.371978977018885, 53.132202701763333 ], [ 6.37194060210821, 53.132142008616725 ], [ 6.371640951582088, 53.131668021995687 ], [ 6.371613426194475, 53.131624475478503 ], [ 6.371558301377918, 53.131539378009691 ], [ 6.371269963541063, 53.131067085767867 ], [ 6.371127131258678, 53.130830479078313 ], [ 6.371055994079217, 53.130711274737294 ], [ 6.371046426488455, 53.130695249700025 ], [ 6.370943697495131, 53.130523096315031 ], [ 6.370911453225172, 53.130469065316987 ], [ 6.370901776686764, 53.130452843461597 ], [ 6.370901295039618, 53.130452029654975 ], [ 6.370891933490893, 53.130435203124797 ], [ 6.370876201341511, 53.130406935310191 ], [ 6.370846731798244, 53.130354022783912 ], [ 6.370776997401938, 53.130228749927682 ], [ 6.370694661061035, 53.130095924072492 ], [ 6.370640395994582, 53.130008383794205 ], [ 6.370574143183902, 53.129901513314195 ], [ 6.370515503086271, 53.129805507763628 ], [ 6.370468672054125, 53.129728842824022 ], [ 6.370390666944679, 53.129601130404282 ], [ 6.370380798231908, 53.12958498197272 ], [ 6.370310535202922, 53.12946856475935 ], [ 6.370114403192091, 53.129143599645417 ], [ 6.370111168551497, 53.129138000703065 ], [ 6.369929548815246, 53.128823663932764 ], [ 6.369892382148801, 53.128759329688044 ], [ 6.369888911005197, 53.128753840515856 ], [ 6.369870439853761, 53.128724642469841 ], [ 6.369854618215285, 53.128699619333759 ], [ 6.369850620456516, 53.128693307731837 ], [ 6.369833404129052, 53.128666076393628 ], [ 6.369630406988997, 53.128345075832087 ], [ 6.369626641303086, 53.128339112788552 ], [ 6.369624843977843, 53.128336278840948 ], [ 6.369588986741183, 53.128279581177878 ], [ 6.369568578944546, 53.128247316631324 ], [ 6.369564426191442, 53.128240754671332 ], [ 6.369548542713714, 53.128215624163495 ], [ 6.369350586306178, 53.127902606622946 ], [ 6.369069639820588, 53.127458330707263 ], [ 6.369027779217707, 53.127391788051682 ], [ 6.369010839720035, 53.127364859858837 ], [ 6.369000920833038, 53.127349089147884 ], [ 6.368983996916721, 53.127322187782561 ], [ 6.368876472181499, 53.127151293985627 ], [ 6.368874038719776, 53.127147413830741 ], [ 6.36885502294204, 53.127117195635215 ], [ 6.368763306069072, 53.126971388023676 ], [ 6.368550870943095, 53.126637980778575 ], [ 6.368541062646254, 53.126622460741011 ], [ 6.368513172300367, 53.126578350325858 ], [ 6.368505115380187, 53.126565619694645 ], [ 6.368503333342898, 53.126562794590647 ], [ 6.368303814492729, 53.126230898642959 ], [ 6.368291154766967, 53.126210180839827 ], [ 6.368023122185361, 53.125766524504058 ], [ 6.367999337431046, 53.125728185562828 ], [ 6.367997414931708, 53.125725092009027 ], [ 6.367955009360269, 53.125656765130486 ], [ 6.367929162724809, 53.12561510910124 ], [ 6.367813187324391, 53.125428215809613 ], [ 6.367574675368217, 53.125060117036519 ], [ 6.36755879330338, 53.125035606302987 ], [ 6.367392134392758, 53.124766883822254 ], [ 6.367315312460947, 53.124631233622445 ], [ 6.367271772899896, 53.124558907835031 ], [ 6.367253238985979, 53.124527436322488 ], [ 6.366889728303557, 53.123910177311103 ], [ 6.366839965749924, 53.123834109987918 ], [ 6.366561462997324, 53.1234202987971 ], [ 6.366463401648252, 53.123256802057661 ], [ 6.366461787423793, 53.123254119332621 ], [ 6.366315178511732, 53.123010689860912 ], [ 6.366055562298783, 53.122564192309888 ], [ 6.365888429914467, 53.12229814046816 ], [ 6.36585500204282, 53.12222751982587 ], [ 6.365766121737022, 53.121911304439934 ], [ 6.365760875746389, 53.121892655573269 ], [ 6.365692505325136, 53.121646528275669 ], [ 6.365689709114166, 53.121636477356255 ], [ 6.365683156828116, 53.121612896632591 ], [ 6.3656734419179, 53.121578252517658 ], [ 6.36564478765144, 53.121475529325096 ], [ 6.365644475078059, 53.121472269813289 ], [ 6.365627513463423, 53.121294576387534 ], [ 6.365604092338516, 53.121113287226962 ], [ 6.365503623059491, 53.120448808158748 ], [ 6.365460926928465, 53.120205005130977 ], [ 6.365446625803213, 53.12011140266965 ], [ 6.365413593601764, 53.119912560564693 ], [ 6.365410567479953, 53.11989429793438 ], [ 6.365360887348931, 53.119571956729828 ], [ 6.365235635695087, 53.118759412718447 ], [ 6.365122277833208, 53.117990544119742 ], [ 6.365101980889937, 53.117854880173695 ], [ 6.365016346270946, 53.117282551515032 ], [ 6.364895251102713, 53.116447740313895 ], [ 6.364773221366123, 53.115606376339869 ], [ 6.364789270359887, 53.11560539165059 ], [ 6.364779086367423, 53.115530635859244 ], [ 6.364576044556334, 53.114041625088504 ], [ 6.364531455770401, 53.113714649416771 ], [ 6.364506191574277, 53.113529384727045 ], [ 6.364460547905891, 53.113194653317407 ], [ 6.364438091377478, 53.113029899664241 ], [ 6.364437697869302, 53.11302701823179 ], [ 6.364437464872394, 53.113025294738833 ], [ 6.364402417388861, 53.112792239112807 ], [ 6.364393511836229, 53.11273306425219 ], [ 6.364298453004837, 53.112120066693713 ], [ 6.364287179156026, 53.112060497758421 ], [ 6.364274463839673, 53.111993293128521 ], [ 6.364263444201163, 53.111935061093277 ], [ 6.363988110703973, 53.110199375833567 ], [ 6.363953005254236, 53.110006633516143 ], [ 6.36392989022909, 53.109842981339561 ], [ 6.363895325308311, 53.109688804359926 ], [ 6.363891756330332, 53.109672900513573 ], [ 6.36389121717776, 53.109669517023988 ], [ 6.363804773604458, 53.109123469159378 ], [ 6.363742982927605, 53.108708529981165 ], [ 6.363681985449799, 53.108304889197576 ], [ 6.363566786720885, 53.107602333902726 ], [ 6.363558460930202, 53.107551565479419 ], [ 6.363428131739349, 53.107542652916621 ], [ 6.363366182688443, 53.107538413007866 ], [ 6.363348534325527, 53.107537208883457 ], [ 6.363238904862932, 53.107529718003299 ], [ 6.363186737196433, 53.107526144163202 ], [ 6.362963051301357, 53.10751085658972 ], [ 6.362367927056642, 53.107470169382069 ], [ 6.361654769304227, 53.107421399271693 ], [ 6.361554936645969, 53.107414573018424 ], [ 6.360765459538785, 53.10736058628919 ], [ 6.360297890140266, 53.107329491823165 ], [ 6.36022357604764, 53.107324541977178 ], [ 6.358989494714644, 53.107242459672158 ], [ 6.358420133433023, 53.107203574781067 ], [ 6.35836017470838, 53.107199477904231 ], [ 6.35793452691544, 53.107170415697368 ], [ 6.357882973457165, 53.107166888492394 ], [ 6.357819186209213, 53.107162534808644 ], [ 6.35748019056622, 53.107140568935137 ], [ 6.35706283231976, 53.10711353031882 ], [ 6.356643732415313, 53.107086046040685 ], [ 6.35662047728214, 53.107084517866731 ], [ 6.356578815260415, 53.107011750440705 ], [ 6.356530023544533, 53.106942689196131 ], [ 6.356523577839986, 53.106933575201303 ], [ 6.35647182735946, 53.106854392194421 ], [ 6.356451062143793, 53.106822613471444 ], [ 6.356415004306567, 53.106768726063002 ], [ 6.356370334611184, 53.106700332335286 ], [ 6.356301121965947, 53.10658879560949 ], [ 6.356208276944683, 53.106446114351151 ], [ 6.356167864611783, 53.106377757990344 ], [ 6.355992637992316, 53.106081392024279 ], [ 6.355983807847444, 53.106066465090343 ], [ 6.355857903263443, 53.105853543385983 ], [ 6.35584371182365, 53.105819869164478 ], [ 6.355819381713542, 53.105773516200117 ], [ 6.355752129954315, 53.105664066108609 ], [ 6.355582181528511, 53.105395847277592 ], [ 6.355458717088317, 53.105185700183235 ], [ 6.355197288700562, 53.104753858389991 ], [ 6.355169592799696, 53.104706508036195 ], [ 6.355029064290433, 53.104484959807017 ], [ 6.354919686926585, 53.104307642572842 ], [ 6.35487568373153, 53.10423610661018 ], [ 6.354785840199591, 53.104104372391646 ], [ 6.354784932709633, 53.10410318452697 ], [ 6.354774089425941, 53.104089010652245 ], [ 6.354718212244838, 53.104015979961737 ], [ 6.354707307483829, 53.10400172569949 ], [ 6.354704323612698, 53.103997822730754 ], [ 6.354647273662447, 53.1039063433319 ], [ 6.354634451489487, 53.103885787084295 ], [ 6.354441064102243, 53.103575609496538 ], [ 6.354439055691377, 53.103571923303647 ], [ 6.354401204550689, 53.103502332461844 ], [ 6.35415854037867, 53.103078712111731 ], [ 6.354036981044872, 53.102869689373428 ], [ 6.353994360377282, 53.102796407526689 ], [ 6.353845148679688, 53.102543798905039 ], [ 6.353793149838855, 53.102451002233209 ], [ 6.353684018677691, 53.102268191112252 ], [ 6.35366684836243, 53.102239411304915 ], [ 6.353522104119541, 53.102004190921321 ], [ 6.353207733383689, 53.101478917327057 ], [ 6.353086103302303, 53.101283742255667 ], [ 6.353078732504058, 53.101271903650066 ], [ 6.353020000391362, 53.101177651207777 ], [ 6.353009517403773, 53.101160823260429 ], [ 6.352992809980218, 53.101134016636649 ], [ 6.352647813500393, 53.100565116653883 ], [ 6.352239445027329, 53.099892834001082 ], [ 6.351814008353574, 53.099184265292863 ], [ 6.351799519182146, 53.099158447108763 ], [ 6.351705822922296, 53.09899153260514 ], [ 6.351702776054279, 53.098986111356254 ], [ 6.351650712262996, 53.098893350171203 ], [ 6.351391463381797, 53.098485601742929 ], [ 6.351310225982936, 53.098357839418981 ], [ 6.351231418513141, 53.098233921650156 ], [ 6.351227457747672, 53.098227680992181 ], [ 6.351220664757184, 53.098215594981092 ], [ 6.350960016305844, 53.097789506508811 ], [ 6.350838354201722, 53.097590617900174 ], [ 6.350755501377034, 53.097455175778457 ], [ 6.350673028320534, 53.097317987168921 ], [ 6.350595224695158, 53.097175908247635 ], [ 6.350547249806993, 53.097100340693977 ], [ 6.350538416070239, 53.097086428836306 ], [ 6.350531964884475, 53.097076272122017 ], [ 6.350524090345476, 53.097063871257674 ], [ 6.350113286593897, 53.09641677165525 ], [ 6.350113070241134, 53.096416440896171 ], [ 6.350110904121353, 53.096413016501906 ], [ 6.349683591592986, 53.095739915499479 ], [ 6.349621883046019, 53.095642719706824 ], [ 6.349275968953259, 53.095097792790128 ], [ 6.349241890372506, 53.095044120877894 ], [ 6.349234078470668, 53.095031818272865 ], [ 6.349181386591786, 53.094943266666697 ], [ 6.349093215335241, 53.094795069350774 ], [ 6.348835209069417, 53.0943576588326 ], [ 6.348828275265343, 53.094345897321979 ], [ 6.348827377096059, 53.094344439742052 ], [ 6.348619399480401, 53.094004615314255 ], [ 6.3484100027731, 53.093655168412745 ], [ 6.348315970360579, 53.093498228785641 ], [ 6.348254772782354, 53.093391466559218 ], [ 6.348253148267438, 53.093388891496787 ], [ 6.348013440004011, 53.09300986108228 ], [ 6.347979988935162, 53.09295471896565 ], [ 6.347731764219376, 53.092545462929301 ], [ 6.347569145230092, 53.092277362130304 ], [ 6.347402965023794, 53.092003394536952 ], [ 6.347290206421702, 53.091817488086534 ], [ 6.347163938945257, 53.091609304543979 ], [ 6.347153370085452, 53.091589735876518 ], [ 6.34715273569521, 53.091588725491889 ], [ 6.347144015879802, 53.091572440032294 ], [ 6.346866413672003, 53.09110644343896 ], [ 6.346746188117486, 53.090903980319666 ], [ 6.346713565238519, 53.090851715850725 ], [ 6.346712141490256, 53.090849435710943 ], [ 6.346478490762601, 53.090471719481897 ], [ 6.346309973719535, 53.090201480431105 ], [ 6.346309276890669, 53.090200344731429 ], [ 6.346252317501963, 53.090107952787548 ], [ 6.345852076702538, 53.089458758304211 ], [ 6.34580292146005, 53.089374265663757 ], [ 6.345564430616091, 53.088994977742004 ], [ 6.345431573091418, 53.088783681795597 ], [ 6.345362576852806, 53.088673951986976 ], [ 6.34529730351156, 53.088565836870082 ], [ 6.34512895493528, 53.088287003665613 ], [ 6.344772495148494, 53.08769656813157 ], [ 6.344627624589873, 53.087456619599465 ], [ 6.344626307709825, 53.087454437430374 ], [ 6.344433412370765, 53.08713492001722 ], [ 6.344395616149749, 53.087143579619244 ], [ 6.343552050978492, 53.087336844053333 ], [ 6.343251145351552, 53.087407005242348 ], [ 6.342270993547227, 53.08763552672302 ], [ 6.342264282609513, 53.087637152888547 ], [ 6.341287920781117, 53.087874227080178 ], [ 6.340253114939731, 53.088126433369361 ], [ 6.340250427519076, 53.088127083814157 ], [ 6.33961649865828, 53.088277466379893 ], [ 6.339590731332696, 53.088283404715469 ], [ 6.339545389603356, 53.08829384819478 ], [ 6.339479526997059, 53.088307159799839 ], [ 6.339353805139538, 53.088332557931601 ], [ 6.339277018262022, 53.088348688185462 ], [ 6.339267436423903, 53.088350777347372 ], [ 6.339250931726541, 53.088354368378127 ], [ 6.338568148826905, 53.088503057933373 ], [ 6.338522705060629, 53.088512953658473 ], [ 6.33816999239318, 53.088598314294018 ], [ 6.337933894511933, 53.088655447064369 ], [ 6.337604238477677, 53.088735222065857 ], [ 6.336939958854039, 53.088893712376134 ], [ 6.336109227306436, 53.0890918994453 ], [ 6.335982220285765, 53.089122201813311 ], [ 6.33596492050214, 53.089126319902313 ], [ 6.335958773076151, 53.089127797462382 ], [ 6.335392007072119, 53.089263417638577 ], [ 6.334820010415668, 53.089400280690491 ], [ 6.33457015238714, 53.089459977959301 ], [ 6.334187394665265, 53.089550282368421 ], [ 6.33401282618881, 53.089591472947873 ], [ 6.333432671060534, 53.08972834889336 ], [ 6.333115424696284, 53.089799521146503 ], [ 6.333072940860299, 53.089809049915431 ], [ 6.333022148176608, 53.089821573889211 ], [ 6.332521805867517, 53.089944901338839 ], [ 6.331929381551668, 53.090080878291865 ], [ 6.33181487383805, 53.090108255828056 ], [ 6.331802147563605, 53.090111303785896 ], [ 6.331795583920811, 53.09011287427839 ], [ 6.331189215414144, 53.090257881090572 ], [ 6.330837065970574, 53.090340923936203 ], [ 6.3305537384188, 53.090407867978527 ], [ 6.329391801265198, 53.090682404786321 ], [ 6.329367237478726, 53.090688214607297 ], [ 6.328228238704221, 53.090957688864528 ], [ 6.32750427716907, 53.091128861881721 ], [ 6.327377424773084, 53.091158578690994 ], [ 6.326997787221936, 53.091247505412277 ], [ 6.325977256059629, 53.091489410305527 ], [ 6.324692906866722, 53.091794030785557 ], [ 6.32465190147264, 53.091803760638818 ], [ 6.324328872131091, 53.091880157829323 ], [ 6.323515498314517, 53.092077213229537 ], [ 6.323505400061576, 53.092079655628339 ], [ 6.322722931726152, 53.092268960243153 ], [ 6.321946664166389, 53.092458840339951 ], [ 6.321829250290082, 53.092484244923419 ], [ 6.321404705365027, 53.092580980985524 ], [ 6.320817704768362, 53.092715575088938 ], [ 6.320090549237367, 53.092887383784017 ], [ 6.320074894487416, 53.092891082350043 ], [ 6.316807701952508, 53.093662949806117 ], [ 6.315507856679448, 53.093970008516287 ], [ 6.315157448505333, 53.09405278464002 ], [ 6.314566901198714, 53.09419228189946 ], [ 6.314362678880095, 53.094240520880604 ], [ 6.314350112618229, 53.09424348484967 ], [ 6.313618924832784, 53.094416192737341 ], [ 6.313391201632517, 53.094469976759285 ], [ 6.312744658571383, 53.094622685734812 ], [ 6.312449933292156, 53.094691184365402 ], [ 6.312416791563683, 53.094698890188369 ], [ 6.312188393679376, 53.094751976174805 ], [ 6.311998455281274, 53.094796119762641 ], [ 6.311500587161325, 53.094910276601816 ], [ 6.304212449358724, 53.09661882698768 ], [ 6.304208941046697, 53.096619689714629 ], [ 6.303853297071712, 53.096704683212351 ], [ 6.303759090116498, 53.096727897293349 ], [ 6.302661435024997, 53.096984821829402 ], [ 6.302227611730837, 53.097085990528868 ], [ 6.301481608086688, 53.097259392859087 ], [ 6.301479260758208, 53.097259940978674 ], [ 6.300924820501361, 53.097389353093185 ], [ 6.300849850129779, 53.097406922630604 ], [ 6.300807359674822, 53.097416921261868 ], [ 6.300773730817197, 53.097424761363271 ], [ 6.299765824003653, 53.097660960653791 ], [ 6.299382751431671, 53.097751157205686 ], [ 6.299241981275383, 53.097783716922656 ], [ 6.296426933594923, 53.098443338482497 ], [ 6.296306743817659, 53.098471686439645 ], [ 6.2959168714817, 53.098565551923279 ], [ 6.295871637625449, 53.098576445190844 ], [ 6.295797198042176, 53.09859363484091 ], [ 6.295213657264319, 53.098729185454673 ], [ 6.294513186038894, 53.098894208624692 ], [ 6.294460732904906, 53.098907022371165 ], [ 6.294187960199134, 53.09897082636774 ], [ 6.293172622208457, 53.099210015512291 ], [ 6.293172560640757, 53.099210030132355 ], [ 6.291916488742889, 53.099542323677667 ], [ 6.290565601165286, 53.099829050814776 ], [ 6.289563078299483, 53.10106862343752 ], [ 6.288783472037887, 53.102032523438147 ], [ 6.288750690606987, 53.102073119031289 ], [ 6.288687524587337, 53.102079974864516 ], [ 6.288446264582648, 53.102276129980922 ], [ 6.288352144609615, 53.102352656254176 ], [ 6.288346006943437, 53.102357644942046 ], [ 6.287929938475567, 53.102713993234509 ], [ 6.287652506850693, 53.102942491069641 ], [ 6.287391057155455, 53.103156984164613 ], [ 6.287146811663654, 53.103357346621792 ], [ 6.286851096339783, 53.103603889728298 ], [ 6.286850130749677, 53.103604849536552 ], [ 6.286766217200698, 53.103687794970057 ], [ 6.286346731487075, 53.104037558170695 ], [ 6.28608639937923, 53.104258330337572 ], [ 6.285919306994947, 53.104403024657266 ], [ 6.285829401329457, 53.104480874164381 ], [ 6.285568931428242, 53.104701736045548 ], [ 6.285139738571734, 53.105071130922262 ], [ 6.285073768921392, 53.10512672986988 ], [ 6.283577957478507, 53.106410753050632 ], [ 6.283507278685308, 53.106471346802685 ], [ 6.283050305351932, 53.106863137990707 ], [ 6.282838970699304, 53.106968501950213 ], [ 6.282813169301432, 53.106977528899286 ], [ 6.274402490529239, 53.111034020566862 ], [ 6.274381405808186, 53.111044487650155 ], [ 6.274138824602138, 53.111161165463891 ], [ 6.273903624952261, 53.111252536546488 ], [ 6.273862958703865, 53.111265688045762 ], [ 6.273425018945839, 53.111402160504781 ], [ 6.273250906341424, 53.111452253396784 ], [ 6.273219593697208, 53.111461264673785 ], [ 6.272969237093382, 53.111528024630843 ], [ 6.272578775565091, 53.111620208686276 ], [ 6.272032321410534, 53.111754126187613 ], [ 6.272029780270083, 53.11175474704384 ], [ 6.27181949269877, 53.111806282276042 ], [ 6.271084647961566, 53.111984127910794 ], [ 6.271073383055764, 53.111986853018536 ], [ 6.270851437313704, 53.112039514978811 ], [ 6.270842281795086, 53.112041685323156 ], [ 6.270391150397688, 53.112148723819473 ], [ 6.270177704660814, 53.112199371811911 ], [ 6.270139224533131, 53.112208498017388 ], [ 6.270129964964492, 53.112210696032726 ], [ 6.270080185897442, 53.112222349787977 ], [ 6.270006594912306, 53.112239579808552 ], [ 6.269787824262347, 53.112289870948992 ], [ 6.269354357721524, 53.11238893926766 ], [ 6.26914729374441, 53.112436258399434 ], [ 6.268292429918463, 53.112631417873679 ], [ 6.263282710317517, 53.113890956677665 ], [ 6.263023308813869, 53.113970154164818 ], [ 6.262768467262941, 53.114047052957879 ], [ 6.262726262933056, 53.114059771547964 ], [ 6.262667277279192, 53.114083144731531 ], [ 6.262657354881166, 53.114095456605355 ], [ 6.262650818532387, 53.11412309234467 ], [ 6.261684591161825, 53.114292694744968 ], [ 6.261562563017153, 53.114302032705474 ], [ 6.261091500221121, 53.114340570912042 ], [ 6.260449067047054, 53.114353874102527 ], [ 6.26045739959985, 53.114355287108559 ], [ 6.260449012923356, 53.114354153072547 ], [ 6.260407019814491, 53.114348483319212 ], [ 6.259842166069017, 53.114353875859223 ], [ 6.259825585369899, 53.114354499887192 ], [ 6.259540401303296, 53.114365284900401 ], [ 6.259151588066891, 53.114374235599584 ], [ 6.258639026656405, 53.114372385237694 ], [ 6.258372362211927, 53.114371278646971 ], [ 6.258024115109615, 53.114349080661704 ], [ 6.257627130681383, 53.114321502581952 ], [ 6.257381714250485, 53.114304495378661 ], [ 6.256960099261581, 53.114276770519375 ], [ 6.255597138488536, 53.114199869932598 ], [ 6.25559482315746, 53.114199714730638 ], [ 6.254381445397009, 53.114131494120848 ], [ 6.254381424291636, 53.114131492803828 ], [ 6.254304662044611, 53.114127422046941 ], [ 6.254278462290063, 53.11412576951647 ], [ 6.253679979047296, 53.114087927696367 ], [ 6.253606599829294, 53.114084091153074 ], [ 6.253234901060531, 53.114059941040111 ], [ 6.253153228650281, 53.114054843633085 ], [ 6.252880492871014, 53.114038631437133 ], [ 6.252875707805772, 53.114038342513254 ], [ 6.252871221044835, 53.114038033460652 ], [ 6.252756093523887, 53.114030056491252 ], [ 6.251265574850049, 53.113937013943882 ], [ 6.251264707537714, 53.113936963075709 ] ] ] ] } }
]
}
