{
"type": "FeatureCollection",
"name": "province",
"crs": { "type": "name", "properties": { "name": "urn:ogc:def:crs:OGC:1.3:CRS84" } },
"features": [
{ "type": "Feature", "properties": { "identificatie": "PV27", "naam": "Noord-Holland", "code": "27", "ligt_in_land_code": "6030", "ligt_in_land_naam": "Nederland", "gid": "PV27", "label": "Noord-Holland" }, "geometry": { "type": "MultiPolygon", "coordinates": [ [ [ [ 5.046660866371163, 52.165981496282015 ], [ 5.046680088098282, 52.165985146928158 ], [ 5.046795426905421, 52.166007868669496 ], [ 5.046860794842109, 52.166020748194263 ], [ 5.047006081759969, 52.166039736185247 ], [ 5.047127589729659, 52.166060435109827 ], [ 5.047734818459035, 52.166185839649344 ], [ 5.048096093780423, 52.166268003601083 ], [ 5.048788934378184, 52.166432189071422 ], [ 5.049404946351193, 52.166566759930099 ], [ 5.050076635089582, 52.166713081082541 ], [ 5.05032307288743, 52.166766759806421 ], [ 5.05102204753454, 52.166918177708482 ], [ 5.051777595531304, 52.167086775457264 ], [ 5.052448907289162, 52.167232812349354 ], [ 5.053270974307929, 52.16741476550029 ], [ 5.053883039189001, 52.167553022756344 ], [ 5.053968742794274, 52.167573802254111 ], [ 5.054220120686373, 52.167628790013595 ], [ 5.05473762782685, 52.16774253547802 ], [ 5.055210702012202, 52.167850437354438 ], [ 5.055515063803584, 52.167927771645559 ], [ 5.055763435788869, 52.16798455424194 ], [ 5.056275173353164, 52.168090942553768 ], [ 5.056721678532177, 52.168191321821269 ], [ 5.056922749165834, 52.168236770517233 ], [ 5.05755265384884, 52.168375139478094 ], [ 5.058094044131826, 52.16848540459376 ], [ 5.058537532939195, 52.168587584127167 ], [ 5.058706166809356, 52.168621803360395 ], [ 5.059051981771051, 52.168706766776644 ], [ 5.059214582352673, 52.16874459066085 ], [ 5.059604936384496, 52.16883172545262 ], [ 5.059968614629677, 52.168915001067539 ], [ 5.060329369794712, 52.168996415941677 ], [ 5.060796607097284, 52.169100603102848 ], [ 5.061039241733074, 52.169148199950683 ], [ 5.06127291836461, 52.16919754219478 ], [ 5.061592363031234, 52.169265842523409 ], [ 5.061685271063727, 52.169285818363321 ], [ 5.062036150619448, 52.169361268709572 ], [ 5.062095185268352, 52.169373960538842 ], [ 5.062651208844572, 52.169495282204366 ], [ 5.062947004181389, 52.169557905338735 ], [ 5.06381947430807, 52.169749315617288 ], [ 5.064126958570237, 52.169821171483257 ], [ 5.064420287682974, 52.169889869016217 ], [ 5.064640011585727, 52.169935247664796 ], [ 5.065147586792476, 52.170049162856351 ], [ 5.065618116948864, 52.170151829867464 ], [ 5.065726993684557, 52.170175495129577 ], [ 5.066210361329738, 52.170282149435494 ], [ 5.066676567987617, 52.170376891046452 ], [ 5.067117901254031, 52.170475158555099 ], [ 5.067138537138212, 52.170479834320709 ], [ 5.067520695353498, 52.170566489194954 ], [ 5.067967010016083, 52.170663688451256 ], [ 5.068299011276413, 52.17073488965719 ], [ 5.068410126184372, 52.170758720265248 ], [ 5.068516124456252, 52.170780577579393 ], [ 5.06878904636639, 52.170836859660071 ], [ 5.069270757650811, 52.170931812568853 ], [ 5.069339330254256, 52.170946135294926 ], [ 5.069555088075671, 52.170971001527711 ], [ 5.0701143186693, 52.171103324772787 ], [ 5.070118640375409, 52.17110405541802 ], [ 5.070147096589793, 52.171108850528611 ], [ 5.070202636576468, 52.171118212344687 ], [ 5.070229638956773, 52.171144529701742 ], [ 5.070216259658749, 52.171175951645694 ], [ 5.070205307073124, 52.171195003680026 ], [ 5.070217122344278, 52.171196500444474 ], [ 5.070252086226903, 52.171200926521166 ], [ 5.070254364601461, 52.171201211265128 ], [ 5.070364384363176, 52.171198414741646 ], [ 5.070498158566195, 52.171197632233948 ], [ 5.070542276109951, 52.171199602103933 ], [ 5.070548691344806, 52.171199888950945 ], [ 5.070590894554784, 52.171201772776129 ], [ 5.070658276458002, 52.171204784683333 ], [ 5.07077068716489, 52.171227627860581 ], [ 5.071261402692444, 52.171346540685818 ], [ 5.071494291609482, 52.171415391356923 ], [ 5.071634900500808, 52.171456968124474 ], [ 5.071701553776737, 52.171472129211182 ], [ 5.07198301023474, 52.171536120385483 ], [ 5.07198899399465, 52.171537484557263 ], [ 5.072278485224316, 52.171602323370543 ], [ 5.072799060659924, 52.171718927621029 ], [ 5.073032724761276, 52.171765487165494 ], [ 5.073281220543099, 52.171815006773997 ], [ 5.073467224146544, 52.171852073253703 ], [ 5.074685819815665, 52.172084022103917 ], [ 5.074965556406515, 52.172169339004036 ], [ 5.075023838896666, 52.172194479666537 ], [ 5.075459578155574, 52.172290966406017 ], [ 5.075549326796441, 52.172310895988055 ], [ 5.075611913039497, 52.172324785807739 ], [ 5.07591464345778, 52.172383439935018 ], [ 5.07592130044618, 52.172384724790341 ], [ 5.076017499113668, 52.172404230612351 ], [ 5.07626306160657, 52.172454014817419 ], [ 5.076314555160827, 52.172467587431363 ], [ 5.076522820476923, 52.172522494872105 ], [ 5.076573309190096, 52.172533440244493 ], [ 5.076692585738503, 52.172555783514738 ], [ 5.076829644447006, 52.172581454020538 ], [ 5.077075417175842, 52.172639119521627 ], [ 5.077253106559396, 52.172680813936218 ], [ 5.077267352643565, 52.172683907243652 ], [ 5.077316554264848, 52.172695001713258 ], [ 5.077525723368868, 52.172742180106439 ], [ 5.077527577006632, 52.172742598414835 ], [ 5.077844695197193, 52.172814209998911 ], [ 5.078008458060909, 52.172851184051893 ], [ 5.078083231485846, 52.172868070500854 ], [ 5.078210111452279, 52.172896723711318 ], [ 5.078406018985999, 52.172942436742787 ], [ 5.078650608255544, 52.172983674859637 ], [ 5.078664591110318, 52.172988924419485 ], [ 5.078750092278314, 52.173021010151558 ], [ 5.078844281380077, 52.17304399573851 ], [ 5.078936587926327, 52.17306652693653 ], [ 5.079203733449831, 52.173133375559651 ], [ 5.079261823858098, 52.173150864866159 ], [ 5.07929801731937, 52.173161762791949 ], [ 5.079351264505497, 52.173177792361464 ], [ 5.079382784316875, 52.173185954723031 ], [ 5.079502751015102, 52.173210427089295 ], [ 5.079708914036044, 52.173257512872809 ], [ 5.080230389991359, 52.173367821972604 ], [ 5.080711395131063, 52.17347091422787 ], [ 5.08099531066627, 52.173531762411095 ], [ 5.081857752432916, 52.173717961645643 ], [ 5.082452223566327, 52.173842147311902 ], [ 5.082984848921626, 52.173940132522475 ], [ 5.083424359083924, 52.174020268363051 ], [ 5.083567981980972, 52.174047116344191 ], [ 5.08415368843456, 52.174156593545739 ], [ 5.084795090278384, 52.174275522027656 ], [ 5.085047141348523, 52.174322113796443 ], [ 5.085113194829899, 52.174334317699994 ], [ 5.085318025694401, 52.174370344052178 ], [ 5.085966886497261, 52.174489698667458 ], [ 5.086135274075047, 52.174521316388393 ], [ 5.086477964495868, 52.174585464970242 ], [ 5.086784904929345, 52.174642025638811 ], [ 5.087103040270502, 52.174703539361062 ], [ 5.087292246795059, 52.174737365453112 ], [ 5.087661771439889, 52.174807322052999 ], [ 5.087900161779296, 52.174851410353689 ], [ 5.088143800329773, 52.174897758453383 ], [ 5.088339721303091, 52.174933370496049 ], [ 5.089110008286334, 52.175074954689649 ], [ 5.090766136699945, 52.17538177580483 ], [ 5.091358420725395, 52.175485679119134 ], [ 5.09143352975815, 52.175499672793045 ], [ 5.091668727565265, 52.175543502789182 ], [ 5.09191710662356, 52.175588219138483 ], [ 5.092518355260077, 52.175701351684296 ], [ 5.092999695219574, 52.175792791106048 ], [ 5.093041366872412, 52.175800705466095 ], [ 5.093973973228444, 52.175962480569119 ], [ 5.094169044102149, 52.175995384414755 ], [ 5.094332206987799, 52.176022905902492 ], [ 5.094463504976231, 52.176045144139216 ], [ 5.094641654937583, 52.176076863776423 ], [ 5.094814212135321, 52.176114321579057 ], [ 5.095128134665899, 52.176170545229866 ], [ 5.098397037145971, 52.176775583925945 ], [ 5.098844181234655, 52.176863913824207 ], [ 5.09904190989843, 52.176902972828422 ], [ 5.100659462175174, 52.177191306089817 ], [ 5.100706092637666, 52.177201494732572 ], [ 5.100743038404684, 52.177208118610814 ], [ 5.101129041755379, 52.177277362866974 ], [ 5.101237826155674, 52.177295970784805 ], [ 5.101909214082585, 52.177417494131205 ], [ 5.102579759451434, 52.177543325829454 ], [ 5.10298162360052, 52.177620655440286 ], [ 5.103243863313968, 52.17767111556352 ], [ 5.103424094531581, 52.17769941149885 ], [ 5.10371871130336, 52.177764832406737 ], [ 5.103924000329878, 52.17780720892425 ], [ 5.104087517990019, 52.177843013612687 ], [ 5.10432355163214, 52.177878812074695 ], [ 5.104440137361981, 52.177891854213563 ], [ 5.104543527689871, 52.177910796688508 ], [ 5.104718748974301, 52.17794554996506 ], [ 5.104846366500797, 52.177971201210418 ], [ 5.104864504463317, 52.177974399351207 ], [ 5.104886376140518, 52.177979026511352 ], [ 5.104966675354138, 52.177996655088243 ], [ 5.105212806323416, 52.178047395883567 ], [ 5.105322183425435, 52.178069947148465 ], [ 5.105349831859966, 52.17807199049912 ], [ 5.105408831711046, 52.178082377576317 ], [ 5.105558084394263, 52.178106264119755 ], [ 5.10571605282325, 52.178132157587569 ], [ 5.105874328172054, 52.178158096514487 ], [ 5.105895925267983, 52.178162246472013 ], [ 5.106061547100026, 52.17819172592224 ], [ 5.106214901886942, 52.178219027829535 ], [ 5.106874402489133, 52.178349725182997 ], [ 5.107115074077659, 52.178397420103622 ], [ 5.107277768883497, 52.178425309022252 ], [ 5.107439740015534, 52.178454391397189 ], [ 5.107700418470087, 52.178498932818201 ], [ 5.107845303385827, 52.178522644340248 ], [ 5.108116049555298, 52.17857289802528 ], [ 5.108284549856223, 52.178607809866413 ], [ 5.108462943826307, 52.178650474449135 ], [ 5.108528374662269, 52.178661414421057 ], [ 5.108616546735364, 52.178683013781253 ], [ 5.108660921279674, 52.178694443272825 ], [ 5.109588674197396, 52.178851373559475 ], [ 5.109908218128345, 52.178912514381842 ], [ 5.109941454711739, 52.178918875000264 ], [ 5.111171003780145, 52.179159990050806 ], [ 5.111209904289804, 52.17917020140046 ], [ 5.11126776418651, 52.179178605531241 ], [ 5.111330687966477, 52.179169620821746 ], [ 5.112341130298807, 52.179358881423099 ], [ 5.112895781211606, 52.179462768537995 ], [ 5.113000446010936, 52.179482479509382 ], [ 5.113145784111795, 52.179507174234836 ], [ 5.113222082644891, 52.179520141131697 ], [ 5.113288680045567, 52.179531979958774 ], [ 5.113426546874682, 52.17955674688487 ], [ 5.113603271168849, 52.17958699645488 ], [ 5.113764489209422, 52.179618647921075 ], [ 5.113913416380009, 52.17965188854788 ], [ 5.113985189826913, 52.179668511553828 ], [ 5.114043483057443, 52.179680357702367 ], [ 5.114128571951587, 52.179697649567537 ], [ 5.114199035269196, 52.179710970841384 ], [ 5.114379839052521, 52.179743745299277 ], [ 5.114511892996654, 52.179762925004397 ], [ 5.114696279695665, 52.179783663419997 ], [ 5.114944367052253, 52.179811918548928 ], [ 5.115293728759546, 52.179852791786764 ], [ 5.115353012231377, 52.179865385565854 ], [ 5.115401096125158, 52.179875598696874 ], [ 5.115467140322062, 52.179889628074235 ], [ 5.116019748939148, 52.180007058564378 ], [ 5.116404230405823, 52.180081974558775 ], [ 5.116522531897455, 52.180105335809557 ], [ 5.116585130561058, 52.180116246836391 ], [ 5.116733994657006, 52.180141214852327 ], [ 5.116953360262207, 52.180180724751878 ], [ 5.117100870975722, 52.180207127275622 ], [ 5.117314377006067, 52.180248600443832 ], [ 5.11748615195753, 52.180276136494356 ], [ 5.117720739608239, 52.180313163112949 ], [ 5.117962900043098, 52.18035523977349 ], [ 5.118224359195254, 52.18039753965791 ], [ 5.118347047560841, 52.180418671073568 ], [ 5.118601473266753, 52.180463650485422 ], [ 5.118920396758599, 52.18052980766619 ], [ 5.119221815125602, 52.180589452946109 ], [ 5.119567892002283, 52.180662860338415 ], [ 5.119826102361416, 52.180711081336895 ], [ 5.120203469784241, 52.180784557709835 ], [ 5.120512823389042, 52.180838105834354 ], [ 5.1207783827187, 52.180880229549921 ], [ 5.120938755815279, 52.180908094355189 ], [ 5.121047994583931, 52.180929372386487 ], [ 5.121122190464244, 52.180942661978662 ], [ 5.121176259915789, 52.180947457528674 ], [ 5.121229462839827, 52.180950453516147 ], [ 5.121304017640594, 52.180952598769558 ], [ 5.12135897722943, 52.180955239137141 ], [ 5.121412578355291, 52.180952753301497 ], [ 5.124110587860289, 52.180827391938301 ], [ 5.12414257168458, 52.180826106018579 ], [ 5.124155005191467, 52.180825154032917 ], [ 5.124246578917591, 52.180817358737947 ], [ 5.124436553616158, 52.180809332987955 ], [ 5.124781263388426, 52.180793741536128 ], [ 5.125026688400688, 52.18077945662553 ], [ 5.125127441868458, 52.180776983906625 ], [ 5.125192370033435, 52.180775150648934 ], [ 5.125321766095221, 52.18077516805625 ], [ 5.12535363479087, 52.18077604764386 ], [ 5.125380004520403, 52.180777175679999 ], [ 5.125445197079697, 52.180777625803294 ], [ 5.125497786839887, 52.180777985044124 ], [ 5.125562143332728, 52.180773903333801 ], [ 5.125620964441778, 52.180766304034123 ], [ 5.12570890154425, 52.180755263894483 ], [ 5.12574123519081, 52.180751650442808 ], [ 5.125805131937945, 52.180751162753467 ], [ 5.126044064309392, 52.180746927834662 ], [ 5.126074187966512, 52.180746185541096 ], [ 5.126097576571385, 52.180747046174389 ], [ 5.126178814872979, 52.180741383629105 ], [ 5.126179516935931, 52.180741340241404 ], [ 5.126229190159924, 52.180737881827547 ], [ 5.12688728627868, 52.180707139698001 ], [ 5.126888821884696, 52.180707071179889 ], [ 5.126908697247255, 52.180706144297623 ], [ 5.126917928288657, 52.180702749232978 ], [ 5.126941487209806, 52.180699475627513 ], [ 5.126968698187702, 52.180696749341664 ], [ 5.127099141583199, 52.180692632661675 ], [ 5.127769092237163, 52.180664715961626 ], [ 5.128190168871668, 52.180640923540317 ], [ 5.128203025788819, 52.180642569568235 ], [ 5.128226606798974, 52.180643025744885 ], [ 5.1282442522845, 52.1806433790209 ], [ 5.128523113759036, 52.180636620144007 ], [ 5.128620343139398, 52.180636653343285 ], [ 5.128725918352106, 52.180634637507964 ], [ 5.128755494368201, 52.180632500202535 ], [ 5.129102425333071, 52.180631776013925 ], [ 5.129131367243138, 52.180633097580468 ], [ 5.12935346294344, 52.180632594093929 ], [ 5.129542403152139, 52.180626175694677 ], [ 5.129616980648005, 52.18062436105788 ], [ 5.129646386093692, 52.180621369304063 ], [ 5.129664669354445, 52.180620150871427 ], [ 5.129683978663538, 52.180618485277229 ], [ 5.129696249241698, 52.180620399501507 ], [ 5.129737135926711, 52.180631957252828 ], [ 5.129746609477817, 52.180634638334979 ], [ 5.129769791339971, 52.180620649733513 ], [ 5.129789274332902, 52.180614220899201 ], [ 5.129812693529169, 52.180609777985715 ], [ 5.12983025921931, 52.18060622110216 ], [ 5.129855849755595, 52.180605557842263 ], [ 5.130107979045365, 52.18059451263241 ], [ 5.13015755978198, 52.180591798362173 ], [ 5.130187703116969, 52.180590147280952 ], [ 5.130179504745215, 52.180584377162816 ], [ 5.130283434109815, 52.180578689277532 ], [ 5.130397551961775, 52.180573400952021 ], [ 5.130470622167159, 52.180569254624686 ], [ 5.130540684501078, 52.180566944239409 ], [ 5.130630759111305, 52.180565297464199 ], [ 5.130692717591097, 52.180566196046151 ], [ 5.130783740492739, 52.180572541481489 ], [ 5.130899769426391, 52.18058325533076 ], [ 5.130960797072496, 52.180585850469683 ], [ 5.131043861331596, 52.180585410524444 ], [ 5.131105568153967, 52.180581760452533 ], [ 5.131146224774251, 52.180574865001873 ], [ 5.131198721248669, 52.180565963935138 ], [ 5.131246814032795, 52.180554995064433 ], [ 5.131292900687956, 52.180547104685417 ], [ 5.13140692127385, 52.180535793262116 ], [ 5.131457969395885, 52.180534681475478 ], [ 5.131636080210493, 52.180537520798751 ], [ 5.131795841811499, 52.18053779455883 ], [ 5.131915954430221, 52.180534980423509 ], [ 5.132019051464662, 52.180529046536712 ], [ 5.13218843351179, 52.180513989176049 ], [ 5.13231659632562, 52.180501961417264 ], [ 5.132450760611131, 52.180488715121029 ], [ 5.132535959350922, 52.180478023506176 ], [ 5.132591027569052, 52.180474448219577 ], [ 5.132631044571021, 52.180474534497762 ], [ 5.13267806897409, 52.180476487379721 ], [ 5.132762076833453, 52.18048232183218 ], [ 5.132815115215867, 52.180486004312023 ], [ 5.132877172728103, 52.180484906640729 ], [ 5.132885131439884, 52.180484042965006 ], [ 5.132962774059618, 52.180483086668666 ], [ 5.133162070977582, 52.180472999723754 ], [ 5.133419604762133, 52.180467738304223 ], [ 5.13361518776269, 52.180462801682175 ], [ 5.133813094243063, 52.180463226526115 ], [ 5.133934321602393, 52.180464879728369 ], [ 5.133980116413772, 52.180469669638917 ], [ 5.134018266773148, 52.180474056660508 ], [ 5.134067325265674, 52.180462819074116 ], [ 5.134101719511544, 52.1804566372032 ], [ 5.134479326797853, 52.180434706511214 ], [ 5.134862385283825, 52.180410548266885 ], [ 5.135017079638629, 52.180401881827251 ], [ 5.135259836552128, 52.180387875532936 ], [ 5.135289739550015, 52.180389889709993 ], [ 5.135311958315008, 52.180398547541351 ], [ 5.135338248765398, 52.180408544266257 ], [ 5.135351671720484, 52.180398012082513 ], [ 5.135382333620572, 52.180376955848288 ], [ 5.13544232356924, 52.180345787806104 ], [ 5.135503548943982, 52.180341828819309 ], [ 5.135665575491321, 52.180334426480293 ], [ 5.135979903579179, 52.180322566461214 ], [ 5.136303787512324, 52.180309179985962 ], [ 5.136393326997538, 52.180306359245868 ], [ 5.136655249798356, 52.18030036307907 ], [ 5.136841523830028, 52.180291815176943 ], [ 5.136856586224122, 52.180291298847678 ], [ 5.137023895332761, 52.180285640513169 ], [ 5.137427754362086, 52.180267108501802 ], [ 5.137625815635363, 52.180263231051718 ], [ 5.137784925351705, 52.180257015032815 ], [ 5.137995961100028, 52.180238999394831 ], [ 5.13811724906786, 52.180229710123257 ], [ 5.138207485282516, 52.180225127843229 ], [ 5.138267486263809, 52.180228283278254 ], [ 5.138267822439119, 52.180228301962785 ], [ 5.138276110057131, 52.18022873287827 ], [ 5.138328054298482, 52.180208412812611 ], [ 5.138445060654204, 52.180201307234093 ], [ 5.138664882603079, 52.180191236259517 ], [ 5.13900102760132, 52.180175944773389 ], [ 5.139310664171634, 52.180160767455142 ], [ 5.139586514707599, 52.180147702548233 ], [ 5.139839665290005, 52.180138768832386 ], [ 5.140168741014337, 52.180122030132104 ], [ 5.140245123493247, 52.18011878347621 ], [ 5.140449914128058, 52.180111410069927 ], [ 5.140494872600579, 52.180111504007542 ], [ 5.140555828157138, 52.180113896299765 ], [ 5.140611443392132, 52.180114318041042 ], [ 5.140626019725778, 52.180114429370533 ], [ 5.140738374149517, 52.180110313771927 ], [ 5.140943905164602, 52.180114472561513 ], [ 5.141035296931039, 52.180109701783216 ], [ 5.141113371256624, 52.180107195102245 ], [ 5.14147338443126, 52.18009035545164 ], [ 5.141615180985685, 52.180084313950978 ], [ 5.141703041531196, 52.180080901476167 ], [ 5.141769962562295, 52.18007528831447 ], [ 5.141786725763296, 52.180073876098646 ], [ 5.141902220658772, 52.180062287965626 ], [ 5.142035860913133, 52.18004519184462 ], [ 5.142122395849413, 52.180038208099404 ], [ 5.142219463474436, 52.180030176579656 ], [ 5.142342505192198, 52.180018091360893 ], [ 5.14243957549476, 52.180009556341901 ], [ 5.142533303835203, 52.18000255125385 ], [ 5.142618576165426, 52.179996490285077 ], [ 5.142737824939904, 52.179985493324999 ], [ 5.142783952201856, 52.179980384802043 ], [ 5.143048148695163, 52.179951127394887 ], [ 5.143207804221769, 52.179935656620799 ], [ 5.143358179653239, 52.18026993154001 ], [ 5.143620528662053, 52.180255274412282 ], [ 5.145448118306053, 52.180153215295505 ], [ 5.145531365433655, 52.180148523228425 ], [ 5.145626926542607, 52.180143227139986 ], [ 5.146256322957186, 52.180108129935419 ], [ 5.146494435913017, 52.180094855034397 ], [ 5.146738896070083, 52.180081224073398 ], [ 5.147723004805203, 52.180027202214546 ], [ 5.147790729388666, 52.180024265670298 ], [ 5.147897617426205, 52.180019646825947 ], [ 5.148102819436068, 52.180006113235272 ], [ 5.148181810644337, 52.180001554488541 ], [ 5.148313014064595, 52.179993991504055 ], [ 5.148382922850119, 52.179989971499978 ], [ 5.148771041933398, 52.179968789310252 ], [ 5.149391075193739, 52.179931112904356 ], [ 5.150170675628695, 52.179891147143934 ], [ 5.150498928894255, 52.179874009488259 ], [ 5.150800081662542, 52.179855630264079 ], [ 5.150935244197989, 52.179848485735349 ], [ 5.15137694093695, 52.179822674515336 ], [ 5.151857250082544, 52.17979692961422 ], [ 5.15240775026591, 52.179766073393935 ], [ 5.153059443839523, 52.179728800183241 ], [ 5.155982302697594, 52.179566062804518 ], [ 5.156296077095273, 52.17954888067775 ], [ 5.156829498004302, 52.179517287357626 ], [ 5.157553355578981, 52.179476364156635 ], [ 5.158093996628601, 52.17944774517737 ], [ 5.158389869830537, 52.179431331666095 ], [ 5.15895659277408, 52.179397015988393 ], [ 5.159366801645906, 52.179377046036016 ], [ 5.159744547801824, 52.17935800080614 ], [ 5.160117180153894, 52.179338225500139 ], [ 5.16055898218226, 52.179315525898168 ], [ 5.160660209171892, 52.179305114387105 ], [ 5.160782187493736, 52.179296630041939 ], [ 5.161376087166312, 52.179265051228818 ], [ 5.161833103918926, 52.179240218851604 ], [ 5.162489009193058, 52.179205427226407 ], [ 5.162580444882285, 52.179199803974086 ], [ 5.162598184537363, 52.17919881309264 ], [ 5.162924532798931, 52.179180549722652 ], [ 5.163271918801288, 52.179162460163965 ], [ 5.163296122018644, 52.179161202808494 ], [ 5.163352586470352, 52.179158262949336 ], [ 5.163621365212822, 52.179147447352648 ], [ 5.163632099697911, 52.179146838521248 ], [ 5.163742603426909, 52.179140576372824 ], [ 5.16395450884854, 52.179129652384447 ], [ 5.164262509735209, 52.179110910220729 ], [ 5.164442833630795, 52.179100195367624 ], [ 5.164891381095853, 52.179072548918583 ], [ 5.165018380302847, 52.179065489739301 ], [ 5.16534503305322, 52.179047337093309 ], [ 5.165937027796696, 52.179015282358158 ], [ 5.165957131605355, 52.179015140266003 ], [ 5.166009573556227, 52.179012506176839 ], [ 5.166740206647217, 52.178975790617699 ], [ 5.166770873300067, 52.178974248014576 ], [ 5.166836315921622, 52.178970963730599 ], [ 5.1668539525175, 52.178970079872293 ], [ 5.166947389049197, 52.178964681668724 ], [ 5.167295775854769, 52.178944568840798 ], [ 5.167378682579664, 52.178939779841549 ], [ 5.167669637277727, 52.178923199096211 ], [ 5.167897998898899, 52.178910186458317 ], [ 5.168400506519266, 52.178879481098086 ], [ 5.168625295206424, 52.178864528030594 ], [ 5.168739644252184, 52.178857944756366 ], [ 5.169270645171421, 52.17882736929036 ], [ 5.169289247520505, 52.17882629810412 ], [ 5.169409635803184, 52.178819464675115 ], [ 5.169704815136731, 52.178802697958311 ], [ 5.169813533018073, 52.178796525704691 ], [ 5.170416797161457, 52.178760694321376 ], [ 5.170994604189289, 52.178728318538724 ], [ 5.17143961591946, 52.178704595418274 ], [ 5.17190234537671, 52.178678179583791 ], [ 5.17202400533997, 52.178671237951846 ], [ 5.172577962726629, 52.1786422263689 ], [ 5.173125913483462, 52.178615628035779 ], [ 5.173416508415777, 52.17860000316827 ], [ 5.173460732159037, 52.17860055957793 ], [ 5.17405326447561, 52.178557535802732 ], [ 5.174122808524759, 52.178552385394646 ], [ 5.174497585574556, 52.178524632230562 ], [ 5.174865321918436, 52.178498536970253 ], [ 5.17494542417343, 52.178492847810084 ], [ 5.175171953825046, 52.178476770903153 ], [ 5.175437047725254, 52.178458416873909 ], [ 5.175532388440966, 52.17845181989631 ], [ 5.175649023229476, 52.178443742031384 ], [ 5.175717936634579, 52.178438931094739 ], [ 5.175953444274654, 52.178422491273039 ], [ 5.176026935241469, 52.178417364779243 ], [ 5.176177936720563, 52.178407316571182 ], [ 5.176178697221379, 52.178407264002594 ], [ 5.17641352818038, 52.178391630966516 ], [ 5.176429264509359, 52.178390580503169 ], [ 5.176617630859911, 52.178378333459342 ], [ 5.176667728201427, 52.178373443474726 ], [ 5.176775602089954, 52.178362895176228 ], [ 5.176824017280835, 52.178358172898356 ], [ 5.176834402421322, 52.178357157787744 ], [ 5.177080060684397, 52.178339646261641 ], [ 5.177096148327047, 52.17833849746745 ], [ 5.1771307486834, 52.178336599654642 ], [ 5.177280454324028, 52.178328408230193 ], [ 5.177321430713214, 52.178326162178408 ], [ 5.17734443423727, 52.178324899810342 ], [ 5.177385308068176, 52.178322698493723 ], [ 5.177697630664848, 52.178305906294931 ], [ 5.177873497572818, 52.17829644829029 ], [ 5.178092811932879, 52.178284658201214 ], [ 5.178235072998971, 52.178277009634705 ], [ 5.178279163999408, 52.178274633942863 ], [ 5.178325346169895, 52.178272154078265 ], [ 5.178446446412259, 52.178265645244956 ], [ 5.178501125050524, 52.178262703970717 ], [ 5.178519390262535, 52.178261720613257 ], [ 5.179162925147836, 52.178227623390633 ], [ 5.17920796639596, 52.178225240037897 ], [ 5.179260963000625, 52.178222430267958 ], [ 5.179526823294542, 52.178208346652376 ], [ 5.179747203508763, 52.178196672206653 ], [ 5.179830851469442, 52.17819223528042 ], [ 5.179837490640016, 52.178191887421633 ], [ 5.180181514571562, 52.178173652316325 ], [ 5.180612338447421, 52.178149015890533 ], [ 5.180738236595747, 52.178141821029378 ], [ 5.180876097167652, 52.178133936888656 ], [ 5.181496321551647, 52.178100343467214 ], [ 5.181691753725294, 52.178089763398219 ], [ 5.181825166425779, 52.17808253551469 ], [ 5.182297645571034, 52.1780569497366 ], [ 5.18383041702244, 52.177973908423979 ], [ 5.184185568072367, 52.177954665175179 ], [ 5.184779918222719, 52.177922457072462 ], [ 5.184831554382142, 52.177919660445376 ], [ 5.185238284641138, 52.177897078006879 ], [ 5.185297759353889, 52.177893782269386 ], [ 5.185319227011148, 52.177892587624676 ], [ 5.185370307706975, 52.177889753860732 ], [ 5.186661478968853, 52.177818063772897 ], [ 5.186749980402637, 52.177813396498962 ], [ 5.187184137227339, 52.177790512363323 ], [ 5.187275197641602, 52.17778571421082 ], [ 5.187396002186313, 52.177779348489679 ], [ 5.187451015700304, 52.177776448575607 ], [ 5.187538420194794, 52.177771841770593 ], [ 5.18814193042443, 52.17774002769341 ], [ 5.188798977805855, 52.177705019893942 ], [ 5.188938920429788, 52.177698442069712 ], [ 5.189316048751698, 52.177680721258959 ], [ 5.189714660615474, 52.17769774650111 ], [ 5.18978818792793, 52.177700296168439 ], [ 5.189811283976579, 52.177701098745992 ], [ 5.191195835567362, 52.177749108297498 ], [ 5.191215218328773, 52.177749877473637 ], [ 5.191300630261577, 52.177752796448829 ], [ 5.191913071056157, 52.177790984772813 ], [ 5.192585964926102, 52.177832945608316 ], [ 5.19263444983411, 52.177888849434545 ], [ 5.194497990450015, 52.180037014005613 ], [ 5.194536500024655, 52.180081396221169 ], [ 5.19456937939899, 52.180119297945119 ], [ 5.194970002555058, 52.18058122822341 ], [ 5.195750759265119, 52.181481431125654 ], [ 5.196517943415792, 52.182365931864652 ], [ 5.198528110922507, 52.184683185965163 ], [ 5.198534324464163, 52.184690323297126 ], [ 5.198675589739009, 52.184853157989501 ], [ 5.200155751231439, 52.186559032970038 ], [ 5.201705242646044, 52.188344864091924 ], [ 5.203447410083635, 52.190351617831496 ], [ 5.203943555835074, 52.190923173640492 ], [ 5.205206603708567, 52.192378135577947 ], [ 5.206879220944769, 52.194305088080014 ], [ 5.208411331456085, 52.196051272913749 ], [ 5.208467950508108, 52.196116547696384 ], [ 5.208564300806756, 52.196227630854153 ], [ 5.208611966546738, 52.196282591914063 ], [ 5.208626554559021, 52.196299412316819 ], [ 5.208659632440173, 52.196337543966457 ], [ 5.211721138252731, 52.199866700565003 ], [ 5.211742324887675, 52.199891116136925 ], [ 5.211810864856632, 52.199970113474379 ], [ 5.211846263419146, 52.200010917044651 ], [ 5.212084155046703, 52.200288419995609 ], [ 5.212701059215125, 52.201008021128423 ], [ 5.214450739590418, 52.203048834853625 ], [ 5.215446187102351, 52.204209811008845 ], [ 5.21550072665735, 52.204273425512262 ], [ 5.215507965463444, 52.204281650942086 ], [ 5.215819512768076, 52.204635820752181 ], [ 5.216121035735648, 52.204980753648535 ], [ 5.21621075309675, 52.205084288915629 ], [ 5.216371502590373, 52.205269797299088 ], [ 5.216454783487571, 52.205365908079422 ], [ 5.216469930786432, 52.205383393389909 ], [ 5.21652930120258, 52.205450735358227 ], [ 5.216532214349346, 52.205454047100496 ], [ 5.216769348461489, 52.205722964764618 ], [ 5.21708598060326, 52.206084014171914 ], [ 5.217120817622392, 52.206124995055241 ], [ 5.217192632727651, 52.206209485460477 ], [ 5.217214078318174, 52.206232785894073 ], [ 5.217205162721768, 52.206234444811336 ], [ 5.216499658096492, 52.206365513431322 ], [ 5.216486574468853, 52.206366806758666 ], [ 5.216500562984707, 52.206392828859094 ], [ 5.216647248655224, 52.206757157022047 ], [ 5.216731229551542, 52.206965733727884 ], [ 5.216808758849362, 52.207143859169783 ], [ 5.216923473015423, 52.2074074587917 ], [ 5.217161607103781, 52.207954659192289 ], [ 5.217572667284601, 52.208915414176715 ], [ 5.217836831478882, 52.209527785430005 ], [ 5.218265033806734, 52.210520720825869 ], [ 5.218462978508608, 52.210975645395997 ], [ 5.218616628953202, 52.211328736919263 ], [ 5.218908510047156, 52.21200542615766 ], [ 5.218960322369965, 52.212128714433298 ], [ 5.219287546139683, 52.212907195439001 ], [ 5.219527520432702, 52.213474705633537 ], [ 5.219578435501232, 52.213604050141683 ], [ 5.219919880608412, 52.214404156131316 ], [ 5.220175792250112, 52.215025982999123 ], [ 5.220424175705249, 52.215624232473019 ], [ 5.220444536216266, 52.215673280930538 ], [ 5.220495772102344, 52.21579255904912 ], [ 5.220506381675616, 52.215815771651009 ], [ 5.220577499477344, 52.215971370702825 ], [ 5.22058765915584, 52.215993611974696 ], [ 5.220621756555747, 52.216071000472354 ], [ 5.220688036323653, 52.216221460569507 ], [ 5.220767955139338, 52.216399110095708 ], [ 5.220818385292807, 52.216499485479218 ], [ 5.220912061788411, 52.216700181129134 ], [ 5.22112965821289, 52.217228729792403 ], [ 5.221223301344609, 52.217419520513154 ], [ 5.221232307397894, 52.217437365046436 ], [ 5.221261079195858, 52.21751119565964 ], [ 5.221337092668752, 52.217717159973027 ], [ 5.221345823858145, 52.217714511823225 ], [ 5.221516787866157, 52.218091144584669 ], [ 5.221662087019244, 52.218412816411657 ], [ 5.221901379096836, 52.218947595469238 ], [ 5.222256038310737, 52.219742382543828 ], [ 5.22228997215021, 52.219818071571623 ], [ 5.222374125411923, 52.220005684319723 ], [ 5.222491067227304, 52.220266440808665 ], [ 5.222524952656949, 52.220339604110272 ], [ 5.222587279421885, 52.220474193967071 ], [ 5.22270043529791, 52.220738423245812 ], [ 5.222724375326032, 52.220794333964129 ], [ 5.22277955376655, 52.220923179518074 ], [ 5.222794686947453, 52.220958504803498 ], [ 5.22282258819788, 52.221023678484158 ], [ 5.222849227292003, 52.22108588441526 ], [ 5.222869076071921, 52.221132235338096 ], [ 5.223063019709865, 52.221570572100553 ], [ 5.223086183519948, 52.221622913486371 ], [ 5.223191669283855, 52.22186133648821 ], [ 5.223464932714723, 52.222500606798882 ], [ 5.223865452281613, 52.223356173812263 ], [ 5.22413007788165, 52.223921406649737 ], [ 5.224325794365105, 52.224333867565186 ], [ 5.224436013579483, 52.224566139182123 ], [ 5.224538766567808, 52.22477524775281 ], [ 5.224730241326943, 52.225197094375297 ], [ 5.224709324277915, 52.225197865541411 ], [ 5.224536003250047, 52.225203666988421 ], [ 5.224347881510377, 52.225210589246252 ], [ 5.224083121215168, 52.22521931089512 ], [ 5.223927159188274, 52.225224739936756 ], [ 5.223766966900162, 52.2252303157169 ], [ 5.223743473507326, 52.22523120897953 ], [ 5.223616301731664, 52.225236057257618 ], [ 5.223601283780355, 52.225236557768106 ], [ 5.223586207253663, 52.225237067183436 ], [ 5.223329160001228, 52.225245680975902 ], [ 5.223321358278999, 52.225245939795094 ], [ 5.223132052714784, 52.225252310217357 ], [ 5.222983114382493, 52.225258053347119 ], [ 5.222901246812828, 52.225260950509934 ], [ 5.222911795797543, 52.225273754857987 ], [ 5.222932015586808, 52.225299380306453 ], [ 5.222979514973223, 52.225365066472236 ], [ 5.223026078142755, 52.225422716195339 ], [ 5.223058614939875, 52.225465965891289 ], [ 5.22316764033429, 52.225607981179131 ], [ 5.223228144426868, 52.225687544523161 ], [ 5.223279297801128, 52.225754808502124 ], [ 5.223361942770705, 52.225863190501478 ], [ 5.223371453356332, 52.225875867537908 ], [ 5.223388770485851, 52.225898954313365 ], [ 5.223442848402235, 52.225971048736774 ], [ 5.223469216089395, 52.226004582910079 ], [ 5.223507893524402, 52.226053799914354 ], [ 5.223545548056669, 52.226102602049096 ], [ 5.223587019277022, 52.226156307822123 ], [ 5.223693396053247, 52.226295119269736 ], [ 5.223717428215025, 52.226327059308666 ], [ 5.223758472280066, 52.226381618272114 ], [ 5.223793637176008, 52.226426992518427 ], [ 5.223835825367065, 52.226480914899383 ], [ 5.223924623998095, 52.226596243597413 ], [ 5.224007270156669, 52.226705155409313 ], [ 5.22405063465016, 52.226761739731963 ], [ 5.224072338842909, 52.226790045399099 ], [ 5.224077609753551, 52.226797521559575 ], [ 5.224081132136785, 52.22680286519131 ], [ 5.224086408937226, 52.226808732537926 ], [ 5.224135655330149, 52.226873872370525 ], [ 5.224194549998224, 52.226950224322458 ], [ 5.224204265563536, 52.226963009425511 ], [ 5.22421562975445, 52.226977234853585 ], [ 5.224267273592127, 52.227043267729528 ], [ 5.224284345157667, 52.227065715893531 ], [ 5.224329646057547, 52.227125286737468 ], [ 5.224417882378771, 52.22724299604873 ], [ 5.224482069342513, 52.227329286690221 ], [ 5.224496814028721, 52.227347705071686 ], [ 5.224531912735081, 52.227391578030229 ], [ 5.224576433383296, 52.227448559206906 ], [ 5.224645933115834, 52.227539090331469 ], [ 5.224724354702044, 52.227643483920296 ], [ 5.224797421524074, 52.227739349636956 ], [ 5.224811014297869, 52.227756642916518 ], [ 5.224882008846793, 52.227846915302578 ], [ 5.22489137431723, 52.227859484158046 ], [ 5.224987199639867, 52.227988060741346 ], [ 5.225136866320949, 52.228182978322721 ], [ 5.225235777697268, 52.228312565562845 ], [ 5.225243775140077, 52.228323038350972 ], [ 5.225256419306621, 52.228339665178225 ], [ 5.225328526252901, 52.228434468673456 ], [ 5.225358045721938, 52.228471476024289 ], [ 5.225394152648954, 52.228520329352492 ], [ 5.225469854105803, 52.228616980182196 ], [ 5.225532621809525, 52.228700203436709 ], [ 5.225591113804634, 52.228775906988112 ], [ 5.225641850348552, 52.228843025524156 ], [ 5.225681556775759, 52.228896404556551 ], [ 5.225731266691155, 52.228960124251401 ], [ 5.225787241492376, 52.229031878607564 ], [ 5.225846050866589, 52.229109101403338 ], [ 5.225858651863359, 52.229125647213955 ], [ 5.225900402752121, 52.229180467011908 ], [ 5.225937838442635, 52.229230526348218 ], [ 5.225991314297453, 52.229301369424185 ], [ 5.226099119420369, 52.229441960148598 ], [ 5.22618303001422, 52.229552238244104 ], [ 5.226196824770543, 52.229570646122866 ], [ 5.226226460504694, 52.229608291541531 ], [ 5.2263001006976, 52.229705244595742 ], [ 5.226322077259918, 52.22973593197586 ], [ 5.226358484230345, 52.229783338364584 ], [ 5.226390901271325, 52.229829103530157 ], [ 5.226393959515541, 52.229833412858255 ], [ 5.226450760369706, 52.229903999592949 ], [ 5.226505009636536, 52.229971886483511 ], [ 5.226571080290111, 52.23006163881216 ], [ 5.226581130760166, 52.230075286997341 ], [ 5.226648050767088, 52.230160950974913 ], [ 5.226754333343127, 52.230302770339449 ], [ 5.226779199587533, 52.23033598713095 ], [ 5.226851980529688, 52.230432399390565 ], [ 5.226864567992686, 52.23044884620473 ], [ 5.226930725189012, 52.230535281933541 ], [ 5.227000128312167, 52.230626854069492 ], [ 5.227006683145954, 52.230635751909013 ], [ 5.22703226159868, 52.23067047057647 ], [ 5.227100820049696, 52.230760962967388 ], [ 5.227143624273874, 52.23081679036931 ], [ 5.227236299212214, 52.230937640241422 ], [ 5.227353901526723, 52.231095445719667 ], [ 5.227387795794949, 52.231138003943542 ], [ 5.227490141203747, 52.231276950178696 ], [ 5.227540928560426, 52.231343735382289 ], [ 5.227557985437817, 52.231367117766055 ], [ 5.22759081741804, 52.231412128170085 ], [ 5.227628068718367, 52.231461593501606 ], [ 5.227668353394605, 52.231514226627382 ], [ 5.227679426232289, 52.231528693986292 ], [ 5.227753222618416, 52.231628765079485 ], [ 5.227785445672785, 52.231672246676034 ], [ 5.227832964600254, 52.231736366945945 ], [ 5.227903833408782, 52.231832542267526 ], [ 5.227942392621267, 52.231884858397038 ], [ 5.228007273175506, 52.231969260528921 ], [ 5.228023052591089, 52.231989791983025 ], [ 5.228088390084447, 52.23207749321395 ], [ 5.228125255912799, 52.23212863858528 ], [ 5.228170861310224, 52.232191902295305 ], [ 5.228188427639261, 52.232216273929346 ], [ 5.228190613050572, 52.232219152971297 ], [ 5.228218455305175, 52.232255806796289 ], [ 5.228332738805356, 52.232406227792069 ], [ 5.228461766875459, 52.23257626191814 ], [ 5.228549402387262, 52.232692025829856 ], [ 5.228623051453474, 52.232789336896431 ], [ 5.228765745939276, 52.232973922310229 ], [ 5.228933822322666, 52.233196146559209 ], [ 5.228985570865561, 52.233265547856121 ], [ 5.229032511776867, 52.233324390998561 ], [ 5.229069732311248, 52.233371051614583 ], [ 5.229144470371159, 52.233467375138389 ], [ 5.229193735407282, 52.233531416280186 ], [ 5.229207005885707, 52.233549760176309 ], [ 5.229217479560517, 52.233564226583987 ], [ 5.229233558296281, 52.233587355748753 ], [ 5.229278533312764, 52.233647616237924 ], [ 5.229361762660787, 52.23375630920993 ], [ 5.229368493577315, 52.233765350952652 ], [ 5.229370926655627, 52.233768607790779 ], [ 5.229406723382918, 52.233816569629028 ], [ 5.22942960605948, 52.233848848457143 ], [ 5.229443900841831, 52.233867355472967 ], [ 5.229461955251947, 52.233890693961179 ], [ 5.229470377739097, 52.233901580457321 ], [ 5.22949807730443, 52.2339377843862 ], [ 5.229511132968911, 52.233954851689937 ], [ 5.229527669063216, 52.233977055677549 ], [ 5.229590899873864, 52.234061922068094 ], [ 5.229645252244389, 52.234132414060085 ], [ 5.229693656972249, 52.23419591456873 ], [ 5.229705589118785, 52.234211991693407 ], [ 5.229762380039478, 52.234288454788022 ], [ 5.229823522230904, 52.234368096345555 ], [ 5.229876148026688, 52.23443857694064 ], [ 5.229924715994641, 52.234501637164634 ], [ 5.229945786986338, 52.234528979166811 ], [ 5.230020604796802, 52.234628681637325 ], [ 5.230087525932838, 52.234717839844471 ], [ 5.23023186987004, 52.234907243071881 ], [ 5.23030908979272, 52.235011082935856 ], [ 5.230353660916152, 52.235070461655454 ], [ 5.230359168555047, 52.235077803019266 ], [ 5.23037303848699, 52.235096623927724 ], [ 5.230391789080076, 52.235122084315535 ], [ 5.230394790341736, 52.235126159776392 ], [ 5.230455879391333, 52.235209072486576 ], [ 5.230548423410634, 52.235330674449116 ], [ 5.230647739116874, 52.23546250444808 ], [ 5.230713070369984, 52.235550734434824 ], [ 5.230803079915171, 52.235669115196835 ], [ 5.230881940542933, 52.235773388254849 ], [ 5.230950790886542, 52.235864426954819 ], [ 5.23102171889476, 52.235960034166816 ], [ 5.2310704339835, 52.236023822106489 ], [ 5.231200219541043, 52.236196721222171 ], [ 5.231233150590213, 52.236240589245838 ], [ 5.231284804406727, 52.236309809608997 ], [ 5.231332437875804, 52.236369147041941 ], [ 5.231336038099458, 52.236373627719018 ], [ 5.231352013118922, 52.236393529819964 ], [ 5.231393338717557, 52.236448257152226 ], [ 5.231437602378176, 52.236504282585116 ], [ 5.231491541294235, 52.236573290156848 ], [ 5.231596631368161, 52.236709054601384 ], [ 5.231656088692064, 52.236782581239133 ], [ 5.231666811504715, 52.236797416247732 ], [ 5.231683157974766, 52.23682003311005 ], [ 5.23169137491448, 52.236831404512472 ], [ 5.231738737697691, 52.236893114201294 ], [ 5.231811940333026, 52.236988094761685 ], [ 5.231879337028932, 52.237077261521449 ], [ 5.231879745084374, 52.23707779233839 ], [ 5.23195694949997, 52.237179860457665 ], [ 5.231960038848848, 52.237183944980444 ], [ 5.232043543789549, 52.237297148223654 ], [ 5.232069993472863, 52.237331938796515 ], [ 5.232105551226806, 52.237378713075643 ], [ 5.232152918886756, 52.237439353048032 ], [ 5.232224397741075, 52.237533782824791 ], [ 5.232260550760177, 52.237582076775489 ], [ 5.232278634618918, 52.23760622375616 ], [ 5.232304473242509, 52.23764002481439 ], [ 5.232355314500365, 52.237703886888958 ], [ 5.232388049840156, 52.237745741050553 ], [ 5.232398557592426, 52.237759407292664 ], [ 5.232466413486292, 52.23784770248632 ], [ 5.232521525840342, 52.237921205008675 ], [ 5.232541841991934, 52.237947619795733 ], [ 5.232580958666009, 52.237998479046517 ], [ 5.232607635689098, 52.238035498768006 ], [ 5.232625699731362, 52.238061245497484 ], [ 5.232673044898477, 52.238124563590389 ], [ 5.232709213554437, 52.238172848430338 ], [ 5.232775523608812, 52.238259775271693 ], [ 5.232829800824263, 52.238329537624132 ], [ 5.232898687757352, 52.238420754942879 ], [ 5.23296657045067, 52.238510344116193 ], [ 5.232993414644396, 52.238545773122325 ], [ 5.23305109049732, 52.238623574902654 ], [ 5.23311823991314, 52.238713711285314 ], [ 5.233178536726297, 52.238791525403826 ], [ 5.233254340389097, 52.238889717067465 ], [ 5.233291372164512, 52.238938551101327 ], [ 5.233353360316435, 52.23902278462365 ], [ 5.233397271001093, 52.239080732222938 ], [ 5.233465324061488, 52.239168200195877 ], [ 5.233503236566628, 52.23921649603701 ], [ 5.233542825251518, 52.239271220326458 ], [ 5.233545959059196, 52.239275232961276 ], [ 5.233593651820106, 52.23933615137571 ], [ 5.233661683646284, 52.239425758301408 ], [ 5.233702176816251, 52.239477275062171 ], [ 5.233736633047115, 52.239521809434756 ], [ 5.233791747681374, 52.239595859597344 ], [ 5.233824728211667, 52.239639583125836 ], [ 5.233826068990447, 52.23964136445084 ], [ 5.233832219154372, 52.239649515381629 ], [ 5.23395795477183, 52.239814245151273 ], [ 5.234015220751689, 52.239888738395592 ], [ 5.234075110514511, 52.239966632399785 ], [ 5.234131095570886, 52.240039074706786 ], [ 5.234162095760932, 52.240079856560584 ], [ 5.234214613202617, 52.240151746082006 ], [ 5.234230561675127, 52.240171620779691 ], [ 5.234252531028308, 52.240198972130372 ], [ 5.234299258549257, 52.240260158633554 ], [ 5.234311953436764, 52.240276775526716 ], [ 5.234361920304099, 52.240341174839237 ], [ 5.234393795678296, 52.240383027309747 ], [ 5.234432552041156, 52.24043346302836 ], [ 5.234450532978734, 52.240458418431331 ], [ 5.23446438171627, 52.240475872663907 ], [ 5.234472291264674, 52.240487629942592 ], [ 5.234484959248955, 52.240503590671786 ], [ 5.23451003291588, 52.240535161262784 ], [ 5.234539885168182, 52.240573613689065 ], [ 5.23456283683067, 52.240604947845767 ], [ 5.23458293236081, 52.240632368616069 ], [ 5.234592713193256, 52.24064493720406 ], [ 5.234606633831755, 52.240662804951079 ], [ 5.234612773762855, 52.24066975146031 ], [ 5.234697076977401, 52.240780311358705 ], [ 5.234783121066983, 52.240891394731008 ], [ 5.234866528368816, 52.240998744702047 ], [ 5.234943810638899, 52.241099157127671 ], [ 5.234970168127694, 52.241136544379629 ], [ 5.235021089635649, 52.241200630057314 ], [ 5.23505974757758, 52.241254579666219 ], [ 5.235084313512556, 52.241285017013574 ], [ 5.235108656924128, 52.241316316898626 ], [ 5.235153685040594, 52.241374211326978 ], [ 5.235218671854457, 52.241461269852806 ], [ 5.235284528219189, 52.241546720641516 ], [ 5.235387264549523, 52.241679710301405 ], [ 5.235464547369618, 52.241780652652807 ], [ 5.235532146956063, 52.24186610553452 ], [ 5.235627864192628, 52.241992686657113 ], [ 5.235716541096957, 52.242105902804667 ], [ 5.235774511155998, 52.242181744231878 ], [ 5.235840358644376, 52.242266125137647 ], [ 5.235954502414021, 52.242412466783492 ], [ 5.236015105220176, 52.242493650209582 ], [ 5.236073941953293, 52.242568953323484 ], [ 5.23617843093431, 52.24270460489538 ], [ 5.236233765122363, 52.242776712783389 ], [ 5.236325974030228, 52.242898480362804 ], [ 5.236443651777752, 52.243052834155932 ], [ 5.236525346821074, 52.243162328807479 ], [ 5.236597367274173, 52.243257924926603 ], [ 5.236634247872644, 52.243305993711189 ], [ 5.236689130418798, 52.243377876106528 ], [ 5.236737001531288, 52.243440581997611 ], [ 5.236842400739168, 52.243581051576001 ], [ 5.236947794971359, 52.243718851673194 ], [ 5.237006620258613, 52.243794154288274 ], [ 5.23709796771146, 52.243916459412411 ], [ 5.237161204766132, 52.243999245396438 ], [ 5.237214788748289, 52.244070281036123 ], [ 5.23733600368824, 52.244232646516998 ], [ 5.237368800154124, 52.244276557523143 ], [ 5.237409788483867, 52.244331452999127 ], [ 5.237488848826031, 52.244437743960681 ], [ 5.237552973347359, 52.244522660957585 ], [ 5.237553396089949, 52.244523218736063 ], [ 5.237575276588368, 52.244552115232118 ], [ 5.237660131159891, 52.244664192559576 ], [ 5.237770789406177, 52.244809997687391 ], [ 5.237842824416534, 52.244907210835571 ], [ 5.23787987867042, 52.2449566995057 ], [ 5.237892793393366, 52.244974053274319 ], [ 5.237933740259133, 52.245028597983861 ], [ 5.238004322094899, 52.245122726380167 ], [ 5.238049621833247, 52.245180485183162 ], [ 5.238109755802467, 52.245259644640939 ], [ 5.238190779285915, 52.245366602683639 ], [ 5.238200252407132, 52.245379853645026 ], [ 5.238233043929342, 52.245425750697358 ], [ 5.23826223569535, 52.245466619028065 ], [ 5.238320622313965, 52.245543097809517 ], [ 5.238348496838499, 52.245579461573364 ], [ 5.238393812454603, 52.245641507437689 ], [ 5.238407718386446, 52.245660318417784 ], [ 5.238427396580819, 52.245686947053272 ], [ 5.238436506905082, 52.245699262807562 ], [ 5.238485302680137, 52.245767182044077 ], [ 5.238559370662795, 52.245870410127701 ], [ 5.238626464190244, 52.245957577196677 ], [ 5.238674390513133, 52.24601854769282 ], [ 5.238711859327966, 52.246067218721457 ], [ 5.238761530516895, 52.246131930294673 ], [ 5.238874807439443, 52.246280613724124 ], [ 5.238942782515152, 52.246367251431529 ], [ 5.239023826420667, 52.246473678623246 ], [ 5.239117937141438, 52.246596156345795 ], [ 5.239227731092329, 52.246740547882645 ], [ 5.239300921213828, 52.24683574828093 ], [ 5.239325328772949, 52.246871586176276 ], [ 5.239363666959804, 52.246923457731199 ], [ 5.239382842738267, 52.246951802240986 ], [ 5.239439484958519, 52.247025608889878 ], [ 5.239466493829304, 52.247063049832072 ], [ 5.239510938850346, 52.24711919816783 ], [ 5.239582389937858, 52.247218144122293 ], [ 5.239643393811618, 52.247301573052752 ], [ 5.239720950295089, 52.247405326018963 ], [ 5.239769753437698, 52.247472175162045 ], [ 5.239831625476986, 52.247554535525659 ], [ 5.239883906883175, 52.247623528048528 ], [ 5.239940556579006, 52.247700012818207 ], [ 5.240008521761659, 52.247790928063083 ], [ 5.240071269731676, 52.247874358933103 ], [ 5.240133148197855, 52.247955110324874 ], [ 5.240188052168423, 52.248028384157635 ], [ 5.240202750208333, 52.248047231852738 ], [ 5.240246436116863, 52.24810325312724 ], [ 5.240345785864209, 52.248233214181788 ], [ 5.24042508988514, 52.248336438555306 ], [ 5.240481737925058, 52.248413983611201 ], [ 5.240603734430088, 52.248568545155166 ], [ 5.240676064803728, 52.248664273878276 ], [ 5.240719647223774, 52.248720959938758 ], [ 5.240740565414187, 52.248749845642919 ], [ 5.240770709109505, 52.248787586752421 ], [ 5.240814583813299, 52.248840066852082 ], [ 5.240893259154287, 52.248939191687185 ], [ 5.240957221785704, 52.249023845908312 ], [ 5.241028120949118, 52.249114395669451 ], [ 5.241106765071301, 52.249218868053156 ], [ 5.241156918445636, 52.249281565906223 ], [ 5.241237307474998, 52.249385510074354 ], [ 5.241272733338374, 52.249433719357029 ], [ 5.241288918460635, 52.249454851644764 ], [ 5.241307158985268, 52.249474368663535 ], [ 5.241355932231844, 52.249538349980078 ], [ 5.241387850903464, 52.249579939888505 ], [ 5.241436646670294, 52.249646060291958 ], [ 5.241489826982698, 52.249714837474144 ], [ 5.241538600755162, 52.249778818712628 ], [ 5.241598039778547, 52.249859341604981 ], [ 5.24164325646675, 52.249918527927477 ], [ 5.241699119676644, 52.249991038245732 ], [ 5.241739861797481, 52.250043855670214 ], [ 5.241750535874365, 52.250057683029226 ], [ 5.241753262653953, 52.250061236559212 ], [ 5.241802840271234, 52.250125928707767 ], [ 5.241828638685476, 52.250158541154597 ], [ 5.241846270281417, 52.250180834565313 ], [ 5.241934962453386, 52.250299213843334 ], [ 5.242015670270726, 52.250405314919867 ], [ 5.242107907919388, 52.25052795862608 ], [ 5.242214300451042, 52.250666042653812 ], [ 5.242272805668317, 52.250741755580307 ], [ 5.242297636823062, 52.25077481612454 ], [ 5.242388053486136, 52.250890500823985 ], [ 5.242477616011773, 52.25100780220783 ], [ 5.242504214225559, 52.251042455707299 ], [ 5.242560078496965, 52.251115504869546 ], [ 5.242623017699644, 52.251197074086896 ], [ 5.242707271733785, 52.25130797848351 ], [ 5.242729452609343, 52.251336622691909 ], [ 5.242766476218572, 52.251385336774277 ], [ 5.242821333525657, 52.251457575677158 ], [ 5.242879675362093, 52.251534636258747 ], [ 5.242914498477569, 52.251580120992344 ], [ 5.242965011348785, 52.251646467525667 ], [ 5.243023340782368, 52.251722988750956 ], [ 5.243048593886063, 52.251757236032482 ], [ 5.243102592465016, 52.251823595740589 ], [ 5.24316180358065, 52.251903856887537 ], [ 5.243217524440016, 52.251976635917195 ], [ 5.243274995921251, 52.252051547154807 ], [ 5.243346394257433, 52.252144657592098 ], [ 5.243425642257668, 52.252246864177124 ], [ 5.243480498245403, 52.252320172305396 ], [ 5.243528390565775, 52.252382246205286 ], [ 5.243589349332783, 52.252461439704945 ], [ 5.243610464330628, 52.25248945330177 ], [ 5.243637470765877, 52.252525221515974 ], [ 5.243728782629794, 52.252642506058073 ], [ 5.243810337152977, 52.252747537336148 ], [ 5.243890162233536, 52.252853114714938 ], [ 5.244008100110689, 52.253006661046733 ], [ 5.244126926961816, 52.253161817144232 ], [ 5.24422623083119, 52.25329030074289 ], [ 5.244311254724086, 52.253401088035332 ], [ 5.24438416892772, 52.253497794762836 ], [ 5.244477144534937, 52.253618118581436 ], [ 5.244572176597704, 52.253741248991574 ], [ 5.244643956810704, 52.253835707238814 ], [ 5.244697964181095, 52.253905427629086 ], [ 5.244759128954008, 52.253985618391283 ], [ 5.244772959743921, 52.254006684431367 ], [ 5.244808440409042, 52.254053841101801 ], [ 5.244855166279925, 52.254115463647523 ], [ 5.244888055720051, 52.254157790735896 ], [ 5.244946898844733, 52.254236028254667 ], [ 5.244991031959215, 52.254293360454334 ], [ 5.245006613092992, 52.254312118710352 ], [ 5.24505938648733, 52.254383383343189 ], [ 5.245093123294242, 52.254431068107742 ], [ 5.245057359795741, 52.254435644853871 ], [ 5.24485976391179, 52.254454928688538 ], [ 5.244765668489681, 52.254464108780297 ], [ 5.243980268174176, 52.25453485590743 ], [ 5.244064147428527, 52.25464235243696 ], [ 5.244081128862218, 52.254662784235819 ], [ 5.244082237624202, 52.254664115768982 ], [ 5.244104319694284, 52.254692400068578 ], [ 5.244138652575435, 52.254736643504835 ], [ 5.244146251337239, 52.254746431400662 ], [ 5.244188161569506, 52.254802601783084 ], [ 5.244214363237837, 52.25483416259425 ], [ 5.244259762675765, 52.254889258634556 ], [ 5.244299940659337, 52.254942227232455 ], [ 5.244384421299039, 52.255045347202852 ], [ 5.244474448637313, 52.255158953555004 ], [ 5.244568812393542, 52.255276852235824 ], [ 5.244661419224935, 52.255394739733326 ], [ 5.244765320061296, 52.255521224085058 ], [ 5.244780901558084, 52.255539973378966 ], [ 5.244794756565544, 52.255558199300957 ], [ 5.244814841141007, 52.255583964479293 ], [ 5.244831104298187, 52.255604817727161 ], [ 5.244910725821405, 52.255707706763317 ], [ 5.244976532082008, 52.255789161256253 ], [ 5.245096866946116, 52.255938673777621 ], [ 5.245167849166374, 52.256027639173006 ], [ 5.245234493875503, 52.256112842426866 ], [ 5.245277791709976, 52.256166425591687 ], [ 5.245352237163965, 52.256258073385027 ], [ 5.245431885946065, 52.256357744463777 ], [ 5.245600692776623, 52.256569959347132 ], [ 5.245676886908318, 52.256664808669839 ], [ 5.24574179916143, 52.256747340183324 ], [ 5.245856081511763, 52.256890418401859 ], [ 5.245918420790293, 52.256967050758298 ], [ 5.245959100329672, 52.2570201002574 ], [ 5.246064700190702, 52.257153541989616 ], [ 5.246124443390347, 52.257226953511612 ], [ 5.246165148217834, 52.257276794330942 ], [ 5.246236993763795, 52.257367359911783 ], [ 5.246293253435537, 52.257440236914832 ], [ 5.246324430279604, 52.257478822619348 ], [ 5.246383287107791, 52.25755491130672 ], [ 5.246461207731727, 52.257651379958425 ], [ 5.246537387524429, 52.257747298232324 ], [ 5.246583287064085, 52.257803571338378 ], [ 5.246619636801337, 52.257850728460753 ], [ 5.246692304991953, 52.257950390359298 ], [ 5.246725193937947, 52.257994325713412 ], [ 5.24679788568781, 52.258091309215132 ], [ 5.246876627314538, 52.258197404462571 ], [ 5.246913830045458, 52.258248301416387 ], [ 5.246928547538213, 52.258267597645592 ], [ 5.246951036200695, 52.258298137804715 ], [ 5.246996896950641, 52.258362427791866 ], [ 5.24702888127495, 52.258410109887137 ], [ 5.247058562613648, 52.258449610370604 ], [ 5.247071164698864, 52.258466297620558 ], [ 5.24711636986478, 52.258524924484995 ], [ 5.247174822763664, 52.258595260107569 ], [ 5.24724471402792, 52.258675172225068 ], [ 5.247331468434477, 52.258776926553928 ], [ 5.247404051464096, 52.258862710772576 ], [ 5.247473105347797, 52.25894369130566 ], [ 5.247524432270947, 52.25900281956639 ], [ 5.247555460442801, 52.259042797862271 ], [ 5.247648508110762, 52.259160575590137 ], [ 5.247695507926732, 52.259221873709805 ], [ 5.247789433484643, 52.259340182635988 ], [ 5.247816966532411, 52.259378565905486 ], [ 5.247894032668481, 52.259473954034846 ], [ 5.248003032920327, 52.259610372921102 ], [ 5.248102308882165, 52.259737217279714 ], [ 5.248136005165081, 52.259781458757836 ], [ 5.248204883945911, 52.259867804340814 ], [ 5.248209552730391, 52.259873651877918 ], [ 5.24824568760698, 52.259920349850269 ], [ 5.248262755781044, 52.259942407913314 ], [ 5.248350472993981, 52.260051649410087 ], [ 5.248461228719339, 52.260189669740392 ], [ 5.248552491203014, 52.26030371470879 ], [ 5.248590601878637, 52.260351142896454 ], [ 5.248686301201897, 52.2604705137162 ], [ 5.248815674346537, 52.260632516894468 ], [ 5.248917552511366, 52.260757736797991 ], [ 5.248979578229918, 52.260835014228348 ], [ 5.249100972810774, 52.260986887530599 ], [ 5.249188720092251, 52.26109720694793 ], [ 5.249243644868498, 52.261164346733771 ], [ 5.249337591646706, 52.261283184682952 ], [ 5.249429761809902, 52.261398829827471 ], [ 5.249506847908675, 52.261494747164967 ], [ 5.249586590296643, 52.261593867185717 ], [ 5.249665504508182, 52.261695664542565 ], [ 5.249712509778946, 52.26175696183293 ], [ 5.249751508226293, 52.261807051042354 ], [ 5.249796674895672, 52.261861407604833 ], [ 5.249884104373022, 52.261947647886565 ], [ 5.249955656440214, 52.262019516218302 ], [ 5.2499962962846, 52.262059981349481 ], [ 5.250073181839131, 52.262140924451046 ], [ 5.250101501708998, 52.262172342557676 ], [ 5.250134288864585, 52.262213382744086 ], [ 5.250186558744574, 52.262277858620308 ], [ 5.250244129542923, 52.262347661367535 ], [ 5.250303456650814, 52.262417987408512 ], [ 5.25037257976581, 52.262503783707693 ], [ 5.250407108930537, 52.262545338132973 ], [ 5.250473540611201, 52.262625262247113 ], [ 5.250521400861611, 52.262685481659567 ], [ 5.250574573463053, 52.262752097488885 ], [ 5.250641918760356, 52.262835222204643 ], [ 5.250698600721089, 52.2629039631396 ], [ 5.250734148888909, 52.262947792546221 ], [ 5.250765071843829, 52.262990484149199 ], [ 5.250816631689423, 52.263053035535222 ], [ 5.250879548464075, 52.263133242968649 ], [ 5.250915394635346, 52.263185116711959 ], [ 5.250964336076072, 52.263251421900321 ], [ 5.250989153925095, 52.263283644652532 ], [ 5.251007158184009, 52.263307024582446 ], [ 5.251049122595792, 52.263365313602989 ], [ 5.251105930370737, 52.263441244691442 ], [ 5.251193326629183, 52.26355460002236 ], [ 5.251254504868888, 52.263638553146627 ], [ 5.251271986547751, 52.263660467428302 ], [ 5.251289466570808, 52.263682929958975 ], [ 5.251341905136305, 52.263755647277414 ], [ 5.2513646357807, 52.26378559364602 ], [ 5.25141008089629, 52.26384601662901 ], [ 5.251472138840938, 52.263929970645137 ], [ 5.2515237104889, 52.263998947974699 ], [ 5.251577007561093, 52.264064179361249 ], [ 5.251597982365618, 52.264093584404279 ], [ 5.251635570058462, 52.264141712017228 ], [ 5.251659162122014, 52.264172719869876 ], [ 5.251715088185362, 52.264240623569449 ], [ 5.251819961621248, 52.26437376252256 ], [ 5.251922208682446, 52.264503698732121 ], [ 5.252034956200582, 52.264644324308875 ], [ 5.252116691485252, 52.264746932083604 ], [ 5.252623771058142, 52.265385398408753 ], [ 5.252658068090025, 52.265427643944044 ], [ 5.2526982705225, 52.265478973821651 ], [ 5.252781299429025, 52.265581097249807 ], [ 5.252886174241504, 52.265711026589244 ], [ 5.252994537885923, 52.265845228975898 ], [ 5.253087174966907, 52.265958049526859 ], [ 5.253109035441938, 52.265985846484618 ], [ 5.253176324441251, 52.266071405317255 ], [ 5.253204292208869, 52.266104556892245 ], [ 5.253233244929356, 52.266141439496074 ], [ 5.253247108428771, 52.266159089178508 ], [ 5.25331878304336, 52.266247852534683 ], [ 5.253377326811624, 52.266318958021763 ], [ 5.253417535684723, 52.266368687830877 ], [ 5.253471720711263, 52.266437667229312 ], [ 5.253510183370348, 52.266488455587485 ], [ 5.25354512986477, 52.266529632045746 ], [ 5.253629910949646, 52.266634965463922 ], [ 5.253705949606641, 52.266729602509528 ], [ 5.2537662591564, 52.266803388141035 ], [ 5.25379421821203, 52.266839748191195 ], [ 5.253823933411154, 52.266871823053371 ], [ 5.253844028615913, 52.266897487780831 ], [ 5.253887733328549, 52.266949351462848 ], [ 5.253963759771423, 52.267038640606188 ], [ 5.253984735702759, 52.267063767035097 ], [ 5.254042407406212, 52.267133280365059 ], [ 5.254062507664615, 52.267157336250939 ], [ 5.254114959382976, 52.26722363504031 ], [ 5.254188376201711, 52.267318817067505 ], [ 5.254264402296207, 52.267408636287563 ], [ 5.254296183464507, 52.267445728517004 ], [ 5.254323435625261, 52.267483615561694 ], [ 5.254362238196897, 52.267534035514785 ], [ 5.254407110789465, 52.267587679884713 ], [ 5.254437292437527, 52.26762576792057 ], [ 5.254508881454631, 52.267715348316706 ], [ 5.254543364162705, 52.267760397671999 ], [ 5.25459684052838, 52.267827452359292 ], [ 5.254641694288124, 52.267882696436395 ], [ 5.254687404488172, 52.267940628794264 ], [ 5.254716727075544, 52.267977106985271 ], [ 5.254738301059504, 52.268003393365682 ], [ 5.254754669377014, 52.268026456297811 ], [ 5.254815875685362, 52.268105293495957 ], [ 5.254871068796714, 52.2681766371348 ], [ 5.254923646198948, 52.268245820760995 ], [ 5.254948660253064, 52.26827800691543 ], [ 5.254975383608559, 52.26831179479511 ], [ 5.254987469002088, 52.268326817853179 ], [ 5.255037487481313, 52.268389572321503 ], [ 5.255074612920682, 52.268433033634452 ], [ 5.255131579111996, 52.268499561689566 ], [ 5.25515141821298, 52.268523167703798 ], [ 5.255204894839886, 52.268590752382813 ], [ 5.255266181904079, 52.2686626418933 ], [ 5.25530499133687, 52.268711452723544 ], [ 5.255339522898899, 52.268755378421936 ], [ 5.255381135343955, 52.268807544782618 ], [ 5.255453897972997, 52.268902815139953 ], [ 5.255530999320131, 52.269002359462426 ], [ 5.255618493864193, 52.269114749804736 ], [ 5.255708614359182, 52.269226073455144 ], [ 5.255778805846895, 52.2693143842246 ], [ 5.255887113316173, 52.269448727596171 ], [ 5.255986767019533, 52.269571826575891 ], [ 5.256062164020621, 52.269663890836455 ], [ 5.256199951256051, 52.269832491945508 ], [ 5.256257140076442, 52.269904205617991 ], [ 5.25633253820017, 52.269996269700592 ], [ 5.256423534473599, 52.270104924390701 ], [ 5.25652147650153, 52.270223212562549 ], [ 5.256590451405692, 52.27030781853334 ], [ 5.256596962376064, 52.270315698991432 ], [ 5.25660813036884, 52.270329192946761 ], [ 5.25663932220986, 52.270368791455077 ], [ 5.256660992714771, 52.270392920516841 ], [ 5.256687876418724, 52.270422861412847 ], [ 5.256804026309752, 52.270562560274456 ], [ 5.256909778068923, 52.270686204431478 ], [ 5.256932988865625, 52.27071476609936 ], [ 5.257016372909834, 52.270817336215174 ], [ 5.257071747464201, 52.270884095231011 ], [ 5.257081689535199, 52.270896068861674 ], [ 5.257088302969961, 52.270904039281888 ], [ 5.257118632780368, 52.270943115421296 ], [ 5.257125623258196, 52.270952416441055 ], [ 5.257152417692685, 52.270988064351648 ], [ 5.257193115509127, 52.271038808979313 ], [ 5.257199202665285, 52.271046401329301 ], [ 5.257252052756803, 52.271114910095179 ], [ 5.257302086892658, 52.271179488097935 ], [ 5.257341745984634, 52.271229845058684 ], [ 5.257385433558174, 52.271285419320748 ], [ 5.257430870000868, 52.271344195123234 ], [ 5.257457080917273, 52.271374117124743 ], [ 5.257506868812746, 52.271432897668163 ], [ 5.25756276533814, 52.271497014618575 ], [ 5.25763790716205, 52.271588385499172 ], [ 5.257700793840198, 52.271662126928426 ], [ 5.25776106909591, 52.271732126562384 ], [ 5.257830949135525, 52.27181441393229 ], [ 5.257877058342681, 52.271868939086517 ], [ 5.257894292362615, 52.271892604690144 ], [ 5.257934463820055, 52.271943555195669 ], [ 5.257954158886883, 52.271967349307204 ], [ 5.257973409074271, 52.271992994405885 ], [ 5.258010152267315, 52.272038934964087 ], [ 5.25805388547517, 52.272094491043674 ], [ 5.258126504762917, 52.27218744069242 ], [ 5.25819560510742, 52.272271308831883 ], [ 5.258246309593015, 52.272327932991963 ], [ 5.258332036158934, 52.27243316507019 ], [ 5.258381888171884, 52.272490848796053 ], [ 5.258457098197403, 52.272580062150794 ], [ 5.258467844986723, 52.272592674666114 ], [ 5.258511796815977, 52.272643943651588 ], [ 5.258581433374708, 52.272720199517707 ], [ 5.258695718746203, 52.27285012474217 ], [ 5.258745578542698, 52.272905435552353 ], [ 5.258800611083914, 52.272965578374489 ], [ 5.258852908654988, 52.273034265551566 ], [ 5.258885114414134, 52.273079266179955 ], [ 5.258897445123988, 52.273096500074629 ], [ 5.258972235921361, 52.273194637468229 ], [ 5.258983633308469, 52.273210378376014 ], [ 5.259067619781788, 52.273315617002879 ], [ 5.259182204671515, 52.273454502847933 ], [ 5.259270555992639, 52.273565615045648 ], [ 5.259412285146434, 52.273742431329048 ], [ 5.259558374805585, 52.273926729943952 ], [ 5.259650245289594, 52.274042645098667 ], [ 5.259740344035188, 52.274153219549881 ], [ 5.259835701913435, 52.27427448601955 ], [ 5.259945065554541, 52.274411774645536 ], [ 5.260069274950274, 52.274563477483682 ], [ 5.260116517454628, 52.274623305718663 ], [ 5.260230260095642, 52.274767007034875 ], [ 5.260236903025371, 52.27477530985044 ], [ 5.260349235197074, 52.274915504313917 ], [ 5.260483096798025, 52.27508484201271 ], [ 5.260622215918512, 52.275260593438631 ], [ 5.260763941192108, 52.275437408032431 ], [ 5.260885538030188, 52.275587516357334 ], [ 5.260963402321519, 52.275684729981585 ], [ 5.261058722825026, 52.275790491528845 ], [ 5.261102446831433, 52.275836420553553 ], [ 5.261174159476325, 52.275917611321802 ], [ 5.261255530938989, 52.27601856738233 ], [ 5.261371880352639, 52.276160122260677 ], [ 5.261392001832045, 52.276184698164606 ], [ 5.26145849479531, 52.276267492010682 ], [ 5.261533736127841, 52.276360442268377 ], [ 5.261596146622164, 52.276441452125795 ], [ 5.261628329101874, 52.276480978414739 ], [ 5.261711198592156, 52.276581432425367 ], [ 5.26175702604234, 52.276635389483197 ], [ 5.261791405155659, 52.27667545731903 ], [ 5.261883971571423, 52.276787668457146 ], [ 5.261954514533562, 52.276874223177636 ], [ 5.262017090476107, 52.276949031438008 ], [ 5.26213522776909, 52.277092223196398 ], [ 5.262239272456839, 52.277218853523095 ], [ 5.26231242496923, 52.277305410777352 ], [ 5.262412048848664, 52.277425628022385 ], [ 5.262514317938914, 52.277548517325961 ], [ 5.262597189934667, 52.277649500971449 ], [ 5.262673013376123, 52.277740329982677 ], [ 5.262722417856858, 52.277804994813494 ], [ 5.262823895318725, 52.277939126667448 ], [ 5.262952676286657, 52.278103180316798 ], [ 5.263026789502103, 52.278198303435474 ], [ 5.263102620466101, 52.278292340790685 ], [ 5.263172300627746, 52.278379981367742 ], [ 5.263297532616635, 52.278535474580281 ], [ 5.263432462527676, 52.278702715782352 ], [ 5.263544475218714, 52.278843787554422 ], [ 5.263727019602919, 52.279067664939717 ], [ 5.263836402455568, 52.279206603586822 ], [ 5.263947529789039, 52.279345525969823 ], [ 5.264050705678541, 52.279472162723337 ], [ 5.264078054013579, 52.279507432090057 ], [ 5.264127428899272, 52.279568348392523 ], [ 5.264161824112387, 52.279609485070722 ], [ 5.26426056575295, 52.27972916950435 ], [ 5.264353156479444, 52.279842439212693 ], [ 5.264457532996634, 52.279970263224762 ], [ 5.264467376313377, 52.279982308010062 ], [ 5.264483686586496, 52.280003275333321 ], [ 5.264540129926439, 52.280073267410252 ], [ 5.264596005393653, 52.280142009575819 ], [ 5.264626557331068, 52.280179600964765 ], [ 5.264782656977414, 52.280373565047839 ], [ 5.264874362375124, 52.28048469433574 ], [ 5.264992541667866, 52.280630031240705 ], [ 5.265069260161136, 52.28072406820138 ], [ 5.265178652757609, 52.280862466302843 ], [ 5.265214809860988, 52.280908421904613 ], [ 5.265235455025693, 52.280935963620756 ], [ 5.265237834939484, 52.280939129755374 ], [ 5.265269810172807, 52.280987139220954 ], [ 5.265354979501483, 52.281099321939884 ], [ 5.265451566307245, 52.281227002203714 ], [ 5.26554728908118, 52.281354681497035 ], [ 5.265610525239748, 52.281439087359288 ], [ 5.265641228950605, 52.281475402373452 ], [ 5.265663260177636, 52.281505363135082 ], [ 5.265700957188876, 52.28155661393729 ], [ 5.265738733761036, 52.281605590912427 ], [ 5.265741347647952, 52.281608963994387 ], [ 5.26576916653897, 52.281644610921319 ], [ 5.265774701127078, 52.281651698932357 ], [ 5.265816834153884, 52.281704581026553 ], [ 5.265865210367164, 52.28178419901959 ], [ 5.265913491214203, 52.281845095449043 ], [ 5.265977690366701, 52.281926167644549 ], [ 5.266291386574132, 52.28188557637143 ], [ 5.266305560974192, 52.281884188764671 ], [ 5.266347190020189, 52.281880114898513 ], [ 5.266611316607823, 52.281848046446086 ], [ 5.266852791815333, 52.281819774159018 ], [ 5.267241599992032, 52.281775167298427 ], [ 5.267519692248891, 52.281742535755441 ], [ 5.267681844946194, 52.281724571356165 ], [ 5.267910231158635, 52.281696849917992 ], [ 5.268108124853416, 52.281673465398249 ], [ 5.268454202055588, 52.28163321553383 ], [ 5.268603269189655, 52.281614742416174 ], [ 5.268836051803994, 52.281586529269291 ], [ 5.26901997324757, 52.281565367194403 ], [ 5.269128917523612, 52.281552210032665 ], [ 5.269207586865411, 52.281544388268834 ], [ 5.269332252847996, 52.281532001561182 ], [ 5.27001445297089, 52.281462296037645 ], [ 5.270152814208183, 52.281446560611677 ], [ 5.270379961635649, 52.281420693637365 ], [ 5.270505264277112, 52.281405556075136 ], [ 5.270787232208751, 52.281374044132917 ], [ 5.271050923103606, 52.281343699964538 ], [ 5.271347656814972, 52.281308363413068 ], [ 5.271658339525745, 52.281273471145333 ], [ 5.27189504389146, 52.281245947858253 ], [ 5.272152623847366, 52.281215100953808 ], [ 5.272490265330617, 52.281175792760877 ], [ 5.272849646638419, 52.281133143196726 ], [ 5.273166400602154, 52.281095547523506 ], [ 5.27341441882813, 52.281066890651516 ], [ 5.273623258021395, 52.281041655947959 ], [ 5.273772933768283, 52.281024246435244 ], [ 5.27396784704121, 52.281000696458285 ], [ 5.274151469634053, 52.28097988562282 ], [ 5.274275903805439, 52.280965282498165 ], [ 5.274424156681079, 52.280948239300443 ], [ 5.274678121519681, 52.280920070780247 ], [ 5.274921050640154, 52.280892304682318 ], [ 5.275130747557053, 52.280869126319651 ], [ 5.275284540542062, 52.280851449159194 ], [ 5.275375421255939, 52.2808408306636 ], [ 5.275503887214973, 52.28082512456416 ], [ 5.275691760271499, 52.280803398598259 ], [ 5.275994096549547, 52.280769080262303 ], [ 5.276076460413715, 52.280759513778229 ], [ 5.276185458014259, 52.280746844488327 ], [ 5.276470322467453, 52.280714009497792 ], [ 5.276679053755312, 52.280689551227219 ], [ 5.27669948713957, 52.280687152604344 ], [ 5.276742098192812, 52.280682159245664 ], [ 5.276752827842428, 52.280680928950808 ], [ 5.276913362231886, 52.280662465040855 ], [ 5.27708636991872, 52.280642772209937 ], [ 5.277356369046577, 52.280611979445162 ], [ 5.277670079161491, 52.280575591210635 ], [ 5.277767949796802, 52.280564483018054 ], [ 5.277955821949178, 52.280542223176738 ], [ 5.278153309251317, 52.280518956281284 ], [ 5.278177551766629, 52.280516839531693 ], [ 5.278195008126754, 52.28051531870608 ], [ 5.278260802921466, 52.280509582189978 ], [ 5.278329734278722, 52.280503569902415 ], [ 5.278354079748828, 52.280501291432124 ], [ 5.278463377739627, 52.280491100932089 ], [ 5.278563805814601, 52.280482690749523 ], [ 5.278664194381347, 52.280472437960299 ], [ 5.278706202498153, 52.280468144383839 ], [ 5.278941204655815, 52.280444056716206 ], [ 5.279052145595185, 52.280433040303016 ], [ 5.279456615054877, 52.280391912788737 ], [ 5.279845372660018, 52.28035174930487 ], [ 5.280055030012147, 52.280330701251053 ], [ 5.280229744317226, 52.280313162419972 ], [ 5.280400969684314, 52.280296132483656 ], [ 5.280561700491327, 52.280280099471625 ], [ 5.280783733026057, 52.280249507313698 ], [ 5.281034612142189, 52.280215363496261 ], [ 5.281333538768276, 52.280175662769487 ], [ 5.281496993654748, 52.280153761932716 ], [ 5.281651643646423, 52.280137155781418 ], [ 5.281875284815324, 52.280113519512206 ], [ 5.282075391117837, 52.280090266369811 ], [ 5.282243128680412, 52.280072673428236 ], [ 5.282338390000221, 52.280061019874005 ], [ 5.282698328572349, 52.280022789788255 ], [ 5.282955214953503, 52.279994030849117 ], [ 5.283172743002488, 52.279970890054699 ], [ 5.283499749653545, 52.279921744440188 ], [ 5.28366674146086, 52.279896653056269 ], [ 5.283787008554492, 52.279900676831879 ], [ 5.2838889749268, 52.279904028410641 ], [ 5.284006636251205, 52.279906962172966 ], [ 5.284153072149522, 52.279861414077679 ], [ 5.284254780544386, 52.279830539831181 ], [ 5.284354392869303, 52.279818906411329 ], [ 5.284543137769801, 52.279796645846162 ], [ 5.284629336964594, 52.279787184581217 ], [ 5.284744880108585, 52.279774405217104 ], [ 5.284885488456308, 52.279758250043379 ], [ 5.28505140930537, 52.279739483141256 ], [ 5.285223460003399, 52.279718609169713 ], [ 5.285412100648013, 52.279696706636479 ], [ 5.285556155730121, 52.279685371053198 ], [ 5.285754335444519, 52.279669920368079 ], [ 5.285888792380972, 52.279658558178546 ], [ 5.285942371994429, 52.279668598378564 ], [ 5.286010760012181, 52.279681410446813 ], [ 5.286107461611542, 52.279699360677057 ], [ 5.286372847697222, 52.279681440774013 ], [ 5.286671399028024, 52.279661472276892 ], [ 5.28689749052306, 52.279647175828345 ], [ 5.286997883023671, 52.279639989769514 ], [ 5.287141361065143, 52.279591730160753 ], [ 5.287263834792838, 52.279552503295058 ], [ 5.287343449008856, 52.279525454486823 ], [ 5.287350421614605, 52.279526538895908 ], [ 5.287586193889342, 52.279501032604529 ], [ 5.287880472689356, 52.279470892332903 ], [ 5.288083042706955, 52.279450632989743 ], [ 5.288219262745344, 52.279436591281119 ], [ 5.288388744873852, 52.279409814602076 ], [ 5.288605396507427, 52.279376219333102 ], [ 5.288733822505368, 52.279354665783259 ], [ 5.288833309555386, 52.279352294837224 ], [ 5.289010468446432, 52.27934587187189 ], [ 5.289198262814225, 52.279320753973849 ], [ 5.289365944478377, 52.279299313116375 ], [ 5.289593016206418, 52.279271108299604 ], [ 5.289660384851748, 52.279247759767372 ], [ 5.289730375169553, 52.279224961606815 ], [ 5.28993384057132, 52.279203100012523 ], [ 5.290146063095532, 52.279176976074154 ], [ 5.290258735055868, 52.279162337493432 ], [ 5.290469178330775, 52.279138889862416 ], [ 5.290599385066489, 52.279113057579529 ], [ 5.290611801517819, 52.279110703936375 ], [ 5.290705122709281, 52.27909303825065 ], [ 5.290855425638795, 52.279064058381529 ], [ 5.291051018685256, 52.279043240022183 ], [ 5.2912448836274, 52.279021880674598 ], [ 5.291485916086891, 52.278994240774871 ], [ 5.291883229245596, 52.27895101575016 ], [ 5.292178385274484, 52.278918717416119 ], [ 5.292479668149932, 52.278885371682172 ], [ 5.292670056260304, 52.278865256510308 ], [ 5.292968669662551, 52.278832788196318 ], [ 5.293210563446055, 52.278805675741467 ], [ 5.293649787840475, 52.278759359299677 ], [ 5.293850625162778, 52.278738019162738 ], [ 5.294415583694864, 52.278679225104732 ], [ 5.2949412514498, 52.278622464915209 ], [ 5.295215983973423, 52.278593693234292 ], [ 5.295552492354926, 52.278558452642102 ], [ 5.295652902250115, 52.278548050625012 ], [ 5.296024934222991, 52.278503129397379 ], [ 5.296326213603753, 52.278468695328009 ], [ 5.296940999108165, 52.278396131260351 ], [ 5.297054509166322, 52.278385225737402 ], [ 5.29746749724777, 52.278345777710328 ], [ 5.29777314746906, 52.278308143631968 ], [ 5.298064828618878, 52.278272619353217 ], [ 5.298326083992713, 52.278239929620533 ], [ 5.298357390633456, 52.27823601648754 ], [ 5.298537283258159, 52.278215138007518 ], [ 5.298697978261455, 52.278195278495495 ], [ 5.299058662872492, 52.278150312273439 ], [ 5.299185277815988, 52.278136232800939 ], [ 5.299286143822749, 52.278123967575517 ], [ 5.299400043349321, 52.27810810784792 ], [ 5.299575350347368, 52.278086334601923 ], [ 5.299938203177694, 52.27804067524476 ], [ 5.300075238623476, 52.278025137497259 ], [ 5.300256535603145, 52.278004598967634 ], [ 5.300585346399941, 52.277967468945697 ], [ 5.300989169794097, 52.277920236507398 ], [ 5.301237752021522, 52.277892114855348 ], [ 5.301502881120849, 52.277861874563932 ], [ 5.301739035246039, 52.277834695562284 ], [ 5.30174274322965, 52.277834275814833 ], [ 5.301925020695893, 52.277813582642054 ], [ 5.302060206154165, 52.277799263592605 ], [ 5.302121275421787, 52.277785951713099 ], [ 5.302246023097332, 52.27775878147942 ], [ 5.302322791598709, 52.277742245173513 ], [ 5.302323905676003, 52.277742003303239 ], [ 5.302364671964609, 52.277733224536945 ], [ 5.302489364001219, 52.277727453801191 ], [ 5.30263151057039, 52.277720086596275 ], [ 5.302777143424601, 52.277713269957751 ], [ 5.30289660429616, 52.277707495062785 ], [ 5.30312950611773, 52.277671332221111 ], [ 5.303387690663501, 52.277631447920186 ], [ 5.303592667110249, 52.277601142375765 ], [ 5.303713910952448, 52.277582003152951 ], [ 5.303804586302703, 52.277579945940097 ], [ 5.303906619544767, 52.277576827106778 ], [ 5.304049623923847, 52.277572667420856 ], [ 5.304147310543385, 52.277558849924013 ], [ 5.304301688894673, 52.277537063975316 ], [ 5.304528468562827, 52.277506241792672 ], [ 5.304703777603625, 52.277480722043848 ], [ 5.304807150742879, 52.277466009189439 ], [ 5.304849449725947, 52.27745998986682 ], [ 5.305060576809337, 52.277430620777871 ], [ 5.305090168284018, 52.277426506941602 ], [ 5.305188953197109, 52.277412698333009 ], [ 5.305268977696294, 52.277401528045395 ], [ 5.305417257478499, 52.277380796972572 ], [ 5.305488661934163, 52.277371876504233 ], [ 5.305519293145093, 52.277368050885428 ], [ 5.305535033462891, 52.277366255206466 ], [ 5.30558553812899, 52.277360043548633 ], [ 5.305646506784123, 52.277352760547679 ], [ 5.305709192743976, 52.277343860904857 ], [ 5.30575937516531, 52.277337559073636 ], [ 5.305789317521297, 52.277333804812976 ], [ 5.305825663953042, 52.277329587583267 ], [ 5.305834428134995, 52.277328569003522 ], [ 5.30590819145401, 52.277359834062622 ], [ 5.30612334060779, 52.277454685310843 ], [ 5.306187759646217, 52.277483876617971 ], [ 5.306268810650231, 52.277520593002777 ], [ 5.306298693769914, 52.277533367015522 ], [ 5.306411666995168, 52.277581690293999 ], [ 5.306470421168669, 52.277607902641627 ], [ 5.306719142555859, 52.277718872711667 ], [ 5.306875057967363, 52.277786925831883 ], [ 5.307163374003639, 52.277913928964153 ], [ 5.307274883055398, 52.277962690822548 ], [ 5.307507448886877, 52.278063977519565 ], [ 5.307667730425199, 52.278133641330605 ], [ 5.307669927759477, 52.278133984340059 ], [ 5.307685798832326, 52.27814113125681 ], [ 5.307741772243045, 52.278166325488158 ], [ 5.307878540850973, 52.278225277832036 ], [ 5.30802837081942, 52.278289577462189 ], [ 5.308341954766438, 52.278425159902 ], [ 5.308631161154317, 52.278550551223375 ], [ 5.30885940241345, 52.278648084492851 ], [ 5.308977867900096, 52.278701127497577 ], [ 5.309381183257812, 52.278876357353887 ], [ 5.30965471399182, 52.278994779352679 ], [ 5.309777545211859, 52.279049442201448 ], [ 5.309982654404083, 52.279138267031001 ], [ 5.310110878266119, 52.2791932655932 ], [ 5.310305795539315, 52.279278910556023 ], [ 5.310410242332715, 52.279322766542236 ], [ 5.310552491579239, 52.279385682918061 ], [ 5.310660465778764, 52.279432192345169 ], [ 5.310739243541851, 52.279465731509653 ], [ 5.31085077586164, 52.279514022629492 ], [ 5.311030234574681, 52.279592259523604 ], [ 5.311265442295269, 52.279692461958362 ], [ 5.311566860642585, 52.279824280113857 ], [ 5.31210958279958, 52.280059510739086 ], [ 5.312322152605219, 52.280152740204244 ], [ 5.312478952376142, 52.280219186636195 ], [ 5.312638383117724, 52.280289912674064 ], [ 5.312968557894544, 52.28043191045527 ], [ 5.313183739634372, 52.28052514898728 ], [ 5.313443348208567, 52.280638736049873 ], [ 5.313659394755282, 52.280733043789496 ], [ 5.313849318260515, 52.280816091311678 ], [ 5.3139328415636, 52.280853990323031 ], [ 5.314219954556724, 52.280979456479997 ], [ 5.314509985964266, 52.281104519278983 ], [ 5.315117331918894, 52.281368383594319 ], [ 5.31593705233314, 52.281724119425533 ], [ 5.316934184817327, 52.282157824552151 ], [ 5.317906014995591, 52.282581377261614 ], [ 5.318568466119114, 52.282868722917293 ], [ 5.319338416768311, 52.283204678142525 ], [ 5.319982534515225, 52.283485075795475 ], [ 5.320862641041175, 52.283868017369194 ], [ 5.321580195350121, 52.284180982915679 ], [ 5.322817818017421, 52.284721464325955 ], [ 5.323545009133504, 52.285037622747325 ], [ 5.324108771285847, 52.285283279985734 ], [ 5.324531816052194, 52.285468067262883 ], [ 5.324623942133654, 52.285508192182213 ], [ 5.325849472015029, 52.28603989025121 ], [ 5.326432109955229, 52.286293967613446 ], [ 5.327139681371537, 52.286601519464412 ], [ 5.327886564330619, 52.286924051284515 ], [ 5.328346041659247, 52.287123025683421 ], [ 5.328580123475772, 52.287225466822271 ], [ 5.329162076453684, 52.287477966459171 ], [ 5.32992060144099, 52.287808040743307 ], [ 5.331345387527723, 52.288426536065465 ], [ 5.33209615108514, 52.288753833434406 ], [ 5.332852126755867, 52.28908279112725 ], [ 5.333648676921491, 52.289429288331185 ], [ 5.334187208056305, 52.289663399566727 ], [ 5.33464460193477, 52.289862411343485 ], [ 5.33491475303813, 52.289978112729656 ], [ 5.335187025872087, 52.290098038649973 ], [ 5.335461439568466, 52.290218414259591 ], [ 5.317474072501551, 52.301117302023911 ], [ 5.315179085554647, 52.302392172689565 ], [ 5.313904189170567, 52.303100330985536 ], [ 5.313398850595162, 52.303381026426194 ], [ 5.307259847861739, 52.306790441173817 ], [ 5.305455265345312, 52.307631176015079 ], [ 5.305390885170743, 52.307661042585586 ], [ 5.3040212805709, 52.308298987310657 ], [ 5.301080370618674, 52.309668729620547 ], [ 5.29722728631863, 52.311186122761768 ], [ 5.287397324770633, 52.31505625936326 ], [ 5.281140893940468, 52.316770343583798 ], [ 5.279039938973192, 52.317114810429487 ], [ 5.262085050475073, 52.319893825035614 ], [ 5.259503893849675, 52.320316734687303 ], [ 5.238075234517258, 52.323824441141923 ], [ 5.237280975231115, 52.32395437042257 ], [ 5.22932107222625, 52.325256177960306 ], [ 5.224590085184286, 52.325761532390857 ], [ 5.223536018060656, 52.325873863819268 ], [ 5.220405618828382, 52.326053742223451 ], [ 5.212926154503919, 52.325077244062264 ], [ 5.205188057183865, 52.324188852964994 ], [ 5.190657127720432, 52.322701607861489 ], [ 5.166614307275202, 52.32023671233862 ], [ 5.151132148763605, 52.318646670787352 ], [ 5.148879095637828, 52.318729156011713 ], [ 5.146144428234087, 52.319669482247285 ], [ 5.143979292294917, 52.321551478859838 ], [ 5.142304439796145, 52.32284005022607 ], [ 5.140617116157828, 52.324138080680832 ], [ 5.138824875613147, 52.325516746921089 ], [ 5.138440971981999, 52.325811985978149 ], [ 5.138343547729946, 52.32588692719596 ], [ 5.137865658929716, 52.326254506313965 ], [ 5.134608556661697, 52.328708876626813 ], [ 5.11620473742575, 52.342635597838374 ], [ 5.095119578228957, 52.35857704875859 ], [ 5.079288907506545, 52.37040771692449 ], [ 5.079162219599424, 52.388654116761757 ], [ 5.137331048097116, 52.415552761761859 ], [ 5.185490009580688, 52.415644497195203 ], [ 5.182138104750349, 52.420581873253269 ], [ 5.180911198852594, 52.422388972875318 ], [ 5.165872625936973, 52.444526006597222 ], [ 5.154382355991616, 52.461423587984065 ], [ 5.151023782646448, 52.466360031630323 ], [ 5.120204680557026, 52.491908767386583 ], [ 5.114786143359175, 52.496396781532347 ], [ 5.112987771808857, 52.497886062074372 ], [ 5.107092377470103, 52.502767307406856 ], [ 5.100721612286087, 52.508040594450556 ], [ 5.09460938367565, 52.51881049702871 ], [ 5.080072486258937, 52.544402625917776 ], [ 5.071662130498971, 52.559194570686429 ], [ 5.060428137909151, 52.578936130750087 ], [ 5.074623579990936, 52.583681697516113 ], [ 5.135305662631997, 52.603937183055244 ], [ 5.140193962707182, 52.605566715688617 ], [ 5.159839509764845, 52.612112397062511 ], [ 5.199646012875573, 52.625359545404734 ], [ 5.23209866394302, 52.636143637508482 ], [ 5.257186596602626, 52.644470701925037 ], [ 5.260360364774251, 52.664694894794039 ], [ 5.26078375686448, 52.667391438714127 ], [ 5.262266015070841, 52.676829316488103 ], [ 5.264480703952398, 52.677966850893036 ], [ 5.268962123547117, 52.680268250105001 ], [ 5.27629431540786, 52.684032760024792 ], [ 5.285048158773457, 52.689133120590036 ], [ 5.286450379064684, 52.688749134816753 ], [ 5.286474309583506, 52.68882635272913 ], [ 5.286476657221532, 52.688834532814766 ], [ 5.286498381502125, 52.688906446570407 ], [ 5.286673446037926, 52.689380025526603 ], [ 5.286810067782458, 52.689720565337595 ], [ 5.287072616632131, 52.690346491665622 ], [ 5.287178106077238, 52.690597971386261 ], [ 5.287215338800682, 52.690686730495329 ], [ 5.28745023319376, 52.691263797709134 ], [ 5.287610152683227, 52.691641202296175 ], [ 5.287618845020305, 52.691656307582186 ], [ 5.295777159670612, 52.692844714369926 ], [ 5.301635258467969, 52.692426678532584 ], [ 5.353294331855183, 52.678637392064921 ], [ 5.358623994203569, 52.67669203281212 ], [ 5.361146852663902, 52.675726422052378 ], [ 5.361353002773708, 52.676868357206395 ], [ 5.369396330497626, 52.721378579983252 ], [ 5.377259769107315, 52.764805202986132 ], [ 5.376268026255078, 52.765589633102309 ], [ 5.337841620636375, 52.795955057583477 ], [ 5.329870780397598, 52.802246928337446 ], [ 5.28117890317493, 52.840631424529434 ], [ 5.28034868566757, 52.841285140493596 ], [ 5.272912765864803, 52.847139039929928 ], [ 5.238681787915509, 52.874060951722477 ], [ 5.215063783813582, 52.916102341616387 ], [ 5.208405943510154, 52.92793804932311 ], [ 5.203352680571756, 52.936916735202125 ], [ 5.198657036709206, 52.945256464170342 ], [ 5.187270789445241, 52.965464994092422 ], [ 5.176910484269958, 52.983835325822334 ], [ 5.171352597994627, 52.993683453656814 ], [ 5.169134503211981, 52.997612410043494 ], [ 5.166761540367578, 52.999259696311341 ], [ 5.16645124373243, 52.999474244566635 ], [ 5.16632203598382, 52.99956358941197 ], [ 5.165903796338608, 52.999852773877784 ], [ 5.164248984760172, 53.001003689730595 ], [ 5.144281381055771, 53.026152350043475 ], [ 5.144259136300247, 53.026180368549305 ], [ 5.140477070235226, 53.030940098825994 ], [ 5.13700603469382, 53.03530735639584 ], [ 5.132888628012766, 53.04048659366714 ], [ 5.129683755590492, 53.044517018044132 ], [ 5.126247797717745, 53.048837125989834 ], [ 5.12266368036977, 53.053342482252319 ], [ 5.119264731301971, 53.057614108120383 ], [ 5.115756487976261, 53.062022098755179 ], [ 5.111916307578744, 53.066845999849512 ], [ 5.108371375201924, 53.07129796269502 ], [ 5.104850402849337, 53.075718816545844 ], [ 5.101238940734011, 53.080252236984194 ], [ 5.097201678149037, 53.085318891344585 ], [ 5.095778095841043, 53.087105145801019 ], [ 5.0936326346701, 53.089796865694815 ], [ 5.090323866365392, 53.093947323785741 ], [ 5.086971980862208, 53.098150981638085 ], [ 5.086790901441593, 53.098378051817669 ], [ 5.083491397137568, 53.102515054387943 ], [ 5.079968229340226, 53.106931533685021 ], [ 5.075592114505303, 53.112415803592562 ], [ 5.071837340071104, 53.11712015640304 ], [ 5.071014865498281, 53.118150477580201 ], [ 5.067188928625687, 53.122942569935738 ], [ 5.065090837721618, 53.125569973799699 ], [ 5.063729845121424, 53.127274118614089 ], [ 5.063060943264266, 53.128111627754379 ], [ 5.058923042489137, 53.133291724002596 ], [ 5.055264736935666, 53.13787027424852 ], [ 5.050952585273946, 53.143265736519211 ], [ 5.041831647200903, 53.146063431355557 ], [ 5.033163358786731, 53.148721293893963 ], [ 5.026812780123397, 53.150667900357767 ], [ 5.019918716369562, 53.152780524025758 ], [ 5.012922089790387, 53.1549239534815 ], [ 5.005949834752465, 53.157059297396763 ], [ 4.998172181276331, 53.159440578109042 ], [ 4.9920777793328, 53.161305959247031 ], [ 4.98524242410118, 53.163397571117201 ], [ 4.979473137876778, 53.165162499325568 ], [ 4.971666332213159, 53.167550076437024 ], [ 4.964693750531528, 53.169681870942675 ], [ 4.957263278472491, 53.171952975573276 ], [ 4.95097606918493, 53.173874093136682 ], [ 4.943783099007363, 53.176071372318773 ], [ 4.937871514190166, 53.177876717410072 ], [ 4.930815539349847, 53.180030969173629 ], [ 4.924558884475291, 53.181937637115951 ], [ 4.917955593074621, 53.183955611001331 ], [ 4.911497901484313, 53.185925599388206 ], [ 4.905681335573818, 53.187699552960105 ], [ 4.900990209809972, 53.189129951171843 ], [ 4.899612641263678, 53.189549945459135 ], [ 4.890818515391095, 53.192230512132355 ], [ 4.879672852114234, 53.195626454738573 ], [ 4.876591364090874, 53.196565065205156 ], [ 4.869158202663272, 53.198828693478326 ], [ 4.858974218765492, 53.201928886514935 ], [ 4.84800202741603, 53.205267563098602 ], [ 4.837433354266289, 53.208482014302611 ], [ 4.830306817259747, 53.210648747837325 ], [ 4.823593526890889, 53.212689240587665 ], [ 4.818375719542796, 53.214274793610066 ], [ 4.818420667746484, 53.210856619673315 ], [ 4.81847115542572, 53.207016442566257 ], [ 4.818534250789267, 53.202216198606422 ], [ 4.818599852771361, 53.197223950486332 ], [ 4.818657969672806, 53.192800200049305 ], [ 4.818788948979371, 53.182826474040731 ], [ 4.814742083468008, 53.1791165207297 ], [ 4.810135521233287, 53.174892517992504 ], [ 4.806097523721077, 53.171189040510122 ], [ 4.802157759211847, 53.167574913728423 ], [ 4.797791022750474, 53.163568241552049 ], [ 4.793425108322174, 53.159561406446798 ], [ 4.787267488311583, 53.153908709639012 ], [ 4.783545733822226, 53.150491266163641 ], [ 4.779952297191606, 53.147191025096767 ], [ 4.776203928036535, 53.143747848986806 ], [ 4.772017972214061, 53.139901898138419 ], [ 4.770559626786029, 53.138561827152877 ], [ 4.768832486835661, 53.136974619990028 ], [ 4.767002057607907, 53.1352923374548 ], [ 4.765026982452469, 53.133476955742225 ], [ 4.763227874077076, 53.131823117106116 ], [ 4.761366856254855, 53.130112225006684 ], [ 4.75922688939138, 53.128144673848006 ], [ 4.757324819940959, 53.126395687449225 ], [ 4.75561931517557, 53.124827300526661 ], [ 4.753676235258872, 53.123040241818103 ], [ 4.752281015393932, 53.121756963801808 ], [ 4.750772216945015, 53.120369096813889 ], [ 4.74911885427366, 53.118848138280356 ], [ 4.747847895422993, 53.117678880783167 ], [ 4.746360039361484, 53.116309973833062 ], [ 4.745000733038436, 53.115059247503957 ], [ 4.744830961681318, 53.114903022029729 ], [ 4.743136702922072, 53.113343944039293 ], [ 4.741504530031868, 53.111841886703374 ], [ 4.739913776801081, 53.110377834288393 ], [ 4.738199189281952, 53.108799675302194 ], [ 4.736297960036282, 53.107049542840983 ], [ 4.734680664339896, 53.105560651221715 ], [ 4.733823221016786, 53.104771247211012 ], [ 4.732975116652855, 53.103990388619977 ], [ 4.731340377460699, 53.102485179306434 ], [ 4.729537886684558, 53.10082535382606 ], [ 4.72786804815567, 53.099287560890431 ], [ 4.726348501528899, 53.097888060737233 ], [ 4.724855582285156, 53.096512950157091 ], [ 4.723274401429578, 53.095056446442051 ], [ 4.721428367142988, 53.09335582256449 ], [ 4.719750271518578, 53.091809768194231 ], [ 4.718125279411351, 53.090312511092115 ], [ 4.716800653553072, 53.089091916458102 ], [ 4.715549918254521, 53.087939350817848 ], [ 4.712841503575423, 53.084176107946732 ], [ 4.71123910567114, 53.081949297822682 ], [ 4.70986946693074, 53.080045720808712 ], [ 4.708410650264891, 53.078018042600732 ], [ 4.706637258318048, 53.075552797306074 ], [ 4.705075417278572, 53.073381419024706 ], [ 4.703325880564013, 53.070948776749731 ], [ 4.702196392188731, 53.069378165536662 ], [ 4.700757093066734, 53.067376511403261 ], [ 4.699148866110883, 53.065139730467806 ], [ 4.697367123249066, 53.062661291716232 ], [ 4.695947035279899, 53.060685699792053 ], [ 4.694530227932206, 53.058714484602405 ], [ 4.693285170205877, 53.056982023853188 ], [ 4.691766037027503, 53.054868052256715 ], [ 4.690570245959941, 53.053203836906356 ], [ 4.689316079289459, 53.051458238517064 ], [ 4.68776194568686, 53.049294941597026 ], [ 4.686353229574996, 53.047333866476826 ], [ 4.686384592436411, 53.045388546266103 ], [ 4.686425547229494, 53.042847972278594 ], [ 4.686458878497707, 53.040780060293997 ], [ 4.686496967068459, 53.038416721721177 ], [ 4.686532194664198, 53.036230638533198 ], [ 4.686571225814497, 53.033808225906114 ], [ 4.686606444703585, 53.031622148624237 ], [ 4.686642611607587, 53.029376963098024 ], [ 4.686680677132577, 53.027013625277803 ], [ 4.686715883403977, 53.024827543468554 ], [ 4.6867510857619, 53.022641451220288 ], [ 4.686786284062312, 53.020455357520163 ], [ 4.686825282900762, 53.01803292427217 ], [ 4.686857619609225, 53.016024076715929 ], [ 4.686896609193177, 53.013601649201433 ], [ 4.686929889094565, 53.011533718801935 ], [ 4.686965066789103, 53.009347617749071 ], [ 4.68700309228286, 53.006984256594293 ], [ 4.687042063292478, 53.004561822467828 ], [ 4.687076738104962, 53.002406178000882 ], [ 4.684304201713498, 53.001549468531955 ], [ 4.681098354624948, 53.000558754854808 ], [ 4.67825286691764, 52.999679294348539 ], [ 4.675335436811767, 52.998777491149099 ], [ 4.672562237372737, 52.997920161144137 ], [ 4.669537010485398, 52.996984815141552 ], [ 4.666403855823406, 52.996015985648086 ], [ 4.663558963304624, 52.995136175365559 ], [ 4.660642143471699, 52.994234013560586 ], [ 4.657653464572254, 52.993309513299138 ], [ 4.654988914289036, 52.992485189900876 ], [ 4.652036478064488, 52.991571688224354 ], [ 4.64926416884374, 52.990713817564448 ], [ 4.646599936991469, 52.989889307161128 ], [ 4.643539830889075, 52.988942161704678 ], [ 4.640407866053848, 52.987972651070628 ], [ 4.63767204061219, 52.987125655165393 ], [ 4.634900269041067, 52.986267451185242 ], [ 4.631912656547039, 52.985342298218285 ], [ 4.629465085267062, 52.984584291003976 ], [ 4.626765645843766, 52.983748192004171 ], [ 4.623958347512051, 52.982878577957308 ], [ 4.620935214995423, 52.981942002227818 ], [ 4.616724644709397, 52.980637359926462 ], [ 4.613000600913399, 52.979483278608811 ], [ 4.613035998380544, 52.977491732370858 ], [ 4.613079791975533, 52.975027509119784 ], [ 4.613120174366571, 52.972754945976881 ], [ 4.613160065340667, 52.970509769293088 ], [ 4.613198978862191, 52.96831934916429 ], [ 4.613240319611261, 52.965992023411751 ], [ 4.613279223877245, 52.963801600352376 ], [ 4.613329455836052, 52.960973019525376 ], [ 4.616122953489724, 52.959282636240275 ], [ 4.618522854645775, 52.957830273912258 ], [ 4.620745441345944, 52.95648506926883 ], [ 4.622844289264902, 52.955214663515967 ], [ 4.624915041944575, 52.953961125362987 ], [ 4.627037407940736, 52.95267624677895 ], [ 4.629033061223622, 52.951467982531554 ], [ 4.631155184415955, 52.950183029425858 ], [ 4.633201702083194, 52.948943735021025 ], [ 4.635296245533044, 52.947675267614855 ], [ 4.637469085766846, 52.946359257207504 ], [ 4.639793300031382, 52.944951439127756 ], [ 4.642015776060912, 52.943605111066169 ], [ 4.644058729646685, 52.942367433128339 ], [ 4.646201280480862, 52.941069282772837 ], [ 4.629450656187513, 52.889721935615484 ], [ 4.693992205976245, 52.884472620584724 ], [ 4.69384297913251, 52.883391187676011 ], [ 4.690439702913797, 52.875085579437417 ], [ 4.686334476256036, 52.867108240774641 ], [ 4.682613416562176, 52.857497405029413 ], [ 4.679546933298935, 52.849732608581881 ], [ 4.675619020665026, 52.840246085352469 ], [ 4.671323780859558, 52.831548043711898 ], [ 4.667964050858502, 52.82290039996677 ], [ 4.659845126783561, 52.804788652458335 ], [ 4.656364572581805, 52.797019330948778 ], [ 4.651448933928817, 52.78866712564971 ], [ 4.647644923077847, 52.781301181683233 ], [ 4.641258784511556, 52.772481030496117 ], [ 4.636553650370528, 52.763410482872814 ], [ 4.634919032720134, 52.759407575150753 ], [ 4.63447858077159, 52.758328848348604 ], [ 4.633095308959257, 52.754940768109591 ], [ 4.63284591582412, 52.754329871870382 ], [ 4.632786318746567, 52.754183894233755 ], [ 4.62971760839188, 52.744898692543508 ], [ 4.628926093148827, 52.742344453407846 ], [ 4.628260861304992, 52.740197500541477 ], [ 4.627751144937478, 52.738552199708153 ], [ 4.626590185581436, 52.734804164106293 ], [ 4.62375656183933, 52.725771893349219 ], [ 4.622673957314821, 52.717388878787311 ], [ 4.621216794497721, 52.708446216824406 ], [ 4.619793916197582, 52.700114868194078 ], [ 4.617088053610962, 52.689905834031968 ], [ 4.616955286605508, 52.682292746049022 ], [ 4.615455452399186, 52.677249780466333 ], [ 4.614344302695078, 52.673513193556687 ], [ 4.61119090080562, 52.662860656144623 ], [ 4.611468223341726, 52.655519801980574 ], [ 4.608477370191464, 52.64581187188233 ], [ 4.607645775119437, 52.640609017428993 ], [ 4.60714733902749, 52.637489818272556 ], [ 4.604771571531583, 52.62862214653704 ], [ 4.604445950563303, 52.627406161634596 ], [ 4.604132912656126, 52.619944531379154 ], [ 4.604114060972773, 52.619495035152831 ], [ 4.601847833044785, 52.610599580777439 ], [ 4.601726550926379, 52.61012334245212 ], [ 4.600343974247463, 52.601567108757401 ], [ 4.59811780019097, 52.592349151502283 ], [ 4.596585061358945, 52.584007535379087 ], [ 4.594074429866519, 52.57548203033982 ], [ 4.593901340271623, 52.574894257357641 ], [ 4.591715588525888, 52.566035882748956 ], [ 4.589636636408989, 52.557843244389417 ], [ 4.585974375691415, 52.547572726310371 ], [ 4.585508125642444, 52.539966054338691 ], [ 4.583964541910706, 52.535679718057793 ], [ 4.583320873885979, 52.533892069381693 ], [ 4.582685223465629, 52.532126652095414 ], [ 4.582589470246901, 52.53186072370687 ], [ 4.582309316175342, 52.531082597180607 ], [ 4.579232771125926, 52.522029096679695 ], [ 4.57684867133863, 52.513843041106099 ], [ 4.573289259505933, 52.505541008705855 ], [ 4.572398684583461, 52.503801777740577 ], [ 4.571494446280933, 52.502035787570328 ], [ 4.57078808457889, 52.500656176330196 ], [ 4.569823538747794, 52.498772188099323 ], [ 4.568925331599888, 52.497017595407755 ], [ 4.567187061248113, 52.494174806701601 ], [ 4.566953911822538, 52.49379348981595 ], [ 4.566705260888123, 52.493386800664702 ], [ 4.566312336337431, 52.492744119147197 ], [ 4.564223645281112, 52.489327514847709 ], [ 4.562064591377673, 52.486566342487578 ], [ 4.562058192622724, 52.486558155064095 ], [ 4.560945049936477, 52.485134402223537 ], [ 4.558721344916465, 52.482027098418023 ], [ 4.554703348268355, 52.478071303351506 ], [ 4.552430678531034, 52.478378887090145 ], [ 4.549070539880578, 52.478588868707945 ], [ 4.546862827080764, 52.478573244797445 ], [ 4.540799579322584, 52.477730210286033 ], [ 4.536861586287711, 52.476605525895309 ], [ 4.533736699074344, 52.475306808310229 ], [ 4.528468399595412, 52.473038618155869 ], [ 4.523694469847352, 52.470982866144062 ], [ 4.520667286763969, 52.469244106316964 ], [ 4.518590706199825, 52.467071831285381 ], [ 4.518371743451344, 52.466557920161137 ], [ 4.517549747596183, 52.464628495646451 ], [ 4.517687495936451, 52.462112909220103 ], [ 4.518618599525563, 52.459657063841618 ], [ 4.519926796513376, 52.45747360544663 ], [ 4.52192817914653, 52.455196327650711 ], [ 4.524410211416564, 52.453156199787166 ], [ 4.526616068060421, 52.451689238431491 ], [ 4.530221705672578, 52.450097547034098 ], [ 4.534168296494595, 52.449119375225948 ], [ 4.537322938721122, 52.448773534468671 ], [ 4.540690416254396, 52.448833583434826 ], [ 4.54331820908772, 52.449112968905482 ], [ 4.544263347825967, 52.446603096637055 ], [ 4.543672651299515, 52.441323022676734 ], [ 4.544104626883474, 52.439492572512336 ], [ 4.544065275332309, 52.439302405947132 ], [ 4.543229333953428, 52.435262043959632 ], [ 4.541452733366126, 52.431267747634543 ], [ 4.539973651381416, 52.427877736115605 ], [ 4.536947598164137, 52.423137414129648 ], [ 4.536119693195115, 52.421747332642752 ], [ 4.534227560648334, 52.418569980899122 ], [ 4.531564437774875, 52.414128720073442 ], [ 4.529161485373252, 52.409940939610728 ], [ 4.527705988688735, 52.407692390953983 ], [ 4.526045098591512, 52.405167370226167 ], [ 4.524836892209018, 52.403330358918424 ], [ 4.522331262612649, 52.39919560440746 ], [ 4.519511797307747, 52.39535509506463 ], [ 4.516417399258527, 52.390577741443664 ], [ 4.513903539787561, 52.386191065687193 ], [ 4.511929190301853, 52.383279188365108 ], [ 4.510577897317497, 52.381286006165681 ], [ 4.507727579584642, 52.376887705494866 ], [ 4.504550512595722, 52.372702606297054 ], [ 4.501694528459101, 52.368851278364183 ], [ 4.501018499925991, 52.367939523886562 ], [ 4.500169051460093, 52.366372648504594 ], [ 4.498738711617745, 52.363734004636029 ], [ 4.49709222170172, 52.360180340365957 ], [ 4.494049261142576, 52.356004930303925 ], [ 4.490824254355988, 52.351423593084334 ], [ 4.488591868795685, 52.34786535656864 ], [ 4.484887274883477, 52.343109426979488 ], [ 4.484060679049254, 52.34186093772216 ], [ 4.481968762183952, 52.338700937831568 ], [ 4.479188521123779, 52.334733849155711 ], [ 4.47764943515092, 52.332510947569098 ], [ 4.493777183636968, 52.328248806999845 ], [ 4.493797581115806, 52.328243415374516 ], [ 4.494499174706075, 52.328060150011602 ], [ 4.494526015346374, 52.328053144080116 ], [ 4.495327045265395, 52.327843911440638 ], [ 4.499741018888278, 52.3266625157787 ], [ 4.512114654388653, 52.323349524301037 ], [ 4.523075646018745, 52.320376422871995 ], [ 4.530349136078828, 52.318391751344556 ], [ 4.543370822283149, 52.314988612151041 ], [ 4.543385045598163, 52.315001099214605 ], [ 4.54385844300363, 52.314870580019452 ], [ 4.544982446817626, 52.314589577096847 ], [ 4.546173647113266, 52.314291613477238 ], [ 4.547114669737844, 52.314050139984296 ], [ 4.547322260271545, 52.313996598189689 ], [ 4.547354815082535, 52.313988200794093 ], [ 4.547617162266281, 52.313916226229978 ], [ 4.548426521287264, 52.313686220205142 ], [ 4.548912526396396, 52.313542737569783 ], [ 4.549864390587508, 52.313263614125958 ], [ 4.550697493322145, 52.3130229570599 ], [ 4.550819949090106, 52.312996382452276 ], [ 4.550821542190103, 52.312995890385174 ], [ 4.551476588963858, 52.312794055457054 ], [ 4.554003931007959, 52.311924196592216 ], [ 4.554031497195559, 52.311950195581979 ], [ 4.55407167182003, 52.311988102715169 ], [ 4.556581628776889, 52.311339344284185 ], [ 4.556738461835994, 52.31129880383503 ], [ 4.557670450730693, 52.311057884433872 ], [ 4.557719901431875, 52.3110106483498 ], [ 4.557776070969089, 52.310956987944138 ], [ 4.557777683716051, 52.310955435327756 ], [ 4.557795427378862, 52.31094916923503 ], [ 4.557806602251115, 52.310945211952493 ], [ 4.557813141711595, 52.310942902933981 ], [ 4.557820330517263, 52.310940373766606 ], [ 4.55784086417685, 52.310933120566901 ], [ 4.558208269772338, 52.310803319919174 ], [ 4.558541009739446, 52.31071187907397 ], [ 4.559687989191826, 52.310396689457157 ], [ 4.56064214466482, 52.310134474270114 ], [ 4.563426765602722, 52.309375499090635 ], [ 4.563428534211827, 52.309375017065236 ], [ 4.56358084088598, 52.30933350130131 ], [ 4.563582801097644, 52.309332966679449 ], [ 4.563707432469431, 52.30929800806598 ], [ 4.563941778146805, 52.309582827037808 ], [ 4.56435078898245, 52.310088664354026 ], [ 4.564674325688379, 52.31049021029132 ], [ 4.564956255321215, 52.310839200359496 ], [ 4.565228786202173, 52.311169339310965 ], [ 4.56555427788544, 52.311558007367438 ], [ 4.565907872817756, 52.31198238150764 ], [ 4.566228795013978, 52.312365811763492 ], [ 4.566559018470896, 52.312731877758779 ], [ 4.566824072779218, 52.312868564588939 ], [ 4.566917379730221, 52.313034151852627 ], [ 4.566917606875527, 52.313034557891243 ], [ 4.56714222575196, 52.313433774724849 ], [ 4.567239010274979, 52.313604949432239 ], [ 4.567288138943834, 52.313724948188607 ], [ 4.567292981922524, 52.313731120612829 ], [ 4.567293640852528, 52.313731970059223 ], [ 4.567313542062658, 52.313757382468616 ], [ 4.56735865055251, 52.313872733454687 ], [ 4.567374677465645, 52.313897498820566 ], [ 4.567410239744224, 52.313952410752222 ], [ 4.567536332535069, 52.314155138709509 ], [ 4.56769747099959, 52.314406698842127 ], [ 4.567712858559659, 52.314431163121583 ], [ 4.567810357048211, 52.31458612777994 ], [ 4.568114861437967, 52.315082391848406 ], [ 4.568262241280006, 52.315324076838145 ], [ 4.568468131745981, 52.31567840961295 ], [ 4.568661760216967, 52.316005917640616 ], [ 4.568848885817174, 52.316341056131442 ], [ 4.568955063457601, 52.316512563905874 ], [ 4.568983954619323, 52.31650547444773 ], [ 4.569910851162805, 52.316278157140403 ], [ 4.571031637555861, 52.316002224007264 ], [ 4.571329207464442, 52.315929055877234 ], [ 4.571786934122841, 52.315816500008815 ], [ 4.571789527062823, 52.315815861755937 ], [ 4.572684080830293, 52.315594393750914 ], [ 4.572713897938756, 52.315587130001212 ], [ 4.57288340136005, 52.315545846495212 ], [ 4.572886746091688, 52.31554499768081 ], [ 4.573036669519665, 52.31550694967504 ], [ 4.572984397844015, 52.315487067785995 ], [ 4.572998743726917, 52.315479724425927 ], [ 4.573152890038248, 52.315400890558074 ], [ 4.573159138379503, 52.315397652919614 ], [ 4.573240558188876, 52.315355519966744 ], [ 4.576093777854708, 52.316202965669937 ], [ 4.579386155636716, 52.317214380876742 ], [ 4.583272456107075, 52.318395049787732 ], [ 4.583461588098587, 52.318380318385906 ], [ 4.583566369539119, 52.318372141148281 ], [ 4.584263854264882, 52.318317691579558 ], [ 4.584706963669744, 52.318283092678705 ], [ 4.58479840980463, 52.318275875479351 ], [ 4.584998516191642, 52.318260074588558 ], [ 4.585792521829648, 52.318197372419803 ], [ 4.585798567182884, 52.318193162033722 ], [ 4.586148644516434, 52.317949431737816 ], [ 4.586203304267128, 52.31791137800834 ], [ 4.586219999118622, 52.317899761664314 ], [ 4.586072252857386, 52.317792881918166 ], [ 4.585864569749122, 52.317642633087459 ], [ 4.585867593489191, 52.317639247103401 ], [ 4.585900449408841, 52.317602510847195 ], [ 4.586021305256629, 52.317467358370585 ], [ 4.586133253824904, 52.31734218509277 ], [ 4.586090327550468, 52.317315199873271 ], [ 4.586608216024728, 52.317005203309463 ], [ 4.586686084851119, 52.317002494642864 ], [ 4.587008713274498, 52.316991285514568 ], [ 4.58700727405102, 52.316973479449082 ], [ 4.587329802314263, 52.316801652407968 ], [ 4.587343136772184, 52.316794983570617 ], [ 4.587357150751646, 52.316788858609605 ], [ 4.587371784947412, 52.316783313075703 ], [ 4.587386980539791, 52.31677835555908 ], [ 4.587402663559207, 52.31677402151152 ], [ 4.58741878985072, 52.316770319622258 ], [ 4.587435256439442, 52.316767267170995 ], [ 4.587452033673336, 52.316764881933139 ], [ 4.587469018739453, 52.316763172201533 ], [ 4.587486138315786, 52.316762137480211 ], [ 4.587503348085889, 52.316761795445736 ], [ 4.587520545560481, 52.316762136417047 ], [ 4.58753767192037, 52.316763168984465 ], [ 4.587554654005356, 52.316764883665449 ], [ 4.587571418655214, 52.316767270977422 ], [ 4.587587892709651, 52.316770321437787 ], [ 4.587604017834659, 52.31677401667632 ], [ 4.587619706043498, 52.316778356098261 ], [ 4.587634899163753, 52.31678331234648 ], [ 4.587672647453394, 52.316796510297259 ], [ 4.587770913563896, 52.316837171286416 ], [ 4.587852797558108, 52.316875384592187 ], [ 4.587915627913008, 52.316904750684841 ], [ 4.587932711026983, 52.316913081194393 ], [ 4.587949258945353, 52.316921812547008 ], [ 4.587965242662406, 52.316930926570805 ], [ 4.587980618184375, 52.316940422968798 ], [ 4.58799538583463, 52.316950283767298 ], [ 4.588009516768937, 52.316960481807477 ], [ 4.588016465244921, 52.316965562060403 ], [ 4.587970543408906, 52.317056120900595 ], [ 4.587906238865223, 52.31704346263912 ], [ 4.587873312438233, 52.317047554394634 ], [ 4.587809519086037, 52.317055392275272 ], [ 4.587752285456936, 52.317073610708505 ], [ 4.587731643277107, 52.317181543430856 ], [ 4.587721007558995, 52.317237098547146 ], [ 4.587712491514107, 52.317281630671538 ], [ 4.587662594923074, 52.317542449996921 ], [ 4.587749893679199, 52.317548792410733 ], [ 4.587731241207009, 52.31764639333452 ], [ 4.587716620952974, 52.317722863654907 ], [ 4.587686422863154, 52.317880920999265 ], [ 4.587776387960383, 52.317886652249442 ], [ 4.588797444096986, 52.317951710294437 ], [ 4.588853699837681, 52.317955298731704 ], [ 4.589553563878657, 52.317899917300721 ], [ 4.590340053202603, 52.31783768223972 ], [ 4.59035172954341, 52.317836772216488 ], [ 4.590434396348694, 52.317829931936487 ], [ 4.590586332118223, 52.31781746423863 ], [ 4.590609730707541, 52.317815536595191 ], [ 4.590623420158495, 52.317814415401635 ], [ 4.59063660374996, 52.317813695261641 ], [ 4.590827971409942, 52.317803236475072 ], [ 4.590984588820254, 52.31779468261972 ], [ 4.59104986081593, 52.317791113308388 ], [ 4.591221687725815, 52.317781726755278 ], [ 4.591921479283237, 52.317821819772874 ], [ 4.592349748587853, 52.317823332276014 ], [ 4.592833457062158, 52.317807670907605 ], [ 4.593276572863463, 52.317780239410197 ], [ 4.593327334967722, 52.317776912996521 ], [ 4.593408433938295, 52.317771597071896 ], [ 4.593573759299017, 52.317760770326672 ], [ 4.59370234581418, 52.317752339379382 ], [ 4.59382047723332, 52.317744602149304 ], [ 4.593965113085183, 52.317735119108718 ], [ 4.594140878391684, 52.317723606588721 ], [ 4.594236161739722, 52.317717360562597 ], [ 4.594341400685597, 52.31771046214994 ], [ 4.594390805604172, 52.317707566597036 ], [ 4.594622810612676, 52.317693958591263 ], [ 4.594945858486215, 52.317675009883835 ], [ 4.595054108733304, 52.317668661301447 ], [ 4.59508001203019, 52.317670191966599 ], [ 4.595352110952253, 52.317686439639267 ], [ 4.595882921004385, 52.317791260139153 ], [ 4.596017703655018, 52.317801365503847 ], [ 4.596167135071674, 52.317795183492805 ], [ 4.596505266270466, 52.31775282768529 ], [ 4.596541739954076, 52.317724938948039 ], [ 4.596545100448449, 52.317722363868974 ], [ 4.596562512012755, 52.3177090521297 ], [ 4.596704300829774, 52.317668304304 ], [ 4.596757276419813, 52.317657603048268 ], [ 4.596820850027287, 52.31764476152955 ], [ 4.597082674034699, 52.317593058925645 ], [ 4.597083925342725, 52.317592797643186 ], [ 4.597172511840053, 52.317574640314973 ], [ 4.597183426695969, 52.317593444279169 ], [ 4.597233711983479, 52.317583911262716 ], [ 4.597372544516344, 52.317557595654499 ], [ 4.597455955793693, 52.31754178538651 ], [ 4.597656985199005, 52.317504955250286 ], [ 4.597937413069912, 52.317453599641475 ], [ 4.598022712519508, 52.317437981335054 ], [ 4.598217835327282, 52.317403348860886 ], [ 4.598493025267425, 52.317354509602403 ], [ 4.598495776516561, 52.317354024617714 ], [ 4.598645485732082, 52.317322998411576 ], [ 4.598794166479727, 52.317289583332723 ], [ 4.598813427094445, 52.317285253646702 ], [ 4.598841846823454, 52.317278863827774 ], [ 4.598875656012273, 52.317271260584796 ], [ 4.59897650887359, 52.317248599765016 ], [ 4.599193231022928, 52.317181878534754 ], [ 4.599455992463884, 52.317100983811741 ], [ 4.599457805464974, 52.317100474580094 ], [ 4.59972245504285, 52.317026359831608 ], [ 4.599724828163075, 52.317025692540348 ], [ 4.599987457908306, 52.316951294113643 ], [ 4.599989300385782, 52.316950776082052 ], [ 4.600252943671787, 52.316877066904766 ], [ 4.60025511035692, 52.316876461145725 ], [ 4.6005208491419, 52.316801974368893 ], [ 4.600521851268489, 52.316801702404916 ], [ 4.600785833659581, 52.316730277261208 ], [ 4.60078969471168, 52.316729233356014 ], [ 4.601054343174583, 52.316654099987112 ], [ 4.601055743464143, 52.316653704832518 ], [ 4.60131623760735, 52.316571271951439 ], [ 4.60131789068668, 52.316570680736611 ], [ 4.601495839158619, 52.316507499622283 ], [ 4.601524678142432, 52.316497256080986 ], [ 4.60165799521079, 52.316449920761144 ], [ 4.601688250968583, 52.316439174271515 ], [ 4.601787327164874, 52.316403996915099 ], [ 4.601807817049735, 52.316380701171006 ], [ 4.601808565367351, 52.316379852276796 ], [ 4.601822335041865, 52.316364196674968 ], [ 4.601865125496884, 52.316315558933894 ], [ 4.601914268439224, 52.316283393475068 ], [ 4.601973417404344, 52.316256822062449 ], [ 4.602448713021554, 52.316143356712978 ], [ 4.602463559022253, 52.31613981505695 ], [ 4.602599618161392, 52.316107336114506 ], [ 4.602757744047581, 52.316043608171114 ], [ 4.602827513065521, 52.315977847043712 ], [ 4.602866068650147, 52.315934735463841 ], [ 4.602872277471784, 52.315927801922506 ], [ 4.602906797848262, 52.31589975447681 ], [ 4.602914029102569, 52.315893888300579 ], [ 4.602972191245583, 52.31586333713819 ], [ 4.60305636975046, 52.315832014683089 ], [ 4.603105616619616, 52.315817978281622 ], [ 4.603106781125747, 52.315817644456054 ], [ 4.603127962673204, 52.315811610091039 ], [ 4.603486386586775, 52.315720905458846 ], [ 4.603566373264536, 52.315696880113713 ], [ 4.603662429025783, 52.315679774091961 ], [ 4.603717179924351, 52.315662978620168 ], [ 4.603718256277936, 52.315662653192732 ], [ 4.603782179000397, 52.315643042274303 ], [ 4.604202326822991, 52.315514185635067 ], [ 4.60454969548749, 52.315430550095861 ], [ 4.604766833386395, 52.315378373080797 ], [ 4.605025430522518, 52.315316232476022 ], [ 4.605299290143624, 52.315238481126222 ], [ 4.605546147934932, 52.315145792359672 ], [ 4.605550591705438, 52.315144122988627 ], [ 4.605656022569397, 52.315095017004914 ], [ 4.606313480994267, 52.314911887079681 ], [ 4.606892276591392, 52.31477249164903 ], [ 4.608581424388741, 52.31436567988856 ], [ 4.608588997031527, 52.314363707432108 ], [ 4.611424088779204, 52.313625517696757 ], [ 4.611676039331052, 52.313559912559562 ], [ 4.611701294458763, 52.31309689810417 ], [ 4.611696910174881, 52.313032173528718 ], [ 4.611679650880445, 52.312777528376181 ], [ 4.611622896111974, 52.31249869809114 ], [ 4.611533101159021, 52.312240089860914 ], [ 4.611420025485643, 52.312051696135363 ], [ 4.611325062163376, 52.311893504048413 ], [ 4.611107831211186, 52.311607391908481 ], [ 4.610549611273978, 52.311103049269697 ], [ 4.610099467386213, 52.310750323145122 ], [ 4.609950977535017, 52.310627038230571 ], [ 4.609898537273073, 52.310583497100588 ], [ 4.609188854503613, 52.309994257937021 ], [ 4.609118391596422, 52.309935758641629 ], [ 4.608314868712024, 52.309268572566282 ], [ 4.60742682170272, 52.308515194509702 ], [ 4.606922542338553, 52.308092594408286 ], [ 4.606391284890884, 52.307672069965278 ], [ 4.605573908319101, 52.307000180238553 ], [ 4.605437809087442, 52.306888296279645 ], [ 4.605420120822244, 52.306871057127346 ], [ 4.605311706683054, 52.306779974601703 ], [ 4.605196927934064, 52.306672302896018 ], [ 4.605104756857142, 52.30659230198119 ], [ 4.605073497347102, 52.306565535576908 ], [ 4.604938853748888, 52.306458568122366 ], [ 4.604886796906982, 52.306412959975034 ], [ 4.604824718802958, 52.306358567102862 ], [ 4.604737836178879, 52.306278915458741 ], [ 4.604604620450988, 52.306131762510944 ], [ 4.6044461245574, 52.305987246353666 ], [ 4.60432715288859, 52.305843153410379 ], [ 4.60422768817581, 52.305737065125705 ], [ 4.604152928276968, 52.305650239936959 ], [ 4.604024251951275, 52.305495323718453 ], [ 4.6039040033255, 52.305357279811858 ], [ 4.60366652552124, 52.305048944517047 ], [ 4.603658154439753, 52.30503806744214 ], [ 4.603657252206, 52.305036848077592 ], [ 4.603655805699951, 52.305034897074869 ], [ 4.603576915798264, 52.304927973819957 ], [ 4.603494488776945, 52.304816281377462 ], [ 4.603454474504531, 52.304758124163776 ], [ 4.603412227317709, 52.304705201157979 ], [ 4.603288339953044, 52.304543421990466 ], [ 4.603163719035581, 52.304381718713117 ], [ 4.602986022081902, 52.304119473526313 ], [ 4.602029722757595, 52.302835979542778 ], [ 4.601386858978978, 52.301973143326641 ], [ 4.600430438546147, 52.300688430246744 ], [ 4.599491247595046, 52.299411598306264 ], [ 4.598760521520073, 52.298418113134744 ], [ 4.598665155457538, 52.298288435559826 ], [ 4.598582157781902, 52.298175585158319 ], [ 4.598565423728906, 52.298152832614392 ], [ 4.598533401412113, 52.298109296560362 ], [ 4.598502595780496, 52.298067422416473 ], [ 4.598500405509025, 52.298064450733577 ], [ 4.59847080269864, 52.298024193467434 ], [ 4.598468769846349, 52.298021438547536 ], [ 4.598444420730038, 52.297988316890191 ], [ 4.598393574509973, 52.297922508633754 ], [ 4.598364640705456, 52.297885042102699 ], [ 4.598309387618169, 52.297821397497231 ], [ 4.598298017341879, 52.29780702162391 ], [ 4.598138262628014, 52.297596668528712 ], [ 4.597970329650602, 52.297375555827237 ], [ 4.597475800841547, 52.296676182013151 ], [ 4.597087257998846, 52.296084175667126 ], [ 4.596776261508046, 52.295302390858282 ], [ 4.59672256281638, 52.295085697944984 ], [ 4.596535349708239, 52.294607745739484 ], [ 4.596414794980438, 52.294275612134406 ], [ 4.596378755231786, 52.294184609511923 ], [ 4.596375314736915, 52.294175301818996 ], [ 4.596338812799559, 52.294029540734336 ], [ 4.596306537439772, 52.293903294053166 ], [ 4.596303078116591, 52.293860442732317 ], [ 4.596287917803937, 52.293723030486539 ], [ 4.596270465954019, 52.293557056775278 ], [ 4.596264921907746, 52.293497087195163 ], [ 4.596265091071016, 52.293441443144452 ], [ 4.596264681977331, 52.293419123013443 ], [ 4.596264676914525, 52.293418583694979 ], [ 4.596262432877106, 52.293293427690301 ], [ 4.596261821863024, 52.293247854052787 ], [ 4.596261824901143, 52.293247683299654 ], [ 4.59625876169325, 52.293017801722279 ], [ 4.596258982623947, 52.293003736859028 ], [ 4.596258986461558, 52.293003521170846 ], [ 4.596259190922359, 52.292990381969375 ], [ 4.596258824648058, 52.292951649893375 ], [ 4.596258783241069, 52.292946562364492 ], [ 4.596257978163095, 52.29286246452503 ], [ 4.596257919915045, 52.292856675813354 ], [ 4.596257348045069, 52.292794896929664 ], [ 4.596251501570865, 52.292360598823642 ], [ 4.596250999337356, 52.292330332603441 ], [ 4.596248095519365, 52.292154110882642 ], [ 4.596246132274592, 52.291990110247532 ], [ 4.596237143695689, 52.29194497489943 ], [ 4.596227802695251, 52.291895756604511 ], [ 4.596219282269288, 52.291839964523739 ], [ 4.596195350882638, 52.291750696602087 ], [ 4.596177721106255, 52.291681280561086 ], [ 4.596171207832922, 52.291666739212658 ], [ 4.596149486923408, 52.291604827805898 ], [ 4.596126368819228, 52.291544830495027 ], [ 4.596117205125942, 52.29152190350726 ], [ 4.596078855089867, 52.291425798021358 ], [ 4.596048136772637, 52.29136869792832 ], [ 4.595965066820427, 52.291224764182878 ], [ 4.595883821093724, 52.291122484361217 ], [ 4.595697074713742, 52.290911191881449 ], [ 4.595534303577375, 52.290729900058473 ], [ 4.595394404975958, 52.290571357218091 ], [ 4.595032785851714, 52.290162493778844 ], [ 4.594889194282203, 52.289999997770721 ], [ 4.594810810471057, 52.289910930851882 ], [ 4.594618095583431, 52.289694617171051 ], [ 4.594508619683559, 52.289568832005045 ], [ 4.594179759501148, 52.289200317238873 ], [ 4.593992910286405, 52.288987475273515 ], [ 4.593774595269883, 52.288741714187211 ], [ 4.593699240759586, 52.288658086635188 ], [ 4.593725215546709, 52.288648913353022 ], [ 4.59368885363267, 52.288610191308393 ], [ 4.593606119387125, 52.28852206505924 ], [ 4.593546277443209, 52.288443916404603 ], [ 4.593470312839076, 52.288360032935586 ], [ 4.593348725998859, 52.288233212587613 ], [ 4.593313230905577, 52.288192770528575 ], [ 4.592279670544361, 52.287048355977554 ], [ 4.592259909093419, 52.287026471923838 ], [ 4.59217876487144, 52.286936629599715 ], [ 4.592084907429845, 52.286832392673567 ], [ 4.591632268058073, 52.286329690555085 ], [ 4.591486793770992, 52.286168130248086 ], [ 4.591172713550873, 52.285727540708876 ], [ 4.591157157257795, 52.285695959655897 ], [ 4.591056251460118, 52.285519904466589 ], [ 4.590939703958623, 52.285310550794811 ], [ 4.59090097323482, 52.285224345755921 ], [ 4.590859307971657, 52.285138336649659 ], [ 4.590802197713631, 52.285023569432433 ], [ 4.590765785492873, 52.284947869069079 ], [ 4.590721995093234, 52.284859436780955 ], [ 4.590692165109823, 52.284795923655381 ], [ 4.590661408793284, 52.284733401958519 ], [ 4.59061905235149, 52.284653302266037 ], [ 4.590490579882608, 52.284381759991163 ], [ 4.590422185370402, 52.284237624306918 ], [ 4.590390228532161, 52.28417098687725 ], [ 4.590366212012977, 52.284120878141565 ], [ 4.590349470867649, 52.284085963384811 ], [ 4.590342905849873, 52.284072023533987 ], [ 4.590321079920815, 52.284025623661663 ], [ 4.590298745829794, 52.283978141787379 ], [ 4.590297630543542, 52.283975770399543 ], [ 4.590277738977168, 52.283935108975896 ], [ 4.590258299936738, 52.283895367385021 ], [ 4.590256646658771, 52.283891940762516 ], [ 4.59023601717875, 52.283849117212696 ], [ 4.590219061102856, 52.283813940330937 ], [ 4.590215753431665, 52.283807149993748 ], [ 4.590192006214576, 52.28375839124773 ], [ 4.590163700672688, 52.28370393926167 ], [ 4.590159249566486, 52.283694714426908 ], [ 4.590129518568529, 52.28363312525849 ], [ 4.590064464872786, 52.283499779603915 ], [ 4.590002463641058, 52.283371128304204 ], [ 4.589982282468285, 52.283327849333695 ], [ 4.589949111547845, 52.283257069053903 ], [ 4.589888378413307, 52.283129657606963 ], [ 4.589849063124139, 52.283050117397366 ], [ 4.589811783336911, 52.282971489712573 ], [ 4.589768943452473, 52.282892375103977 ], [ 4.589704940653037, 52.28278880490204 ], [ 4.589659054150193, 52.282712887436929 ], [ 4.589596340079063, 52.282608579852074 ], [ 4.589576112943696, 52.282573623474349 ], [ 4.589569507653636, 52.282559503540675 ], [ 4.589549832298299, 52.28251339664677 ], [ 4.589524333445463, 52.282447988952832 ], [ 4.589497695591801, 52.282397062386686 ], [ 4.589434990330467, 52.282274338144404 ], [ 4.589366524610083, 52.282139441049395 ], [ 4.589326115404643, 52.282058077663045 ], [ 4.589226595575615, 52.281861995590702 ], [ 4.589137002890038, 52.281679516524683 ], [ 4.589095025771916, 52.281590026205883 ], [ 4.589002629947307, 52.281389057544949 ], [ 4.588935420107163, 52.281244758099696 ], [ 4.588920095972381, 52.281211848038993 ], [ 4.588891144050987, 52.281147863951389 ], [ 4.588849812587911, 52.2810600137271 ], [ 4.58882605721325, 52.281020035990721 ], [ 4.588800775090534, 52.28098020972363 ], [ 4.588716795989089, 52.280850923859845 ], [ 4.58868253521841, 52.280797797438922 ], [ 4.588663936641407, 52.280772612969059 ], [ 4.5886443603907, 52.280747197189001 ], [ 4.588598631171128, 52.280680690873588 ], [ 4.588439711362958, 52.280501598746326 ], [ 4.58841820172713, 52.280482668263311 ], [ 4.588368684175328, 52.280437824554824 ], [ 4.588295678289485, 52.280374081887153 ], [ 4.588254865357449, 52.280339857981119 ], [ 4.588215853657607, 52.280308153916486 ], [ 4.588172993974448, 52.28027448239822 ], [ 4.588133420189411, 52.28024144426638 ], [ 4.588093196822197, 52.280210307208357 ], [ 4.588041043569466, 52.28016864530629 ], [ 4.5879998152162, 52.280135542014023 ], [ 4.587943398159161, 52.280098749759546 ], [ 4.587893353108939, 52.280072705398425 ], [ 4.587828721807599, 52.280036360880146 ], [ 4.587773748964338, 52.280005654269409 ], [ 4.587604573021299, 52.279913172923216 ], [ 4.587518811668772, 52.279867005112763 ], [ 4.587414177580905, 52.27980445006547 ], [ 4.587326981571476, 52.279757409548097 ], [ 4.587271583060292, 52.279724335946099 ], [ 4.587181740882038, 52.279671264368247 ], [ 4.58705445085238, 52.279599028270049 ], [ 4.586931789056332, 52.279525322349897 ], [ 4.586838015582243, 52.279470075732625 ], [ 4.586652041580165, 52.279360159173095 ], [ 4.586481137577746, 52.27925892803917 ], [ 4.586321733491947, 52.279163625824943 ], [ 4.586167228604984, 52.279072976478332 ], [ 4.586004240227182, 52.278976606916899 ], [ 4.58586097409641, 52.27889094983005 ], [ 4.585752811888551, 52.27882683239455 ], [ 4.585668005006061, 52.278779150692898 ], [ 4.585624093234743, 52.278752005447913 ], [ 4.585307697451353, 52.278575148635319 ], [ 4.585169253081081, 52.278496911628658 ], [ 4.584894585832388, 52.278344092381801 ], [ 4.584783791888714, 52.278281421240365 ], [ 4.584701191023906, 52.278233412256597 ], [ 4.584260624635714, 52.277981269987194 ], [ 4.58419390182712, 52.277944226134998 ], [ 4.584053246683382, 52.277862853899173 ], [ 4.581139180479519, 52.276155876971274 ], [ 4.579910597237917, 52.275436145692915 ], [ 4.577658155423107, 52.274116518776076 ], [ 4.577619069678, 52.274093618972259 ], [ 4.577191347404812, 52.273843011791392 ], [ 4.577056520813577, 52.273764016886403 ], [ 4.575687507072946, 52.272961890620351 ], [ 4.574597498442526, 52.272323192364993 ], [ 4.574088935045146, 52.272025189720779 ], [ 4.573842019897711, 52.271880507615819 ], [ 4.573143032749187, 52.271470905857377 ], [ 4.572998044471593, 52.271385940012784 ], [ 4.572925753330818, 52.271343584254673 ], [ 4.572749034624736, 52.271240018756494 ], [ 4.571611964381042, 52.27056046749626 ], [ 4.570786697730348, 52.270072619119276 ], [ 4.570015411489825, 52.269614088888211 ], [ 4.569589310722371, 52.269369981184035 ], [ 4.569302520622093, 52.269205940690888 ], [ 4.568979228427062, 52.269018520297962 ], [ 4.568707101570396, 52.268850849758216 ], [ 4.568467592412325, 52.268670245887179 ], [ 4.568335793946364, 52.268553385737249 ], [ 4.568223367782219, 52.268416427356776 ], [ 4.568098076362642, 52.268262122460811 ], [ 4.568039927279845, 52.268175496160666 ], [ 4.567971962024221, 52.268072200682049 ], [ 4.567922399461176, 52.267976771523017 ], [ 4.567868603403121, 52.267795422257429 ], [ 4.567845917267524, 52.267614477387575 ], [ 4.567845438431874, 52.267450368466243 ], [ 4.567859419406848, 52.267347497167449 ], [ 4.567868573042119, 52.2672935508431 ], [ 4.567890049705805, 52.267183792651132 ], [ 4.567913658926248, 52.267072781907693 ], [ 4.567942563621656, 52.266928776419263 ], [ 4.567964933228938, 52.266793578948345 ], [ 4.568018633070298, 52.266614134259171 ], [ 4.568030931742519, 52.266551670973911 ], [ 4.568047586212939, 52.26647462314633 ], [ 4.568053622937272, 52.266446720830622 ], [ 4.568077637738594, 52.266330346928946 ], [ 4.568095048477572, 52.266261546467042 ], [ 4.568133367151434, 52.266085167927649 ], [ 4.56816204887185, 52.265955586801226 ], [ 4.568192586739585, 52.265819070688302 ], [ 4.56822498072292, 52.265675619586823 ], [ 4.568243019118094, 52.26559179525875 ], [ 4.568308132585964, 52.265320588574525 ], [ 4.568332508788013, 52.265209978511905 ], [ 4.568359561700795, 52.265076503155015 ], [ 4.568397487634082, 52.264930106253729 ], [ 4.568409934700502, 52.264877036560925 ], [ 4.568446772023311, 52.264713356870061 ], [ 4.568558904065431, 52.264239271596473 ], [ 4.568608793982829, 52.264043666454988 ], [ 4.568667796857703, 52.26382328114962 ], [ 4.56871828125399, 52.263655031019553 ], [ 4.568754810721043, 52.263535840434074 ], [ 4.568785258046925, 52.263400869458977 ], [ 4.56882380852265, 52.263227530228519 ], [ 4.568863368392694, 52.263067788060198 ], [ 4.568897749495395, 52.262925977337005 ], [ 4.568946888791533, 52.26271765757128 ], [ 4.568992602938014, 52.262517933705986 ], [ 4.569040198581718, 52.262304291202746 ], [ 4.569085769013503, 52.262109150254695 ], [ 4.569137622043172, 52.261869453544605 ], [ 4.569193504081927, 52.261638449274869 ], [ 4.569247085820412, 52.261399474531672 ], [ 4.569285332399719, 52.261235300920141 ], [ 4.569325984307034, 52.261058991951067 ], [ 4.569368818265604, 52.26085958052392 ], [ 4.569409731577919, 52.260684154165538 ], [ 4.56945583176514, 52.260480729616489 ], [ 4.56949212896818, 52.260314942536233 ], [ 4.569498973895069, 52.260262094588363 ], [ 4.569509058143587, 52.260179635095689 ], [ 4.569523477244227, 52.260050988483847 ], [ 4.569529636372842, 52.259965311031301 ], [ 4.569535605285934, 52.259904331721515 ], [ 4.569537572823268, 52.259860231451619 ], [ 4.569534438845778, 52.25981396568946 ], [ 4.569532472325394, 52.259776705151843 ], [ 4.56952266109687, 52.259704821874365 ], [ 4.569520802973867, 52.259691156003704 ], [ 4.569500994159959, 52.259572680833386 ], [ 4.569458274933125, 52.259350692273124 ], [ 4.569409879433405, 52.259109223014264 ], [ 4.56936645717597, 52.258874529261284 ], [ 4.569329683497971, 52.258682961751262 ], [ 4.569294419936334, 52.258516832182117 ], [ 4.569259662080666, 52.258316829714985 ], [ 4.569199376954962, 52.257978861999668 ], [ 4.569117284751123, 52.257530880943513 ], [ 4.569106144317472, 52.257473998626651 ], [ 4.56903343186841, 52.257102275064575 ], [ 4.568940989364594, 52.256608804937244 ], [ 4.568940935412859, 52.256608552895038 ], [ 4.568934650517677, 52.256575181259308 ], [ 4.56892482819157, 52.256523107720554 ], [ 4.568924481803081, 52.256521235783588 ], [ 4.568914712625598, 52.256469459220817 ], [ 4.568914219358814, 52.25646681328449 ], [ 4.568914166068412, 52.256466525294201 ], [ 4.568884658340791, 52.256310142595488 ], [ 4.568882390209897, 52.256298082746824 ], [ 4.568882017179893, 52.256296066814485 ], [ 4.568801974398935, 52.255871576652588 ], [ 4.568787735455772, 52.255796067320254 ], [ 4.568787628382334, 52.255795518300523 ], [ 4.568774163825066, 52.255724094956207 ], [ 4.568715406405135, 52.255426880739947 ], [ 4.568714923508222, 52.25542446856636 ], [ 4.568698494929103, 52.255341411964757 ], [ 4.568698213019905, 52.255340016846127 ], [ 4.568577462462932, 52.254707464974985 ], [ 4.568575405324856, 52.25469668289773 ], [ 4.568552521779205, 52.254576819933312 ], [ 4.56855222804568, 52.254575271933312 ], [ 4.568528610293296, 52.254451538961774 ], [ 4.568527835172832, 52.254447497903676 ], [ 4.568423267959902, 52.253894018943399 ], [ 4.568408759720016, 52.253817294262767 ], [ 4.568398644546801, 52.253763690629725 ], [ 4.56838852807484, 52.253710158891543 ], [ 4.56836565287317, 52.253589100495461 ], [ 4.568347377383401, 52.253487892883648 ], [ 4.568342034157858, 52.253458311738505 ], [ 4.568303577916174, 52.253256782109581 ], [ 4.56830301629794, 52.253253875038148 ], [ 4.56826724511374, 52.253066421496513 ], [ 4.568232314903652, 52.252883422909896 ], [ 4.56819739928936, 52.252700442382931 ], [ 4.568162484288872, 52.252517443866026 ], [ 4.568158290324748, 52.252495456689886 ], [ 4.568158223227468, 52.252495123662406 ], [ 4.568157529583554, 52.252491433703646 ], [ 4.568127877576044, 52.252334420503743 ], [ 4.568123660478779, 52.252312100602737 ], [ 4.568093314907967, 52.252151406417369 ], [ 4.568089097844876, 52.252129086514401 ], [ 4.568058752685461, 52.25196838332819 ], [ 4.568054535656546, 52.251946063423325 ], [ 4.568024190743134, 52.251785360223309 ], [ 4.568019959270739, 52.251763031228002 ], [ 4.56799933020763, 52.251653717847319 ], [ 4.567997541560644, 52.251644276851977 ], [ 4.56798471883552, 52.251576309259683 ], [ 4.5679805017144, 52.251553998337776 ], [ 4.567980382168268, 52.25155333238407 ], [ 4.567863122580056, 52.250935894593887 ], [ 4.567843280735159, 52.250806929484618 ], [ 4.567818338620072, 52.250674207894861 ], [ 4.567790756422832, 52.250545692429739 ], [ 4.567767648575497, 52.250408013080524 ], [ 4.567730535920032, 52.250210941592385 ], [ 4.567699096061979, 52.250041431227118 ], [ 4.567670630827956, 52.249878197250617 ], [ 4.567632613981894, 52.249692102989762 ], [ 4.567631551641353, 52.249686172411955 ], [ 4.567610814050215, 52.249570925962331 ], [ 4.567586581823336, 52.249421994537933 ], [ 4.567567480609497, 52.249322075280979 ], [ 4.56755069033623, 52.249215952230593 ], [ 4.567525546982687, 52.249123675939543 ], [ 4.567496982127529, 52.249026351512121 ], [ 4.567459514800129, 52.248918637893247 ], [ 4.567422028195412, 52.248802439284553 ], [ 4.567378426688459, 52.248668419612443 ], [ 4.567338276440422, 52.248539439272406 ], [ 4.567290757892849, 52.248393114524603 ], [ 4.567238402214387, 52.248245470873364 ], [ 4.567211922272204, 52.248165400154882 ], [ 4.567192861086074, 52.24808245975872 ], [ 4.567168067802016, 52.248000666014157 ], [ 4.567159137866325, 52.24794487731419 ], [ 4.56711855680522, 52.247806761893997 ], [ 4.5670703681503, 52.247653969876957 ], [ 4.56701544619686, 52.247512968528291 ], [ 4.567010279504776, 52.247454024118213 ], [ 4.566991811185552, 52.247381064673178 ], [ 4.566979866674457, 52.247333928619895 ], [ 4.566930148709658, 52.247218885264893 ], [ 4.566872129949287, 52.247072757045864 ], [ 4.566795079619908, 52.246904143031841 ], [ 4.566767728440985, 52.246822169630036 ], [ 4.566743076350052, 52.24675821829446 ], [ 4.566711964034914, 52.246678519733287 ], [ 4.56662352810569, 52.246355499403023 ], [ 4.566532575050599, 52.24602452493005 ], [ 4.56648573894469, 52.245854179087196 ], [ 4.566471838358764, 52.245803586901957 ], [ 4.56643035250258, 52.24567743714902 ], [ 4.566362800048831, 52.245472010246004 ], [ 4.566239168618827, 52.245103687223136 ], [ 4.566125347486348, 52.244761686709936 ], [ 4.566005481457231, 52.244391070591661 ], [ 4.565756488769799, 52.243629891622874 ], [ 4.565646048984681, 52.243293900164566 ], [ 4.565387590523835, 52.24247427607672 ], [ 4.565316300297772, 52.242248176530381 ], [ 4.565267002954961, 52.242091852479078 ], [ 4.565170595665877, 52.241790841249966 ], [ 4.565149439942346, 52.241724945412294 ], [ 4.565124892199662, 52.241648482815677 ], [ 4.565119977037596, 52.241633177673101 ], [ 4.565103653252688, 52.241582343707101 ], [ 4.565100524236005, 52.241572596707989 ], [ 4.564999841373731, 52.241259034993163 ], [ 4.56483741629852, 52.240735465656087 ], [ 4.564709987146678, 52.240314937676921 ], [ 4.564565225881147, 52.239867441083064 ], [ 4.564462305510209, 52.239549396060788 ], [ 4.564390393427272, 52.239333681815459 ], [ 4.56426976729146, 52.238917029569862 ], [ 4.564269009163429, 52.238914480628495 ], [ 4.564200897781203, 52.238685723868052 ], [ 4.56419596243275, 52.238669169175289 ], [ 4.564094634322677, 52.238334183085577 ], [ 4.564040817262982, 52.238157504557456 ], [ 4.563902924176449, 52.237758941592006 ], [ 4.563776510754066, 52.237377041675082 ], [ 4.563679974878599, 52.237099900641219 ], [ 4.563594188973744, 52.236827346535797 ], [ 4.563546227644077, 52.236654843115026 ], [ 4.563513215174837, 52.236536094487782 ], [ 4.563512350665332, 52.236532969553288 ], [ 4.563438342983474, 52.236303631811808 ], [ 4.56338873147342, 52.236142046453587 ], [ 4.5633715822375, 52.236086191003743 ], [ 4.56334777500985, 52.236011971156763 ], [ 4.562997743445044, 52.234920212888227 ], [ 4.562968170287717, 52.234841997901484 ], [ 4.562936944210108, 52.234758180707445 ], [ 4.562909723519826, 52.234697616979382 ], [ 4.562874994959301, 52.234621127678452 ], [ 4.562848932297586, 52.234558118234673 ], [ 4.562817743126144, 52.234496843683864 ], [ 4.562756807167961, 52.234398402005198 ], [ 4.562661165361124, 52.234246013502876 ], [ 4.562615478456551, 52.234183451251397 ], [ 4.562566288975678, 52.234128216883555 ], [ 4.562492035471447, 52.234048584287521 ], [ 4.562420855115258, 52.233976136701997 ], [ 4.562332118488616, 52.233895225419367 ], [ 4.562272647677885, 52.233843442505631 ], [ 4.562191651925683, 52.233782485066008 ], [ 4.562101284708061, 52.233718513977159 ], [ 4.561988708608801, 52.233633310318069 ], [ 4.561879642449893, 52.233563321146086 ], [ 4.561778761084755, 52.233498790978452 ], [ 4.561672739203189, 52.233435977498281 ], [ 4.561615883621736, 52.233405865117859 ], [ 4.561502158052666, 52.233345640172622 ], [ 4.561412782786975, 52.233297746396978 ], [ 4.56131590717941, 52.233256460376509 ], [ 4.561220451805221, 52.233216748155058 ], [ 4.561118450222815, 52.233177187816075 ], [ 4.561028616324203, 52.233143797509847 ], [ 4.560889420228616, 52.233096219994671 ], [ 4.560783683480793, 52.23305996786052 ], [ 4.560675631191749, 52.233028598003855 ], [ 4.560569202609476, 52.233002821089684 ], [ 4.560452011987636, 52.232972456672989 ], [ 4.560210640204983, 52.232926365285437 ], [ 4.560035706240287, 52.232894886103239 ], [ 4.559851168264983, 52.232856382516346 ], [ 4.559524923616314, 52.232793687219626 ], [ 4.559212915403842, 52.232728268509454 ], [ 4.558984885660752, 52.232685917338003 ], [ 4.558729944608369, 52.232632078794715 ], [ 4.558430367741862, 52.232576838957662 ], [ 4.557185684704329, 52.232351591291618 ], [ 4.556942078993726, 52.232301621543328 ], [ 4.556830241351382, 52.232278805282 ], [ 4.556549168261445, 52.232219070779038 ], [ 4.55617146425284, 52.232143016308086 ], [ 4.555920854154846, 52.232087278654745 ], [ 4.555783854558658, 52.232055808426338 ], [ 4.5555830039114, 52.232010918520103 ], [ 4.55543080671434, 52.231963953051242 ], [ 4.55527220663726, 52.231908700092077 ], [ 4.555149904457756, 52.231859239350953 ], [ 4.555003043035679, 52.231798612864111 ], [ 4.554855600571424, 52.231731501591312 ], [ 4.554657281935187, 52.231640563311778 ], [ 4.554487076835072, 52.231554721469578 ], [ 4.554413945026973, 52.231518648488951 ], [ 4.554303419323853, 52.231454816826876 ], [ 4.554208113124253, 52.231397492002564 ], [ 4.554106993052902, 52.231329358206096 ], [ 4.553998285345306, 52.231248991758953 ], [ 4.5539380993661, 52.231202493576212 ], [ 4.553722517722279, 52.231025207904906 ], [ 4.553674622363673, 52.230979811977313 ], [ 4.553624982871233, 52.230932974593664 ], [ 4.553458114498079, 52.230735610941778 ], [ 4.553069541207125, 52.230271717765767 ], [ 4.552884633150569, 52.230044456861656 ], [ 4.55268684121542, 52.229809626420504 ], [ 4.552523484113213, 52.229615144430156 ], [ 4.552487601787263, 52.229573257400283 ], [ 4.552429702833564, 52.229505688200859 ], [ 4.552331524385267, 52.229391104488613 ], [ 4.552156252747241, 52.229181149901571 ], [ 4.551344006501545, 52.228166952540626 ], [ 4.55118639010978, 52.22796748478963 ], [ 4.551024986071925, 52.227763235226163 ], [ 4.55095508645179, 52.227676327511716 ], [ 4.550932630760056, 52.227648394891183 ], [ 4.550853506038634, 52.227550015732277 ], [ 4.550767244768831, 52.227427937943908 ], [ 4.550717709189312, 52.227354117340951 ], [ 4.550623481972063, 52.227168364324058 ], [ 4.550565980664151, 52.227030850552609 ], [ 4.550498091319587, 52.226848726471275 ], [ 4.550470361895747, 52.226744715954126 ], [ 4.550458967529888, 52.226660163828328 ], [ 4.550455092827444, 52.226596841247641 ], [ 4.550459758490081, 52.226444317034087 ], [ 4.550479701289041, 52.22628028824775 ], [ 4.550521977481018, 52.226101551126462 ], [ 4.550559916182074, 52.225985404281118 ], [ 4.550593011189631, 52.225907378162688 ], [ 4.550635495650154, 52.225825050258791 ], [ 4.550672673497115, 52.225756400798339 ], [ 4.550721588565172, 52.225682351630205 ], [ 4.550761024704621, 52.225630607025913 ], [ 4.550816944477681, 52.225562323941276 ], [ 4.55089931096258, 52.225470705889315 ], [ 4.550996968297031, 52.225367592230185 ], [ 4.551134023531492, 52.22522172172485 ], [ 4.551245786307931, 52.225103158065515 ], [ 4.551384598470185, 52.224958728835055 ], [ 4.551665782017559, 52.22465475887978 ], [ 4.55191400324359, 52.224392844784504 ], [ 4.552192243447525, 52.224092475022402 ], [ 4.552433416953068, 52.223833772741067 ], [ 4.552675176075391, 52.223572566389436 ], [ 4.55295047014115, 52.22327578730021 ], [ 4.553285160825805, 52.222913615118898 ], [ 4.553595175339459, 52.222576228153706 ], [ 4.553933983188375, 52.222205418540568 ], [ 4.555636752466434, 52.220321306816217 ], [ 4.555978442611848, 52.219943204213244 ], [ 4.556190094326126, 52.219709004148868 ], [ 4.556400115356326, 52.219476589882184 ], [ 4.556531800830177, 52.219341290467376 ], [ 4.556615361820604, 52.219273046261073 ], [ 4.556721118074789, 52.219206620903165 ], [ 4.556856644176418, 52.21913997333246 ], [ 4.556981097024356, 52.219095817228165 ], [ 4.557106586668065, 52.219061977789778 ], [ 4.557307151750812, 52.219020162942421 ], [ 4.55744658602637, 52.218998177750535 ], [ 4.558433146166438, 52.218798537598644 ], [ 4.559057833064862, 52.218706404142637 ], [ 4.559061413673439, 52.21870587198076 ], [ 4.560233379279929, 52.218532692888516 ], [ 4.560402754051881, 52.218508217402302 ], [ 4.561292162556209, 52.218373397485891 ], [ 4.561518821015645, 52.218339038466134 ], [ 4.561602586982937, 52.218326339487014 ], [ 4.561802094923378, 52.218296149408623 ], [ 4.561803283615954, 52.218295968963716 ], [ 4.563791612227183, 52.217995081200932 ], [ 4.565504842834325, 52.217739434488905 ], [ 4.566037307923548, 52.217659970045204 ], [ 4.567127328325716, 52.217490745912905 ], [ 4.56755672192057, 52.217427232011445 ], [ 4.568008541515441, 52.217358479181954 ], [ 4.568250886873506, 52.217321178076716 ], [ 4.568651748073695, 52.217262891229126 ], [ 4.569201373275366, 52.217181482189616 ], [ 4.569519401124552, 52.217134626889866 ], [ 4.570222305353416, 52.217027893867751 ], [ 4.570252761918201, 52.21702367336767 ], [ 4.570327230201227, 52.217018975328706 ], [ 4.570672289233569, 52.216991781399358 ], [ 4.57110157090862, 52.216969779484621 ], [ 4.57135224240452, 52.21695940437138 ], [ 4.571396254224463, 52.216958917454605 ], [ 4.571565388429391, 52.216958899287278 ], [ 4.571768875370183, 52.21696484358754 ], [ 4.571788751712034, 52.216965421254407 ], [ 4.571938232487523, 52.216971837241879 ], [ 4.572293214208567, 52.217008505512013 ], [ 4.572630784550022, 52.217049870304393 ], [ 4.572829105579013, 52.217077474718167 ], [ 4.573408986016815, 52.217166527705068 ], [ 4.573561481055004, 52.217211467958286 ], [ 4.573745231883305, 52.217254906561955 ], [ 4.579340381013366, 52.218355676857776 ], [ 4.581508256513684, 52.218758409056122 ], [ 4.581731593460941, 52.218794474217987 ], [ 4.581854419421545, 52.218812164775017 ], [ 4.582001769663012, 52.218829186511144 ], [ 4.582204828088271, 52.218847234954644 ], [ 4.582371226950922, 52.218859685233589 ], [ 4.582459102989874, 52.218866261234005 ], [ 4.582611191619429, 52.218873751036945 ], [ 4.582854568573924, 52.218884442048051 ], [ 4.583083220966052, 52.218890421346337 ], [ 4.583193934127237, 52.218889269630537 ], [ 4.583356757318482, 52.218884985088394 ], [ 4.583553195091426, 52.218874205889193 ], [ 4.583640343644245, 52.218865954497112 ], [ 4.583892208914028, 52.218839292186225 ], [ 4.58409069116373, 52.218808437347533 ], [ 4.584354170259237, 52.218765000135043 ], [ 4.585062616754242, 52.218602615445974 ], [ 4.585455727300047, 52.218512508558426 ], [ 4.597463147259888, 52.215727095107653 ], [ 4.597797359916589, 52.215642368795585 ], [ 4.600394156111734, 52.214984037752359 ], [ 4.601707495767433, 52.214651058412706 ], [ 4.602137529088346, 52.21462901174133 ], [ 4.602420286195669, 52.214602695178961 ], [ 4.602600607507656, 52.214585907991861 ], [ 4.602730894587837, 52.214566082716665 ], [ 4.602761585132807, 52.21455826911351 ], [ 4.60675390327848, 52.214581395744354 ], [ 4.60690788597846, 52.214579537074179 ], [ 4.607041056518002, 52.214577936191247 ], [ 4.607070898801259, 52.214577576070802 ], [ 4.611899355870777, 52.21453187886037 ], [ 4.612068522340413, 52.214530274933871 ], [ 4.612209735853027, 52.214528936731881 ], [ 4.61221213595546, 52.21452891653017 ], [ 4.615944069674095, 52.214493433654788 ], [ 4.61666287668236, 52.214485281905645 ], [ 4.617243246534996, 52.214478694998228 ], [ 4.617833304871781, 52.214471997584411 ], [ 4.618149752974758, 52.214468405263865 ], [ 4.618420219447277, 52.214475334537184 ], [ 4.618471337745579, 52.214476647022273 ], [ 4.61866621855746, 52.21448915069795 ], [ 4.618848781979172, 52.214506562353066 ], [ 4.618995661284219, 52.214518609344339 ], [ 4.619281730112224, 52.214544009988956 ], [ 4.619444284081951, 52.214559286237112 ], [ 4.619579669183498, 52.21457264195196 ], [ 4.619637822742172, 52.214578385896353 ], [ 4.619808641562461, 52.214598074630565 ], [ 4.619891997617501, 52.214607775234199 ], [ 4.619920325435719, 52.214611230992752 ], [ 4.620004973177425, 52.214621551105459 ], [ 4.620005250547651, 52.214621588860176 ], [ 4.620109926524384, 52.214635535415674 ], [ 4.620113240492947, 52.214635979386969 ], [ 4.620211580443417, 52.214649084746405 ], [ 4.620270012818627, 52.214656493003545 ], [ 4.620494003874732, 52.214684885063555 ], [ 4.620577306497432, 52.214690054790012 ], [ 4.620785674738521, 52.214720735730992 ], [ 4.621008136886104, 52.214747876520356 ], [ 4.621093113882607, 52.214759501273278 ], [ 4.621274371908448, 52.214784019340215 ], [ 4.621302638134402, 52.214788516995796 ], [ 4.621366525200645, 52.214798692493105 ], [ 4.621434369258494, 52.214806808356407 ], [ 4.621604358993734, 52.214827154233546 ], [ 4.621687640632488, 52.214835271162677 ], [ 4.621877869476013, 52.214853806392767 ], [ 4.621882747307511, 52.214854359319254 ], [ 4.622075902260784, 52.214876337690214 ], [ 4.622076968324829, 52.214876461443708 ], [ 4.622269714726059, 52.214898382920545 ], [ 4.622271204321864, 52.214898554356573 ], [ 4.622332658785824, 52.214905549732045 ], [ 4.622465221354914, 52.214920627554612 ], [ 4.6224654403589, 52.214920655937362 ], [ 4.622659662113354, 52.214942748117025 ], [ 4.622660071013759, 52.214942795705191 ], [ 4.622853884062038, 52.214964839977462 ], [ 4.622927314349925, 52.21497318887679 ], [ 4.622968118823153, 52.214977821206155 ], [ 4.623105677045471, 52.214993433974897 ], [ 4.623127218371176, 52.214995883315012 ], [ 4.623695824417883, 52.215060428871404 ], [ 4.62433352499616, 52.215131143517056 ], [ 4.624770547710663, 52.215181639143061 ], [ 4.625305421045397, 52.215240701049296 ], [ 4.625385954582171, 52.215249588592421 ], [ 4.625462629346505, 52.215258226485652 ], [ 4.625569740489439, 52.215270287386367 ], [ 4.625599957681409, 52.215273691046008 ], [ 4.625752942394183, 52.215290919210538 ], [ 4.625924051750184, 52.215310187487091 ], [ 4.626048772255015, 52.215325336555075 ], [ 4.62656621481737, 52.215388199229302 ], [ 4.626583590447686, 52.215390396401268 ], [ 4.627174301927807, 52.215465242147133 ], [ 4.627471483654947, 52.215502891371457 ], [ 4.62769741426853, 52.215530464274927 ], [ 4.627862423140751, 52.215550607292769 ], [ 4.628043768852818, 52.21557810855893 ], [ 4.628214536492983, 52.215595223134834 ], [ 4.628263780100099, 52.215600159535299 ], [ 4.628468937663658, 52.215609405388733 ], [ 4.62849172334537, 52.215612715618633 ], [ 4.628549783321966, 52.215619802786179 ], [ 4.628693388544309, 52.215640589108254 ], [ 4.628858381096848, 52.215662600165537 ], [ 4.628913394251894, 52.215669020439798 ], [ 4.629056079217511, 52.215698330188026 ], [ 4.629247837362279, 52.215718535128794 ], [ 4.62945445918847, 52.215742394447823 ], [ 4.629675958295814, 52.215770833935757 ], [ 4.630234351721803, 52.215832118559504 ], [ 4.630441364556321, 52.215858863856177 ], [ 4.630712707539387, 52.215880259473458 ], [ 4.631011583247049, 52.215912409848087 ], [ 4.631236452504086, 52.215939825351327 ], [ 4.631409811281831, 52.215969103888781 ], [ 4.631529574059899, 52.215996376416754 ], [ 4.631731338603686, 52.216013423575781 ], [ 4.631977434767188, 52.216046411296986 ], [ 4.632224538033287, 52.216094253401032 ], [ 4.632456502768021, 52.216142591454975 ], [ 4.632634452711486, 52.216184274239581 ], [ 4.632804811672283, 52.216232676355446 ], [ 4.632937161166439, 52.216270283353822 ], [ 4.63336579179677, 52.216440047370028 ], [ 4.633369978188306, 52.216441700951577 ], [ 4.633794686606837, 52.216618610913493 ], [ 4.633795427656755, 52.216618921238883 ], [ 4.634436576465994, 52.216868863153536 ], [ 4.635278115888677, 52.217192917707862 ], [ 4.635801328296197, 52.217396387342191 ], [ 4.637281201158112, 52.217958125520134 ], [ 4.637557514732457, 52.218070335318849 ], [ 4.637569171269001, 52.218075074166222 ], [ 4.638254881232271, 52.218353554696463 ], [ 4.638318281260069, 52.218379303359434 ], [ 4.638498292943527, 52.218452412914026 ], [ 4.638970570207107, 52.218664263926016 ], [ 4.639091646686016, 52.218718582417488 ], [ 4.63950989233596, 52.218881229320161 ], [ 4.639745455788222, 52.218972835728586 ], [ 4.639870376610508, 52.219021416330854 ], [ 4.639995195880925, 52.219069960204237 ], [ 4.640118547031474, 52.21911792840293 ], [ 4.640263925439426, 52.219174466679654 ], [ 4.64036830338615, 52.219215052182527 ], [ 4.640469366382174, 52.219254358289945 ], [ 4.640486015704893, 52.219260728306352 ], [ 4.641715274250586, 52.219730916845691 ], [ 4.641723508399076, 52.21973646058521 ], [ 4.641729672774052, 52.219740634047803 ], [ 4.64181327376351, 52.219794272735726 ], [ 4.641904664835147, 52.21982840229429 ], [ 4.642051389440037, 52.219883472780502 ], [ 4.642232354324171, 52.219934435765602 ], [ 4.64263767060375, 52.220070852339127 ], [ 4.642634676440063, 52.22007487813282 ], [ 4.642654339999462, 52.220081311783503 ], [ 4.642733058662678, 52.220108448911581 ], [ 4.642719116287332, 52.22012308362298 ], [ 4.642914010243625, 52.220189215481724 ], [ 4.64325512785947, 52.220305568217384 ], [ 4.643254271120473, 52.220308672722226 ], [ 4.643424165115943, 52.220359375374542 ], [ 4.643705526297176, 52.22044541091045 ], [ 4.643706283462866, 52.220445640380888 ], [ 4.644230251433425, 52.220604864237153 ], [ 4.644596375622003, 52.220638445669479 ], [ 4.644739463668603, 52.220658301296595 ], [ 4.644983338701933, 52.220686160468681 ], [ 4.645225153065823, 52.220716504896075 ], [ 4.645310838410512, 52.220728826642137 ], [ 4.645568407420917, 52.220758730039606 ], [ 4.64571594729194, 52.220783735681032 ], [ 4.645966722328065, 52.220833234663665 ], [ 4.646195800318015, 52.220879756726248 ], [ 4.646373285735139, 52.2209151869259 ], [ 4.646609870565445, 52.220969727758046 ], [ 4.646875153244914, 52.221079832988941 ], [ 4.646926140356344, 52.221100987117374 ], [ 4.647128242958781, 52.221184863801234 ], [ 4.647302151838934, 52.221258640594009 ], [ 4.647348350236211, 52.221278245540148 ], [ 4.64735218685235, 52.221279869464666 ], [ 4.647495140676931, 52.221343259490858 ], [ 4.647572763089793, 52.221377675886728 ], [ 4.647636627686405, 52.221405993009661 ], [ 4.647789563733249, 52.221468474461595 ], [ 4.647799840884722, 52.221472673350853 ], [ 4.648053924468551, 52.221573636743138 ], [ 4.648082464580522, 52.221584978634318 ], [ 4.648084630937005, 52.221585837077534 ], [ 4.648265893027085, 52.221672646322801 ], [ 4.648321600668443, 52.221696040459094 ], [ 4.648351787076197, 52.221708722829504 ], [ 4.648540143714728, 52.221787855210351 ], [ 4.648826454853875, 52.221903075935245 ], [ 4.64894185145019, 52.221951668184829 ], [ 4.648999810681356, 52.22197877019952 ], [ 4.649289239727715, 52.222088796150551 ], [ 4.649622512062574, 52.2222291695305 ], [ 4.649658119739781, 52.222244168407379 ], [ 4.649900810976877, 52.222346908189799 ], [ 4.650053747728236, 52.222413269553897 ], [ 4.650272408146432, 52.222508146746399 ], [ 4.650411595787291, 52.222569667123722 ], [ 4.65051252876552, 52.222614284709884 ], [ 4.650803386649244, 52.222749015235387 ], [ 4.650845827703738, 52.222768568403126 ], [ 4.651248220808471, 52.222953949244499 ], [ 4.651731051636692, 52.223180213336974 ], [ 4.651746097372912, 52.223187272837201 ], [ 4.651944630441442, 52.223298775452058 ], [ 4.652266479251205, 52.223479705538026 ], [ 4.652451683584162, 52.223588445878555 ], [ 4.652752184381386, 52.223764864583032 ], [ 4.653245897055876, 52.224030746847809 ], [ 4.653258239547752, 52.224037573638277 ], [ 4.65355708590068, 52.224202852655743 ], [ 4.653853757701693, 52.224345665029546 ], [ 4.654098369489057, 52.224459265650253 ], [ 4.654330210786301, 52.224555637149834 ], [ 4.654567205575646, 52.224647519121518 ], [ 4.654788677272338, 52.224731107172637 ], [ 4.655126519440821, 52.224860159087093 ], [ 4.655449729224644, 52.224982872616337 ], [ 4.655794169285752, 52.225115010452569 ], [ 4.656120667415058, 52.225241805123915 ], [ 4.656468699391693, 52.225372030752858 ], [ 4.656734242207502, 52.225476479576443 ], [ 4.657147586046332, 52.225636974652069 ], [ 4.65748453711911, 52.225764072795414 ], [ 4.657551486293019, 52.225788017326536 ], [ 4.657668520276006, 52.225829869944157 ], [ 4.657873181474472, 52.225899461645284 ], [ 4.6580398661747, 52.225955390281783 ], [ 4.658260012659333, 52.226028627213168 ], [ 4.658473734545824, 52.226098282768668 ], [ 4.658613984545106, 52.226140070945185 ], [ 4.658764729657742, 52.226181824810034 ], [ 4.659011198472132, 52.226246773816236 ], [ 4.659327943386205, 52.226321215430993 ], [ 4.659569742363597, 52.226373766817581 ], [ 4.660063236624267, 52.226471675599157 ], [ 4.660775110402582, 52.226616216754365 ], [ 4.661460896956931, 52.226755047634462 ], [ 4.662216991558611, 52.226909810593696 ], [ 4.663044401816537, 52.227076241090977 ], [ 4.663500611804641, 52.22716816342664 ], [ 4.663804475659847, 52.227231791204957 ], [ 4.663860300322672, 52.227242595262844 ], [ 4.663883572656995, 52.227247106007759 ], [ 4.6640039338584, 52.227271239097007 ], [ 4.664022170327058, 52.227274901061797 ], [ 4.664146914773202, 52.227301325848686 ], [ 4.664155739656812, 52.227303195471158 ], [ 4.664221900802697, 52.22731923979088 ], [ 4.664300738800441, 52.227340610723751 ], [ 4.6644631655769, 52.227384648825272 ], [ 4.664466910813863, 52.227385660435353 ], [ 4.664583526028039, 52.227418794086567 ], [ 4.664588887627803, 52.22742031891628 ], [ 4.664706201376204, 52.227457321612384 ], [ 4.664717399834069, 52.227460850537909 ], [ 4.664910542881919, 52.227526997931214 ], [ 4.664911314330151, 52.227527263304232 ], [ 4.665045189530726, 52.227573786486651 ], [ 4.665177250543136, 52.227626599100873 ], [ 4.665263478834255, 52.227661658532085 ], [ 4.66531765629502, 52.227685646394185 ], [ 4.665360745108355, 52.227709260870718 ], [ 4.665436902181818, 52.227751628887276 ], [ 4.665497029927161, 52.22778689716737 ], [ 4.66565068606469, 52.227878283392037 ], [ 4.665915510381899, 52.228037471608161 ], [ 4.666029866538777, 52.228109050196132 ], [ 4.666598226051421, 52.228467046399366 ], [ 4.667007357080592, 52.228721784265801 ], [ 4.667210593777699, 52.228851328669137 ], [ 4.667741088101605, 52.229184110451946 ], [ 4.66791320325643, 52.229291407212493 ], [ 4.66812863311007, 52.229446649374189 ], [ 4.668282146553316, 52.229542120825272 ], [ 4.668316695519214, 52.229563605969666 ], [ 4.668418863581834, 52.229622659471353 ], [ 4.668447228954943, 52.22963730294363 ], [ 4.668683879354356, 52.229759435131463 ], [ 4.668737062140282, 52.229809966245085 ], [ 4.668856565738578, 52.229902380833693 ], [ 4.668864574449548, 52.229907705561999 ], [ 4.669151175720158, 52.230098549105904 ], [ 4.669240617800959, 52.230158108748654 ], [ 4.669247413674743, 52.230162401433354 ], [ 4.669249094674051, 52.230163454271981 ], [ 4.66945141222255, 52.230290894911946 ], [ 4.66955977341653, 52.230359143926322 ], [ 4.669617937736885, 52.230397678796386 ], [ 4.669663065508717, 52.230359546715313 ], [ 4.670255242102376, 52.230701949387708 ], [ 4.670266206261173, 52.230708289637434 ], [ 4.670295805797035, 52.230725456819918 ], [ 4.670348087144903, 52.230755785422723 ], [ 4.670572017363998, 52.230602045264689 ], [ 4.670882740306301, 52.230388718531195 ], [ 4.671223802387302, 52.230154560670918 ], [ 4.671657025937334, 52.229857117570297 ], [ 4.671987260679622, 52.229630379027746 ], [ 4.672386521749636, 52.229356240529988 ], [ 4.672758367305529, 52.229100944735983 ], [ 4.673322225720107, 52.228713784289447 ], [ 4.673535715637146, 52.228537082714148 ], [ 4.67388330941515, 52.228249756022585 ], [ 4.674192356798007, 52.228001006321172 ], [ 4.67469065010483, 52.227594307881638 ], [ 4.675174194238297, 52.227203229665911 ], [ 4.675548229187456, 52.22686739582047 ], [ 4.675577349195565, 52.22684125406024 ], [ 4.675653130299093, 52.226779395987769 ], [ 4.675674544847545, 52.22676190828146 ], [ 4.676340549736489, 52.226218200545532 ], [ 4.676699023394604, 52.225925520230618 ], [ 4.676719291682398, 52.22593488193337 ], [ 4.67687401374394, 52.226006351248145 ], [ 4.676922521263018, 52.226036465524921 ], [ 4.677036230340317, 52.226109018228819 ], [ 4.677057601518539, 52.226122655858731 ], [ 4.677932333680175, 52.226304294521967 ], [ 4.67814930423831, 52.226374140562029 ], [ 4.679754022879889, 52.226547661037401 ], [ 4.679975125695986, 52.226763108914724 ], [ 4.681274968287185, 52.226643981426569 ], [ 4.681290270999743, 52.226642580855838 ], [ 4.682060742406444, 52.226571961469425 ], [ 4.682555997885125, 52.226526578977278 ], [ 4.6825621101004, 52.226526022225272 ], [ 4.682588787189641, 52.226523574815495 ], [ 4.682602682719474, 52.226522300502253 ], [ 4.682710666283679, 52.226512392562668 ], [ 4.682744598951778, 52.226509278331662 ], [ 4.682847994425471, 52.226499801296576 ], [ 4.682855150770842, 52.226473940236176 ], [ 4.682855554589421, 52.226472468594061 ], [ 4.682880998514142, 52.226380465217588 ], [ 4.682880030812405, 52.22635558035649 ], [ 4.682931969695289, 52.226353166656097 ], [ 4.683056280361472, 52.226347382425061 ], [ 4.683297333412031, 52.226351632483649 ], [ 4.68362189213472, 52.226353719013822 ], [ 4.683708235035303, 52.226356327527249 ], [ 4.683821334925908, 52.226359760437823 ], [ 4.684428054976835, 52.226419331849101 ], [ 4.684430729363922, 52.226419590440173 ], [ 4.684425804796684, 52.226412595355029 ], [ 4.684501627366347, 52.226410368006746 ], [ 4.684635787129185, 52.226413008636889 ], [ 4.684833230132418, 52.226425229262482 ], [ 4.685062534836825, 52.226445000223237 ], [ 4.685289532080753, 52.226467246731836 ], [ 4.685564768604359, 52.226506389387822 ], [ 4.68581087637172, 52.226541053130312 ], [ 4.685959838934585, 52.226564767385888 ], [ 4.686061157225511, 52.226585861738855 ], [ 4.686150994517744, 52.226610132569604 ], [ 4.686210563840135, 52.226633459714641 ], [ 4.686301573224489, 52.226672549787054 ], [ 4.686408530998735, 52.226726879372556 ], [ 4.68653701708051, 52.226795313072508 ], [ 4.68658539196041, 52.226827813394578 ], [ 4.68667398158634, 52.226885862716323 ], [ 4.686800341261822, 52.226976951517784 ], [ 4.686911184597547, 52.227056065912542 ], [ 4.686965601039178, 52.227090678146276 ], [ 4.687031635118482, 52.227112506229126 ], [ 4.687103809779343, 52.227124528694588 ], [ 4.687182738934561, 52.227129589411419 ], [ 4.687263081597141, 52.227121077423462 ], [ 4.687309399984829, 52.227104732877841 ], [ 4.687378894055368, 52.227145770873214 ], [ 4.68766832323446, 52.227306763535907 ], [ 4.687670267858318, 52.227307826660876 ], [ 4.687932602004137, 52.227450457282842 ], [ 4.688176259550156, 52.227582937072668 ], [ 4.688683970998092, 52.227874782307708 ], [ 4.688757998198464, 52.227917185510258 ], [ 4.688770415893355, 52.227924296620614 ], [ 4.68948694714892, 52.22833478447523 ], [ 4.690580243802575, 52.22896109268072 ], [ 4.690659047528385, 52.229006228255905 ], [ 4.691462592606011, 52.229438968167642 ], [ 4.691922756251841, 52.229683232758291 ], [ 4.692699753046973, 52.230123825214122 ], [ 4.69330810709608, 52.230465865144787 ], [ 4.693656565320635, 52.230668480901166 ], [ 4.693884518066084, 52.230796488271899 ], [ 4.693990201837963, 52.230855836726498 ], [ 4.694287785515058, 52.231036760353817 ], [ 4.69459579499986, 52.231211021251582 ], [ 4.694811542299652, 52.231335440889318 ], [ 4.694890388112503, 52.231376529191778 ], [ 4.695034881112697, 52.231451824313019 ], [ 4.695190057652526, 52.231541427967535 ], [ 4.695299621632747, 52.23160469879096 ], [ 4.695538513906898, 52.231736775672566 ], [ 4.695679638912022, 52.231813236698414 ], [ 4.69583927471016, 52.2318939224375 ], [ 4.696031157526366, 52.231999235259323 ], [ 4.696244105624467, 52.232109272883562 ], [ 4.696494089712401, 52.232216479713962 ], [ 4.696942951408517, 52.232361483728617 ], [ 4.697339813316672, 52.232455911977439 ], [ 4.698223723521369, 52.232654629111387 ], [ 4.699145822869744, 52.232839819248142 ], [ 4.700243660765464, 52.233079440440051 ], [ 4.700309619832724, 52.233093836416955 ], [ 4.701266899857649, 52.233278010062406 ], [ 4.701720155089399, 52.23336656714288 ], [ 4.702038612218868, 52.233431762651875 ], [ 4.702629077148723, 52.233549037943646 ], [ 4.702912551168103, 52.233607503002169 ], [ 4.703017865432249, 52.233629226006876 ], [ 4.703173443201463, 52.233667553343508 ], [ 4.703187035231046, 52.233670894719985 ], [ 4.70328618893459, 52.233695341153641 ], [ 4.703352494313371, 52.233711139567546 ], [ 4.703606178907247, 52.233765880207891 ], [ 4.703714236241249, 52.233789191375813 ], [ 4.703967303369559, 52.233820306985976 ], [ 4.704075753629717, 52.233833292788887 ], [ 4.70425521778494, 52.233843363471337 ], [ 4.704352416309841, 52.233842631075206 ], [ 4.70442804931486, 52.233842061575885 ], [ 4.704464447700683, 52.233839746293945 ], [ 4.70470716256593, 52.233824278178894 ], [ 4.704833985591323, 52.233816193512325 ], [ 4.704848550729361, 52.233815270979555 ], [ 4.704875981396675, 52.233813523948697 ], [ 4.705621206628636, 52.233739476911012 ], [ 4.706351929562706, 52.233666869570399 ], [ 4.706842500994816, 52.233630687694564 ], [ 4.707885673542993, 52.233554935517134 ], [ 4.707885834692164, 52.233554927455735 ], [ 4.70792872981226, 52.233551812575797 ], [ 4.707949437355856, 52.233550304803359 ], [ 4.70814682516072, 52.23353597113158 ], [ 4.708224628455555, 52.233530315438266 ], [ 4.708398201872029, 52.233517704999919 ], [ 4.708596600607645, 52.233503295493762 ], [ 4.70870416790429, 52.233495482548491 ], [ 4.708789840675745, 52.23348926049286 ], [ 4.708986202093287, 52.233475000418501 ], [ 4.708994291676816, 52.233474408708695 ], [ 4.708998674019208, 52.233474056368976 ], [ 4.709222380913822, 52.233455917245621 ], [ 4.709351082248419, 52.23344548363913 ], [ 4.710926052831165, 52.233317792878765 ], [ 4.711553139415876, 52.233266949368428 ], [ 4.712449862708175, 52.233194238031594 ], [ 4.712595813443621, 52.233182398411799 ], [ 4.712685306718367, 52.233175143747367 ], [ 4.714615633117377, 52.233034224552384 ], [ 4.715144794644964, 52.232992071120258 ], [ 4.715292059880611, 52.232980334520583 ], [ 4.716685447165104, 52.232869321511558 ], [ 4.716766513671049, 52.232862618128884 ], [ 4.717739661151313, 52.232782175183608 ], [ 4.718145328794715, 52.232748638024155 ], [ 4.718478679881422, 52.232721080637816 ], [ 4.718967301281544, 52.232680792801581 ], [ 4.720457269717339, 52.232557959012787 ], [ 4.720910155000205, 52.232520616258029 ], [ 4.722293170374078, 52.23242681667363 ], [ 4.723235369423907, 52.232362908072211 ], [ 4.723342305279028, 52.232358790336917 ], [ 4.723679414401974, 52.232345818058398 ], [ 4.723788637223874, 52.232342449786444 ], [ 4.723975518624552, 52.232356621736777 ], [ 4.724066105848093, 52.232371016857627 ], [ 4.724154531319079, 52.232371333449578 ], [ 4.724150965667991, 52.232294231769202 ], [ 4.724150822752227, 52.232291049191119 ], [ 4.724149856270903, 52.232270425139333 ], [ 4.724148208687703, 52.232234589454016 ], [ 4.724225295053865, 52.232228613617075 ], [ 4.724232810223572, 52.232212495248518 ], [ 4.72423852618441, 52.232200222662982 ], [ 4.724274349052079, 52.232123315068968 ], [ 4.724281228829474, 52.232108577293836 ], [ 4.724308661239594, 52.232004307864393 ], [ 4.724319568652268, 52.231962871162224 ], [ 4.72428074119343, 52.231649625822648 ], [ 4.723699625351456, 52.226960620263185 ], [ 4.723285779455813, 52.223873046749439 ], [ 4.723124300804193, 52.222542082434614 ], [ 4.723124275823547, 52.222541794675458 ], [ 4.723098743793556, 52.222331285005339 ], [ 4.722923949591388, 52.220977370451585 ], [ 4.722896598410044, 52.220363905487581 ], [ 4.722897061833454, 52.219825413748325 ], [ 4.722962394358155, 52.219559050675763 ], [ 4.723072188872239, 52.21930514340967 ], [ 4.72323398235666, 52.218951670699049 ], [ 4.723407043699898, 52.218647147308019 ], [ 4.723649577217835, 52.218234968161077 ], [ 4.723674426417858, 52.218184774463239 ], [ 4.723684403082823, 52.218128016791752 ], [ 4.723681809932469, 52.218083016828288 ], [ 4.723678434637518, 52.218024701107424 ], [ 4.723677341199435, 52.218005757056474 ], [ 4.723604949077139, 52.217637287979542 ], [ 4.723419191472409, 52.216862297427475 ], [ 4.723355592875491, 52.21658648185921 ], [ 4.723301960359574, 52.216353865116211 ], [ 4.723764399955015, 52.21657365211 ], [ 4.723759136827854, 52.216410192041522 ], [ 4.72373774017552, 52.216187319914035 ], [ 4.723716015500153, 52.215960940573382 ], [ 4.723687982257127, 52.215668858755379 ], [ 4.723665903853493, 52.215430891740539 ], [ 4.723660499779177, 52.215353572746523 ], [ 4.723655179138661, 52.215277530529448 ], [ 4.72366033537502, 52.215227046403712 ], [ 4.723676688280837, 52.215176382507103 ], [ 4.723735197169318, 52.2150677844906 ], [ 4.723795565104248, 52.215000398318381 ], [ 4.723853054724705, 52.214951385591888 ], [ 4.723898835217497, 52.214918296895199 ], [ 4.723946997111063, 52.214883486852749 ], [ 4.724117508724214, 52.214775454703833 ], [ 4.724324374596032, 52.214646234703679 ], [ 4.724402489539318, 52.21458676747806 ], [ 4.724429790517045, 52.214551570516107 ], [ 4.724456061921912, 52.214482293897731 ], [ 4.724465373884661, 52.214444524246815 ], [ 4.724483665103789, 52.214334289023569 ], [ 4.724489847630853, 52.214189147984662 ], [ 4.724488593772677, 52.214148505763937 ], [ 4.724475194398919, 52.214100038658209 ], [ 4.724447713998629, 52.214040086633545 ], [ 4.724422189530462, 52.213984396948582 ], [ 4.724410037158316, 52.213940637606726 ], [ 4.724389780502434, 52.213884941525592 ], [ 4.72435766880594, 52.213798951930002 ], [ 4.724335744797805, 52.213737314334928 ], [ 4.724303647808064, 52.2136513337922 ], [ 4.724290221737158, 52.213608618892415 ], [ 4.724275240537198, 52.2135524131144 ], [ 4.72428399334789, 52.213520752239333 ], [ 4.724287727421641, 52.213515640996448 ], [ 4.724309390089586, 52.213498442531623 ], [ 4.724343663085677, 52.213476497224171 ], [ 4.724395769149413, 52.213448881637582 ], [ 4.72443672342269, 52.213429274754773 ], [ 4.72446938261762, 52.213409576366637 ], [ 4.724519698889348, 52.213380296871463 ], [ 4.724587650793717, 52.213340905828808 ], [ 4.72466531085433, 52.213295124746523 ], [ 4.724668442124683, 52.213293155944022 ], [ 4.72465525880849, 52.213285271325127 ], [ 4.724323234771048, 52.21307039016736 ], [ 4.724296569516667, 52.213053073220117 ], [ 4.724316191542315, 52.213042217884251 ], [ 4.724447294691264, 52.21290444712379 ], [ 4.72447034851027, 52.212889116972633 ], [ 4.724486948144999, 52.212865032142069 ], [ 4.724497433610469, 52.21283884573571 ], [ 4.724498093781562, 52.212814132168958 ], [ 4.724487313335224, 52.212781444873414 ], [ 4.724485456853272, 52.212779358204415 ], [ 4.724460544176451, 52.212751445171335 ], [ 4.724652880088124, 52.212635337575428 ], [ 4.724655700060586, 52.212633636669644 ], [ 4.724854058738522, 52.212513895393073 ], [ 4.725104032389774, 52.212362966858123 ], [ 4.725231831193496, 52.212285801428941 ], [ 4.725193007739534, 52.21225366705692 ], [ 4.725431534359453, 52.212127534742791 ], [ 4.725444637300613, 52.212090568212602 ], [ 4.725488803153734, 52.21206740170016 ], [ 4.725873272710125, 52.211865732278412 ], [ 4.726329023422457, 52.211629541777221 ], [ 4.727299041712307, 52.211131066513808 ], [ 4.727603938996991, 52.211105733720508 ], [ 4.727970723769831, 52.210964862081646 ], [ 4.72819756460115, 52.210865119935114 ], [ 4.728910488730844, 52.210540158832515 ], [ 4.729562530948006, 52.210271146872252 ], [ 4.729703167398199, 52.210214442116367 ], [ 4.729570000301021, 52.21012786424388 ], [ 4.729455644247359, 52.21005351594173 ], [ 4.729245046330287, 52.21020905923374 ], [ 4.729057005327306, 52.210074511132554 ], [ 4.728982177209502, 52.210063964479517 ], [ 4.728949317737697, 52.210039082019918 ], [ 4.728909037048107, 52.209990654300213 ], [ 4.728876835913863, 52.209951915839753 ], [ 4.728765997731085, 52.209818813286056 ], [ 4.728951279672889, 52.209745784292785 ], [ 4.729245787457557, 52.209558315959406 ], [ 4.729570748051255, 52.209319694438761 ], [ 4.730481734958955, 52.208629444814981 ], [ 4.731331362031853, 52.207990978381332 ], [ 4.731884183974284, 52.207576999707769 ], [ 4.732585015711595, 52.207115662844558 ], [ 4.732833640012591, 52.206972062804731 ], [ 4.733261903423148, 52.206859387597049 ], [ 4.733445754069352, 52.206822745471584 ], [ 4.733629604414318, 52.206786103059059 ], [ 4.734038733373666, 52.206671072110382 ], [ 4.734338950846075, 52.206516420294129 ], [ 4.734343492502838, 52.206519977728092 ], [ 4.734506750390384, 52.206647603477101 ], [ 4.734781847945338, 52.206862654045807 ], [ 4.734999509699954, 52.206766847885753 ], [ 4.735616645956637, 52.207314043874874 ], [ 4.735566478424562, 52.207335122762757 ], [ 4.735377598817703, 52.207414496815424 ], [ 4.735846918189771, 52.207826952793525 ], [ 4.735962033256927, 52.207939804110886 ], [ 4.736482131634604, 52.208457437590233 ], [ 4.737383840856228, 52.209299994650642 ], [ 4.738015804207961, 52.209947602262396 ], [ 4.738184730783573, 52.210063299758964 ], [ 4.738464534864185, 52.210278313404736 ], [ 4.738755895450483, 52.210513765830562 ], [ 4.738988839171715, 52.210745023005181 ], [ 4.739073271376357, 52.210828832998281 ], [ 4.739251476202853, 52.211004179875012 ], [ 4.739408656443637, 52.211139315274451 ], [ 4.739627345525585, 52.211307845960889 ], [ 4.739915784844703, 52.211518652049406 ], [ 4.740197357346368, 52.211708801118746 ], [ 4.740435711776874, 52.211856522729157 ], [ 4.740621209176251, 52.211980675311246 ], [ 4.740730284599768, 52.212039398431045 ], [ 4.740870349175396, 52.212108276823159 ], [ 4.740995021214391, 52.212174158679275 ], [ 4.741116695363671, 52.212246010065968 ], [ 4.741335255552075, 52.212409108000898 ], [ 4.741544727829507, 52.21261281793425 ], [ 4.741761902898286, 52.212832379622732 ], [ 4.741821168205754, 52.21289762445889 ], [ 4.742086438268863, 52.21323767297217 ], [ 4.742287029429125, 52.213464090843857 ], [ 4.742348349294588, 52.213530038704199 ], [ 4.742423128996573, 52.213589040326696 ], [ 4.742518430228458, 52.213673850859116 ], [ 4.742585772771421, 52.213735184629783 ], [ 4.742646811559248, 52.21379027319032 ], [ 4.742692192970843, 52.213853527329263 ], [ 4.742735649836434, 52.213900125017865 ], [ 4.742812514869426, 52.213973860244728 ], [ 4.74287481788768, 52.214047812577888 ], [ 4.743000943981327, 52.214247496784537 ], [ 4.743049747618766, 52.214321060798603 ], [ 4.743150324354708, 52.21442677888767 ], [ 4.743231791616976, 52.214516295033626 ], [ 4.743389030981001, 52.214658139374976 ], [ 4.743478850941075, 52.214724592522032 ], [ 4.743629882603789, 52.214792826267072 ], [ 4.743739222962115, 52.214811658878723 ], [ 4.743826889187752, 52.214820594282934 ], [ 4.743942385518615, 52.214825546693724 ], [ 4.744020959922834, 52.214823682687616 ], [ 4.744158734795882, 52.214814914573445 ], [ 4.744270228854932, 52.214803154006255 ], [ 4.744382750170539, 52.214784082628299 ], [ 4.744497784481901, 52.214773383733814 ], [ 4.744803134577799, 52.214753186080479 ], [ 4.745009281013322, 52.214759034971017 ], [ 4.745196443350048, 52.21477340885783 ], [ 4.745237469221649, 52.214779761745788 ], [ 4.745324835173068, 52.214793305289334 ], [ 4.745441851797164, 52.214815638453096 ], [ 4.745557134568923, 52.214826286565341 ], [ 4.74574434549756, 52.214837316280374 ], [ 4.745918590661985, 52.214833193297494 ], [ 4.746178388739124, 52.214831350051341 ], [ 4.746572616524523, 52.214814200797754 ], [ 4.746941182822785, 52.214788606125786 ], [ 4.747220172897546, 52.214785111959593 ], [ 4.747441382334538, 52.214787505913641 ], [ 4.747603224012053, 52.214800345660308 ], [ 4.747732354646002, 52.214817780737327 ], [ 4.747793646810294, 52.214828224188295 ], [ 4.747905506909794, 52.214851057283163 ], [ 4.747971565379582, 52.214867898989198 ], [ 4.748228216344613, 52.214949812062976 ], [ 4.749043181081738, 52.21526223099859 ], [ 4.749271182466387, 52.215335151691818 ], [ 4.750168193172938, 52.215543160050906 ], [ 4.750298426708021, 52.215576812742313 ], [ 4.750476007802249, 52.215633298610925 ], [ 4.75054801597343, 52.21566196329524 ], [ 4.750668836204484, 52.215720551674622 ], [ 4.751086964093913, 52.215982290221454 ], [ 4.751463482759429, 52.216259262766471 ], [ 4.751992611211359, 52.216686337864772 ], [ 4.752330755954072, 52.216996348040091 ], [ 4.752648620975997, 52.217221257065589 ], [ 4.753015780334224, 52.217390236513381 ], [ 4.753298505748643, 52.21746780239112 ], [ 4.75377319296432, 52.217541283084564 ], [ 4.754415652624342, 52.217516989874866 ], [ 4.755151650256019, 52.217529694333514 ], [ 4.755308006489322, 52.217537047341871 ], [ 4.755797840661434, 52.217560114947723 ], [ 4.75681195273529, 52.21758694178083 ], [ 4.757559427021886, 52.217622261513327 ], [ 4.758399287777457, 52.217575360249441 ], [ 4.759102663752433, 52.217537596140701 ], [ 4.759847855077976, 52.217586497170153 ], [ 4.760876064034444, 52.217823450947577 ], [ 4.761502670798734, 52.217984971146912 ], [ 4.762074487262451, 52.218130271164654 ], [ 4.762605158988868, 52.218339148065326 ], [ 4.76313147399841, 52.218595096967611 ], [ 4.764213685103022, 52.219291012371684 ], [ 4.765197963098635, 52.219926514518711 ], [ 4.766243971908279, 52.220592164199822 ], [ 4.76641852065858, 52.220684292523096 ], [ 4.76669684333708, 52.22077640855607 ], [ 4.766894360224481, 52.220851363814873 ], [ 4.76709600391767, 52.220975792674459 ], [ 4.767237922881137, 52.221094065469671 ], [ 4.767308156348687, 52.221153863106828 ], [ 4.768094741205474, 52.221537913728007 ], [ 4.769958369569104, 52.222284759530929 ], [ 4.770653490823264, 52.222548809783035 ], [ 4.771557472338222, 52.22286941894253 ], [ 4.772015214793498, 52.222999865606212 ], [ 4.772078131489704, 52.223023184704253 ], [ 4.772163462954008, 52.223063931463066 ], [ 4.77224089580841, 52.223110730930991 ], [ 4.772322560069305, 52.223164832691822 ], [ 4.772498624070947, 52.223273938207797 ], [ 4.772884771405747, 52.223509888013737 ], [ 4.773203904316158, 52.223703567956768 ], [ 4.77355853259342, 52.223926885250677 ], [ 4.77361379872246, 52.223979833303559 ], [ 4.773638863477541, 52.224003638012057 ], [ 4.774024288237471, 52.224197282533474 ], [ 4.774150367662644, 52.224266857286402 ], [ 4.774603194497431, 52.224546685500364 ], [ 4.774650279292388, 52.224582747033757 ], [ 4.774737584357921, 52.224667687348429 ], [ 4.774900768230616, 52.224833068453755 ], [ 4.775173885137744, 52.225188990210292 ], [ 4.775361394468063, 52.225454758272576 ], [ 4.775531007864574, 52.2257203973938 ], [ 4.775587898441716, 52.225833384013534 ], [ 4.775701892302027, 52.226074844652125 ], [ 4.775793502183383, 52.226273046723719 ], [ 4.77592194840728, 52.226583538152262 ], [ 4.776020159789413, 52.22683838983022 ], [ 4.776110324917381, 52.227045032897067 ], [ 4.776151977800464, 52.227131650369358 ], [ 4.776196333128372, 52.227199460855857 ], [ 4.776259139711434, 52.227267681338276 ], [ 4.776293273289391, 52.227299621594128 ], [ 4.776359150309277, 52.227346753992329 ], [ 4.776400158120767, 52.227372662840111 ], [ 4.776450838451224, 52.227400877681816 ], [ 4.776504955955004, 52.227426072315517 ], [ 4.776607413084395, 52.227463398989656 ], [ 4.776687396812939, 52.227489437296008 ], [ 4.776739083536058, 52.227504049328211 ], [ 4.777047479113509, 52.22756916115398 ], [ 4.777385964820964, 52.22763562292311 ], [ 4.777615591835891, 52.227670459350108 ], [ 4.777916063161687, 52.227728679121093 ], [ 4.777950294165004, 52.227735416944647 ], [ 4.778398263974013, 52.227848036731565 ], [ 4.778930966503945, 52.227980100850651 ], [ 4.779321165338378, 52.228087664946059 ], [ 4.77970348797127, 52.228201919273666 ], [ 4.779794625228321, 52.228229244181207 ], [ 4.779931766550843, 52.228279104835657 ], [ 4.780035456806621, 52.228325108302407 ], [ 4.78043271376001, 52.228520967442059 ], [ 4.780640330795683, 52.228616201309464 ], [ 4.78074887666427, 52.228663676147214 ], [ 4.780888681218972, 52.228713765063432 ], [ 4.780985629174899, 52.228741235712064 ], [ 4.781236242469002, 52.228761872803567 ], [ 4.78162999190446, 52.2287556050399 ], [ 4.781963094205389, 52.228747596148132 ], [ 4.782564346749149, 52.228755816375958 ], [ 4.782696989077345, 52.228755731256037 ], [ 4.783006731227156, 52.228751977044979 ], [ 4.783393145800637, 52.22875012394929 ], [ 4.783406100417617, 52.228750064334186 ], [ 4.783669981961782, 52.228745417835739 ], [ 4.783927487975641, 52.228740306762752 ], [ 4.784016716460875, 52.228736996436268 ], [ 4.784129215034461, 52.228722003564776 ], [ 4.784255713547939, 52.228704331709594 ], [ 4.784783695197288, 52.228645268734191 ], [ 4.784936398100697, 52.228626174856061 ], [ 4.785069883252081, 52.228603774096996 ], [ 4.785137824142187, 52.22859108775598 ], [ 4.785295383955821, 52.228553745509316 ], [ 4.785394109205067, 52.228531095358328 ], [ 4.785476690755107, 52.228510537994246 ], [ 4.785563022385579, 52.228490835559043 ], [ 4.785655778108461, 52.2284593195551 ], [ 4.785799517412781, 52.228393962480574 ], [ 4.785871901302076, 52.228357875539366 ], [ 4.78592053774426, 52.228327671680141 ], [ 4.78599932362646, 52.228266208094645 ], [ 4.78610545577666, 52.228184867277136 ], [ 4.786174305442802, 52.228130795099879 ], [ 4.786223044793114, 52.228095099955169 ], [ 4.786258194268914, 52.228074013104099 ], [ 4.78632659965151, 52.228047423966437 ], [ 4.786425401025815, 52.228012495698678 ], [ 4.786538540030554, 52.227972606960371 ], [ 4.786598754291923, 52.227948843194646 ], [ 4.786674809239398, 52.227925887960716 ], [ 4.786784836261533, 52.227899662944466 ], [ 4.786875080485009, 52.227882747753839 ], [ 4.78704756263675, 52.227854332221909 ], [ 4.787126200056579, 52.227843910141004 ], [ 4.787298630070401, 52.227834557584202 ], [ 4.787422565643537, 52.227830845713584 ], [ 4.78755263310572, 52.227825025690535 ], [ 4.787645609638793, 52.227822567542077 ], [ 4.787718325429255, 52.227823628674081 ], [ 4.787867509144474, 52.227839512534125 ], [ 4.788071520812815, 52.227863125378938 ], [ 4.788204104765947, 52.227876974215967 ], [ 4.788316766809395, 52.227888744537374 ], [ 4.788488266712654, 52.227907203469663 ], [ 4.788623777999537, 52.227916716466858 ], [ 4.788822296888818, 52.227924337443824 ], [ 4.788927140507318, 52.227925407777597 ], [ 4.789024404654439, 52.227924120726009 ], [ 4.78919391326184, 52.227904504259165 ], [ 4.789312754270051, 52.227889961006618 ], [ 4.789410010194426, 52.227875101677419 ], [ 4.789485587287071, 52.227859278712636 ], [ 4.789576908483436, 52.227836192137048 ], [ 4.789695362169201, 52.227803580609461 ], [ 4.789847159619621, 52.227759947494555 ], [ 4.790259882435964, 52.227642286435533 ], [ 4.790712142967824, 52.227512132506028 ], [ 4.791038748436882, 52.227416755568392 ], [ 4.791203350078761, 52.227375324487269 ], [ 4.791423845318722, 52.227328665438733 ], [ 4.791675348378224, 52.227281407316212 ], [ 4.791855061168063, 52.227251475291453 ], [ 4.79211263645997, 52.227207581401224 ], [ 4.792319406961806, 52.22717361453693 ], [ 4.792447040054687, 52.227150412008164 ], [ 4.792534467471415, 52.227138098165391 ], [ 4.79268452750653, 52.227105822520329 ], [ 4.792823313545859, 52.227077112130871 ], [ 4.792963461932382, 52.227046107498033 ], [ 4.79310781511933, 52.227008194080284 ], [ 4.79330987881634, 52.226954976429724 ], [ 4.79352120106899, 52.22689890183586 ], [ 4.794002560624378, 52.226810181564531 ], [ 4.79457569770201, 52.226730665167217 ], [ 4.794628946868342, 52.226722816120862 ], [ 4.794758308009985, 52.22670375426069 ], [ 4.794879483697478, 52.226692668531157 ], [ 4.795016364247075, 52.22668267705798 ], [ 4.795138411310374, 52.226673195299789 ], [ 4.795299682675725, 52.22666269658702 ], [ 4.795440918010484, 52.226654308335604 ], [ 4.795573416347029, 52.226648051257705 ], [ 4.795688476213403, 52.226643387468222 ], [ 4.795777383161539, 52.226642960805584 ], [ 4.796135624852207, 52.226645014570735 ], [ 4.796452007775813, 52.226648080286807 ], [ 4.79690787287184, 52.226651329948574 ], [ 4.797300079045014, 52.226656093515366 ], [ 4.797676598572716, 52.226668336418548 ], [ 4.798029577350899, 52.226683220029877 ], [ 4.798508049109825, 52.226703608567185 ], [ 4.798868879501089, 52.226715823403339 ], [ 4.798928999198131, 52.226719646127115 ], [ 4.799121597893019, 52.226738608143158 ], [ 4.799434426304964, 52.226774849916893 ], [ 4.799819583412482, 52.226818128641654 ], [ 4.799945071172752, 52.226827381072901 ], [ 4.800072313205193, 52.226832354804657 ], [ 4.800488949678026, 52.226838208894641 ], [ 4.80086810557224, 52.226834923410586 ], [ 4.801056379023695, 52.226836756596484 ], [ 4.801267304555346, 52.226843429543933 ], [ 4.801344863970514, 52.226847804918748 ], [ 4.801456409768163, 52.226854362092723 ], [ 4.801574931135859, 52.226863605209864 ], [ 4.801688222213004, 52.226876579274439 ], [ 4.801755167920352, 52.226882249972107 ], [ 4.801788074458224, 52.226887527241153 ], [ 4.801823699543248, 52.226893096601614 ], [ 4.801885328419319, 52.226906857057756 ], [ 4.801942560183201, 52.226922204550995 ], [ 4.801978957419214, 52.226934734416304 ], [ 4.802031771789393, 52.226954329289526 ], [ 4.802087149064309, 52.226977154544471 ], [ 4.80232504231079, 52.227080310729725 ], [ 4.802631738511886, 52.227218383841269 ], [ 4.802637253204068, 52.227220864860705 ], [ 4.802716837003425, 52.227255071590818 ], [ 4.802815515398771, 52.227294217273858 ], [ 4.80294106170094, 52.227341558019532 ], [ 4.803146327204624, 52.227415079438579 ], [ 4.803201755374142, 52.227435225987676 ], [ 4.803231249958668, 52.227442903760092 ], [ 4.803349214498182, 52.227474675293386 ], [ 4.803515781925119, 52.227516924226798 ], [ 4.803628543111457, 52.227547051925271 ], [ 4.803948455204714, 52.227642161238322 ], [ 4.804328384526512, 52.22774245531896 ], [ 4.804461034491064, 52.227781812177028 ], [ 4.804568558022424, 52.227812982707235 ], [ 4.804747206741346, 52.227862794473054 ], [ 4.804934571110516, 52.227912118635274 ], [ 4.80512125538829, 52.227949673836221 ], [ 4.805188161261175, 52.227960789120054 ], [ 4.805275046076653, 52.227974168901177 ], [ 4.80532978740117, 52.227982033432639 ], [ 4.805348095952929, 52.227984433535745 ], [ 4.805366557321984, 52.227986340047913 ], [ 4.805385127365394, 52.227987770727708 ], [ 4.805403777045639, 52.227988707456028 ], [ 4.805422476973013, 52.227989159076124 ], [ 4.80544119799257, 52.227989116456349 ], [ 4.805496980002679, 52.227986784639263 ], [ 4.805593669739963, 52.227986856279614 ], [ 4.805682550532531, 52.227985262568282 ], [ 4.805769767051421, 52.227978852010864 ], [ 4.80581077341824, 52.227974820486907 ], [ 4.805900644667435, 52.227965744470744 ], [ 4.80602638865327, 52.227946724379741 ], [ 4.80608941199337, 52.227927854012208 ], [ 4.806143698608332, 52.227909992233691 ], [ 4.8062146789326, 52.227883673923799 ], [ 4.806305021464022, 52.227845173161434 ], [ 4.806408721609778, 52.227788015973651 ], [ 4.806580929913773, 52.227696510704789 ], [ 4.806788405827141, 52.227577387539789 ], [ 4.80689478786364, 52.227516504090346 ], [ 4.807064472778323, 52.227418550304392 ], [ 4.807092054984554, 52.227404538628548 ], [ 4.807120231383588, 52.227390979264889 ], [ 4.807148958185804, 52.227377863009949 ], [ 4.807178235040493, 52.227365216825689 ], [ 4.807208032676813, 52.22735304056792 ], [ 4.80723833634263, 52.227341343151863 ], [ 4.807269131402874, 52.227330124505308 ], [ 4.807300388235887, 52.227319411446459 ], [ 4.807380938521979, 52.227293148406801 ], [ 4.807474551788222, 52.227268576253195 ], [ 4.807564596735804, 52.227248264810697 ], [ 4.807613495489218, 52.227240541364743 ], [ 4.807721743375624, 52.22722622424012 ], [ 4.807750580839198, 52.227222581748826 ], [ 4.8077792483992, 52.227218498004504 ], [ 4.807807760573535, 52.227213982066409 ], [ 4.8078360734546, 52.227209033719305 ], [ 4.807864172406039, 52.227203652891539 ], [ 4.807892057310224, 52.227197848570746 ], [ 4.808074864409734, 52.227150811874075 ], [ 4.808136993720399, 52.227133005608472 ], [ 4.808198259599441, 52.22711518609011 ], [ 4.808327806208365, 52.227075851309273 ], [ 4.808487957498028, 52.227029754545541 ], [ 4.80855441933771, 52.227013038860392 ], [ 4.8086295898988, 52.226997444354964 ], [ 4.808716936819113, 52.226981936396861 ], [ 4.808813807399114, 52.226971292581673 ], [ 4.808935074134313, 52.226959734496617 ], [ 4.80895980794946, 52.226957617560146 ], [ 4.808984651846734, 52.226956040438175 ], [ 4.809009576555979, 52.226955002987324 ], [ 4.809034538288184, 52.226954496005234 ], [ 4.809059507539898, 52.226954537323451 ], [ 4.809084469909805, 52.226955108895538 ], [ 4.80910938137559, 52.226956219493964 ], [ 4.809134212667105, 52.226957868975624 ], [ 4.809158934630817, 52.226960048209854 ], [ 4.809217131253321, 52.226970040034203 ], [ 4.809292688333339, 52.226984422022745 ], [ 4.809368210836642, 52.227001473233528 ], [ 4.809481030067161, 52.227027326315181 ], [ 4.809650389494994, 52.227058875516676 ], [ 4.809771109927065, 52.227081558230573 ], [ 4.80981807074465, 52.227086668270303 ], [ 4.809893705286357, 52.22709623267658 ], [ 4.809965091002985, 52.227099349842931 ], [ 4.810054756328194, 52.227102574255639 ], [ 4.810165356277349, 52.227104327964582 ], [ 4.81032299415973, 52.22710637421055 ], [ 4.810990936053321, 52.22711276212187 ], [ 4.813513900013109, 52.227136852331078 ], [ 4.814100010902134, 52.227169330845953 ], [ 4.814455193599131, 52.227224100756374 ], [ 4.815044583815728, 52.227380867672444 ], [ 4.81576932088557, 52.227595998439185 ], [ 4.81614038537027, 52.227731031086137 ], [ 4.816709689859755, 52.228044524257882 ], [ 4.817032872778608, 52.228238733534795 ], [ 4.817192775763414, 52.228324891285212 ], [ 4.818431383995595, 52.228757791712482 ], [ 4.819139953204162, 52.228941033195959 ], [ 4.819925633401866, 52.228869390438994 ], [ 4.820291015863169, 52.228832801680994 ], [ 4.820452323325403, 52.228818439900742 ], [ 4.820537751495202, 52.228814490548018 ], [ 4.820628363028423, 52.228812696150733 ], [ 4.820684093411159, 52.22881558792934 ], [ 4.820806769120543, 52.228832651195319 ], [ 4.820877211488797, 52.228845769863852 ], [ 4.820953710808092, 52.228863717117271 ], [ 4.82106919267431, 52.228903233607198 ], [ 4.821438304742917, 52.229022385293277 ], [ 4.821876114559418, 52.229156245399921 ], [ 4.822420773995385, 52.229320481893637 ], [ 4.822536193794656, 52.229368553216922 ], [ 4.822825176375744, 52.229485250245304 ], [ 4.823088121127344, 52.229593822903176 ], [ 4.823246029536328, 52.229660782465487 ], [ 4.823456985711395, 52.229739185039215 ], [ 4.823678148202447, 52.229802284418454 ], [ 4.823709826207532, 52.229811324659096 ], [ 4.823869940736448, 52.229830136205699 ], [ 4.824174496619793, 52.229869832078748 ], [ 4.824836403640485, 52.229892695623619 ], [ 4.825333538203648, 52.229928307789805 ], [ 4.825538996115792, 52.229945148643552 ], [ 4.825839277953449, 52.229975724040749 ], [ 4.826061156761277, 52.230004398315458 ], [ 4.826311745522227, 52.230039598956154 ], [ 4.826561416100517, 52.230078003420715 ], [ 4.826783184877335, 52.230118989367782 ], [ 4.826974288738902, 52.230178578435712 ], [ 4.827187049868281, 52.230242197615979 ], [ 4.827283892999184, 52.230275858323772 ], [ 4.827472302573947, 52.230335631545309 ], [ 4.827643387956385, 52.230386756846414 ], [ 4.827733684557051, 52.230416089911593 ], [ 4.827810990196299, 52.230437865404348 ], [ 4.82792480155604, 52.230467839960504 ], [ 4.828035191214921, 52.230494050216343 ], [ 4.828132555017374, 52.230514311587271 ], [ 4.828276073410237, 52.230539069544434 ], [ 4.828613597861561, 52.230593092970693 ], [ 4.828770207581075, 52.230616303375456 ], [ 4.82891807501345, 52.230642150679358 ], [ 4.829270446903585, 52.230693572954394 ], [ 4.829420928232243, 52.230719962263251 ], [ 4.829558198914746, 52.230749299997903 ], [ 4.829561760957616, 52.230750062815758 ], [ 4.829705998255534, 52.230787675252763 ], [ 4.829873609874549, 52.23083717206049 ], [ 4.830107176287852, 52.230912667359469 ], [ 4.830279854756343, 52.230976109880928 ], [ 4.830533160533568, 52.231076872752929 ], [ 4.830658829193094, 52.231136354182148 ], [ 4.830781858187153, 52.23119742290546 ], [ 4.8308753625135, 52.231250326186654 ], [ 4.830972745937852, 52.231307930400639 ], [ 4.831034759421327, 52.231347185313389 ], [ 4.831082092697857, 52.231376942683944 ], [ 4.831210731358725, 52.231464812586538 ], [ 4.831355709881098, 52.231568829756476 ], [ 4.831441928436453, 52.231635611709223 ], [ 4.831482378268137, 52.231672742637151 ], [ 4.831548593562641, 52.231737830548447 ], [ 4.831577795990969, 52.231769542709287 ], [ 4.831640588010076, 52.23182979690354 ], [ 4.83191280798189, 52.232060198605538 ], [ 4.832022443427599, 52.232135673719263 ], [ 4.832156324979612, 52.232222497634545 ], [ 4.832311035596086, 52.232315324340199 ], [ 4.832532816239362, 52.232409562296382 ], [ 4.832902013838976, 52.232554842314848 ], [ 4.832992183514844, 52.232587945681551 ], [ 4.833085020053373, 52.232617313496576 ], [ 4.833157957919426, 52.232635343945596 ], [ 4.833225731641708, 52.232649593154576 ], [ 4.83328569952722, 52.232660606001431 ], [ 4.833359588996959, 52.232672753655223 ], [ 4.833426557676955, 52.232681120830385 ], [ 4.833507482471853, 52.232689023087495 ], [ 4.833771164461369, 52.232711236598099 ], [ 4.83398187390364, 52.23272140024136 ], [ 4.834123001019773, 52.232722654241009 ], [ 4.834240625814124, 52.232722180230347 ], [ 4.834324182741763, 52.232727964094266 ], [ 4.834446852513918, 52.232740887612728 ], [ 4.834486836682713, 52.232748588645215 ], [ 4.834646549365958, 52.232792738751755 ], [ 4.83474197963624, 52.232823186960069 ], [ 4.834807027809503, 52.232845988063787 ], [ 4.834860779712692, 52.232866066885421 ], [ 4.834887605342546, 52.232879575414422 ], [ 4.83498000178462, 52.23294104476139 ], [ 4.835042980606915, 52.232987914875395 ], [ 4.835283488069522, 52.233181768102483 ], [ 4.835397990295396, 52.233284550299565 ], [ 4.83549014969365, 52.233365279382852 ], [ 4.83566825013494, 52.233533664996791 ], [ 4.835793824016206, 52.233656299015024 ], [ 4.835980578058187, 52.233830611660778 ], [ 4.835993680364135, 52.233842384136516 ], [ 4.836043425432007, 52.233887106743644 ], [ 4.836071016240338, 52.233908653825559 ], [ 4.836071727378669, 52.233909151482159 ], [ 4.836119357599376, 52.233942611234703 ], [ 4.836203567966315, 52.233996356688358 ], [ 4.836236857399161, 52.234017579777138 ], [ 4.836299074705848, 52.234056419382235 ], [ 4.836533316645044, 52.234196726321883 ], [ 4.836861672371738, 52.234402256618949 ], [ 4.837044019994991, 52.234515545574034 ], [ 4.837233141748704, 52.234642248882302 ], [ 4.837444750023804, 52.234784372042206 ], [ 4.837496039202204, 52.234818054977808 ], [ 4.837563157958043, 52.23486084445797 ], [ 4.837645084258474, 52.234908969736928 ], [ 4.837721793319144, 52.234952828365671 ], [ 4.837822031062026, 52.23500470578152 ], [ 4.837998978141938, 52.23509454544287 ], [ 4.838180269988404, 52.235187065468182 ], [ 4.838328457066805, 52.235258723109681 ], [ 4.838495502530873, 52.235309966568522 ], [ 4.83853240020418, 52.235321283026849 ], [ 4.838686662935412, 52.23536565395932 ], [ 4.83871281590618, 52.235370997396046 ], [ 4.83890978376086, 52.235411620567177 ], [ 4.839038767897409, 52.235436747297996 ], [ 4.839090191174666, 52.23544423019338 ], [ 4.83915118567808, 52.235449564399438 ], [ 4.839221773933249, 52.235453298272617 ], [ 4.839286258982574, 52.235447404636879 ], [ 4.83935945658869, 52.235437758440185 ], [ 4.839523281631439, 52.235409378973443 ], [ 4.839616519336277, 52.235393848510405 ], [ 4.839771631641076, 52.235369212255854 ], [ 4.840038286746959, 52.235328509625759 ], [ 4.840288366175296, 52.235290488972531 ], [ 4.840610788637718, 52.235239608157571 ], [ 4.840781583464192, 52.235213362382162 ], [ 4.840888765865071, 52.235204249912414 ], [ 4.841065665481173, 52.235188700686969 ], [ 4.841210309754032, 52.235174772766243 ], [ 4.841270442903768, 52.235171545342354 ], [ 4.841380241543189, 52.235169922514672 ], [ 4.841462155647592, 52.23517044473887 ], [ 4.841569356226884, 52.235174166569116 ], [ 4.841705301134432, 52.235183234053046 ], [ 4.84180640331853, 52.235191241739308 ], [ 4.841979820328983, 52.235212606669791 ], [ 4.842306652375848, 52.235261759797915 ], [ 4.842497511480886, 52.235287392808395 ], [ 4.842724974882189, 52.235317310704424 ], [ 4.842796440976727, 52.235330672610104 ], [ 4.84282606862663, 52.235339221877766 ], [ 4.842845250437906, 52.235347237657322 ], [ 4.842881000992673, 52.235373449533789 ], [ 4.842897563695286, 52.23538734935061 ], [ 4.842908018635245, 52.235399117839691 ], [ 4.842913266692515, 52.235414098011375 ], [ 4.842917626725633, 52.235427474231784 ], [ 4.842922864110495, 52.235460097752387 ], [ 4.842925507042009, 52.235490597145535 ], [ 4.842918543396271, 52.235523757662634 ], [ 4.84283849676583, 52.235775205003335 ], [ 4.842755839099266, 52.236018622974136 ], [ 4.842744542856713, 52.23608763452453 ], [ 4.842728881842346, 52.236140061118569 ], [ 4.842723691728864, 52.236210143410986 ], [ 4.842723728846965, 52.236265779151672 ], [ 4.842732486205408, 52.236348158354609 ], [ 4.842763039368847, 52.236443913237061 ], [ 4.842797930083429, 52.236527356594785 ], [ 4.842893886576012, 52.236683542346334 ], [ 4.842939225603987, 52.23673863179291 ], [ 4.842995897736956, 52.2367899715113 ], [ 4.843057799624817, 52.236838647884007 ], [ 4.843154576264841, 52.236899070321329 ], [ 4.843248726287662, 52.236955220284933 ], [ 4.843355074289662, 52.237018329086148 ], [ 4.843391687402439, 52.237037579085474 ], [ 4.84343178667373, 52.237053079157327 ], [ 4.843520694206672, 52.237083022804065 ], [ 4.843643591754703, 52.237125256531023 ], [ 4.843715070545268, 52.237145035337839 ], [ 4.843760388412949, 52.23715519348297 ], [ 4.843842323575038, 52.237172287964334 ], [ 4.843926866339082, 52.237185646394273 ], [ 4.844061083506453, 52.237204877583146 ], [ 4.844202271049956, 52.237220365706179 ], [ 4.844327777982951, 52.237234774957123 ], [ 4.844421030039554, 52.2372470675298 ], [ 4.844606674042344, 52.237273769665251 ], [ 4.844805394774446, 52.23730261675189 ], [ 4.845142694894037, 52.237354434499061 ], [ 4.845480872579857, 52.237409994300016 ], [ 4.845536210525508, 52.237424493954762 ], [ 4.845603404000476, 52.237447649419991 ], [ 4.845638118458626, 52.237460616409237 ], [ 4.845684978515533, 52.237480056468826 ], [ 4.845756966086078, 52.237513498082762 ], [ 4.8458938578703, 52.237591053398283 ], [ 4.845995130944462, 52.237657785663004 ], [ 4.846084266812921, 52.237718575130202 ], [ 4.846253754094799, 52.237848688162693 ], [ 4.846345395748128, 52.237920193574197 ], [ 4.846437065158949, 52.23807623988904 ], [ 4.84654763045024, 52.238258033250474 ], [ 4.846615515882634, 52.238440206457355 ], [ 4.846656248722101, 52.238548437202653 ], [ 4.846681895543385, 52.238684964946145 ], [ 4.846680777340238, 52.238795179295046 ], [ 4.846685979642131, 52.238884022203401 ], [ 4.846716809238758, 52.239025391191277 ], [ 4.846799800822994, 52.239176579933371 ], [ 4.846875119798154, 52.239321864379988 ], [ 4.846917791740148, 52.239415192842458 ], [ 4.846996582686182, 52.239566398174063 ], [ 4.847123309654087, 52.239677592434433 ], [ 4.847224938996918, 52.239739633507973 ], [ 4.847279676368707, 52.239765310614857 ], [ 4.847325731319689, 52.239781375838547 ], [ 4.847392667290666, 52.239804403253451 ], [ 4.847456129566751, 52.239815676476866 ], [ 4.847522217371903, 52.239825343824634 ], [ 4.847550922532693, 52.239826975927549 ], [ 4.847585714834549, 52.239826469724505 ], [ 4.847698810456795, 52.23982070360541 ], [ 4.847794599979077, 52.239813797790497 ], [ 4.84782323276749, 52.239811735442579 ], [ 4.847912857578891, 52.239800073718619 ], [ 4.848007703909222, 52.23978520907567 ], [ 4.848140850555419, 52.239761836730509 ], [ 4.84826272627611, 52.239726162226482 ], [ 4.84842898250367, 52.239680389771642 ], [ 4.848508254491124, 52.239631335387173 ], [ 4.848624123894178, 52.239562018131998 ], [ 4.848753866887587, 52.239507666038442 ], [ 4.848887077683082, 52.239452242058789 ], [ 4.849090950812211, 52.2393319770201 ], [ 4.849394848634141, 52.239173941150163 ], [ 4.849568203971902, 52.239091645351337 ], [ 4.849763443987213, 52.238999813748883 ], [ 4.849925360478929, 52.238928718328609 ], [ 4.850141512836482, 52.238837484524218 ], [ 4.850264829326147, 52.238792467025299 ], [ 4.850792127746061, 52.238606618203427 ], [ 4.850805434271853, 52.238603092416717 ], [ 4.850819100286053, 52.238600107538517 ], [ 4.850833037844221, 52.238597672157454 ], [ 4.85084720292028, 52.238595795061528 ], [ 4.85086155137994, 52.238594494026223 ], [ 4.850875995495382, 52.238593759665328 ], [ 4.850890491240614, 52.238593600766841 ], [ 4.850904965310789, 52.238594025986067 ], [ 4.850919374004645, 52.238595017148612 ], [ 4.850933643909091, 52.238596591897313 ], [ 4.850947716791622, 52.238598723003996 ], [ 4.850961534094988, 52.238601410202882 ], [ 4.850975037261918, 52.2386046532284 ], [ 4.850988168167977, 52.238608415864938 ], [ 4.851016864107754, 52.238614406249901 ], [ 4.851048955866244, 52.238628968581828 ], [ 4.851081893768179, 52.238646213158411 ], [ 4.851207676193158, 52.238703929334427 ], [ 4.851211166877752, 52.23870340589211 ], [ 4.851439781560353, 52.238847639060893 ], [ 4.851504643329208, 52.238897106324615 ], [ 4.851625654980336, 52.238994931683948 ], [ 4.851687009003459, 52.239047591647825 ], [ 4.851775860082141, 52.239137811065859 ], [ 4.851890606241105, 52.239252738813036 ], [ 4.851980954958122, 52.239345103991802 ], [ 4.852029157642605, 52.239394531444496 ], [ 4.852077543741766, 52.23946038071842 ], [ 4.852117191629589, 52.239527277941761 ], [ 4.852143832943453, 52.239586134937937 ], [ 4.852156552575444, 52.23964121685524 ], [ 4.852164861646876, 52.239702705192137 ], [ 4.852186518006861, 52.239857216476778 ], [ 4.852187207012196, 52.239883949800678 ], [ 4.85215878397618, 52.239967265346714 ], [ 4.852055319481772, 52.240062186028219 ], [ 4.851943832422757, 52.240183818454007 ], [ 4.851912187600463, 52.240223303022006 ], [ 4.851812654508955, 52.240356458120431 ], [ 4.851764499897883, 52.240423505822598 ], [ 4.851728086366419, 52.240474787901412 ], [ 4.851685919060521, 52.240533360092435 ], [ 4.851649298198073, 52.240589692441908 ], [ 4.851625374815523, 52.240627441301768 ], [ 4.85157781287719, 52.240713330382675 ], [ 4.851539607924932, 52.240785699029281 ], [ 4.851474750002601, 52.24092551831933 ], [ 4.851367896261167, 52.241150910261624 ], [ 4.851305651737314, 52.241281519655779 ], [ 4.851241553723685, 52.241427418118441 ], [ 4.85120924125654, 52.241513726745602 ], [ 4.851201420991216, 52.24153942380395 ], [ 4.851198470595491, 52.241608159337268 ], [ 4.851204241496644, 52.241678516314238 ], [ 4.851229443985551, 52.24179974341677 ], [ 4.851254286677137, 52.241866942245558 ], [ 4.851273142949746, 52.241890198738218 ], [ 4.851289238810748, 52.241906809592351 ], [ 4.851324595984463, 52.24193735824997 ], [ 4.851386178878982, 52.241974955545984 ], [ 4.851444776950667, 52.242000225769118 ], [ 4.851510335562635, 52.24202014373212 ], [ 4.851595229700765, 52.242035673304343 ], [ 4.851669467415402, 52.242037609660137 ], [ 4.851714902019987, 52.242036188758689 ], [ 4.851880174691743, 52.242026367821168 ], [ 4.852053258587663, 52.242013490172859 ], [ 4.852324512537765, 52.241993309092841 ], [ 4.852877327322732, 52.241951715386051 ], [ 4.853697368611596, 52.241891058142585 ], [ 4.854039754397664, 52.241869163005745 ], [ 4.854069166006797, 52.241868172222723 ], [ 4.854098599255766, 52.2418678196751 ], [ 4.854128054145836, 52.241868105362855 ], [ 4.85415745747569, 52.241869028955769 ], [ 4.854186809461763, 52.241870572478952 ], [ 4.854216036579935, 52.241872762564597 ], [ 4.854245124513676, 52.241875572184391 ], [ 4.854274043875556, 52.24187901019382 ], [ 4.854302736212238, 52.241883067341391 ], [ 4.85433118688433, 52.241887743561286 ], [ 4.854359352078926, 52.241893029668105 ], [ 4.854387187983034, 52.241898916476529 ], [ 4.854414679957123, 52.24190540392074 ], [ 4.854573752404589, 52.241945029972648 ], [ 4.854599519342821, 52.241952525236769 ], [ 4.854624825552859, 52.241960593647946 ], [ 4.854649612473228, 52.241969234942466 ], [ 4.854673880319557, 52.241978431145725 ], [ 4.854697570637683, 52.241988173006639 ], [ 4.854720669109973, 52.24199843349718 ], [ 4.854743117067091, 52.242009221341192 ], [ 4.854764914939242, 52.24202050058922 ], [ 4.854786018804934, 52.242032271043634 ], [ 4.854806414238662, 52.242044514663974 ], [ 4.85482604300054, 52.242057204224253 ], [ 4.854844905197957, 52.242070330737398 ], [ 4.854862957123921, 52.242083876030925 ], [ 4.8548801843525, 52.242097822064345 ], [ 4.85489657245767, 52.242112150797041 ], [ 4.854937885688034, 52.242145619318485 ], [ 4.854953046148226, 52.242163438828605 ], [ 4.85496741301895, 52.242181506424842 ], [ 4.854980971873707, 52.242199804066537 ], [ 4.854993722819133, 52.242218322766497 ], [ 4.855005666069248, 52.242237044550052 ], [ 4.855016772449328, 52.242255960298053 ], [ 4.855027042173289, 52.242275052035858 ], [ 4.855036460706925, 52.242294310710193 ], [ 4.855045043012148, 52.242313709424785 ], [ 4.8550527598066, 52.242333248047949 ], [ 4.855059611304042, 52.242352908604936 ], [ 4.855097446128162, 52.24244591560965 ], [ 4.855127200511341, 52.242524092035431 ], [ 4.855146175404723, 52.242579273658514 ], [ 4.855158265788353, 52.242617553882468 ], [ 4.855183460283379, 52.242774704913103 ], [ 4.855197962533643, 52.242922388413596 ], [ 4.855228818803588, 52.243244161360799 ], [ 4.855271734644059, 52.243636274382631 ], [ 4.855288416511207, 52.243824620180604 ], [ 4.855299422902818, 52.243956127557993 ], [ 4.855296232827844, 52.244171680305641 ], [ 4.85528224330411, 52.244400172023873 ], [ 4.855255889603908, 52.244733335707977 ], [ 4.855240033959236, 52.245084891041877 ], [ 4.855250506527609, 52.245356679957197 ], [ 4.855270889003906, 52.245480445941915 ], [ 4.855290954836896, 52.245555963166623 ], [ 4.855300516344847, 52.245580480401486 ], [ 4.855311031402225, 52.245604849132462 ], [ 4.855322470834348, 52.245629060240084 ], [ 4.855334849499103, 52.245653095814987 ], [ 4.855348152863459, 52.245676946803506 ], [ 4.855362381036102, 52.24570060421788 ], [ 4.855377505056823, 52.245724040963616 ], [ 4.855393525034168, 52.245747248052872 ], [ 4.855410440969295, 52.245770225485273 ], [ 4.855428238650917, 52.245792937244701 ], [ 4.855446903330904, 52.245815392252283 ], [ 4.855466435224926, 52.245837572532757 ], [ 4.855486819906767, 52.245859460044812 ], [ 4.855530569234115, 52.245896480538569 ], [ 4.85556777577816, 52.245930847097171 ], [ 4.855623368594323, 52.245965628912749 ], [ 4.855670934448843, 52.245993292088968 ], [ 4.855770162259244, 52.246047729021825 ], [ 4.855829790915819, 52.24607195905871 ], [ 4.855890382087173, 52.246095294597893 ], [ 4.85593106286131, 52.246106056325587 ], [ 4.856042460337517, 52.246134635478953 ], [ 4.856148049933753, 52.24616278396725 ], [ 4.856241288809024, 52.246187838937182 ], [ 4.856388555581045, 52.2462316427373 ], [ 4.85653534885119, 52.246275884635729 ], [ 4.8567568514399, 52.246327364492203 ], [ 4.856861781038565, 52.246391326356715 ], [ 4.85689994176348, 52.246434217347051 ], [ 4.856965597408812, 52.246565996695551 ], [ 4.857000047574991, 52.246654898290515 ], [ 4.857034373204342, 52.246772713547564 ], [ 4.857085612677469, 52.246998657793668 ], [ 4.85710551087379, 52.247212777080271 ], [ 4.857148488468346, 52.247345587048216 ], [ 4.857169256037216, 52.247380948910909 ], [ 4.857245571041545, 52.2474699303379 ], [ 4.857368725254134, 52.247614667254993 ], [ 4.857401757590359, 52.247638273902609 ], [ 4.857521716364135, 52.247723055705372 ], [ 4.857818165382886, 52.247741793806618 ], [ 4.858092051523953, 52.247736944631711 ], [ 4.858357212322581, 52.247733152302594 ], [ 4.858610128580372, 52.247735757951943 ], [ 4.858807228066762, 52.247739326856944 ], [ 4.85903560368369, 52.247766502758111 ], [ 4.859265734825204, 52.247792607506334 ], [ 4.859542695464266, 52.247875535995327 ], [ 4.859911995122619, 52.247982181644623 ], [ 4.860127982401479, 52.24804786741975 ], [ 4.860620840930356, 52.248216809073185 ], [ 4.860881951285156, 52.248332892196849 ], [ 4.861263206277749, 52.248494134670054 ], [ 4.861437281899524, 52.248571522535805 ], [ 4.861771467442893, 52.248727331921536 ], [ 4.862053447520389, 52.248857355639238 ], [ 4.862347768843585, 52.248961718987239 ], [ 4.862532379744112, 52.249025202727118 ], [ 4.862788426755055, 52.249107015050413 ], [ 4.863086306477181, 52.249194252330156 ], [ 4.863197668958855, 52.249255459741107 ], [ 4.863443048098623, 52.24937792971371 ], [ 4.863570090305136, 52.249444518136308 ], [ 4.863785936311311, 52.249544449581997 ], [ 4.8639025451786, 52.24959925317922 ], [ 4.864047050155005, 52.249661595212032 ], [ 4.864400553741398, 52.249794949831653 ], [ 4.864581526418827, 52.249889467574484 ], [ 4.864755552500229, 52.249980763606658 ], [ 4.864887616625439, 52.250090182348437 ], [ 4.864978005618835, 52.25016205391583 ], [ 4.865096054668345, 52.250285359762344 ], [ 4.865203675818271, 52.250400089870801 ], [ 4.865363626331948, 52.250518115855378 ], [ 4.865706144424649, 52.250763839122662 ], [ 4.865874937886487, 52.250857267486957 ], [ 4.866113321113652, 52.250988275455711 ], [ 4.866252553793704, 52.251061305123265 ], [ 4.866418009625957, 52.251117265256205 ], [ 4.866585212944265, 52.251175354007046 ], [ 4.866712416423889, 52.251207695673038 ], [ 4.86687794002911, 52.2512529418361 ], [ 4.867083607366242, 52.251292908778815 ], [ 4.867446193930916, 52.251351343762209 ], [ 4.867540335214695, 52.251363289296336 ], [ 4.867624053888902, 52.251369859085358 ], [ 4.867815865717254, 52.251386242404216 ], [ 4.867859444901184, 52.251392743459327 ], [ 4.867929166494736, 52.251407852971781 ], [ 4.868164397038313, 52.251467137166628 ], [ 4.868582567183953, 52.251579192107634 ], [ 4.868646976912705, 52.251610339320827 ], [ 4.868702635903121, 52.251644692748783 ], [ 4.868779158330616, 52.251698344891729 ], [ 4.868841661103056, 52.251763745634548 ], [ 4.868893746914949, 52.251819501542677 ], [ 4.868957930982221, 52.251897753352168 ], [ 4.86903244644997, 52.252008137346841 ], [ 4.869084329602076, 52.252107771366731 ], [ 4.869191733707288, 52.252273871829559 ], [ 4.869247107194813, 52.252375660198233 ], [ 4.869314661551169, 52.252482813786862 ], [ 4.869463813099935, 52.252674676580739 ], [ 4.869609544199473, 52.252854758992754 ], [ 4.869854198412984, 52.253147398747529 ], [ 4.870019541753336, 52.253341398907423 ], [ 4.870036503728389, 52.253361309498317 ], [ 4.870121266278453, 52.253282155192352 ], [ 4.870183583110277, 52.253223970338773 ], [ 4.870320130138198, 52.253096867122601 ], [ 4.870426459522913, 52.252997889668556 ], [ 4.870549725282643, 52.252883140440503 ], [ 4.870582764684345, 52.252852815792771 ], [ 4.870907101857298, 52.252555141825482 ], [ 4.87123636543153, 52.25226670110321 ], [ 4.871308189290581, 52.252200459035883 ], [ 4.87138009193284, 52.252116025695408 ], [ 4.871476591558798, 52.25199416605281 ], [ 4.871599458582843, 52.251827391835874 ], [ 4.871690714400471, 52.251705518124687 ], [ 4.87178187043111, 52.251606131712627 ], [ 4.871836327295634, 52.251550994562457 ], [ 4.871880011421219, 52.251506748724935 ], [ 4.872039330501338, 52.251377504815949 ], [ 4.87218115364496, 52.251264281830807 ], [ 4.872289667838356, 52.25118204774423 ], [ 4.872454128331393, 52.251075286520766 ], [ 4.872532822470664, 52.251032604038663 ], [ 4.872609741242123, 52.250995270581249 ], [ 4.872702332401281, 52.250966534856076 ], [ 4.872939829667378, 52.250912346756998 ], [ 4.873185928842612, 52.250857611381527 ], [ 4.873264624025027, 52.250840112604742 ], [ 4.873367034703087, 52.250818240905154 ], [ 4.873493359681868, 52.250791260074955 ], [ 4.873655728205834, 52.250762638162179 ], [ 4.873790122666117, 52.250745740590638 ], [ 4.873852938211038, 52.250742634015253 ], [ 4.873896499922729, 52.250754480587119 ], [ 4.874006187329669, 52.250796202597442 ], [ 4.874005676701128, 52.250816360311447 ], [ 4.874069704619254, 52.250831315640795 ], [ 4.874222863169836, 52.250886438458252 ], [ 4.874524352912996, 52.251021756854314 ], [ 4.874876446902054, 52.251264690652718 ], [ 4.874979091908197, 52.251339555669809 ], [ 4.875247294668776, 52.251512279481169 ], [ 4.875596939098775, 52.251711635980499 ], [ 4.875878872316636, 52.251885298589663 ], [ 4.876488124918181, 52.252207471944352 ], [ 4.87653118945467, 52.252230927789611 ], [ 4.876569524127532, 52.252251801622286 ], [ 4.876840836265475, 52.252399584699724 ], [ 4.877250523239029, 52.252606664480261 ], [ 4.877240392113449, 52.252612786480917 ], [ 4.87724475867445, 52.252615133196485 ], [ 4.877418841143965, 52.252702132407144 ], [ 4.877547723174283, 52.252752652176397 ], [ 4.877728871488583, 52.252816106065481 ], [ 4.877871730178835, 52.252862371526689 ], [ 4.87795885510439, 52.252883922542303 ], [ 4.878215088065597, 52.252934657722932 ], [ 4.878429501577214, 52.252974624539526 ], [ 4.878778160485158, 52.253033000629358 ], [ 4.879431937362718, 52.253134705602143 ], [ 4.879954951808405, 52.253215847631971 ], [ 4.880150210493255, 52.253248278108316 ], [ 4.880317563818312, 52.253277451789877 ], [ 4.880732369053083, 52.253370187990669 ], [ 4.881033880577774, 52.253442403461847 ], [ 4.881210316032496, 52.253477942270358 ], [ 4.881323220309158, 52.253500679716929 ], [ 4.881512677338159, 52.253529631736114 ], [ 4.881556843555533, 52.253536381897291 ], [ 4.881952304337783, 52.253597141877805 ], [ 4.882200269912193, 52.253645424273948 ], [ 4.882344702860108, 52.253669742518362 ], [ 4.882490941809553, 52.25368979004763 ], [ 4.882528538096285, 52.253694768129343 ], [ 4.882566330882997, 52.253699207762807 ], [ 4.882604276234997, 52.253703108760284 ], [ 4.882642344963886, 52.253706462009006 ], [ 4.882680551814626, 52.253709258583967 ], [ 4.882718838004219, 52.253711516209904 ], [ 4.88275721837946, 52.253713216974269 ], [ 4.882795634259203, 52.253714369614514 ], [ 4.882834085743868, 52.253714965142997 ], [ 4.882872558085717, 52.253715012484797 ], [ 4.882911022096213, 52.253714502527338 ], [ 4.882947235643097, 52.253713560522733 ], [ 4.882983409734629, 52.253712222870178 ], [ 4.883019544573441, 52.253710471594708 ], [ 4.883055610767811, 52.253708315558839 ], [ 4.883091622859436, 52.253705763812647 ], [ 4.883127537015758, 52.253702807181313 ], [ 4.8831959916021, 52.253696070585086 ], [ 4.883283489700029, 52.253682440524457 ], [ 4.883335600526777, 52.253671796314542 ], [ 4.883360486460069, 52.253666284962755 ], [ 4.883385127907507, 52.253660377094924 ], [ 4.883409524665082, 52.25365409068614 ], [ 4.883433647443384, 52.253647425611732 ], [ 4.883457481699184, 52.253640372821991 ], [ 4.883481012482429, 52.253632959217086 ], [ 4.883514338355403, 52.253621884331075 ], [ 4.883547331559241, 52.253610439513125 ], [ 4.883579977448938, 52.253598624701141 ], [ 4.883612246735106, 52.253586439770643 ], [ 4.883644154061667, 52.253573884784238 ], [ 4.883735561225952, 52.253537019292686 ], [ 4.88382670728229, 52.253499918932555 ], [ 4.88384669092763, 52.253491465523282 ], [ 4.883866239501985, 52.253482632764978 ], [ 4.883885338157467, 52.253473438570417 ], [ 4.883903957605116, 52.253463882815097 ], [ 4.883922097641548, 52.253453983474252 ], [ 4.883939714333519, 52.253443740360964 ], [ 4.883956822122141, 52.253433171512782 ], [ 4.884082497935359, 52.253352276039394 ], [ 4.884207009261011, 52.253270710369975 ], [ 4.884230917794395, 52.253254463096873 ], [ 4.884254083816948, 52.253237826178299 ], [ 4.884276492786127, 52.25322079056496 ], [ 4.884298129651734, 52.253203392144826 ], [ 4.884318979769844, 52.253185630856095 ], [ 4.884339013750772, 52.253167515562026 ], [ 4.884358231290446, 52.253149073225451 ], [ 4.884376602999379, 52.253130312709708 ], [ 4.88440714494377, 52.253098562495225 ], [ 4.884438284721298, 52.253067039514157 ], [ 4.884470037076921, 52.253035734840822 ], [ 4.884502372518347, 52.253004666325161 ], [ 4.884681639428575, 52.252801160231094 ], [ 4.884843185259157, 52.25261575211335 ], [ 4.885042758519869, 52.252338495998337 ], [ 4.885217349392639, 52.252098559136009 ], [ 4.885388501265382, 52.251854338144142 ], [ 4.885559474747299, 52.251621881333776 ], [ 4.885578677200401, 52.251599475058541 ], [ 4.885598740375806, 52.25157736004703 ], [ 4.885619634985098, 52.251555536174529 ], [ 4.885641375468698, 52.251534021477781 ], [ 4.885663946979567, 52.251512833869064 ], [ 4.885687320229535, 52.251491973223679 ], [ 4.885711495015489, 52.251471457516175 ], [ 4.885736441846943, 52.251451304596678 ], [ 4.885762175367181, 52.251431514526907 ], [ 4.885788651442173, 52.251412105094929 ], [ 4.885815869970398, 52.251393085287752 ], [ 4.886037586748626, 52.251266873595206 ], [ 4.886438732795401, 52.251040990879474 ], [ 4.886462638560644, 52.251028715804722 ], [ 4.886487183171546, 52.25101692877984 ], [ 4.886512366426238, 52.251005647779458 ], [ 4.886538129548612, 52.250994890529988 ], [ 4.886564472539157, 52.250984657031054 ], [ 4.886591336621972, 52.250974965009128 ], [ 4.886618721595573, 52.250965832438858 ], [ 4.886646583631024, 52.250957250146307 ], [ 4.886674893138797, 52.250949244969604 ], [ 4.886703606189065, 52.250941816722325 ], [ 4.886732722681702, 52.250934974391747 ], [ 4.88676218384137, 52.250928735704512 ], [ 4.886791960483037, 52.250923091548792 ], [ 4.88682203776218, 52.250918059837382 ], [ 4.88685235710572, 52.250913640322047 ], [ 4.886884884084251, 52.250909544722724 ], [ 4.886917595059677, 52.250906016132596 ], [ 4.886950446102557, 52.250903054365565 ], [ 4.88698342257057, 52.250900659359495 ], [ 4.887016495076871, 52.250898839977886 ], [ 4.887049634335635, 52.250897596096628 ], [ 4.887082825704595, 52.250896927653798 ], [ 4.887116025254389, 52.250896834463326 ], [ 4.887140666712182, 52.250897262301642 ], [ 4.887165257677752, 52.250898274136141 ], [ 4.887189783811364, 52.250899842942495 ], [ 4.887214186438786, 52.250901977460394 ], [ 4.887238436172885, 52.250904686553575 ], [ 4.88726250392934, 52.250907952123171 ], [ 4.887286360522836, 52.250911765057921 ], [ 4.887309961922605, 52.250916134159624 ], [ 4.887333278943259, 52.250921050317082 ], [ 4.887356267856726, 52.25092649536959 ], [ 4.887378913919229, 52.25093247824298 ], [ 4.887507493771654, 52.250967409795173 ], [ 4.887585668922596, 52.250989230449754 ], [ 4.887754357395212, 52.251024376233062 ], [ 4.887830864912289, 52.251040832874295 ], [ 4.887978565639182, 52.251080149922842 ], [ 4.888094907075674, 52.251116089706471 ], [ 4.888179865140348, 52.251150791342134 ], [ 4.888264674076525, 52.251196196902505 ], [ 4.888378695268585, 52.251270657832457 ], [ 4.888566642122814, 52.251418295681226 ], [ 4.88866461491743, 52.251516218993189 ], [ 4.888752481441154, 52.251589472689275 ], [ 4.888814546220221, 52.251639042189197 ], [ 4.888880260123758, 52.251677922428463 ], [ 4.888963262964234, 52.251726528550002 ], [ 4.889032488872646, 52.25176436293512 ], [ 4.889221404723083, 52.251846706554531 ], [ 4.889243603709549, 52.251854754405294 ], [ 4.889265299283111, 52.251863294466368 ], [ 4.889286462256982, 52.251872317627203 ], [ 4.889307092832579, 52.251881805913051 ], [ 4.889327132434685, 52.251891759077388 ], [ 4.889346566721194, 52.251902150096335 ], [ 4.889365366504999, 52.251912969859411 ], [ 4.889383517242794, 52.251924209317622 ], [ 4.889400975304435, 52.251935841323728 ], [ 4.889417740689837, 52.251947865878073 ], [ 4.889433769768674, 52.251960255833424 ], [ 4.88944904809781, 52.251972993153373 ], [ 4.889463561133535, 52.251986068789016 ], [ 4.889721767676856, 52.252218639902068 ], [ 4.889899139573676, 52.252373718001103 ], [ 4.890073378252247, 52.252505234296727 ], [ 4.890164760929721, 52.252577432144953 ], [ 4.8902560428752, 52.252656055859312 ], [ 4.890390260179815, 52.252780932075893 ], [ 4.89050534235145, 52.252901422500685 ], [ 4.890536340814028, 52.252929415327159 ], [ 4.890603473990375, 52.252989718762869 ], [ 4.890677542228079, 52.253053259983325 ], [ 4.89074131535931, 52.253104974747338 ], [ 4.890837577286077, 52.253153518381474 ], [ 4.890933514342226, 52.253202321221536 ], [ 4.890953643269615, 52.253212229540253 ], [ 4.890974348444292, 52.253221681891304 ], [ 4.890995615321858, 52.253230669225395 ], [ 4.891017385625233, 52.253239164333777 ], [ 4.891039659353983, 52.253247167216209 ], [ 4.891062407419331, 52.253254659774392 ], [ 4.8910855712434, 52.253261641762251 ], [ 4.891109136381581, 52.253268095142957 ], [ 4.891133073544538, 52.253274019793409 ], [ 4.891159749405792, 52.253279937958396 ], [ 4.891186739315074, 52.253285273220783 ], [ 4.891214043371582, 52.25329001659285 ], [ 4.891241588452742, 52.253294158779603 ], [ 4.891269360013293, 52.253297690731905 ], [ 4.891297314119109, 52.253300612265278 ], [ 4.89132543612472, 52.253302923318152 ], [ 4.891353667551727, 52.253304614657132 ], [ 4.891381964365801, 52.253305695085267 ], [ 4.891410326765991, 52.253306146627544 ], [ 4.891438681429253, 52.253305977964295 ], [ 4.891467028354401, 52.253305189095464 ], [ 4.891495294318506, 52.253303779713953 ], [ 4.891523464575965, 52.253301758745856 ], [ 4.891572795176915, 52.253294631499564 ], [ 4.89161878134839, 52.253287984543512 ], [ 4.89175948257326, 52.253267668585977 ], [ 4.89199729597054, 52.253231446354292 ], [ 4.892203735759174, 52.253192917164945 ], [ 4.892404947175948, 52.253154365725642 ], [ 4.892746226323736, 52.253081212362645 ], [ 4.892777390965549, 52.253075923034558 ], [ 4.892808269302719, 52.253070039298045 ], [ 4.892838846590033, 52.25306357007959 ], [ 4.892869078893606, 52.25305651519556 ], [ 4.892898936624461, 52.253048901486288 ], [ 4.892928390692728, 52.253040710854513 ], [ 4.892957426153852, 52.253031970201853 ], [ 4.892985999074217, 52.253022679344852 ], [ 4.893014094709019, 52.253012847210087 ], [ 4.893041668925245, 52.253002491589207 ], [ 4.893068707078028, 52.252991612421376 ], [ 4.893095194422801, 52.252980218633212 ], [ 4.893121086826824, 52.252968328016372 ], [ 4.893146369445962, 52.252955958485018 ], [ 4.893171013091186, 52.252943100929706 ], [ 4.893194988074811, 52.252929791178332 ], [ 4.893218279752471, 52.252916029170031 ], [ 4.893240873380141, 52.2529018238316 ], [ 4.893343022463646, 52.252837061381456 ], [ 4.893529455784393, 52.252736339768646 ], [ 4.893685858760517, 52.25266008340104 ], [ 4.893875438886307, 52.252581853165161 ], [ 4.894326277406263, 52.25241400645222 ], [ 4.894759960915764, 52.25222786803316 ], [ 4.895139062838042, 52.252074621251438 ], [ 4.895161975767569, 52.252065881529596 ], [ 4.89518435252445, 52.252056627259748 ], [ 4.895206163621693, 52.25204687629531 ], [ 4.895227379572396, 52.252036646489671 ], [ 4.89524797098909, 52.252025946708713 ], [ 4.895267908385065, 52.252014794805902 ], [ 4.89528717701696, 52.252003199708028 ], [ 4.895305732754317, 52.251991179207643 ], [ 4.895323560754641, 52.251978751219113 ], [ 4.895340631531605, 52.251965933595841 ], [ 4.89535694498611, 52.251952735325737 ], [ 4.895372442145582, 52.251939192115266 ], [ 4.895387137753602, 52.251925295038248 ], [ 4.895400987382407, 52.251911088849631 ], [ 4.895413991032511, 52.25189657354975 ], [ 4.895426104375652, 52.25188178490604 ], [ 4.895437341957089, 52.251866731967269 ], [ 4.895447674291182, 52.251851432586818 ], [ 4.895506680697602, 52.251754329970858 ], [ 4.895517434226762, 52.251738016701857 ], [ 4.895529166105471, 52.251721959163909 ], [ 4.895541861490508, 52.251706175270833 ], [ 4.895555490795649, 52.251690691862969 ], [ 4.895570053821678, 52.251675526914987 ], [ 4.895585506338737, 52.251660707206348 ], [ 4.895601848247052, 52.251646241724174 ], [ 4.895619035316974, 52.251632157247862 ], [ 4.895637067349661, 52.25161847175211 ], [ 4.89565591475949, 52.251605212077173 ], [ 4.895675533614908, 52.251592378039966 ], [ 4.895695923618105, 52.251579996602651 ], [ 4.895717040540018, 52.251568094544595 ], [ 4.895852409811848, 52.251498147234464 ], [ 4.896054379494278, 52.251407139263691 ], [ 4.89625094676934, 52.251327882677494 ], [ 4.896284019821152, 52.251315383057658 ], [ 4.896317542051897, 52.251303316714427 ], [ 4.896351469233799, 52.251291710427523 ], [ 4.89638581601129, 52.251280564257378 ], [ 4.896420538454061, 52.251269878021191 ], [ 4.896455636463837, 52.251259660706133 ], [ 4.896491095397788, 52.251249912251055 ], [ 4.896514533089084, 52.251243987664822 ], [ 4.896538316179577, 52.251238612770983 ], [ 4.896562429828237, 52.251233805483572 ], [ 4.896586815461182, 52.25122956555925 ], [ 4.896611458237495, 52.251225910912012 ], [ 4.896636299682439, 52.251222832311072 ], [ 4.896710796479435, 52.25121476479201 ], [ 4.896785434636593, 52.251207156196429 ], [ 4.896860184769822, 52.251200015390133 ], [ 4.896935046881424, 52.251193342372815 ], [ 4.896994752282041, 52.251187981589425 ], [ 4.897054360011713, 52.251182179962861 ], [ 4.897113840880342, 52.251175928384235 ], [ 4.897173194787234, 52.251169235841317 ], [ 4.897232407185956, 52.251162093286005 ], [ 4.897291477876954, 52.251154518693617 ], [ 4.89739164729873, 52.251141002637432 ], [ 4.897491617383387, 52.251126964371217 ], [ 4.897591388226437, 52.251112394907913 ], [ 4.897690959725677, 52.251097303235589 ], [ 4.897790317234169, 52.251081689294104 ], [ 4.897889446105016, 52.251065553023338 ], [ 4.898146698775868, 52.251011225365225 ], [ 4.89842145285172, 52.25095270027478 ], [ 4.898436022511604, 52.250948823826391 ], [ 4.898450865660626, 52.250945379927323 ], [ 4.898465967556904, 52.250942377504387 ], [ 4.898481284270075, 52.250939816375897 ], [ 4.898496771771154, 52.250937705347518 ], [ 4.898512415417001, 52.250936044358681 ], [ 4.898540424953123, 52.250933823323024 ], [ 4.898568544630824, 52.250932240878228 ], [ 4.898596745361434, 52.250931278928178 ], [ 4.898624983018102, 52.250930955266156 ], [ 4.898653228314886, 52.250931269771108 ], [ 4.898681422777307, 52.250932213213332 ], [ 4.898709551762971, 52.250933785532382 ], [ 4.898737571243701, 52.250935995534213 ], [ 4.898765437487159, 52.250938825062313 ], [ 4.898793106465119, 52.25094228292275 ], [ 4.898820563633721, 52.250946360067616 ], [ 4.898847750518296, 52.250951047267506 ], [ 4.898874637832701, 52.250956344401601 ], [ 4.898901196389332, 52.250962242361595 ], [ 4.89892739709911, 52.250968723051642 ], [ 4.898953181289941, 52.250975795217528 ], [ 4.899293730338124, 52.251069615464601 ], [ 4.899604762529972, 52.251153650932196 ], [ 4.899633371661837, 52.251162208622574 ], [ 4.899661520551584, 52.251171339633927 ], [ 4.899689165465869, 52.251181025810261 ], [ 4.899716277314905, 52.251191249056156 ], [ 4.899742841357212, 52.251202018299033 ], [ 4.899768828699662, 52.251213297468446 ], [ 4.89979419531326, 52.251225095371076 ], [ 4.899818926751522, 52.251237393971977 ], [ 4.89984299392416, 52.251250175175613 ], [ 4.899866382187699, 52.251263438922152 ], [ 4.899889048004737, 52.251277149080657 ], [ 4.900115141636479, 52.251443162219729 ], [ 4.900387724920308, 52.251650099661347 ], [ 4.900606690980484, 52.251826778094788 ], [ 4.901001472038121, 52.252147815413217 ], [ 4.901382537025554, 52.252452715616997 ], [ 4.901556798435236, 52.252585275541996 ], [ 4.901795068351653, 52.252754562085478 ], [ 4.901832978419609, 52.252776549427338 ], [ 4.901871286662179, 52.25279828673046 ], [ 4.901909978533084, 52.252819764946828 ], [ 4.901949039387985, 52.252840984015954 ], [ 4.901990173881666, 52.252862750860359 ], [ 4.902031810335682, 52.252884151246597 ], [ 4.902073978234107, 52.252905167319298 ], [ 4.902116633643871, 52.2529257988976 ], [ 4.902159776564553, 52.252946045980984 ], [ 4.902203421835808, 52.252965890653947 ], [ 4.902247525328508, 52.252985350710702 ], [ 4.90229208733583, 52.253004399188235 ], [ 4.902476015209241, 52.25307277876621 ], [ 4.902585341695956, 52.253112953690895 ], [ 4.902644306893763, 52.253125985267523 ], [ 4.902703540810657, 52.253138550544875 ], [ 4.902763043640626, 52.253150631547548 ], [ 4.90282280063983, 52.253162237202567 ], [ 4.902882797260014, 52.253173358462035 ], [ 4.902930740889374, 52.253181805832192 ], [ 4.90297889434826, 52.253189813634854 ], [ 4.90302722834669, 52.253197381749885 ], [ 4.903075742785576, 52.253204519164562 ], [ 4.903124408570397, 52.253211207783643 ], [ 4.903173240246364, 52.253217456654362 ], [ 4.903222223167756, 52.253223265716692 ], [ 4.903275760884091, 52.253229057457908 ], [ 4.903329466150263, 52.253234256658736 ], [ 4.903383324319837, 52.253238863258993 ], [ 4.903437291555339, 52.253242868091078 ], [ 4.903491382498961, 52.253246271214842 ], [ 4.903545553215478, 52.253249072450295 ], [ 4.903599803605069, 52.253251280784795 ], [ 4.903654104474504, 52.253252887110925 ], [ 4.903708455919202, 52.253253882441136 ], [ 4.903762813808651, 52.253254284570559 ], [ 4.90381717833587, 52.253254075524247 ], [ 4.903871534659091, 52.253253273217318 ], [ 4.903925853682587, 52.253251859554915 ], [ 4.903980120564639, 52.253249852452349 ], [ 4.904359741280586, 52.253246451698821 ], [ 4.904764682768453, 52.253233625907612 ], [ 4.904860774752488, 52.253229002878193 ], [ 4.904956826289033, 52.253224056040906 ], [ 4.905052837376005, 52.253218785395767 ], [ 4.90514879326965, 52.253213199870721 ], [ 4.905229631119004, 52.253208019985195 ], [ 4.905310358411191, 52.253202228415745 ], [ 4.9053909752402, 52.253195816175158 ], [ 4.905471437572436, 52.25318879207196 ], [ 4.90555176014623, 52.253181147178736 ], [ 4.905631913572399, 52.253172890363842 ], [ 4.905711897847727, 52.253164021627711 ], [ 4.905791698324692, 52.253154540910927 ], [ 4.905825940155939, 52.253150303277451 ], [ 4.905860167627931, 52.253146038611845 ], [ 4.905900378916593, 52.253140971418318 ], [ 4.90595230869135, 52.253134316131224 ], [ 4.906008902921362, 52.253126978756512 ], [ 4.906044350304996, 52.253122305560858 ], [ 4.906116771652384, 52.253112632799315 ], [ 4.906117284883222, 52.253112571973176 ], [ 4.906189107142077, 52.253102770897925 ], [ 4.906225524896398, 52.253097742081138 ], [ 4.906261400609019, 52.253092729023116 ], [ 4.906333608216547, 52.253082498008716 ], [ 4.90638795525083, 52.25307439632472 ], [ 4.906442045268676, 52.25306568239246 ], [ 4.906495878170949, 52.253056365199711 ], [ 4.906549410022744, 52.253046444568234 ], [ 4.906602640822082, 52.253035920498341 ], [ 4.906655555922725, 52.253024792930958 ], [ 4.906708125840167, 52.253013079722429 ], [ 4.90676033602533, 52.253000771826123 ], [ 4.906812171735151, 52.252987878170579 ], [ 4.906863603582386, 52.252974407624663 ], [ 4.906914631565401, 52.252960360188979 ], [ 4.9069400538931, 52.252950972270327 ], [ 4.906966011842031, 52.252942161748962 ], [ 4.906992461577078, 52.252933919458378 ], [ 4.90701938826083, 52.252926263313896 ], [ 4.907046733220166, 52.25291920206471 ], [ 4.907074481617853, 52.252912753625999 ], [ 4.907102574877887, 52.252906917759589 ], [ 4.907131012904368, 52.252901703452686 ], [ 4.907159722380225, 52.2528971193952 ], [ 4.907188674018119, 52.252893165467981 ], [ 4.907217852981155, 52.252889859586347 ], [ 4.907247200790501, 52.252887192524774 ], [ 4.907421788327533, 52.252878491085433 ], [ 4.907699320285773, 52.252869263383964 ], [ 4.907842571631266, 52.252856110993221 ], [ 4.907987713209729, 52.252833331055825 ], [ 4.908076970876597, 52.252814539720745 ], [ 4.908306482995879, 52.252749390872459 ], [ 4.908547054127414, 52.252682614619978 ], [ 4.908600201216077, 52.252667532443319 ], [ 4.908694629265303, 52.252637715441786 ], [ 4.908743715125431, 52.252621691002425 ], [ 4.908824646378192, 52.252595414417733 ], [ 4.908888742045963, 52.252574030965832 ], [ 4.908920794957832, 52.252563545969295 ], [ 4.908937093241934, 52.252558219182717 ], [ 4.908985786014304, 52.252543325528691 ], [ 4.909022458604828, 52.252533587218586 ], [ 4.909083412669792, 52.252519713829173 ], [ 4.90912263806707, 52.252512268744532 ], [ 4.909194701524789, 52.252500309723295 ], [ 4.90931382200868, 52.25247984065701 ], [ 4.909436829889464, 52.252468303191435 ], [ 4.909568399202445, 52.252457294534665 ], [ 4.90967571886294, 52.25244882120689 ], [ 4.909714855916953, 52.252445501018833 ], [ 4.909935310607741, 52.252435237525205 ], [ 4.909963933647316, 52.252435928340525 ], [ 4.910016723106784, 52.252437741351038 ], [ 4.910089871724598, 52.252443375502175 ], [ 4.910176328780189, 52.252453449425992 ], [ 4.910241591900133, 52.252462440094995 ], [ 4.910378163158106, 52.252493037773242 ], [ 4.910542825420331, 52.252533006140425 ], [ 4.91068583520253, 52.252575071035807 ], [ 4.910805125328944, 52.252613966279476 ], [ 4.91089658810549, 52.252648983319446 ], [ 4.910970247137037, 52.252682238819624 ], [ 4.911026919665171, 52.252709889281988 ], [ 4.911061358624668, 52.252733693197094 ], [ 4.911113328219958, 52.25277112148818 ], [ 4.911215820488481, 52.252845729499171 ], [ 4.911304575018465, 52.252919077721074 ], [ 4.911402477060007, 52.25299982379795 ], [ 4.911468539431612, 52.253056084401827 ], [ 4.911494810059396, 52.253079603644906 ], [ 4.911633416257403, 52.253190029644337 ], [ 4.911709990364101, 52.253250772433965 ], [ 4.911899183980532, 52.253419948851551 ], [ 4.911984307087407, 52.253498944324171 ], [ 4.912218856237897, 52.253673848120393 ], [ 4.912311655640895, 52.253754105544438 ], [ 4.91244301216203, 52.253867692143508 ], [ 4.912486860626561, 52.25389783395299 ], [ 4.912512449745927, 52.253913944192789 ], [ 4.912571623511054, 52.25394624170557 ], [ 4.91270621047065, 52.254019305531735 ], [ 4.912748592154326, 52.254045567566791 ], [ 4.912799527058946, 52.254080042912527 ], [ 4.912842638856928, 52.254110640013558 ], [ 4.912870148184227, 52.254130739523028 ], [ 4.912899146768156, 52.254155392881891 ], [ 4.912923300281349, 52.254182561378826 ], [ 4.912947078112582, 52.254214752601115 ], [ 4.912975696632985, 52.254257218439783 ], [ 4.912986919674951, 52.254274646077782 ], [ 4.913009509838745, 52.254309726625948 ], [ 4.913041096665559, 52.254354019913876 ], [ 4.913071939068725, 52.254396710359636 ], [ 4.913084956980211, 52.254413381216459 ], [ 4.913099444260745, 52.254428224434029 ], [ 4.913116914486579, 52.254444886184054 ], [ 4.913158177021744, 52.254482782913144 ], [ 4.913201670613189, 52.254521596353598 ], [ 4.913256673896274, 52.254579824864415 ], [ 4.913302765293634, 52.254629137566369 ], [ 4.913339932088796, 52.254663845077047 ], [ 4.913364837694775, 52.254685075491729 ], [ 4.913387150869849, 52.254700821875161 ], [ 4.913421344234667, 52.254723195024624 ], [ 4.913469294861884, 52.254753343917251 ], [ 4.913574506141028, 52.254812708259784 ], [ 4.913626560216207, 52.254842621870722 ], [ 4.913653699081569, 52.254856320322126 ], [ 4.913708723865608, 52.254885086360026 ], [ 4.913735130459051, 52.254900165995579 ], [ 4.913789032720869, 52.254932585574579 ], [ 4.913883463186806, 52.254990809928856 ], [ 4.913966733839962, 52.255047668299738 ], [ 4.914026968808509, 52.255089217869362 ], [ 4.914047039186618, 52.255106572968678 ], [ 4.914091999372314, 52.25515634819601 ], [ 4.914129910031829, 52.255201088927215 ], [ 4.914150359197635, 52.255224152841741 ], [ 4.914162633056836, 52.255236479441159 ], [ 4.914180098999259, 52.25525223323428 ], [ 4.914203152417896, 52.255270040652391 ], [ 4.914251099682115, 52.255304746073804 ], [ 4.914309475114409, 52.255344930881286 ], [ 4.914397587392252, 52.255401098269623 ], [ 4.914492751903304, 52.255459325063406 ], [ 4.914535148047704, 52.255481694740759 ], [ 4.914589970479359, 52.255510333721269 ], [ 4.914647050571649, 52.255540150129981 ], [ 4.914776062603756, 52.255605225983508 ], [ 4.914985744420465, 52.25570753734182 ], [ 4.915141164532407, 52.255780834375344 ], [ 4.915261265226753, 52.255837003041805 ], [ 4.915337851432702, 52.255872631281484 ], [ 4.915461659276985, 52.255941118976502 ], [ 4.915525613401318, 52.25597194207333 ], [ 4.915618203324806, 52.256009395625469 ], [ 4.915797417614917, 52.256080638617036 ], [ 4.915927923180644, 52.256134987603438 ], [ 4.916051751970437, 52.256179513018665 ], [ 4.916307572996196, 52.256269485784102 ], [ 4.916506129237087, 52.256338674621247 ], [ 4.91659947251243, 52.256375672014904 ], [ 4.916629573964303, 52.256387772736353 ], [ 4.916671210520688, 52.256411522749801 ], [ 4.916795784649065, 52.256489602167392 ], [ 4.916986138004887, 52.256613125331555 ], [ 4.917204380768592, 52.2567517059652 ], [ 4.917303282638915, 52.256817243496485 ], [ 4.917395858401515, 52.256886872253737 ], [ 4.917471697207972, 52.256946466842123 ], [ 4.917549766702245, 52.257018149977171 ], [ 4.917600690159886, 52.257076593887525 ], [ 4.917651244359517, 52.2571464509357 ], [ 4.917676185516547, 52.257184074485352 ], [ 4.917701789798929, 52.257222707307868 ], [ 4.917761257398536, 52.257315402004501 ], [ 4.91781997105964, 52.257407392618873 ], [ 4.91794336586122, 52.257599171975563 ], [ 4.917997639082332, 52.257674804871911 ], [ 4.918057408245587, 52.257758458783456 ], [ 4.918098997537117, 52.257817458616863 ], [ 4.918153636913006, 52.257887583311017 ], [ 4.918188212308123, 52.257933927284363 ], [ 4.918237425427711, 52.257999185929776 ], [ 4.918299477247615, 52.258081743257556 ], [ 4.918341855517445, 52.258139595679921 ], [ 4.918369954788131, 52.25817924488917 ], [ 4.918407005606905, 52.258240913984743 ], [ 4.918447217490214, 52.258319528795937 ], [ 4.918489778607537, 52.258405954399628 ], [ 4.918515793674644, 52.25847525535378 ], [ 4.91855355669889, 52.258586171888851 ], [ 4.918588083639926, 52.25870537140365 ], [ 4.918618327706541, 52.258814029103455 ], [ 4.918637453909421, 52.258942263287054 ], [ 4.918640884095532, 52.259005992053986 ], [ 4.91863797390342, 52.25909320801037 ], [ 4.918633206075602, 52.259180182915749 ], [ 4.91862350845385, 52.259273519678842 ], [ 4.918618990522384, 52.259321452170084 ], [ 4.918603473570299, 52.259384602494166 ], [ 4.918578782892566, 52.259460712934683 ], [ 4.918541219266535, 52.259574197906346 ], [ 4.918500807047788, 52.259686943549085 ], [ 4.918434793473114, 52.259871805346883 ], [ 4.918362449600838, 52.260067993699096 ], [ 4.91834484125271, 52.260116880891943 ], [ 4.918287568163351, 52.26030755648091 ], [ 4.918242021899927, 52.260458417272837 ], [ 4.918198464267058, 52.260605403166267 ], [ 4.918119058070341, 52.260812708308592 ], [ 4.918064619146713, 52.260951112465861 ], [ 4.918026212592117, 52.261077617355269 ], [ 4.917986781841337, 52.261210939971676 ], [ 4.917975197387091, 52.261281619681348 ], [ 4.917971327682614, 52.261376345654348 ], [ 4.917972699143768, 52.261458823964517 ], [ 4.917986496203044, 52.26151449578964 ], [ 4.917999785340185, 52.261551659534234 ], [ 4.918013541047214, 52.261575136575189 ], [ 4.918048829563902, 52.261622175448181 ], [ 4.918086870984251, 52.261665135746881 ], [ 4.918117897764062, 52.26169544021203 ], [ 4.918157829116623, 52.261725869883584 ], [ 4.918215771175347, 52.261763830951971 ], [ 4.91828256708761, 52.261803957246116 ], [ 4.918340732808756, 52.2618346119867 ], [ 4.918400809753971, 52.261864609174914 ], [ 4.918455835580137, 52.261888825065036 ], [ 4.918479329073437, 52.261898715028835 ], [ 4.918580612829667, 52.261935454657824 ], [ 4.918676059711214, 52.261970094860914 ], [ 4.918730844358398, 52.261988027132546 ], [ 4.91878233306933, 52.262003196023514 ], [ 4.918869397957319, 52.262027053338457 ], [ 4.918942769754238, 52.262046488230133 ], [ 4.919192576073667, 52.262102079010305 ], [ 4.919255836589959, 52.262114975428617 ], [ 4.919268611489228, 52.262117578562851 ], [ 4.919428648541771, 52.262150199903019 ], [ 4.919595300120108, 52.262187628748741 ], [ 4.919850143073059, 52.262244981707838 ], [ 4.919996296121883, 52.262280261720662 ], [ 4.920141667662555, 52.262313264528665 ], [ 4.920291524565171, 52.262347390384924 ], [ 4.920381942730168, 52.262367305155983 ], [ 4.92050368131763, 52.262389734303731 ], [ 4.920651465927887, 52.2624119964985 ], [ 4.92080701696631, 52.262432590442593 ], [ 4.920969733317478, 52.262451567661621 ], [ 4.92099909602314, 52.262454991018437 ], [ 4.921186230197381, 52.26247262618265 ], [ 4.921365200260636, 52.262490768148062 ], [ 4.92150543029775, 52.262507139398068 ], [ 4.921628946094992, 52.262524999551893 ], [ 4.921792407087703, 52.262549874621087 ], [ 4.921899978399144, 52.262571266863006 ], [ 4.922021851970682, 52.262601927875529 ], [ 4.922131415080647, 52.262630383233748 ], [ 4.922240715891277, 52.262664329055184 ], [ 4.922350153957739, 52.262700576212978 ], [ 4.922466898885728, 52.262741292012116 ], [ 4.922610388796618, 52.262793491480231 ], [ 4.922670675757921, 52.26281499375601 ], [ 4.922866469576697, 52.262898568433286 ], [ 4.922973015996646, 52.262945319473666 ], [ 4.923067974377263, 52.262989409441616 ], [ 4.923136703113496, 52.263023177133697 ], [ 4.92325663040875, 52.263090382942785 ], [ 4.923345127541453, 52.263147308984685 ], [ 4.923450552516886, 52.263214628451578 ], [ 4.923494385878989, 52.263250626117589 ], [ 4.923536428385047, 52.263291209549941 ], [ 4.923563336864656, 52.263317964170227 ], [ 4.923604808016929, 52.26336700293345 ], [ 4.923650884191884, 52.263425371186678 ], [ 4.923698565976395, 52.263488518282287 ], [ 4.923743585885931, 52.263549875320152 ], [ 4.923767637531232, 52.263583728105033 ], [ 4.923781527710322, 52.263610117056366 ], [ 4.923810956543646, 52.263673399261819 ], [ 4.923842016249574, 52.263744660102873 ], [ 4.923848286021474, 52.263761518982243 ], [ 4.923861480499223, 52.263832224438609 ], [ 4.923872010405868, 52.263899980410891 ], [ 4.923886972908972, 52.264006293789201 ], [ 4.923898773133213, 52.264102591257441 ], [ 4.923907431414376, 52.264191137842758 ], [ 4.923915542726337, 52.264288607247465 ], [ 4.923925320872921, 52.264417334042278 ], [ 4.923933539082371, 52.264521427927995 ], [ 4.923944954646301, 52.264637811785697 ], [ 4.923956341092595, 52.264772476872743 ], [ 4.923962373375396, 52.264838902967448 ], [ 4.923982705795966, 52.264954306128075 ], [ 4.923999625200604, 52.265045779161831 ], [ 4.924020853742058, 52.265169400743787 ], [ 4.9240455364516, 52.265298949877184 ], [ 4.924072225349485, 52.26541591484434 ], [ 4.924100037545645, 52.26553334258513 ], [ 4.924137218073905, 52.265673986753853 ], [ 4.924165708616904, 52.265788199469704 ], [ 4.924209777739853, 52.265980640765733 ], [ 4.924235245977651, 52.266084065154672 ], [ 4.924242601464951, 52.266107848922253 ], [ 4.924267737643832, 52.266179841394639 ], [ 4.924295781132946, 52.266248375925123 ], [ 4.924322622015317, 52.266312825242615 ], [ 4.924355965521567, 52.266385892424459 ], [ 4.924396143323117, 52.266466679975487 ], [ 4.924437741504826, 52.266544722781667 ], [ 4.924476998486314, 52.266615476227329 ], [ 4.924518513378438, 52.266686058738884 ], [ 4.924571382531704, 52.266776288229401 ], [ 4.92460358465883, 52.26682957753917 ], [ 4.924633312216702, 52.26687712289143 ], [ 4.924658794203417, 52.266915951359493 ], [ 4.924685987200548, 52.266945205440948 ], [ 4.924712209458264, 52.266969197810724 ], [ 4.924747906240315, 52.267000597298555 ], [ 4.924764680025216, 52.267014684004764 ], [ 4.924819153550215, 52.267054929090335 ], [ 4.924869778883307, 52.267084867982341 ], [ 4.924946933179295, 52.267126226330767 ], [ 4.925062967940672, 52.267190116445612 ], [ 4.925167720993467, 52.267244309372316 ], [ 4.925252295146809, 52.267286442513125 ], [ 4.925329165746432, 52.267324150422731 ], [ 4.925421865668294, 52.267368184667475 ], [ 4.925468968864834, 52.267390326040669 ], [ 4.925534552431039, 52.267417428974639 ], [ 4.925583590883451, 52.267436611861221 ], [ 4.925625971033698, 52.267453683542008 ], [ 4.92568794006264, 52.267476188460456 ], [ 4.925817943724234, 52.267516916682006 ], [ 4.925885197774644, 52.2675369524828 ], [ 4.926033855580403, 52.267575811880889 ], [ 4.926122995275466, 52.267598791068529 ], [ 4.926207394709725, 52.267616934202543 ], [ 4.926332620721121, 52.267640952741431 ], [ 4.92647448827173, 52.267667867188926 ], [ 4.926691268933694, 52.267706667682297 ], [ 4.926919168557357, 52.267746940143319 ], [ 4.927136296835851, 52.267786199552653 ], [ 4.927411633900696, 52.267834915527985 ], [ 4.927852724247647, 52.267908704101352 ], [ 4.927987706337953, 52.267928696272165 ], [ 4.928141624721988, 52.267950694219188 ], [ 4.928197226077708, 52.267960122695975 ], [ 4.928253943116925, 52.267969330781249 ], [ 4.928318002985525, 52.267982486055637 ], [ 4.928367199372313, 52.267995053319538 ], [ 4.928439293907476, 52.268014684017928 ], [ 4.928515037120155, 52.268037079118564 ], [ 4.928549015709587, 52.268047906525062 ], [ 4.928623585823416, 52.268073263001718 ], [ 4.928696999208321, 52.26809999008875 ], [ 4.928783312561896, 52.268131629594166 ], [ 4.928924230993779, 52.268182714782817 ], [ 4.929001317303322, 52.268211307419641 ], [ 4.929092311496332, 52.268249373192759 ], [ 4.929185535168209, 52.268288615956529 ], [ 4.929237484661173, 52.268309884793851 ], [ 4.929276951016726, 52.268324175603887 ], [ 4.929317231770582, 52.268336204611714 ], [ 4.929357905267364, 52.268347084679391 ], [ 4.929390510379887, 52.268353331696375 ], [ 4.929404848480035, 52.26837652200286 ], [ 4.929421683026558, 52.268403407001955 ], [ 4.929431565114822, 52.268425411625643 ], [ 4.92945610231752, 52.268488215013839 ], [ 4.929477491563095, 52.268542305948614 ], [ 4.929552003191684, 52.268738700774108 ], [ 4.929594654977639, 52.268852131023451 ], [ 4.92960471627404, 52.268882369212633 ], [ 4.929621247825675, 52.268937322123698 ], [ 4.929626308436226, 52.268955227572519 ], [ 4.929621519968729, 52.268955020292204 ], [ 4.929623282074374, 52.268960320968063 ], [ 4.929629818274565, 52.268980047677978 ], [ 4.929634136385715, 52.269003199168026 ], [ 4.929659157662855, 52.269137233243114 ], [ 4.929656327727186, 52.269208702813081 ], [ 4.929654847387417, 52.269245807994672 ], [ 4.929643572975288, 52.269287935437852 ], [ 4.929591986428338, 52.269419273217224 ], [ 4.929427391369013, 52.269769450437835 ], [ 4.929412383942154, 52.269794180862966 ], [ 4.929353782559686, 52.269890959975086 ], [ 4.929299981371135, 52.269958322382841 ], [ 4.92918568383062, 52.270058831334723 ], [ 4.929120378880745, 52.270097990099082 ], [ 4.929053850188135, 52.270137890077748 ], [ 4.928870498893412, 52.270218932999349 ], [ 4.928735957594705, 52.270276302153377 ], [ 4.928683503248019, 52.270308086534463 ], [ 4.928607475406083, 52.270354142058835 ], [ 4.928558715210413, 52.270399907861517 ], [ 4.92850638888211, 52.270466143157201 ], [ 4.928394897021247, 52.270657978962163 ], [ 4.928293664062885, 52.270852236267025 ], [ 4.928228311312614, 52.270956906914627 ], [ 4.928118531292825, 52.271144470869395 ], [ 4.928045687541, 52.271425517175189 ], [ 4.928043248417977, 52.271565322946749 ], [ 4.928043543416541, 52.27163327235894 ], [ 4.928033232568066, 52.271706753053728 ], [ 4.928014655902851, 52.271742156005352 ], [ 4.927980410071839, 52.27177115265485 ], [ 4.92785264203429, 52.271840294253288 ], [ 4.927759292813116, 52.271890632050315 ], [ 4.927662849921367, 52.271938333291303 ], [ 4.927382342566619, 52.272034410390233 ], [ 4.927096830941562, 52.272125497058958 ], [ 4.926992220227625, 52.27216951689136 ], [ 4.926781245982557, 52.272282463815479 ], [ 4.926651425743671, 52.272444791300913 ], [ 4.92664022021011, 52.272512462223425 ], [ 4.92663190628046, 52.272562636048249 ], [ 4.92666742366185, 52.272638820739708 ], [ 4.926714286771995, 52.272674846893779 ], [ 4.926719345151944, 52.272678740366658 ], [ 4.926991251933077, 52.272887733409235 ], [ 4.927289312729872, 52.273136553918185 ], [ 4.927459312759392, 52.273311103337299 ], [ 4.927537081636962, 52.273417624308593 ], [ 4.927611420746493, 52.273554088439354 ], [ 4.927649630374848, 52.27365214176298 ], [ 4.927661330407415, 52.273712360982927 ], [ 4.927654932704874, 52.273808317497945 ], [ 4.927616156165246, 52.273928226627049 ], [ 4.927598496897195, 52.273964055497807 ], [ 4.927441034469465, 52.274248969642535 ], [ 4.927323535532232, 52.274481936395617 ], [ 4.927256779615806, 52.274622381673026 ], [ 4.927230141449972, 52.274669221634703 ], [ 4.927117320167928, 52.274867621080737 ], [ 4.926994729614755, 52.275042901560312 ], [ 4.926876407818106, 52.275187873489294 ], [ 4.926789836915956, 52.275305924479937 ], [ 4.92675418395429, 52.275377095312827 ], [ 4.926734608904296, 52.275464821479325 ], [ 4.9267346311986, 52.275541937405485 ], [ 4.926734635803024, 52.2755429081123 ], [ 4.926734666894996, 52.275603603251596 ], [ 4.926762163347935, 52.275836343114001 ], [ 4.926782215983149, 52.275988450849361 ], [ 4.926790481731086, 52.276274252015035 ], [ 4.926789358879165, 52.276460601901931 ], [ 4.926795760966531, 52.276760839271518 ], [ 4.926785268563529, 52.276855791080699 ], [ 4.926688485737734, 52.277076722157204 ], [ 4.926674660736546, 52.277094419324918 ], [ 4.92644507665934, 52.277355044504148 ], [ 4.926384040125668, 52.277432111178271 ], [ 4.926152093242855, 52.277773338657752 ], [ 4.926033172074797, 52.277970913281074 ], [ 4.925985695997242, 52.278078312725192 ], [ 4.925958340096165, 52.278195452588761 ], [ 4.925957642052895, 52.278299511260578 ], [ 4.925990404926618, 52.278439588971089 ], [ 4.926032053990522, 52.278579081167805 ], [ 4.92605707158596, 52.278741202811894 ], [ 4.926075079714678, 52.278903836378461 ], [ 4.926121348384204, 52.279108059098121 ], [ 4.926222783896092, 52.279394699805408 ], [ 4.926224578013446, 52.279399739998581 ], [ 4.926239893576161, 52.27942635881903 ], [ 4.926240354089825, 52.27942716952132 ], [ 4.926434189997877, 52.279764025855627 ], [ 4.926444447303982, 52.279779614814572 ], [ 4.926579493918681, 52.279738778915885 ], [ 4.926670716686993, 52.279712970632595 ], [ 4.926671700294183, 52.279718457054123 ], [ 4.927006081035747, 52.279660583000812 ], [ 4.927252397252485, 52.279623495890888 ], [ 4.927370322049325, 52.279605835069752 ], [ 4.927467281413715, 52.279596289533451 ], [ 4.927605918681551, 52.279587876623189 ], [ 4.927978415562828, 52.279580686677008 ], [ 4.928177949782823, 52.27958538919917 ], [ 4.928292585370801, 52.279589645048752 ], [ 4.928472696299371, 52.279597893786708 ], [ 4.928587193839544, 52.27961128047248 ], [ 4.928778813787725, 52.279648828843264 ], [ 4.929032630621776, 52.279711370482303 ], [ 4.929136415384671, 52.279744811956917 ], [ 4.929300960143816, 52.279800490929269 ], [ 4.929572246565075, 52.279891446741232 ], [ 4.929905740897309, 52.28000648731237 ], [ 4.930236295837712, 52.28011968205351 ], [ 4.930570953710264, 52.280241618911312 ], [ 4.930778903494597, 52.280316194114789 ], [ 4.930914772665984, 52.280364929357745 ], [ 4.931043724657164, 52.280409458406631 ], [ 4.931079321952149, 52.280420605853024 ], [ 4.931143086237045, 52.280440121771555 ], [ 4.931249915729545, 52.280469915066355 ], [ 4.931387920412014, 52.280506263752685 ], [ 4.931509661837296, 52.280535224500916 ], [ 4.931567477033372, 52.280547580908582 ], [ 4.931597276567104, 52.280553951283572 ], [ 4.931720559753462, 52.280578342939556 ], [ 4.931778498159868, 52.280588695427987 ], [ 4.9318394258884, 52.280599059400743 ], [ 4.9319211624607, 52.280612271728089 ], [ 4.931965769303673, 52.280617988986144 ], [ 4.932028271812086, 52.280621968564283 ], [ 4.932096738272299, 52.280625971065518 ], [ 4.932172667162263, 52.280628195688834 ], [ 4.932254593316136, 52.280628618806546 ], [ 4.93232162650495, 52.280628049835499 ], [ 4.93237225869858, 52.280629224293726 ], [ 4.932443699753795, 52.280633247024333 ], [ 4.93251213287324, 52.280639082677595 ], [ 4.932562713041635, 52.280643914908339 ], [ 4.932647467226125, 52.280654397042078 ], [ 4.932757471451324, 52.280670503693663 ], [ 4.932854025481637, 52.280689272888111 ], [ 4.932932745224441, 52.280705214215196 ], [ 4.93306385494015, 52.280731027652344 ], [ 4.93317829395582, 52.280760614740601 ], [ 4.933237746190784, 52.280776329081988 ], [ 4.933292729158524, 52.280792026235865 ], [ 4.933362540196377, 52.280815087401166 ], [ 4.933389272436201, 52.280823386924297 ], [ 4.933450182168935, 52.280842764806231 ], [ 4.933484354458524, 52.280852917392934 ], [ 4.933533396199168, 52.280864942569309 ], [ 4.933604771438047, 52.280879776724284 ], [ 4.933664274580974, 52.280889091698079 ], [ 4.933714876220355, 52.280894732423057 ], [ 4.933755076466344, 52.280895767410229 ], [ 4.933801278071881, 52.280893158355653 ], [ 4.933835570131306, 52.280888697060341 ], [ 4.933863912861048, 52.280884212944557 ], [ 4.933892283522592, 52.280876987635708 ], [ 4.933975918103441, 52.280850731191109 ], [ 4.934026727232933, 52.28083169194997 ], [ 4.934070059018296, 52.280814457551742 ], [ 4.934282256152361, 52.280734676566411 ], [ 4.934350964999174, 52.280712029722658 ], [ 4.934437578969598, 52.280686701123692 ], [ 4.934549564624825, 52.280655052273644 ], [ 4.93468992439503, 52.280614353298184 ], [ 4.93483923589324, 52.280570929136353 ], [ 4.935012444082922, 52.280522095618487 ], [ 4.935178174602638, 52.280475075768564 ], [ 4.935245346804539, 52.280457914105895 ], [ 4.935320313676826, 52.280439425030714 ], [ 4.935399100127319, 52.280419988803885 ], [ 4.935503547706971, 52.280397450887648 ], [ 4.935655764957803, 52.280365001970765 ], [ 4.935781123653109, 52.280335218572887 ], [ 4.935888587932022, 52.280309950541408 ], [ 4.935963231394845, 52.280290066708574 ], [ 4.936060280723156, 52.28026294322774 ], [ 4.936175257369896, 52.280229470732451 ], [ 4.936272347364174, 52.280196864646413 ], [ 4.936348544602344, 52.280169670389192 ], [ 4.93641075343639, 52.280141874492053 ], [ 4.936446621191652, 52.280126444287255 ], [ 4.936479528964735, 52.280111002787976 ], [ 4.936519906899739, 52.280090098179599 ], [ 4.936621667794255, 52.280034653516473 ], [ 4.936687531679109, 52.279994629955191 ], [ 4.936726484869615, 52.279968246248679 ], [ 4.936799879478294, 52.279918202903545 ], [ 4.937020032410204, 52.279775370608789 ], [ 4.937116510992682, 52.27971758654266 ], [ 4.937232597606684, 52.279648049015321 ], [ 4.937283476391629, 52.27961895124114 ], [ 4.937338801957987, 52.279593528418367 ], [ 4.937415019847174, 52.279562675499633 ], [ 4.937462805298521, 52.279548189108361 ], [ 4.937518025298955, 52.279534638746703 ], [ 4.937637335191197, 52.279515786565128 ], [ 4.937686546677222, 52.279509529386161 ], [ 4.938215679224577, 52.279462583109748 ], [ 4.938416900014571, 52.279443951286346 ], [ 4.938492921233802, 52.27943685180756 ], [ 4.938565995420769, 52.279427008792027 ], [ 4.938637597202107, 52.279413502091614 ], [ 4.938709226579401, 52.279397254159228 ], [ 4.938770422775038, 52.279380984589324 ], [ 4.93879327897824, 52.279374051766283 ], [ 4.938830157453403, 52.279362875924605 ], [ 4.938832114366931, 52.279362083427287 ], [ 4.938827022504812, 52.279358424039678 ], [ 4.938839734411356, 52.279354796216495 ], [ 4.938921751698174, 52.279325591120973 ], [ 4.938977996439168, 52.279303343727904 ], [ 4.939123960110545, 52.279240829262363 ], [ 4.939185672099996, 52.279218413745319 ], [ 4.939215717089579, 52.279207706221307 ], [ 4.939267974446254, 52.279191411512748 ], [ 4.93930976373492, 52.279181476473667 ], [ 4.939391779517616, 52.279169824312191 ], [ 4.939454379547201, 52.279165432651816 ], [ 4.93953034494944, 52.27916381488231 ], [ 4.939685211507729, 52.279168814188679 ], [ 4.939829639677455, 52.279172866023238 ], [ 4.940032194928117, 52.279174342316331 ], [ 4.940093263532415, 52.279173602579313 ], [ 4.940154350561701, 52.279171029359716 ], [ 4.940225883467041, 52.279165745317968 ], [ 4.940300427655232, 52.279156814561524 ], [ 4.940370520993742, 52.279146042404648 ], [ 4.940434668787097, 52.279133432195152 ], [ 4.940506306265711, 52.279116266445996 ], [ 4.94064215005969, 52.27907918343351 ], [ 4.940716802290584, 52.279056546357133 ], [ 4.940812397439307, 52.279024829689668 ], [ 4.940887086105399, 52.278998543577842 ], [ 4.940981235865213, 52.27896043095916 ], [ 4.941129226334549, 52.278894137789322 ], [ 4.941277280424106, 52.278821454315619 ], [ 4.941402938829467, 52.278755103538252 ], [ 4.941569004063846, 52.278666021874272 ], [ 4.941757485584693, 52.278566958044706 ], [ 4.941947488372451, 52.278465149362752 ], [ 4.942152408628202, 52.278358812726843 ], [ 4.942203260780851, 52.278333370793597 ], [ 4.942264567602023, 52.278304301140821 ], [ 4.942310498314548, 52.278284502984356 ], [ 4.942373638570545, 52.278262567536686 ], [ 4.942505054791541, 52.278220899903751 ], [ 4.942615451840632, 52.278197452345267 ], [ 4.942691519470046, 52.278183959986961 ], [ 4.942794388981992, 52.278173273666773 ], [ 4.942870389023254, 52.278168004819356 ], [ 4.942924012669637, 52.278167235644005 ], [ 4.942959762110023, 52.278167666572109 ], [ 4.943022294304759, 52.27816842280707 ], [ 4.943416764618707, 52.278194171295354 ], [ 4.943790277093659, 52.278233573297697 ], [ 4.943939046217225, 52.278253167396336 ], [ 4.94403574090886, 52.278268054231781 ], [ 4.944113073796303, 52.278281969644524 ], [ 4.944171050378446, 52.27829583045358 ], [ 4.944240460430137, 52.278316654711666 ], [ 4.944260183369389, 52.278322570702258 ], [ 4.944438308161874, 52.278396156278653 ], [ 4.944797376159219, 52.278560683705535 ], [ 4.944966546371127, 52.278636068491558 ], [ 4.945042238827292, 52.278669166205901 ], [ 4.94512686969581, 52.27870228830448 ], [ 4.945187748965267, 52.278723475570111 ], [ 4.945248634015897, 52.278745561610236 ], [ 4.945327368432749, 52.278770446633231 ], [ 4.945391264385509, 52.27878889478707 ], [ 4.945468540606061, 52.278810125201616 ], [ 4.945535429407196, 52.278826750938407 ], [ 4.945700467524433, 52.278861008829558 ], [ 4.945774836444188, 52.27887400430923 ], [ 4.946031076891566, 52.278915738554616 ], [ 4.946052377874383, 52.278919206450958 ], [ 4.946259725949214, 52.278952983279083 ], [ 4.946307319814903, 52.27896042294369 ], [ 4.946374276003485, 52.278968824578207 ], [ 4.946456128643783, 52.278976364945628 ], [ 4.94653500686259, 52.278983885182605 ], [ 4.946594549939075, 52.278987702226104 ], [ 4.946667500608783, 52.278991551220571 ], [ 4.946713668932252, 52.278993502825244 ], [ 4.946835769315359, 52.278995665344105 ], [ 4.947004038053789, 52.278999779228116 ], [ 4.947214009440359, 52.279004003129558 ], [ 4.947645051799258, 52.278993967133992 ], [ 4.947695708663234, 52.278989526709772 ], [ 4.947794071531188, 52.278979718069749 ], [ 4.947874557556162, 52.278969869887206 ], [ 4.947978927002598, 52.278952767308176 ], [ 4.948046035791646, 52.278938321465382 ], [ 4.948102744348761, 52.278922012428502 ], [ 4.948219148182154, 52.278886673058231 ], [ 4.948337058814792, 52.278848597874493 ], [ 4.948477379376761, 52.27879960461118 ], [ 4.948628162893236, 52.27874607518104 ], [ 4.948777430059963, 52.278696197988246 ], [ 4.948880403978101, 52.27866447520757 ], [ 4.949011711901271, 52.278627347802761 ], [ 4.949098242795794, 52.278604722503388 ], [ 4.949169385205317, 52.278588295669131 ], [ 4.949333918433791, 52.278550482089685 ], [ 4.949439805479167, 52.278527910247284 ], [ 4.94955611971593, 52.278504442171609 ], [ 4.949691822960073, 52.278479194234492 ], [ 4.949814073732529, 52.278458480176901 ], [ 4.949913954043392, 52.278443201793287 ], [ 4.949997431155037, 52.278431529710446 ], [ 4.950070472034156, 52.278421661492246 ], [ 4.950189714409952, 52.278407335268035 ], [ 4.950389423115414, 52.278384992478777 ], [ 4.951061588683976, 52.27830807527797 ], [ 4.951213588513406, 52.278292916142213 ], [ 4.951371564171213, 52.278275028559619 ], [ 4.951501202697108, 52.27826438839957 ], [ 4.951542182435725, 52.278261932932224 ], [ 4.951571110195153, 52.27826019701245 ], [ 4.951662101415355, 52.278254735076288 ], [ 4.951761917348936, 52.27825041107549 ], [ 4.951913847723669, 52.27824529919161 ], [ 4.952055324061654, 52.278243824665232 ], [ 4.952286159165006, 52.278243478622954 ], [ 4.952514014081004, 52.278242204413303 ], [ 4.952618277971079, 52.278241545106113 ], [ 4.952682305117007, 52.278240791766891 ], [ 4.952816382450172, 52.278234723313858 ], [ 4.952913235761688, 52.278227655152627 ], [ 4.95297879640688, 52.278221415714498 ], [ 4.953027984049236, 52.278214226320344 ], [ 4.953087625498442, 52.278203408249837 ], [ 4.953154746157193, 52.278188959555017 ], [ 4.953236792953365, 52.278169056061429 ], [ 4.953326304240787, 52.278145521851812 ], [ 4.953400910398122, 52.278123775395706 ], [ 4.953493434790583, 52.278094769531634 ], [ 4.953541193162732, 52.278079350806507 ], [ 4.953611329972191, 52.278057596812772 ], [ 4.953618264924077, 52.278055680871013 ], [ 4.953660565046983, 52.278044007986743 ], [ 4.953696359733806, 52.27803678718017 ], [ 4.953696550480344, 52.278036760916002 ], [ 4.953727658567354, 52.27803230015931 ], [ 4.953764917963478, 52.27802965052544 ], [ 4.953797693661132, 52.278026984444139 ], [ 4.953830457213853, 52.278027068588699 ], [ 4.953866177557706, 52.278028979105073 ], [ 4.954086349053084, 52.278064236244163 ], [ 4.954303489960155, 52.278106788990542 ], [ 4.954513164087339, 52.278150239758901 ], [ 4.954664846782793, 52.278182584753708 ], [ 4.95491468418254, 52.278235268437449 ], [ 4.954936603811007, 52.278239950352436 ], [ 4.955240524925102, 52.278304901733236 ], [ 4.955243332481141, 52.278305505187951 ], [ 4.955488675493183, 52.278360921512586 ], [ 4.955736990664549, 52.278418163715578 ], [ 4.955844028069815, 52.278445832365584 ], [ 4.955997139227001, 52.278488229259715 ], [ 4.956163613801357, 52.278535231507696 ], [ 4.956303330005166, 52.278574855853925 ], [ 4.956386572012097, 52.27859789842794 ], [ 4.956443064213358, 52.278612646580534 ], [ 4.956514431892742, 52.278630181196107 ], [ 4.956563501139943, 52.278641262176592 ], [ 4.956609622340364, 52.278649600097339 ], [ 4.95664680835246, 52.278656080931356 ], [ 4.956681013988025, 52.278661643129702 ], [ 4.956734581950161, 52.27866817459762 ], [ 4.956773283326088, 52.278671002858474 ], [ 4.956814985663607, 52.278671109727547 ], [ 4.956983257565109, 52.278673339946145 ], [ 4.957026417748104, 52.278672706054607 ], [ 4.957144100603704, 52.278670986070004 ], [ 4.957296055242584, 52.278664959582279 ], [ 4.95748823552932, 52.278652625834624 ], [ 4.957637259763927, 52.278637456614412 ], [ 4.957691150494266, 52.278630300343487 ], [ 4.957738629517849, 52.27862399257932 ], [ 4.957808697450664, 52.278612284253043 ], [ 4.957872836792849, 52.278596914283277 ], [ 4.957941486570449, 52.278574235566147 ], [ 4.958045968911612, 52.278538852242946 ], [ 4.958168395234455, 52.278493467562676 ], [ 4.958347557797198, 52.278425378560492 ], [ 4.958414712490336, 52.278402694146145 ], [ 4.958481869914255, 52.278382759982165 ], [ 4.958554958784982, 52.278364662827435 ], [ 4.958610138768939, 52.278352918026989 ], [ 4.95866382122379, 52.278342992304232 ], [ 4.958726415399417, 52.278335840143797 ], [ 4.95879644155338, 52.278331438194236 ], [ 4.958856017228038, 52.278328840849902 ], [ 4.958940901371793, 52.278329040488373 ], [ 4.959034712018909, 52.278332004694889 ], [ 4.959205922061278, 52.278337900442111 ], [ 4.959390545473045, 52.278344734271926 ], [ 4.959585578293649, 52.278352513232804 ], [ 4.959652583036821, 52.278354499189142 ], [ 4.95972109405326, 52.278353749262962 ], [ 4.959789596259068, 52.278353916024628 ], [ 4.959895351925062, 52.278350514399577 ], [ 4.959968352574819, 52.278346113518033 ], [ 4.960024979940595, 52.278340772628368 ], [ 4.960068851307576, 52.278337758419227 ], [ 4.96021569853194, 52.27832478010739 ], [ 4.960297672361971, 52.278316753377695 ], [ 4.960375165290724, 52.278306885884213 ], [ 4.960472058366258, 52.278292504563169 ], [ 4.960625625386586, 52.278266373825723 ], [ 4.960761307001397, 52.278241113117488 ], [ 4.960864213045638, 52.278218520303447 ], [ 4.960947742247748, 52.278199533570373 ], [ 4.961002930181241, 52.278186870923783 ], [ 4.961053634284894, 52.278174201078436 ], [ 4.961130803545422, 52.278256214584161 ], [ 4.961152721485497, 52.278279500161453 ], [ 4.961172421620964, 52.278301798068981 ], [ 4.961231145392309, 52.278368250010018 ], [ 4.961253441334998, 52.278393388424078 ], [ 4.961258359921788, 52.278400021191473 ], [ 4.961268179199587, 52.278415156131189 ], [ 4.961280963679738, 52.278435865222711 ], [ 4.961336286918581, 52.27852541258715 ], [ 4.961417428206984, 52.278682452686567 ], [ 4.961459443705472, 52.278763134996439 ], [ 4.961495310880446, 52.27884166503577 ], [ 4.961544985815886, 52.278950389973815 ], [ 4.961633012108838, 52.279184390566371 ], [ 4.961730627047985, 52.279396495268323 ], [ 4.961821260983833, 52.279603182062786 ], [ 4.961877659668443, 52.279712317507887 ], [ 4.961938806082935, 52.27981535827216 ], [ 4.96202833978744, 52.279953373879472 ], [ 4.962081404739857, 52.280043443022514 ], [ 4.962131711023011, 52.2801155265551 ], [ 4.962159522432975, 52.280149420788817 ], [ 4.962175200292138, 52.280164936220103 ], [ 4.962196160226638, 52.280179751608976 ], [ 4.962217733786747, 52.280191693092952 ], [ 4.962243968945518, 52.280206527433862 ], [ 4.962309310212731, 52.280238758944058 ], [ 4.962319815973154, 52.280243470369626 ], [ 4.962353719007727, 52.280253299053072 ], [ 4.962380612486334, 52.280260585948888 ], [ 4.96241045037631, 52.280266445363537 ], [ 4.962442053542047, 52.28027159208559 ], [ 4.96248946516972, 52.280278593150854 ], [ 4.962548016792759, 52.280285274693597 ], [ 4.96263236520148, 52.280291329814332 ], [ 4.962759539171281, 52.280293583967577 ], [ 4.962985166569666, 52.280297988823307 ], [ 4.963186755650507, 52.280303026073447 ], [ 4.963324404733235, 52.28031322647584 ], [ 4.963450262688344, 52.280330574726399 ], [ 4.963487151508088, 52.280334661571615 ], [ 4.963572645018874, 52.280343596230608 ], [ 4.963677439944735, 52.280356914125356 ], [ 4.963745346056993, 52.280366145174071 ], [ 4.963827891894631, 52.280376866657811 ], [ 4.963879982673989, 52.280384962458605 ], [ 4.963904572995572, 52.280387926601314 ], [ 4.963927398071602, 52.280391603446255 ], [ 4.963970731057756, 52.280396072722354 ], [ 4.963997093480596, 52.280397605135775 ], [ 4.964025800448084, 52.280399145934517 ], [ 4.96405802765192, 52.280400339810967 ], [ 4.964083807364388, 52.280401510606424 ], [ 4.964132419017666, 52.280405639199508 ], [ 4.964158781451855, 52.280407171576933 ], [ 4.964183981873098, 52.280407621251342 ], [ 4.964206834332757, 52.280408422033901 ], [ 4.964232038173804, 52.280408512197027 ], [ 4.964258421123384, 52.280407887545898 ], [ 4.964286579570411, 52.280405471673099 ], [ 4.964309452538584, 52.280404115429548 ], [ 4.96433936938775, 52.280401705833263 ], [ 4.964396838030161, 52.280399035240535 ], [ 4.964428021857291, 52.280397457032919 ], [ 4.964442001233087, 52.280395961109548 ], [ 4.964468983974732, 52.280393900502894 ], [ 4.964490105357537, 52.280391818935463 ], [ 4.964517077845653, 52.280390836821027 ], [ 4.964544646716357, 52.280388778292426 ], [ 4.964572805135921, 52.2803863623514 ], [ 4.964599198314612, 52.280384659120998 ], [ 4.964622660813663, 52.280382945410672 ], [ 4.964676023051755, 52.280380619519455 ], [ 4.964705333241544, 52.280380364742349 ], [ 4.964748700439748, 52.280381238722597 ], [ 4.964797922166965, 52.280382852628748 ], [ 4.964824887815477, 52.280382589446177 ], [ 4.964844813010059, 52.280383020135218 ], [ 4.964864731378111, 52.280384169823094 ], [ 4.964888149494297, 52.280387129574045 ], [ 4.964914508530977, 52.280389021283959 ], [ 4.964936754381726, 52.28039197683853 ], [ 4.96496193091397, 52.280394942854635 ], [ 4.964977146554464, 52.280397513782667 ], [ 4.965013456260152, 52.280400879056465 ], [ 4.965031026685319, 52.280402379845818 ], [ 4.965054455058037, 52.280404261060575 ], [ 4.965082555461129, 52.280407956516434 ], [ 4.965104797921084, 52.28041127154048 ], [ 4.965131143336191, 52.280414601206481 ], [ 4.965153385803121, 52.280417916221367 ], [ 4.96517854872092, 52.280422320195669 ], [ 4.965221265032685, 52.280430022431112 ], [ 4.965240570012095, 52.280434045972498 ], [ 4.965260464541561, 52.280437712101275 ], [ 4.965277431802765, 52.280441008267815 ], [ 4.965300246790478, 52.28044576335099 ], [ 4.965315465877864, 52.280447974734393 ], [ 4.965331833371847, 52.280452706806138 ], [ 4.965346456097951, 52.280455994597517 ], [ 4.965360499508567, 52.280458561293791 ], [ 4.965372191555663, 52.280461838626195 ], [ 4.965393851336846, 52.280464792003627 ], [ 4.965408470662457, 52.280468439288484 ], [ 4.965435375000263, 52.280474646986264 ], [ 4.965513743510694, 52.280493261681464 ], [ 4.965568666595502, 52.280511792721938 ], [ 4.965614225155318, 52.280528852294445 ], [ 4.965660918548168, 52.280549870540725 ], [ 4.965709305673029, 52.280577725557627 ], [ 4.965753552419548, 52.280609520442276 ], [ 4.965801830678253, 52.280648879456059 ], [ 4.965873817240498, 52.280722476689284 ], [ 4.965980580988917, 52.280837541793339 ], [ 4.966125618459405, 52.280951403916909 ], [ 4.966147568293247, 52.280968639850137 ], [ 4.966156292381835, 52.280975861180416 ], [ 4.966165618675299, 52.280979840047785 ], [ 4.96617735611362, 52.280979890830388 ], [ 4.966189082386265, 52.280979573071008 ], [ 4.966200825672334, 52.280977457805037 ], [ 4.966210220980914, 52.280975693691211 ], [ 4.966220239860325, 52.280969977151621 ], [ 4.966226806525044, 52.280957417569311 ], [ 4.966235216676036, 52.280935876719859 ], [ 4.966252098194786, 52.280886323999262 ], [ 4.966265159065658, 52.2808069180779 ], [ 4.966275971568671, 52.28077927405289 ], [ 4.966281385331139, 52.28070271701062 ], [ 4.966286826290486, 52.280623283958029 ], [ 4.96629003226728, 52.280550844468024 ], [ 4.966292079118722, 52.280501787186431 ], [ 4.966295261545748, 52.280475194536066 ], [ 4.966297725159056, 52.280462620342824 ], [ 4.966301497118012, 52.28043567027747 ], [ 4.966307934120024, 52.280408927430905 ], [ 4.966312486398897, 52.280389332188378 ], [ 4.966317928304201, 52.280371735410817 ], [ 4.966322143507885, 52.28035988647828 ], [ 4.966326423340454, 52.280341207024044 ], [ 4.966333599827798, 52.280326133012601 ], [ 4.966337804818319, 52.28031536258279 ], [ 4.966344994903543, 52.280298850566084 ], [ 4.96635216117344, 52.280284855056777 ], [ 4.966359344445642, 52.280269062041341 ], [ 4.966368286114497, 52.280253275283883 ], [ 4.966373060217202, 52.28024430444453 ], [ 4.966381402137857, 52.280229953604426 ], [ 4.966390026916494, 52.280216682310162 ], [ 4.966400740567676, 52.280199463803619 ], [ 4.966411145839833, 52.280183862008251 ], [ 4.96642241840092, 52.280169521594743 ], [ 4.966433399588789, 52.28015500038665 ], [ 4.966460044199917, 52.280126693655234 ], [ 4.966491396533742, 52.280096426345722 ], [ 4.966510012693316, 52.280080314486909 ], [ 4.966528335773669, 52.280064201582377 ], [ 4.966547531237937, 52.280048810805212 ], [ 4.966586494659406, 52.280019469331023 ], [ 4.96660714691251, 52.280004982509567 ], [ 4.966624551640183, 52.279993000725796 ], [ 4.966645783200867, 52.279979234984751 ], [ 4.966667890544785, 52.279965831867969 ], [ 4.966686457304687, 52.279954932747806 ], [ 4.966705323917494, 52.279943315664632 ], [ 4.966728301924259, 52.279930814416048 ], [ 4.966753034908555, 52.279918678916935 ], [ 4.96678041225741, 52.279905833788767 ], [ 4.966809263407682, 52.279892095111158 ], [ 4.96684163810905, 52.279877649926995 ], [ 4.966868707055223, 52.279866421491647 ], [ 4.966893709250741, 52.279856803512992 ], [ 4.966921960618581, 52.279844500728892 ], [ 4.966954020107199, 52.279832391229789 ], [ 4.967017261537952, 52.27980798933028 ], [ 4.9670590260419, 52.279792319158581 ], [ 4.967115213456043, 52.279770049220652 ], [ 4.967164623007069, 52.279751709823991 ], [ 4.967194041395832, 52.279739950390649 ], [ 4.967222589064295, 52.27972728907406 ], [ 4.967251712661102, 52.279715708335978 ], [ 4.967277890336578, 52.279705734937899 ], [ 4.96728583528914, 52.279702347778255 ], [ 4.967298486222458, 52.279697179764398 ], [ 4.967405549755069, 52.279656395666592 ], [ 4.967468846661578, 52.279626061753952 ], [ 4.967516841472389, 52.279602324489062 ], [ 4.96755841598866, 52.279575688312178 ], [ 4.967575534027441, 52.27956143144953 ], [ 4.967631646577242, 52.279573449578749 ], [ 4.967660048356437, 52.27957933852359 ], [ 4.967674336998103, 52.279582301280442 ], [ 4.967692686960441, 52.279605222443635 ], [ 4.967703628595427, 52.279621250616572 ], [ 4.967705507651941, 52.279623998571942 ], [ 4.967730530038062, 52.279654160630585 ], [ 4.967731935459909, 52.279655855328905 ], [ 4.967745874145029, 52.27967417703946 ], [ 4.967746654397843, 52.279675348225545 ], [ 4.967755020350331, 52.279687915928768 ], [ 4.96776898914045, 52.279703047063066 ], [ 4.967779357835553, 52.279717680082271 ], [ 4.967784360885346, 52.279724798216129 ], [ 4.967794988771717, 52.279739917496222 ], [ 4.967810762964019, 52.279759396151867 ], [ 4.967826200661292, 52.279777264790049 ], [ 4.967830514607438, 52.279782870521991 ], [ 4.967840865473965, 52.279796290115065 ], [ 4.967850052230013, 52.279807287851867 ], [ 4.967861419342962, 52.279821717684435 ], [ 4.967877182833076, 52.279842337747361 ], [ 4.967898886476923, 52.279865495466211 ], [ 4.967916148949937, 52.279885662460117 ], [ 4.96794074846308, 52.279914079333317 ], [ 4.967975682098277, 52.279953039616551 ], [ 4.967990743518666, 52.279968866660518 ], [ 4.968008744750418, 52.279989953018259 ], [ 4.968024176085442, 52.280008513669785 ], [ 4.968042162780474, 52.280029590982849 ], [ 4.968066025385472, 52.280058472583598 ], [ 4.968078544655868, 52.280075054569963 ], [ 4.968087286340118, 52.28008664390665 ], [ 4.968101964322528, 52.280104294106252 ], [ 4.968104525273564, 52.280109327380842 ], [ 4.968112211086394, 52.280121002851331 ], [ 4.968119498642856, 52.280134510427089 ], [ 4.968124242187557, 52.280142742116972 ], [ 4.968129106516942, 52.280150596745827 ], [ 4.968131184925878, 52.280153965560878 ], [ 4.968144323178083, 52.280176400811278 ], [ 4.96815784886513, 52.280198154358089 ], [ 4.968162232525193, 52.280205701695714 ], [ 4.968175413401723, 52.28022517110945 ], [ 4.968189329158445, 52.280244409442254 ], [ 4.96820021395507, 52.280260284571916 ], [ 4.968207544236992, 52.28027081732143 ], [ 4.968220039561847, 52.280286841961534 ], [ 4.96823250720537, 52.280304250627999 ], [ 4.968242813922559, 52.280316160072054 ], [ 4.968251281168129, 52.280325780088596 ], [ 4.968257874901233, 52.280335168770605 ], [ 4.968265613801713, 52.280344327826114 ], [ 4.968292118816735, 52.28037274238612 ], [ 4.968300583883029, 52.280382596074858 ], [ 4.968308697684143, 52.280390848684803 ], [ 4.968319353922779, 52.280402993043708 ], [ 4.968327461298705, 52.28041192870463 ], [ 4.968336301263566, 52.280420875947996 ], [ 4.968343680703331, 52.28042775081596 ], [ 4.968355473905488, 52.280438982440486 ], [ 4.968367999373934, 52.280451816491386 ], [ 4.968376858408881, 52.280460296432011 ], [ 4.968389752340689, 52.280472907089958 ], [ 4.968396016346243, 52.280478411853466 ], [ 4.968405237411853, 52.280487351453559 ], [ 4.96841815041314, 52.280499494808673 ], [ 4.968428110181875, 52.280509353781881 ], [ 4.968446893686927, 52.280526775805782 ], [ 4.968464222607359, 52.280543051220974 ], [ 4.968477154524695, 52.280554745244949 ], [ 4.96848971001072, 52.280564397697127 ], [ 4.968499661265013, 52.280575164404773 ], [ 4.968509985695633, 52.280583649524232 ], [ 4.968521436247301, 52.280592372313912 ], [ 4.968536216730319, 52.280603839193319 ], [ 4.968541733445525, 52.280609341302878 ], [ 4.968551729809906, 52.280615317652583 ], [ 4.968558766579109, 52.280619683689018 ], [ 4.968568030762278, 52.280624048623508 ], [ 4.968575417018603, 52.280628649579839 ], [ 4.968580231180539, 52.280630949532906 ], [ 4.968590996451237, 52.280634636705059 ], [ 4.968599913588452, 52.280636951183219 ], [ 4.968602862447102, 52.280639702910896 ], [ 4.968615831685661, 52.280644323629751 ], [ 4.968625845321569, 52.280648466517079 ], [ 4.968638447911808, 52.280654676781239 ], [ 4.968659196959144, 52.280664124536088 ], [ 4.968674403566611, 52.28067080239326 ], [ 4.968683659545267, 52.280674484214529 ], [ 4.968692925781649, 52.280678633438505 ], [ 4.968702183479039, 52.280683690402199 ], [ 4.968709218159841, 52.280688281117875 ], [ 4.96871809275622, 52.280693561420144 ], [ 4.968727703859904, 52.280699994770558 ], [ 4.968731774623898, 52.280703433540609 ], [ 4.968738409354063, 52.280708481218326 ], [ 4.968742473693595, 52.280712603040328 ], [ 4.968748352076447, 52.280720164632882 ], [ 4.968753119389658, 52.280725888775947 ], [ 4.968755314112318, 52.280730920739458 ], [ 4.968758978102186, 52.280737099356941 ], [ 4.968763676595442, 52.280750139348896 ], [ 4.96876508997586, 52.280757226759995 ], [ 4.968766145642707, 52.280763396146668 ], [ 4.968766839283782, 52.2807691058728 ], [ 4.968767143705596, 52.280774131146558 ], [ 4.968767044868159, 52.280784637568992 ], [ 4.968767685217427, 52.280794454544406 ], [ 4.968767935470484, 52.280806795719286 ], [ 4.96877002572837, 52.280819817492812 ], [ 4.968770291116325, 52.280830549899754 ], [ 4.968771329537814, 52.280838552742338 ], [ 4.968770869070449, 52.280846999672036 ], [ 4.968772655303973, 52.280853396339559 ], [ 4.968774053243701, 52.280863683362895 ], [ 4.96877618645594, 52.280872139471064 ], [ 4.968777948622369, 52.280882652478944 ], [ 4.968779717610861, 52.280890882602364 ], [ 4.968782597761666, 52.280900941187106 ], [ 4.968784758481774, 52.280908031242404 ], [ 4.968787264151939, 52.280917396438987 ], [ 4.968790187254708, 52.28092288935845 ], [ 4.968792735310822, 52.280929306697068 ], [ 4.968797080429745, 52.280940970298879 ], [ 4.968800384528357, 52.280946464566235 ], [ 4.968802549960021, 52.280951496425047 ], [ 4.96880585414463, 52.280956981704719 ], [ 4.968809137166835, 52.280963158972185 ], [ 4.968814615241181, 52.280972777357292 ], [ 4.968820838622169, 52.280982614087151 ], [ 4.968828948317754, 52.280991325024644 ], [ 4.968836642701675, 52.281003683550558 ], [ 4.968846185163882, 52.281017423752488 ], [ 4.968857230922195, 52.281030252513951 ], [ 4.968867878533571, 52.281044904394854 ], [ 4.968877052952852, 52.281057268154257 ], [ 4.96888990857158, 52.281073986057521 ], [ 4.96890387356507, 52.28109116626316 ], [ 4.968913799649636, 52.281103074299466 ], [ 4.968922990860244, 52.281115213418801 ], [ 4.96894691801754, 52.281142027860795 ], [ 4.968957216889031, 52.281153254137017 ], [ 4.968963455285002, 52.281161500066425 ], [ 4.968970121529734, 52.281166323146188 ], [ 4.968977023908316, 52.281181878527818 ], [ 4.968984390339983, 52.281191719291556 ], [ 4.968990967201493, 52.28120293239985 ], [ 4.968996074777713, 52.281212998856923 ], [ 4.969003733044628, 52.281227649139609 ], [ 4.969010352152265, 52.28123748725848 ], [ 4.969015830303798, 52.281247105633774 ], [ 4.969022066224285, 52.281257176080231 ], [ 4.969026816477179, 52.281264724680213 ], [ 4.969034149232381, 52.281275032688583 ], [ 4.969039648553464, 52.281283959074813 ], [ 4.969048099389289, 52.281293803669321 ], [ 4.969052878873401, 52.281301361359397 ], [ 4.969059466498684, 52.281311433047492 ], [ 4.969068587649576, 52.281323239357427 ], [ 4.969077116789941, 52.281334108839062 ], [ 4.969084479729696, 52.281341208296276 ], [ 4.969092923696529, 52.281353344759296 ], [ 4.969099543442078, 52.281360001183977 ], [ 4.969106903425209, 52.28137053397954 ], [ 4.969111294165848, 52.28137579839639 ], [ 4.969116446433052, 52.281382674326906 ], [ 4.969119352841238, 52.281388391874231 ], [ 4.969125976222193, 52.281397780609922 ], [ 4.96913109927122, 52.281404647448603 ], [ 4.969136979624837, 52.281413575177247 ], [ 4.969143573705774, 52.281422963808268 ], [ 4.96914832103564, 52.281433945742869 ], [ 4.969155625971132, 52.281447219628063 ], [ 4.969162190073947, 52.281459798830838 ], [ 4.969169464946811, 52.281476272275427 ], [ 4.969179684171319, 52.281497546640921 ], [ 4.969183654868415, 52.281508525828279 ], [ 4.969186183840925, 52.281516983326874 ], [ 4.969190539847148, 52.281527505496918 ], [ 4.969195615324884, 52.281540996193314 ], [ 4.969199577498981, 52.281552883120483 ], [ 4.969203205130245, 52.28156294433586 ], [ 4.969209396415298, 52.281576214280364 ], [ 4.969217830114351, 52.281587892318228 ], [ 4.969227347059721, 52.281604373684473 ], [ 4.969238714403741, 52.281621994056934 ], [ 4.969249356073613, 52.281635747097461 ], [ 4.969258905301319, 52.28164879522501 ], [ 4.969275834239663, 52.281668727147846 ], [ 4.969290538384658, 52.281686817688112 ], [ 4.969317764249216, 52.281718209525891 ], [ 4.969330292550415, 52.28173080979662 ], [ 4.969338762410926, 52.281740205045054 ], [ 4.969349455353466, 52.281750066528119 ], [ 4.96935645810103, 52.28175808145307 ], [ 4.969363060891168, 52.281766553343417 ], [ 4.969373340303456, 52.281781437558266 ], [ 4.969378107436337, 52.28178876150703 ], [ 4.969381377681845, 52.281796313849725 ], [ 4.969383907082258, 52.281803171511768 ], [ 4.969387175219156, 52.281810948542507 ], [ 4.969389359344788, 52.281817121909519 ], [ 4.969390406511644, 52.281824208017376 ], [ 4.96939029535963, 52.281834480710891 ], [ 4.969389393887215, 52.281849325415607 ], [ 4.969388130372816, 52.281863710461877 ], [ 4.96938593863334, 52.281877067615845 ], [ 4.969385736397532, 52.281878316209166 ], [ 4.969384532618823, 52.281887901966812 ], [ 4.969382206906167, 52.281896800685161 ], [ 4.969380958790311, 52.281907986119236 ], [ 4.969377471809767, 52.281923504762389 ], [ 4.96937737348754, 52.281932411351328 ], [ 4.969378026736031, 52.281940871204689 ], [ 4.969378309415574, 52.281949779139893 ], [ 4.969378979887788, 52.281956405537422 ], [ 4.969382252340805, 52.281963724204118 ], [ 4.969386554826125, 52.281979953446644 ], [ 4.969389786504437, 52.281991613089311 ], [ 4.969393422825637, 52.282000757570209 ], [ 4.969396260588044, 52.282013790958231 ], [ 4.969401683114348, 52.282029350070644 ], [ 4.969404178255295, 52.282039856668497 ], [ 4.969406705104715, 52.282048547837299 ], [ 4.969412834299211, 52.282068441578474 ], [ 4.969417126084313, 52.282085812235664 ], [ 4.969421827106986, 52.282098618522809 ], [ 4.969425039471137, 52.282112336308195 ], [ 4.969428999646621, 52.282124447914676 ], [ 4.969438681835506, 52.282160801929784 ], [ 4.969449546085106, 52.282191443862487 ], [ 4.969469281365244, 52.282263676842682 ], [ 4.969480460893124, 52.282298202626563 ], [ 4.969495580868061, 52.282348506976099 ], [ 4.96952472662222, 52.282447044602662 ], [ 4.969554902498533, 52.282554501781426 ], [ 4.969566797740073, 52.282590854611463 ], [ 4.969577953513451, 52.282629487735925 ], [ 4.969590220827378, 52.282668358468214 ], [ 4.969600263572452, 52.282703796980918 ], [ 4.969610697776963, 52.282739686266275 ], [ 4.969621511178749, 52.282774210740122 ], [ 4.96963012289525, 52.282805986150905 ], [ 4.969635888412743, 52.282824054064292 ], [ 4.969640953456667, 52.28283868615452 ], [ 4.969650295436227, 52.282872288670674 ], [ 4.969660008004198, 52.282905443103239 ], [ 4.969672194326678, 52.282951395944664 ], [ 4.969680776525728, 52.282984762091282 ], [ 4.969689403258053, 52.283014946704313 ], [ 4.969691063279806, 52.283022322582063 ], [ 4.969695466314556, 52.283041913611108 ], [ 4.969699436828704, 52.283054501597228 ], [ 4.969701327550916, 52.283060718859971 ], [ 4.969704114496541, 52.283069815390938 ], [ 4.969708046908075, 52.28308490185745 ], [ 4.969711302287656, 52.283094053969059 ], [ 4.969711972463879, 52.283102280194861 ], [ 4.969713790702539, 52.283106852429448 ], [ 4.969716720921172, 52.283110053452972 ], [ 4.969717474676986, 52.283110936921055 ], [ 4.969720402365303, 52.283114407570253 ], [ 4.969722978688385, 52.283117841027533 ], [ 4.969726306599114, 52.283120827747069 ], [ 4.969730519082913, 52.283123251356621 ], [ 4.969735912322921, 52.283126344233743 ], [ 4.969738891086675, 52.283127496204045 ], [ 4.969743335280672, 52.283128653347923 ], [ 4.969746667580116, 52.283131172715507 ], [ 4.969771178483953, 52.283138116957304 ], [ 4.969782670764928, 52.28314248965858 ], [ 4.969793805125193, 52.283145962312815 ], [ 4.969803823735522, 52.283149646735211 ], [ 4.969814589632938, 52.283153342782384 ], [ 4.969827949429423, 52.283157038996656 ], [ 4.969841300625716, 52.283161651937107 ], [ 4.969853182281001, 52.283165136211188 ], [ 4.969872078236846, 52.283173876154201 ], [ 4.969883201986513, 52.28317848122834 ], [ 4.96989284135158, 52.283183539441843 ], [ 4.969900619891382, 52.283187000242506 ], [ 4.969906889711877, 52.283190383815693 ], [ 4.969913204423844, 52.283193668680916 ], [ 4.969918751378025, 52.283197562008425 ], [ 4.969939050212447, 52.28321453973841 ], [ 4.969946072520461, 52.283220505470467 ], [ 4.969952334997211, 52.283226234837429 ], [ 4.96995676814513, 52.283230133220663 ], [ 4.969963424452935, 52.283234497827443 ], [ 4.969968975632196, 52.283237941776235 ], [ 4.969973768733576, 52.283242524503585 ], [ 4.969979317722588, 52.2832462021276 ], [ 4.969986350832469, 52.283251017453793 ], [ 4.969991521002657, 52.283254460057137 ], [ 4.969996335521955, 52.283256759951755 ], [ 4.970004461219771, 52.283262271194296 ], [ 4.970010386843012, 52.283266417512564 ], [ 4.970024070223697, 52.283274680660774 ], [ 4.970035919890147, 52.283281580176634 ], [ 4.970049590383007, 52.283291218413524 ], [ 4.970071416254171, 52.283304768158622 ], [ 4.970096934341209, 52.28332153058922 ], [ 4.970128388879682, 52.28334128892314 ], [ 4.970157605708504, 52.283360571989419 ], [ 4.970180545295428, 52.283374134629874 ], [ 4.970199773468049, 52.283386533735793 ], [ 4.970209035768788, 52.283392741034767 ], [ 4.970234928912416, 52.283408587999666 ], [ 4.970241953481445, 52.283414320038261 ], [ 4.970253407634432, 52.283421209149481 ], [ 4.970265996240471, 52.283429019017696 ], [ 4.970274149463687, 52.28343316418924 ], [ 4.970285254027026, 52.283439827369072 ], [ 4.970304514013304, 52.283450402041566 ], [ 4.970326723417102, 52.283462137550544 ], [ 4.970348943359502, 52.283474313495859 ], [ 4.970372253719776, 52.283487419026621 ], [ 4.970423362779399, 52.283514778359994 ], [ 4.970453363607107, 52.283530181375546 ], [ 4.970473343510194, 52.283542133694425 ], [ 4.970493338412802, 52.283552486230192 ], [ 4.970516667889588, 52.28356512443262 ], [ 4.970527406161037, 52.283571786298594 ], [ 4.970558878491135, 52.283588120218106 ], [ 4.970586654042282, 52.283603290662896 ], [ 4.970610337053817, 52.283617305229129 ], [ 4.970666267402626, 52.283646281274422 ], [ 4.970696240871417, 52.283663059268115 ], [ 4.970743257438409, 52.283690862424905 ], [ 4.970761770263364, 52.283701434390366 ], [ 4.970787670094889, 52.283716607169126 ], [ 4.970813573996661, 52.283732912422174 ], [ 4.970837606347401, 52.283748761688237 ], [ 4.970859794755365, 52.283762770940996 ], [ 4.970880166337734, 52.283775173960301 ], [ 4.970897906511429, 52.283786884637244 ], [ 4.970911975440981, 52.283794699647352 ], [ 4.970935679704525, 52.283808031147672 ], [ 4.970955289526833, 52.283818840627553 ], [ 4.970973065756292, 52.283828268512991 ], [ 4.970980480400621, 52.283831485289575 ], [ 4.970980815688629, 52.283831675214032 ], [ 4.970993075642645, 52.283838612027957 ], [ 4.970998991153818, 52.283842290893389 ], [ 4.971009719199204, 52.28384849429991 ], [ 4.971021381858352, 52.283855051520007 ], [ 4.971055273518167, 52.283872858835707 ], [ 4.97109599841852, 52.28389494142786 ], [ 4.971125245963258, 52.283911024694305 ], [ 4.971205577852348, 52.283957217130542 ], [ 4.971240740942752, 52.283976988210576 ], [ 4.971272582065553, 52.283994689383739 ], [ 4.971291459406568, 52.284005487242744 ], [ 4.971314425084159, 52.284017899310307 ], [ 4.971331830818462, 52.284027784216882 ], [ 4.971357848910944, 52.284041321501135 ], [ 4.971376987335974, 52.284053980743657 ], [ 4.97139067533038, 52.284061803344187 ], [ 4.971400455050755, 52.284067562976638 ], [ 4.971403734357552, 52.284069497901861 ], [ 4.971422054501751, 52.28408190260059 ], [ 4.971424718232559, 52.284083844348551 ], [ 4.971452092029158, 52.284101296081246 ], [ 4.971472428153874, 52.284114390934533 ], [ 4.971493139010579, 52.284128161188349 ], [ 4.971521999066463, 52.284146534887526 ], [ 4.97152973989542, 52.284152494061544 ], [ 4.971550105291717, 52.284165597991979 ], [ 4.971568573950888, 52.284179369338496 ], [ 4.971587807142217, 52.284191309853632 ], [ 4.971638468464985, 52.28422597417952 ], [ 4.971658440518162, 52.284238834037417 ], [ 4.971682845984345, 52.284255592209924 ], [ 4.971694334085013, 52.284262031907538 ], [ 4.971717248997839, 52.284278335444036 ], [ 4.971738146235865, 52.284292564687895 ], [ 4.971753094176417, 52.284303582349224 ], [ 4.971784897373175, 52.284325390683428 ], [ 4.971788422823527, 52.284327650024103 ], [ 4.971792443428036, 52.284330243653621 ], [ 4.971827070992603, 52.284352493313811 ], [ 4.971845248433603, 52.284364510968125 ], [ 4.971851016279124, 52.284368324088817 ], [ 4.971855924869237, 52.284371558970527 ], [ 4.971882547341199, 52.284389466341558 ], [ 4.971903618359026, 52.28440392984934 ], [ 4.971935508958439, 52.28442581035177 ], [ 4.971937649022076, 52.284427336809159 ], [ 4.971943933438197, 52.284429192394299 ], [ 4.971944967462755, 52.2844298880878 ], [ 4.97197501473787, 52.284449856687921 ], [ 4.972005569614603, 52.28446882941445 ], [ 4.972017940262369, 52.284476503510469 ], [ 4.972059733143491, 52.284503604719511 ], [ 4.972091553662556, 52.284523588502815 ], [ 4.9721100504031, 52.284534384892858 ], [ 4.972133348813624, 52.284550456009995 ], [ 4.972158140206117, 52.284565157226154 ], [ 4.972181815587075, 52.284580097191302 ], [ 4.972201063771233, 52.284592037657511 ], [ 4.972222882383051, 52.284606503731105 ], [ 4.972248689274229, 52.284622322981534 ], [ 4.972253221089238, 52.284625107133245 ], [ 4.97228354489598, 52.284645310307262 ], [ 4.972315748738182, 52.284665070678685 ], [ 4.972355693642354, 52.28469079016088 ], [ 4.972394903671875, 52.284716740734737 ], [ 4.972416913688951, 52.284729553684315 ], [ 4.972421709312428, 52.284732338754779 ], [ 4.972430440452065, 52.284737420535954 ], [ 4.972437855675767, 52.284742174139261 ], [ 4.972452627760008, 52.284751654176283 ], [ 4.972477791763978, 52.284767282376755 ], [ 4.972518292156155, 52.284791601651285 ], [ 4.972535894160015, 52.284802502689701 ], [ 4.972552596956023, 52.284812393936441 ], [ 4.972568471219256, 52.284821554262109 ], [ 4.972585688206799, 52.284831312489779 ], [ 4.972590439803439, 52.284834106386754 ], [ 4.972611151516127, 52.284846285599983 ], [ 4.972630252801888, 52.284856715526274 ], [ 4.972646318621337, 52.284864195790547 ], [ 4.972659420060854, 52.284870533195054 ], [ 4.972678885562467, 52.284881198073613 ], [ 4.972695732292188, 52.28488980454609 ], [ 4.972717036205442, 52.284899774812601 ], [ 4.972725967306271, 52.284903850636674 ], [ 4.972741348650428, 52.284910870109883 ], [ 4.972761917914519, 52.284919471644614 ], [ 4.972778379544822, 52.284926944290142 ], [ 4.972805286105125, 52.284938030690036 ], [ 4.972823217510729, 52.284945050101221 ], [ 4.972849376942583, 52.28495453404085 ], [ 4.972877401664425, 52.284965156975652 ], [ 4.972899836591402, 52.284973288668724 ], [ 4.972924469847776, 52.284981419071421 ], [ 4.97295361482434, 52.28499135385065 ], [ 4.972972279350009, 52.284996766987533 ], [ 4.972992788964458, 52.284999193640616 ], [ 4.973011826316291, 52.285003916015107 ], [ 4.973027116188353, 52.28500660300125 ], [ 4.973039431028639, 52.285009288553326 ], [ 4.973047646340863, 52.285011546306258 ], [ 4.973054366851341, 52.285013798823272 ], [ 4.973062975597617, 52.285017873492677 ], [ 4.973071940248238, 52.28502150001691 ], [ 4.973083550851154, 52.285028991581498 ], [ 4.973092944211221, 52.28503694274675 ], [ 4.973101196414222, 52.285044683195153 ], [ 4.973105399180966, 52.28505448564853 ], [ 4.973110365461394, 52.285068856587891 ], [ 4.973116464527553, 52.285082764127125 ], [ 4.973123261395343, 52.285092557688223 ], [ 4.973125952607704, 52.285101006674729 ], [ 4.973129732962576, 52.285107383288704 ], [ 4.973134660194034, 52.285116505203511 ], [ 4.973139175714495, 52.285121050876278 ], [ 4.973142943509869, 52.28512720275036 ], [ 4.973146943574204, 52.285128870515649 ], [ 4.973152779623589, 52.285142696241508 ], [ 4.973161818731938, 52.28515407051983 ], [ 4.973169754203447, 52.285165926275425 ], [ 4.973178037774806, 52.285175023988714 ], [ 4.9731855716864, 52.285184361747795 ], [ 4.973193840763108, 52.285191868565143 ], [ 4.973199859249114, 52.285198693415893 ], [ 4.973209999833571, 52.285208247019412 ], [ 4.973218633438642, 52.285214379974839 ], [ 4.973241121812907, 52.28523096033954 ], [ 4.973249366015668, 52.285236417843031 ], [ 4.973266202517979, 52.285244574806264 ], [ 4.973283415790651, 52.285253191464712 ], [ 4.973314827838506, 52.285268365000114 ], [ 4.973336921119794, 52.285280162443541 ], [ 4.973369848880552, 52.285296249038836 ], [ 4.973399018748478, 52.285309841836366 ], [ 4.973425579955309, 52.285323434486273 ], [ 4.973451772773042, 52.285335668680474 ], [ 4.973460008887728, 52.285340425090872 ], [ 4.973506352921309, 52.285358976312395 ], [ 4.973539603662656, 52.285371864326216 ], [ 4.973565800803424, 52.285383640131236 ], [ 4.973602801212921, 52.285398338807198 ], [ 4.973630097599038, 52.285410109454894 ], [ 4.973659242793939, 52.285421643890757 ], [ 4.973681309325286, 52.285431607660492 ], [ 4.973685842064615, 52.28543431086932 ], [ 4.973704483603621, 52.285440649554396 ], [ 4.973712344916454, 52.285444739537816 ], [ 4.973731078034008, 52.285456992523599 ], [ 4.973741912109612, 52.285462908438902 ], [ 4.973742032391216, 52.285464158166235 ], [ 4.973798848604303, 52.28549762971511 ], [ 4.97384303757449, 52.285524172427586 ], [ 4.973944175591467, 52.285587269887195 ], [ 4.974002990222737, 52.285623363775535 ], [ 4.974076386956164, 52.285667381908688 ], [ 4.974138191499665, 52.28570505904252 ], [ 4.974202636096621, 52.285745684380672 ], [ 4.974220066701393, 52.285756189101775 ], [ 4.974271163432449, 52.285786989038613 ], [ 4.9743337033199, 52.285824425965338 ], [ 4.974394015470669, 52.285861882044955 ], [ 4.974455433454162, 52.285898631915551 ], [ 4.974512000346567, 52.285933818919069 ], [ 4.97456929185641, 52.285968316361739 ], [ 4.974631278685316, 52.286005391685876 ], [ 4.974635416766094, 52.286007994614764 ], [ 4.974691033181633, 52.286042980483096 ], [ 4.974725862551958, 52.286064313226703 ], [ 4.974749087030922, 52.286079062352371 ], [ 4.9747726800884, 52.286091997219835 ], [ 4.974781794607748, 52.286100046141428 ], [ 4.974810242558056, 52.286126794232572 ], [ 4.974845154926355, 52.28615657577776 ], [ 4.974874800041034, 52.286180667633744 ], [ 4.97490629201762, 52.2862031571022 ], [ 4.974936655657086, 52.286224051784764 ], [ 4.97496063187694, 52.286238354098053 ], [ 4.974981247797598, 52.28625152121537 ], [ 4.974998832418794, 52.286261262392202 ], [ 4.975026912337362, 52.286277142876635 ], [ 4.975077834118176, 52.286304805101111 ], [ 4.975105135278413, 52.286319325692304 ], [ 4.975124602084547, 52.286329981178831 ], [ 4.975147803936401, 52.286342456228368 ], [ 4.97519601553047, 52.286358937101653 ], [ 4.975265523949286, 52.28638629550111 ], [ 4.975315234490443, 52.286405513843221 ], [ 4.975364195561606, 52.286423372393784 ], [ 4.975403810503662, 52.28643760325096 ], [ 4.975450510386269, 52.286455921257556 ], [ 4.975498361844824, 52.286474917341103 ], [ 4.97553574083657, 52.286488466282826 ], [ 4.975579097129807, 52.286505433413581 ], [ 4.975613096757036, 52.286518323444618 ], [ 4.975647498438881, 52.286532113646629 ], [ 4.975683765476019, 52.286547051782641 ], [ 4.975717394621557, 52.286560389884926 ], [ 4.975752150177828, 52.286573956592242 ], [ 4.975776079075762, 52.28658391745838 ], [ 4.975811213631681, 52.286597710162177 ], [ 4.975836627162896, 52.286607199826669 ], [ 4.975867276910503, 52.286619422020067 ], [ 4.975890841716462, 52.286629138925306 ], [ 4.97591176835582, 52.286637282770094 ], [ 4.975927843849097, 52.286643845859423 ], [ 4.975936736615329, 52.286647382035689 ], [ 4.975953282365758, 52.286655393795279 ], [ 4.975973105575478, 52.28666558301363 ], [ 4.975989963870511, 52.286674665404931 ], [ 4.976006047675575, 52.28668350242971 ], [ 4.976022549961973, 52.286694632800256 ], [ 4.976039404071477, 52.286705755403943 ], [ 4.976055146366088, 52.28671665843202 ], [ 4.976072739715397, 52.286725500696008 ], [ 4.976085490193407, 52.286735036158078 ], [ 4.976103835174037, 52.286745013495242 ], [ 4.976116183750255, 52.286752048944116 ], [ 4.976136004929053, 52.28676088096762 ], [ 4.976161056257921, 52.286771519742949 ], [ 4.976182362063687, 52.286779880564929 ], [ 4.97621339933564, 52.286793011783935 ], [ 4.976242569107288, 52.286805228735311 ], [ 4.976262762990731, 52.286814969801952 ], [ 4.976281462062405, 52.286823114827421 ], [ 4.976322193509366, 52.286838715401821 ], [ 4.97634534618242, 52.286845473792397 ], [ 4.976363283151454, 52.286852034301539 ], [ 4.976390943521656, 52.286862655128701 ], [ 4.976411141697668, 52.286871937806083 ], [ 4.976468369519895, 52.286897751865226 ], [ 4.976505774004802, 52.28691495862666 ], [ 4.976579458565848, 52.286948936794246 ], [ 4.976649770328728, 52.286981546045624 ], [ 4.976718595620063, 52.287013251313411 ], [ 4.976781070622815, 52.287042247144335 ], [ 4.976836594728907, 52.287065322814648 ], [ 4.976903570960006, 52.287095727311659 ], [ 4.976957903779536, 52.287119266157397 ], [ 4.976995102052326, 52.287136624839832 ], [ 4.977047188264123, 52.287160632205016 ], [ 4.977097792336701, 52.287183259271345 ], [ 4.977130533091347, 52.287199263267532 ], [ 4.977149878741525, 52.287207257603619 ], [ 4.977217965088813, 52.287238115160747 ], [ 4.977245128513403, 52.287250226040364 ], [ 4.977265776399157, 52.287260049398029 ], [ 4.977266476806194, 52.287260384375188 ], [ 4.977279726581985, 52.287266676836552 ], [ 4.977324374237167, 52.287286802520327 ], [ 4.977348920647619, 52.287298221231126 ], [ 4.97742445873839, 52.287331594119145 ], [ 4.977466123137715, 52.287349426506466 ], [ 4.977502222623233, 52.2873651903774 ], [ 4.977540545663389, 52.287381411330919 ], [ 4.977609742162318, 52.28741273088437 ], [ 4.977634690711056, 52.287423467854275 ], [ 4.977658868642847, 52.287433537051839 ], [ 4.977687525123118, 52.287445877694935 ], [ 4.977726957841996, 52.287464160639459 ], [ 4.977747421697982, 52.287473300201093 ], [ 4.97777645092085, 52.287486549882139 ], [ 4.977816707826896, 52.287504467149667 ], [ 4.977869086788242, 52.287528609979539 ], [ 4.977914853113377, 52.28754827194399 ], [ 4.977948333671368, 52.287563577222301 ], [ 4.977974387790012, 52.287575234702899 ], [ 4.978029825101084, 52.287599918325419 ], [ 4.978081541947773, 52.287622773511941 ], [ 4.978111137735488, 52.287636591302309 ], [ 4.978128051716133, 52.287644487186384 ], [ 4.978185725338349, 52.287669852557023 ], [ 4.978221599359895, 52.287684689681576 ], [ 4.978255269412304, 52.287700130344618 ], [ 4.978277993485664, 52.287710544911285 ], [ 4.978334182795909, 52.287734772611557 ], [ 4.9783500778033, 52.287741918952015 ], [ 4.978379941194384, 52.287755342135817 ], [ 4.978419018568771, 52.287772482166432 ], [ 4.978438522775532, 52.287780818374515 ], [ 4.97846069851922, 52.287790305265645 ], [ 4.978494549973996, 52.287805162279042 ], [ 4.978516502765309, 52.287814989925899 ], [ 4.978528031338229, 52.287820422455226 ], [ 4.978545149158419, 52.287828480764091 ], [ 4.978568603268259, 52.287839212370535 ], [ 4.978592771236984, 52.287847223131834 ], [ 4.978624051727472, 52.287859563624622 ], [ 4.978657973761151, 52.287871535746916 ], [ 4.978659025599127, 52.287871907881105 ], [ 4.978674757552, 52.287877669491067 ], [ 4.97869773471919, 52.28788608056847 ], [ 4.978738652819909, 52.287902301106442 ], [ 4.978771401005629, 52.28791602176473 ], [ 4.978854380375232, 52.287946884867551 ], [ 4.978902758579352, 52.287964712963529 ], [ 4.978953728878384, 52.287985965356668 ], [ 4.979006587777841, 52.288007448942047 ], [ 4.979070587575161, 52.288031909968915 ], [ 4.979084347768061, 52.288036936706078 ], [ 4.979115984452902, 52.288050419748991 ], [ 4.979152447250114, 52.288063452070119 ], [ 4.979186627347421, 52.288077680870686 ], [ 4.979233207804333, 52.288098189983188 ], [ 4.979351522216307, 52.288153270953636 ], [ 4.979390217185041, 52.288172233866945 ], [ 4.979419986334627, 52.288184811606193 ], [ 4.979466116372183, 52.288206514451637 ], [ 4.979503320572639, 52.288223431954307 ], [ 4.979553925047, 52.288246282655329 ], [ 4.979619799463055, 52.288275765042869 ], [ 4.979657374381112, 52.288292225395921 ], [ 4.97968861982701, 52.28830525754514 ], [ 4.979711318528016, 52.2883153122336 ], [ 4.979739124450491, 52.288327829199851 ], [ 4.979769749779771, 52.288342962338469 ], [ 4.979788702666048, 52.288350739177922 ], [ 4.979814751471849, 52.288363079304155 ], [ 4.979844481847771, 52.288381516854436 ], [ 4.979846388696436, 52.28837975282427 ], [ 4.979876151860607, 52.288394613330766 ], [ 4.979914468263743, 52.288413350071373 ], [ 4.979944239873851, 52.288428893663209 ], [ 4.979988881680968, 52.288451516921576 ], [ 4.980014915945362, 52.288463856953129 ], [ 4.980032769728753, 52.288473229798775 ], [ 4.980046534372834, 52.288479397890207 ], [ 4.980080030940643, 52.288494711601537 ], [ 4.980112022067937, 52.28850957073039 ], [ 4.980141431662463, 52.288521445999159 ], [ 4.980173056413574, 52.288534704019902 ], [ 4.980197620861482, 52.288544306657492 ], [ 4.980237059684825, 52.288560539556336 ], [ 4.980267953825036, 52.288573561354113 ], [ 4.980323389424513, 52.288595502602298 ], [ 4.980344980699542, 52.28860327944161 ], [ 4.980363217867532, 52.288610811054781 ], [ 4.980376618170266, 52.288616762146461 ], [ 4.980391494716841, 52.288623158717712 ], [ 4.980410477143757, 52.288630935558125 ], [ 4.980424233481065, 52.288636420502968 ], [ 4.980429451356297, 52.288639611148213 ], [ 4.98044544176116, 52.288644411713811 ], [ 4.980469256752448, 52.288655845229805 ], [ 4.980525829595321, 52.288680064209522 ], [ 4.980547402126185, 52.288689899155578 ], [ 4.980576056110186, 52.288702688473485 ], [ 4.980602471662799, 52.288715038673132 ], [ 4.98064339536133, 52.288732409004609 ], [ 4.980724518458311, 52.288767830208613 ], [ 4.980773258539076, 52.288789541509843 ], [ 4.980845822266448, 52.288820160685447 ], [ 4.980880431184812, 52.288835702685212 ], [ 4.980914290485914, 52.288849875952316 ], [ 4.980939975544467, 52.288861989883024 ], [ 4.980957465288614, 52.288869536811532 ], [ 4.980982386109521, 52.288878673142712 ], [ 4.981014386144802, 52.288891015468863 ], [ 4.981056449075127, 52.288905648287184 ], [ 4.981083991266944, 52.288915027282734 ], [ 4.981110053273389, 52.288924392201054 ], [ 4.98113461180604, 52.288931478035316 ], [ 4.981169595540377, 52.288941304990125 ], [ 4.981186723083873, 52.288946792432547 ], [ 4.981213142983426, 52.288953884641074 ], [ 4.981229520966205, 52.288957994369184 ], [ 4.981244776626935, 52.288963025986561 ], [ 4.981259704386366, 52.288967049841808 ], [ 4.981271960856162, 52.28897148695269 ], [ 4.981285355101068, 52.288976521163079 ], [ 4.981304321156256, 52.288982913679945 ], [ 4.981319583123098, 52.288988862065779 ], [ 4.981333733296391, 52.288992973120834 ], [ 4.981342292904364, 52.288996175194363 ], [ 4.981351966526743, 52.289000971932644 ], [ 4.981367588678942, 52.289007604621823 ], [ 4.981378014015492, 52.289013545389416 ], [ 4.981388062474945, 52.289019026484532 ], [ 4.981403299475348, 52.289026107237696 ], [ 4.981414842879717, 52.289031593460372 ], [ 4.981427856154626, 52.289038226177176 ], [ 4.981437904625809, 52.289043707268078 ], [ 4.981454406428107, 52.289050316000463 ], [ 4.981455019777365, 52.289050560775721 ], [ 4.981470283957901, 52.289059484114247 ], [ 4.981491859096007, 52.289069076224351 ], [ 4.9815223645314, 52.289083013114229 ], [ 4.981543950085188, 52.289093072616566 ], [ 4.981564042693416, 52.289101302468758 ], [ 4.981585634642076, 52.28911226975395 ], [ 4.981613164761265, 52.289124605572852 ], [ 4.981631398013977, 52.289132613329031 ], [ 4.981644428220175, 52.289139003408948 ], [ 4.981655215785187, 52.289143803942352 ], [ 4.981664514638696, 52.28914791629613 ], [ 4.98169093700121, 52.289157974382363 ], [ 4.98171177500703, 52.289166440448213 ], [ 4.981735973811079, 52.289176032521752 ], [ 4.981754211286163, 52.289183581895017 ], [ 4.981770574889271, 52.289190891158114 ], [ 4.981783600882359, 52.289196139756456 ], [ 4.981801575543216, 52.289203580367698 ], [ 4.981831977444441, 52.289214425015885 ], [ 4.981867326057489, 52.289229286186107 ], [ 4.981907898896446, 52.289245055043359 ], [ 4.981941383997425, 52.289258543657773 ], [ 4.981961853723941, 52.289267224124494 ], [ 4.981991234920031, 52.289279107819411 ], [ 4.982032980928326, 52.289296426556227 ], [ 4.982043209339305, 52.289301476796737 ], [ 4.982050693084517, 52.289305340230335 ], [ 4.982060025660919, 52.289308976314445 ], [ 4.982068589721806, 52.289311701996304 ], [ 4.982075321657056, 52.28931443038892 ], [ 4.982092472791539, 52.289318965072297 ], [ 4.982100687232407, 52.289321455871168 ], [ 4.98210849538969, 52.289323495887366 ], [ 4.982118194300289, 52.28932553339186 ], [ 4.982136861518606, 52.289330972042791 ], [ 4.982145804689188, 52.289333914724992 ], [ 4.982157365128915, 52.289337549444376 ], [ 4.982168934005524, 52.289341867264916 ], [ 4.982189825080143, 52.289349353756485 ], [ 4.982198408074033, 52.28935322094538 ], [ 4.982205131588001, 52.289355266228306 ], [ 4.982214468448825, 52.289360043766365 ], [ 4.98222565217865, 52.289364809652717 ], [ 4.982236111276703, 52.289368674275757 ], [ 4.982242830790378, 52.289372768762973 ], [ 4.98225217600697, 52.289376629570256 ], [ 4.982258129047287, 52.289379588968231 ], [ 4.982268217568251, 52.289383910697651 ], [ 4.982273454582843, 52.289388242777648 ], [ 4.982279418101398, 52.289390051770951 ], [ 4.982286891488834, 52.289395056605599 ], [ 4.982292492698823, 52.289398023784926 ], [ 4.982299208130429, 52.28940256764534 ], [ 4.982303708075448, 52.28940736456628 ], [ 4.982312305919073, 52.289412822639633 ], [ 4.982318275752221, 52.289415548409018 ], [ 4.982322754643641, 52.289417828670977 ], [ 4.982327244100491, 52.289420558359339 ], [ 4.982332459985805, 52.289422382765977 ], [ 4.982336570504923, 52.289424877473643 ], [ 4.982342175976908, 52.289427377299198 ], [ 4.982349638720743, 52.289430332873188 ], [ 4.982358598627378, 52.289433050901266 ], [ 4.98236792077225, 52.289436228546911 ], [ 4.982378346321193, 52.28943895159086 ], [ 4.982389555053661, 52.289442585083336 ], [ 4.982404465885442, 52.289446887357059 ], [ 4.982419012273448, 52.289450972674103 ], [ 4.982431699345834, 52.28945482693014 ], [ 4.982450720537562, 52.289460033059733 ], [ 4.982457058840805, 52.289462535387976 ], [ 4.982466385170733, 52.289465254661941 ], [ 4.982476829656972, 52.289469119213507 ], [ 4.982494374749202, 52.289475470723602 ], [ 4.982496011441499, 52.289476006605383 ], [ 4.982502964107492, 52.289480254668284 ], [ 4.982511176474645, 52.289482979114325 ], [ 4.982520871446996, 52.289487065792223 ], [ 4.982536169785952, 52.289493885961399 ], [ 4.982546624770418, 52.289498208920875 ], [ 4.982560067867656, 52.289502739835527 ], [ 4.982569015289483, 52.289506832939402 ], [ 4.98257685912878, 52.289509789802885 ], [ 4.982587307805681, 52.289513195980753 ], [ 4.982595128631105, 52.289515460703122 ], [ 4.982603713736689, 52.289519103174314 ], [ 4.982610799698331, 52.289521590076596 ], [ 4.982617525301032, 52.289523410647888 ], [ 4.982625360887881, 52.28952727524841 ], [ 4.982634695683891, 52.289530677611367 ], [ 4.982642152250408, 52.289534316218962 ], [ 4.982649246495501, 52.289537504196225 ], [ 4.982656338779319, 52.289540907873771 ], [ 4.98266567147614, 52.289546152727496 ], [ 4.982671643577944, 52.289550244633347 ], [ 4.982678386176739, 52.2895550312357 ], [ 4.982683989640467, 52.289557755733192 ], [ 4.982692564378637, 52.289562539613954 ], [ 4.982702288802343, 52.289568226207273 ], [ 4.982710118004906, 52.289571183011773 ], [ 4.982717951564486, 52.289575272294357 ], [ 4.982727301057687, 52.289580283517644 ], [ 4.982737754119183, 52.289584822160826 ], [ 4.982747461665713, 52.289589142545957 ], [ 4.982758285229728, 52.28959323306411 ], [ 4.982769471120085, 52.289597774210733 ], [ 4.982779930320307, 52.289601638785562 ], [ 4.982787757490535, 52.289604820273127 ], [ 4.98279409379006, 52.289607547271444 ], [ 4.982803049591287, 52.289610723629707 ], [ 4.982820973729089, 52.289617310070099 ], [ 4.982832159631919, 52.289621851210768 ], [ 4.982841115438752, 52.289625027566167 ], [ 4.982851566287827, 52.289628200044923 ], [ 4.982883956867426, 52.289639617451954 ], [ 4.982889255101782, 52.289642062274055 ], [ 4.982893371994073, 52.289645473740222 ], [ 4.982899339769593, 52.289648433155961 ], [ 4.982905315992258, 52.289652075673573 ], [ 4.982909070672322, 52.289656636340176 ], [ 4.982913183430535, 52.289662114987117 ], [ 4.982916921413032, 52.28966690029155 ], [ 4.982919579239144, 52.289676032001786 ], [ 4.98292596425575, 52.289686299929549 ], [ 4.982931233258, 52.289696797724801 ], [ 4.98293502198839, 52.289708899276924 ], [ 4.982941790432464, 52.289722134490766 ], [ 4.982948554518707, 52.28973423722563 ], [ 4.982954571095237, 52.289744728587408 ], [ 4.982962849479941, 52.289761159632789 ], [ 4.982979364079134, 52.289788988405732 ], [ 4.983008180295706, 52.28981794674683 ], [ 4.98302799814185, 52.289833895934414 ], [ 4.983047466836368, 52.289856009560708 ], [ 4.98306656045273, 52.289874239169443 ], [ 4.983085645553906, 52.289891794660385 ], [ 4.983098373326152, 52.289905706338665 ], [ 4.983111109555911, 52.289920301117668 ], [ 4.983123847955294, 52.289936271037107 ], [ 4.983141465608824, 52.289955637041466 ], [ 4.983181184523236, 52.290005825837355 ], [ 4.983226888445638, 52.290060322247705 ], [ 4.983246746985631, 52.290084720074205 ], [ 4.983263233905686, 52.290104333855759 ], [ 4.983278600400284, 52.290121436210178 ], [ 4.983295078895566, 52.290140366885119 ], [ 4.9833089294509, 52.290156547301606 ], [ 4.98332804671195, 52.290180268496634 ], [ 4.983343394310729, 52.290196229326376 ], [ 4.983354266977053, 52.290209460555211 ], [ 4.983365135568816, 52.290223141159373 ], [ 4.983375250053978, 52.290234320577412 ], [ 4.983381611969336, 52.29024069668025 ], [ 4.983389184513628, 52.290247724038615 ], [ 4.983404064728315, 52.290261894690872 ], [ 4.983421650773818, 52.290278312543506 ], [ 4.983436244567133, 52.290291745213608 ], [ 4.983457568731199, 52.290312948348259 ], [ 4.983468051667033, 52.290322295503621 ], [ 4.983477024753758, 52.290330046662 ], [ 4.983484521943541, 52.290340534061954 ], [ 4.983491652423349, 52.290349438355769 ], [ 4.983498776868072, 52.29035900772611 ], [ 4.983505890657176, 52.290368136657143 ], [ 4.983613705284191, 52.290355598159046 ], [ 4.983646234432822, 52.290351826435568 ], [ 4.983707280039722, 52.290343909758626 ], [ 4.98376756535208, 52.290335783736992 ], [ 4.983829368905784, 52.290328327960843 ], [ 4.983862132034295, 52.290324610902914 ], [ 4.983884842606197, 52.290322261650495 ], [ 4.98397416604731, 52.290310639430437 ], [ 4.984061651000702, 52.290299711924511 ], [ 4.984146133409306, 52.290288540437693 ], [ 4.984228408721888, 52.290278305089394 ], [ 4.984296891574711, 52.290269694426271 ], [ 4.984439454010342, 52.290251098932572 ], [ 4.984544064711526, 52.290237838638568 ], [ 4.984619247977727, 52.290228980968536 ], [ 4.984696665290604, 52.29021943879355 ], [ 4.98481169306418, 52.290206618168952 ], [ 4.98490140151698, 52.290196129022604 ], [ 4.985112460854242, 52.290170521542841 ], [ 4.985203293744059, 52.290160476393261 ], [ 4.985291898540206, 52.290150450565172 ], [ 4.985377140429908, 52.290141132268609 ], [ 4.985462380416516, 52.290132020623666 ], [ 4.985558068796149, 52.290121515342619 ], [ 4.98565187678121, 52.290111479952969 ], [ 4.985751260732013, 52.2901007443932 ], [ 4.985879695078011, 52.29008674589894 ], [ 4.985965330586894, 52.290077635234006 ], [ 4.986029723582535, 52.290070636484593 ], [ 4.986084807015503, 52.290063893733766 ], [ 4.986160747773936, 52.290055487044043 ], [ 4.986218452837016, 52.290048959840945 ], [ 4.986286204382892, 52.290041720681266 ], [ 4.986339055805926, 52.290035428623348 ], [ 4.98637927273209, 52.290030774439273 ], [ 4.986425411321078, 52.290026095370933 ], [ 4.986479401871083, 52.290020256501002 ], [ 4.986546041373297, 52.290012797717068 ], [ 4.986679674254747, 52.289997638564444 ], [ 4.986682415841884, 52.28999593117895 ], [ 4.987062066393075, 52.289954766962445 ], [ 4.987569841013554, 52.289896418467912 ], [ 4.988299164475236, 52.2898255313372 ], [ 4.988765012332069, 52.289775889270331 ], [ 4.989025251421839, 52.289750808997461 ], [ 4.989288451758923, 52.28972235870193 ], [ 4.989739637337165, 52.289673067913682 ], [ 4.990141183935505, 52.289634708688126 ], [ 4.990459402567134, 52.289603231855736 ], [ 4.991185085654569, 52.289551638501983 ], [ 4.992643277218361, 52.28941206061122 ], [ 4.992911439902916, 52.289393748067106 ], [ 4.992938033949362, 52.289391356098292 ], [ 4.992973620890786, 52.289388032407579 ], [ 4.993053659886142, 52.289381639236197 ], [ 4.993158632329558, 52.289373342787833 ], [ 4.993243118369421, 52.289366263257264 ], [ 4.993313858528804, 52.289360584919741 ], [ 4.993368274727918, 52.28935613743382 ], [ 4.993679719786707, 52.28932606743119 ], [ 4.994117154201738, 52.289287715262383 ], [ 4.995018605557223, 52.289231244883773 ], [ 4.995534072812392, 52.289222581281415 ], [ 4.995861321515932, 52.289203478054489 ], [ 4.996718916989334, 52.289155226213524 ], [ 4.997117551782323, 52.28913512387193 ], [ 4.997129517016457, 52.289134516217594 ], [ 4.997475367290441, 52.289118354964138 ], [ 4.997547114122129, 52.289176661567524 ], [ 4.997549137020213, 52.289178304012552 ], [ 4.997581299402182, 52.289204447638902 ], [ 4.997618599138503, 52.289234760544382 ], [ 4.997679722610449, 52.289284421755099 ], [ 4.997686096914129, 52.289289601748095 ], [ 4.997688265362823, 52.289291361511495 ], [ 4.997758746619326, 52.289348639205549 ], [ 4.997949025684504, 52.289515593894599 ], [ 4.998098236221163, 52.289642489344594 ], [ 4.998221722762866, 52.289744466703034 ], [ 4.998287566206342, 52.289807642791018 ], [ 4.998297540622432, 52.289815144453975 ], [ 4.998308435496375, 52.289822981691508 ], [ 4.998317410721179, 52.289829095945827 ], [ 4.998326463908927, 52.28983299945719 ], [ 4.998343147584437, 52.289834213742843 ], [ 4.998372581755366, 52.289835550839349 ], [ 4.99840045482752, 52.289836064906346 ], [ 4.998427626035792, 52.289836387915734 ], [ 4.998452112859224, 52.289838634471565 ], [ 4.998459154434567, 52.289849658684965 ], [ 4.998476991001736, 52.289973847809868 ], [ 4.998500667562342, 52.290107367483628 ], [ 4.998511728009168, 52.290149934100505 ], [ 4.99851732164899, 52.290179054977308 ], [ 4.998522444708432, 52.290196615997999 ], [ 4.998529142891233, 52.290208367089349 ], [ 4.998537245795042, 52.290218711712555 ], [ 4.998544208105912, 52.290227075270977 ], [ 4.998550624069606, 52.290234223680685 ], [ 4.998580807761765, 52.290233684737871 ], [ 4.99862127581264, 52.290233709859997 ], [ 4.998662351804624, 52.290231256333193 ], [ 4.998699649718612, 52.290225051456595 ], [ 4.998738041141874, 52.290219506269487 ], [ 4.998764712792493, 52.290218317609693 ], [ 4.998780100870521, 52.290220210650446 ], [ 4.99879383762139, 52.290226574189383 ], [ 4.99879566232775, 52.290227425035319 ], [ 4.998813940626525, 52.290239070337527 ], [ 4.99882276191518, 52.290251080042893 ], [ 4.998825057355343, 52.290258448588148 ], [ 4.999003933026924, 52.290411208300455 ], [ 4.999236182650684, 52.290615382277522 ], [ 4.999492706301752, 52.290831391405781 ], [ 4.999572959662501, 52.290899799955874 ], [ 4.99964653124957, 52.290962964643619 ], [ 4.999795034453893, 52.291088040041757 ], [ 5.000012505461725, 52.291271599960737 ], [ 5.000078898056529, 52.29132949199542 ], [ 5.000176779668954, 52.291422224876364 ], [ 5.00030367921811, 52.291525568329448 ], [ 5.000493288802661, 52.291685712859525 ], [ 5.000522715670488, 52.291709950295477 ], [ 5.000539199977928, 52.291722380385501 ], [ 5.000557248063824, 52.291743767429566 ], [ 5.000581834871768, 52.291763306385377 ], [ 5.000605454873145, 52.291782779260927 ], [ 5.000619551122359, 52.291795084691756 ], [ 5.000673678912555, 52.291852738559896 ], [ 5.000725613779387, 52.291887825871285 ], [ 5.000816359525287, 52.29195695990235 ], [ 5.000873013204234, 52.292007368778599 ], [ 5.000905610339642, 52.292039606622048 ], [ 5.00101598094635, 52.292130959509322 ], [ 5.001122498126146, 52.292223872575413 ], [ 5.001249558780923, 52.292329435498097 ], [ 5.001320826487239, 52.29239513514284 ], [ 5.00133248859522, 52.292407594324409 ], [ 5.001339673555552, 52.292425871975482 ], [ 5.001345625890112, 52.292445997089928 ], [ 5.001353981120745, 52.292462858486715 ], [ 5.001372965716497, 52.292482819397897 ], [ 5.001429041966285, 52.292527285184462 ], [ 5.001493219931392, 52.292578994564579 ], [ 5.001596049332405, 52.29265116931338 ], [ 5.001682505209121, 52.29272007296872 ], [ 5.001757890366817, 52.292772555732995 ], [ 5.001778933683654, 52.292786717172554 ], [ 5.001789345799041, 52.292792907742431 ], [ 5.00182087306042, 52.292842182694166 ], [ 5.001833046732012, 52.292922492337553 ], [ 5.001800967818565, 52.293055236364509 ], [ 5.00180085433468, 52.293154578061738 ], [ 5.001796818097547, 52.293175479500874 ], [ 5.001804006852442, 52.293252546280023 ], [ 5.00180630375463, 52.293285188437309 ], [ 5.001809227578114, 52.293326676624353 ], [ 5.001815075786432, 52.293409590084522 ], [ 5.001817511529017, 52.293759384885533 ], [ 5.001827753794257, 52.294064257160244 ], [ 5.001830374086104, 52.294213498970066 ], [ 5.001824572282145, 52.294277428192608 ], [ 5.001829675457486, 52.294326239533603 ], [ 5.001834808076966, 52.294437614975529 ], [ 5.001836549565127, 52.29459861892763 ], [ 5.001840645065627, 52.294697740627143 ], [ 5.001842229754473, 52.294854852347477 ], [ 5.001847190342419, 52.295045283808108 ], [ 5.001843727457475, 52.295202972265727 ], [ 5.001852679380931, 52.295365869146991 ], [ 5.00184868119308, 52.295510901045468 ], [ 5.001838402350581, 52.295605958351139 ], [ 5.001843416854335, 52.295651488847312 ], [ 5.001849096197894, 52.295703187131345 ], [ 5.001851780352686, 52.295723301557821 ], [ 5.001851082665221, 52.295834244534454 ], [ 5.001851253794954, 52.295878770590988 ], [ 5.002034397172813, 52.295914967783993 ], [ 5.002097773385854, 52.295931262297344 ], [ 5.002163046776591, 52.295953620721349 ], [ 5.002227614442075, 52.295976228470018 ], [ 5.002295835508328, 52.295998461597975 ], [ 5.00238325746307, 52.296020981855463 ], [ 5.002483890841967, 52.296034620150458 ], [ 5.002594571564511, 52.296044192601812 ], [ 5.00273000002856, 52.29604491153983 ], [ 5.002816321072863, 52.296045596563644 ], [ 5.002878391858825, 52.29604338056172 ], [ 5.002942310466007, 52.296035984577756 ], [ 5.003001246272276, 52.296030136248035 ], [ 5.003059114565302, 52.296022289133141 ], [ 5.003109053110525, 52.29601944041098 ], [ 5.003146784649185, 52.296029710149433 ], [ 5.003180268534416, 52.296041278300983 ], [ 5.003207388426557, 52.296053077439403 ], [ 5.003226842731316, 52.296064752819682 ], [ 5.003234558907831, 52.296075994627564 ], [ 5.003239481133918, 52.296083155897371 ], [ 5.003242087613055, 52.296102155551687 ], [ 5.003246891274681, 52.296131534244076 ], [ 5.00324644304521, 52.296134211149315 ], [ 5.003243349801398, 52.296152904690842 ], [ 5.003243024584153, 52.296154916899184 ], [ 5.003246697628878, 52.29624222719066 ], [ 5.003250880600021, 52.296297650471125 ], [ 5.003247982001143, 52.296370190469801 ], [ 5.003246303807212, 52.296389679529483 ], [ 5.003237273985246, 52.296494897187024 ], [ 5.003231969016286, 52.29659824848725 ], [ 5.00323195716557, 52.296679399163743 ], [ 5.00322786627551, 52.296749104133724 ], [ 5.003230992633884, 52.296845400426008 ], [ 5.003230776276339, 52.296923072161889 ], [ 5.003235205545636, 52.297026365177253 ], [ 5.003236343520442, 52.297133934678847 ], [ 5.003236410496694, 52.297151640831899 ], [ 5.003236629589643, 52.297214538059258 ], [ 5.003234716883333, 52.297283243461699 ], [ 5.00323436885057, 52.297333726716325 ], [ 5.003232986200686, 52.297388583662595 ], [ 5.003244015006419, 52.297425361527438 ], [ 5.003290806219159, 52.29749517773012 ], [ 5.00340192039353, 52.297665551260437 ], [ 5.003490288228292, 52.297823510661111 ], [ 5.003574749101855, 52.297975615258565 ], [ 5.003577434154018, 52.297980441419071 ], [ 5.003677189645336, 52.298164376343067 ], [ 5.003765109680502, 52.298340489386995 ], [ 5.00377820744131, 52.298375422417827 ], [ 5.00379384321417, 52.298406741597937 ], [ 5.003801764127989, 52.298424904618429 ], [ 5.003812587298849, 52.298455012820376 ], [ 5.003814252215141, 52.298459143609037 ], [ 5.003815730512168, 52.298462815415903 ], [ 5.003834504571159, 52.298509316138343 ], [ 5.003934613531895, 52.298501165095061 ], [ 5.003935361704649, 52.298501104604945 ], [ 5.004016062121644, 52.298494526376253 ], [ 5.004229571056714, 52.298477134473011 ], [ 5.004805548369161, 52.298430230325536 ], [ 5.004974210244086, 52.298416493909784 ], [ 5.005041663191166, 52.298411004630665 ], [ 5.005061321067178, 52.298409405404797 ], [ 5.005070093794657, 52.298408687762127 ], [ 5.005079541317302, 52.298407918372227 ], [ 5.005264794834381, 52.298392833050094 ], [ 5.00568132265524, 52.298855879653587 ], [ 5.006044511818986, 52.29925556876605 ], [ 5.006203823125525, 52.299435154558857 ], [ 5.006511953236246, 52.299777160997394 ], [ 5.00677781631953, 52.300068465426982 ], [ 5.007055666862682, 52.30037616551639 ], [ 5.007151908097062, 52.300465876206488 ], [ 5.007170060900216, 52.300480944119229 ], [ 5.007232243849026, 52.300540058770295 ], [ 5.007360342671461, 52.300657275352286 ], [ 5.007544281309328, 52.300867541728657 ], [ 5.0076300551353, 52.301010686697623 ], [ 5.007697725445265, 52.301182804031939 ], [ 5.00770368714082, 52.30120917531746 ], [ 5.007704195577814, 52.301211441868162 ], [ 5.007711273633034, 52.301242715072448 ], [ 5.007722918309179, 52.301281741401525 ], [ 5.007746153262299, 52.301350716227688 ], [ 5.007752373623881, 52.301365682852811 ], [ 5.007805346511869, 52.301442572424577 ], [ 5.007836107419999, 52.301469760240437 ], [ 5.007891504576925, 52.301522013067853 ], [ 5.007951944591504, 52.301548559025754 ], [ 5.00808216407134, 52.301568956294993 ], [ 5.008200121897018, 52.301581377927754 ], [ 5.008332940209998, 52.301599626181307 ], [ 5.008529623049913, 52.301633160242204 ], [ 5.008591686719775, 52.301644710473774 ], [ 5.008654634641951, 52.301655724236099 ], [ 5.008729817751956, 52.301670965416911 ], [ 5.008829519521742, 52.301694158273556 ], [ 5.008912603616109, 52.301714727398128 ], [ 5.008960709871871, 52.301726331662458 ], [ 5.009041201053017, 52.301750119015693 ], [ 5.009119092595165, 52.301774464234185 ], [ 5.009209229536627, 52.30180357610233 ], [ 5.00933704285237, 52.301850208595553 ], [ 5.009428977368455, 52.301885204041376 ], [ 5.00946784015779, 52.301901128659004 ], [ 5.009575224145048, 52.301945152111649 ], [ 5.009707497865479, 52.302003554448639 ], [ 5.009788074998067, 52.302038046002309 ], [ 5.009915089303349, 52.302094328184566 ], [ 5.009932610416628, 52.302102823587951 ], [ 5.010018506070727, 52.302146400609196 ], [ 5.010038658151516, 52.302157573754712 ], [ 5.010093919935449, 52.302191624864157 ], [ 5.01010007074179, 52.302195886702137 ], [ 5.010122003559338, 52.302209725891089 ], [ 5.010164145882602, 52.302240077119734 ], [ 5.010208924798224, 52.302274175649607 ], [ 5.010254620526969, 52.302312546275772 ], [ 5.010397770311283, 52.302423363227561 ], [ 5.010493553925053, 52.302504378503933 ], [ 5.010549813853768, 52.302553954457274 ], [ 5.010614018824256, 52.302615814998632 ], [ 5.010665014461848, 52.30266380127545 ], [ 5.010730169056132, 52.30273475141167 ], [ 5.01083401117494, 52.302842503708511 ], [ 5.010860731956359, 52.30287273371102 ], [ 5.010903710794489, 52.302913513145654 ], [ 5.010963252600866, 52.302965202474944 ], [ 5.011050764418504, 52.303029482710038 ], [ 5.011108499100291, 52.303069527054461 ], [ 5.011163735137582, 52.303099919549005 ], [ 5.011249499973771, 52.303148932845964 ], [ 5.011350872917728, 52.303205644267173 ], [ 5.011424309796641, 52.303245765309811 ], [ 5.011495848928265, 52.303281458295643 ], [ 5.011540083414483, 52.30330215381538 ], [ 5.011622775133109, 52.303336695756094 ], [ 5.01171525813261, 52.30337329096794 ], [ 5.011769325656115, 52.303392840216219 ], [ 5.011823250992372, 52.303408398418547 ], [ 5.01183585838369, 52.303412042522183 ], [ 5.011919990861617, 52.30343574957493 ], [ 5.011995013481352, 52.3034565965242 ], [ 5.012072662680177, 52.303475456470473 ], [ 5.012173831352032, 52.303499244330879 ], [ 5.012278935974659, 52.303522253655942 ], [ 5.012357956856349, 52.303536695779194 ], [ 5.012454641873393, 52.303553234035753 ], [ 5.012554634607488, 52.30356698749312 ], [ 5.012647459470448, 52.303577078122785 ], [ 5.012719725163896, 52.303584137630537 ], [ 5.012751426591881, 52.303587230914829 ], [ 5.012792685932942, 52.30359048926038 ], [ 5.0128763621801, 52.303597090461253 ], [ 5.012988864306474, 52.303605274768309 ], [ 5.013122976661034, 52.30361356326187 ], [ 5.013215229840876, 52.30361843873132 ], [ 5.013349238533618, 52.303616399693887 ], [ 5.013374356886958, 52.303616020701739 ], [ 5.01338528267126, 52.303615668755832 ], [ 5.013517403157913, 52.303611511435065 ], [ 5.01359328191886, 52.303609117701875 ], [ 5.01360794726679, 52.303608660705578 ], [ 5.013616717183384, 52.303608382819306 ], [ 5.01372358401112, 52.303604999346319 ], [ 5.013880034547697, 52.303600046622677 ], [ 5.014004484011193, 52.303596242033947 ], [ 5.014190305296081, 52.303590833306018 ], [ 5.014228493164842, 52.303589722397007 ], [ 5.014264634308429, 52.303677035676209 ], [ 5.014307707970726, 52.303665028994295 ], [ 5.014404245140812, 52.303638127303699 ], [ 5.014442836382697, 52.303627382708967 ], [ 5.014482694072679, 52.303614224382436 ], [ 5.014730588307302, 52.303548037355846 ], [ 5.014957485184055, 52.30347326333095 ], [ 5.015108222475664, 52.303413375739375 ], [ 5.015177327646922, 52.303386405099687 ], [ 5.015235331090866, 52.303361538598935 ], [ 5.01536654066614, 52.303317183048883 ], [ 5.015730048192477, 52.303197017250938 ], [ 5.016096830963608, 52.303081192716888 ], [ 5.016392468170864, 52.302997850530858 ], [ 5.016647803197156, 52.302937039525858 ], [ 5.016705830500837, 52.302919695141661 ], [ 5.016691084681386, 52.302891139752617 ], [ 5.016685276629065, 52.302880848540497 ], [ 5.016824482551596, 52.302845989529793 ], [ 5.016899420369621, 52.302829650702407 ], [ 5.016999666163549, 52.302809463381053 ], [ 5.017055450623634, 52.3027990863146 ], [ 5.017129539141695, 52.302784362482306 ], [ 5.017304761241369, 52.302753722991021 ], [ 5.017500917250265, 52.302719805219986 ], [ 5.017634315635951, 52.302697357189885 ], [ 5.017840054139717, 52.302662327348635 ], [ 5.017988291036191, 52.302641435198147 ], [ 5.018104270451031, 52.302624405818079 ], [ 5.018198451903185, 52.302612278562584 ], [ 5.018304849579124, 52.302597960364331 ], [ 5.018406911312741, 52.30258848194692 ], [ 5.018500239200716, 52.302578490879 ], [ 5.018591816472555, 52.30256744271329 ], [ 5.018653741746987, 52.302560786990242 ], [ 5.018794199397369, 52.302547949596217 ], [ 5.018797897115398, 52.30254757463868 ], [ 5.018801594684402, 52.302547217656112 ], [ 5.018805292327827, 52.302546851685918 ], [ 5.018808989971192, 52.30254648571556 ], [ 5.018812702275271, 52.302546119790783 ], [ 5.018816399844034, 52.302545762807753 ], [ 5.018820097487217, 52.30254539683704 ], [ 5.018823795055862, 52.302545039853797 ], [ 5.0188275073597, 52.302544673928551 ], [ 5.018831204928224, 52.30254431694501 ], [ 5.01883490249669, 52.30254395996144 ], [ 5.018838614725873, 52.302543603023373 ], [ 5.01884231229422, 52.302543246039527 ], [ 5.018846009862509, 52.302542889055566 ], [ 5.018849722091511, 52.30254253211713 ], [ 5.018853419585212, 52.302542184120512 ], [ 5.018857131814095, 52.30254182718182 ], [ 5.018860829382149, 52.302541470197404 ], [ 5.018864541536445, 52.302541122246069 ], [ 5.018868239029911, 52.302540774248932 ], [ 5.01887195125856, 52.302540417309828 ], [ 5.018875648751911, 52.302540069312485 ], [ 5.018879360905977, 52.302539721360681 ], [ 5.018883058399211, 52.302539373363096 ], [ 5.01888677055316, 52.302539025411043 ], [ 5.01889046804628, 52.302538677413239 ], [ 5.018894180125651, 52.3025383384485 ], [ 5.018897877618655, 52.302537990450439 ], [ 5.018901589772374, 52.302537642497938 ], [ 5.018905287190802, 52.302537303487185 ], [ 5.018908999344408, 52.302536955534421 ], [ 5.018912711423493, 52.302536616569135 ], [ 5.018916408841751, 52.302536277558048 ], [ 5.018920120920725, 52.302535938592456 ], [ 5.018923832999644, 52.302535599626786 ], [ 5.018927530417732, 52.302535260615336 ], [ 5.018931242496536, 52.302534921649446 ], [ 5.018934954575286, 52.302534582683414 ], [ 5.018938666653976, 52.302534243717304 ], [ 5.018942363997388, 52.30253391369294 ], [ 5.018946076075969, 52.30253357472656 ], [ 5.018949788080039, 52.302533244747629 ], [ 5.018953500084057, 52.30253291476852 ], [ 5.018957197501698, 52.302532575756182 ], [ 5.018960909505604, 52.302532245776867 ], [ 5.018964621509457, 52.302531915797459 ], [ 5.018968333513254, 52.302531585817903 ], [ 5.018972045516994, 52.30253125583824 ], [ 5.018975757520682, 52.302530925858484 ], [ 5.018979454789099, 52.302530604820497 ], [ 5.018983166792675, 52.3025302748405 ], [ 5.018986878796199, 52.302529944860346 ], [ 5.018990590725223, 52.302529623867684 ], [ 5.018994302654194, 52.302529302874845 ], [ 5.018998014657553, 52.302528972894386 ], [ 5.019001726586417, 52.302528651901348 ], [ 5.019005438515228, 52.302528330908153 ], [ 5.019009150443984, 52.302528009914916 ], [ 5.019012862372686, 52.302527688921487 ], [ 5.019016574301339, 52.302527367927972 ], [ 5.019020286229935, 52.302527046934344 ], [ 5.019023998084041, 52.302526734928151 ], [ 5.019027710012531, 52.302526413934274 ], [ 5.019031421866531, 52.302526101927846 ], [ 5.019035133794916, 52.302525780933728 ], [ 5.019038845648812, 52.302525468927087 ], [ 5.01904255750266, 52.302525156920233 ], [ 5.019046269430884, 52.302524835925801 ], [ 5.019049981284625, 52.302524523918777 ], [ 5.019053707799081, 52.30252421195727 ], [ 5.019057419578287, 52.302523908937545 ], [ 5.019061131431873, 52.302523596930143 ], [ 5.019064843285408, 52.302523284922643 ], [ 5.01906855513889, 52.302522972915078 ], [ 5.019072266917893, 52.302522669894849 ], [ 5.019075993432038, 52.302522357932631 ], [ 5.01907970521094, 52.302522054912224 ], [ 5.01908341698979, 52.302521751891675 ], [ 5.01908712876859, 52.302521448871005 ], [ 5.019090840621764, 52.302521136862701 ], [ 5.01909456706123, 52.302520833887428 ], [ 5.019098278765457, 52.30252053985398 ], [ 5.019101990544056, 52.302520236832841 ], [ 5.019105716983371, 52.302519933857212 ], [ 5.019109428761867, 52.30251963083586 ], [ 5.019113140465896, 52.302519336801907 ], [ 5.019116866905061, 52.302519033825952 ], [ 5.019120578608991, 52.302518739791779 ], [ 5.019124290312872, 52.302518445757464 ], [ 5.019128016751886, 52.302518142781182 ], [ 5.019131728455668, 52.302517848746639 ], [ 5.019135440159403, 52.302517554712011 ], [ 5.019139166523852, 52.302517260722851 ], [ 5.019142878227489, 52.302516966687989 ], [ 5.01914660451743, 52.302516681686129 ], [ 5.019150316220968, 52.302516387651046 ], [ 5.019154042585223, 52.302516093661438 ], [ 5.019157754214253, 52.302515808613641 ], [ 5.019161465843236, 52.302515523565717 ], [ 5.019310680314982, 52.302507467333655 ], [ 5.019313423439459, 52.302507287121998 ], [ 5.019316166563914, 52.302507106910255 ], [ 5.019318909613967, 52.302506935686026 ], [ 5.019321652738379, 52.30250675547417 ], [ 5.01932439578839, 52.302506584249777 ], [ 5.019327138838381, 52.302506413025377 ], [ 5.019329881962727, 52.302506232813329 ], [ 5.019332639673437, 52.30250606163434 ], [ 5.019335382723364, 52.302505890409734 ], [ 5.019338125773271, 52.302505719185028 ], [ 5.019340868823156, 52.302505547960266 ], [ 5.019343611798648, 52.302505385722974 ], [ 5.019346369509254, 52.302505214543665 ], [ 5.019349112559077, 52.302505043318718 ], [ 5.019351855534508, 52.302504881081234 ], [ 5.019354598584291, 52.302504709856144 ], [ 5.019357356220441, 52.302504547664185 ], [ 5.019360099195813, 52.302504385426502 ], [ 5.019362842245531, 52.302504214201221 ], [ 5.019365599881623, 52.302504052009013 ], [ 5.019368342856935, 52.302503889771153 ], [ 5.019371085832227, 52.302503727533228 ], [ 5.019373828733129, 52.30250357428276 ], [ 5.019376586369141, 52.302503412090317 ], [ 5.019379329344375, 52.302503249852215 ], [ 5.019382072245222, 52.302503096601583 ], [ 5.019384829881174, 52.302502934408899 ], [ 5.019387572781983, 52.30250278115814 ], [ 5.019390315757137, 52.302502618919753 ], [ 5.019393073318667, 52.302502465714468 ], [ 5.019395816219421, 52.30250231246351 ], [ 5.019398573780911, 52.302502159258076 ], [ 5.019401316681626, 52.302502006006989 ], [ 5.019404059582323, 52.302501852755803 ], [ 5.01940681714376, 52.302501699550177 ], [ 5.019409560044418, 52.302501546298913 ], [ 5.019412317531459, 52.302501402080679 ], [ 5.019415060432079, 52.302501248829287 ], [ 5.019417817919085, 52.302501104610933 ], [ 5.019420560819668, 52.302500951359384 ], [ 5.019423318306637, 52.302500807140895 ], [ 5.019426061132826, 52.302500662876803 ], [ 5.019428803958999, 52.302500518612618 ], [ 5.019431561445916, 52.302500374393951 ], [ 5.019434304272053, 52.30250023012961 ], [ 5.019437061758933, 52.302500085910815 ], [ 5.019439804585037, 52.30249994164636 ], [ 5.019442562071882, 52.302499797427465 ], [ 5.019445304823596, 52.302499662150396 ], [ 5.019448062310406, 52.302499517931345 ], [ 5.019450819722846, 52.302499382699786 ], [ 5.019453562548863, 52.30249923843499 ], [ 5.019456319961269, 52.302499103203296 ], [ 5.019459062712901, 52.302498967925956 ], [ 5.019461820125272, 52.302498832694091 ], [ 5.019464562876871, 52.30249869741661 ], [ 5.019467320289214, 52.302498562184667 ], [ 5.019470077701538, 52.302498426952639 ], [ 5.019472820453085, 52.302498291674944 ], [ 5.019475577865375, 52.302498156442766 ], [ 5.019478320542547, 52.302498030152499 ], [ 5.019481077954803, 52.302497894920229 ], [ 5.019483835292703, 52.302497768675423 ], [ 5.019486577969824, 52.302497642384964 ], [ 5.019489335382035, 52.302497507152481 ], [ 5.019492078059125, 52.302497380861901 ], [ 5.019494835396962, 52.302497254616824 ], [ 5.019497592734781, 52.302497128371684 ], [ 5.019500335411826, 52.302497002080898 ], [ 5.019503092749614, 52.302496875835615 ], [ 5.019505850013045, 52.302496758577824 ], [ 5.019508607350804, 52.302496632332456 ], [ 5.019511350027787, 52.302496506041422 ], [ 5.019514107291177, 52.302496388783425 ], [ 5.019516864628889, 52.302496262537872 ], [ 5.019519607231488, 52.302496145234173 ], [ 5.019522364494834, 52.302496027975991 ], [ 5.019525121758165, 52.302495910717717 ], [ 5.019527879021481, 52.302495793459421 ], [ 5.019530621624025, 52.302495676155488 ], [ 5.019533378887312, 52.302495558897071 ], [ 5.019536136150586, 52.302495441638541 ], [ 5.019538893413845, 52.30249532437999 ], [ 5.019541635941999, 52.302495216063335 ], [ 5.019544393205227, 52.302495098804656 ], [ 5.019547150394112, 52.30249499053344 ], [ 5.019549907657314, 52.30249487327459 ], [ 5.019552650185414, 52.302494764957721 ], [ 5.019555407374258, 52.302494656686292 ], [ 5.019558164563089, 52.302494548414806 ], [ 5.019560921751908, 52.302494440143263 ], [ 5.019563678940713, 52.302494331871657 ], [ 5.019566421468745, 52.302494223554426 ], [ 5.019569178657521, 52.30249411528267 ], [ 5.019571935846288, 52.3024940070109 ], [ 5.019574692960713, 52.302493907726571 ], [ 5.019577450149452, 52.302493799454624 ], [ 5.019580207263853, 52.302493700170174 ], [ 5.019582935056726, 52.302493600794541 ], [ 5.019743513496404, 52.302487107253924 ], [ 5.019906717681624, 52.302482212483447 ], [ 5.019908799731553, 52.302482191985114 ], [ 5.019910881781481, 52.302482171486744 ], [ 5.019912963831407, 52.302482150988311 ], [ 5.019915031146316, 52.302482139431881 ], [ 5.019917113196241, 52.302482118933391 ], [ 5.019919195246162, 52.302482098434844 ], [ 5.019921277296079, 52.302482077936268 ], [ 5.019923359345997, 52.302482057437693 ], [ 5.019925441470167, 52.302482027951477 ], [ 5.019927523520081, 52.302482007452824 ], [ 5.019929605569992, 52.302481986954128 ], [ 5.0199316876199, 52.302481966455353 ], [ 5.019933769744063, 52.302481936969059 ], [ 5.019935851793966, 52.302481916470207 ], [ 5.019937933918122, 52.302481886983813 ], [ 5.019940015968025, 52.302481866484939 ], [ 5.019942098092176, 52.302481836998467 ], [ 5.019944180216322, 52.302481807511946 ], [ 5.019946262340469, 52.302481778025403 ], [ 5.01994834439036, 52.302481757526358 ], [ 5.019950426514503, 52.302481728039716 ], [ 5.019952508638641, 52.302481698553095 ], [ 5.019954590762776, 52.302481669066395 ], [ 5.019956672961155, 52.302481630592133 ], [ 5.019958755085286, 52.302481601105384 ], [ 5.019960837209412, 52.30248157161855 ], [ 5.019962919333538, 52.302481542131716 ], [ 5.019965001531904, 52.302481503657312 ], [ 5.019967083656022, 52.302481474170413 ], [ 5.019969165854387, 52.302481435695938 ], [ 5.019971233317744, 52.302481406163395 ], [ 5.0199733155161, 52.302481367688877 ], [ 5.019975397714451, 52.302481329214274 ], [ 5.019977479838554, 52.302481299727155 ], [ 5.019979562036899, 52.302481261252481 ], [ 5.019981644235242, 52.302481222777821 ], [ 5.019983726433579, 52.302481184303069 ], [ 5.019985808631914, 52.302481145828288 ], [ 5.019987890830245, 52.302481107353451 ], [ 5.019989973028571, 52.302481068878578 ], [ 5.019992055226896, 52.302481030403719 ], [ 5.019994137499459, 52.30248098294129 ], [ 5.019996219697774, 52.302480944466289 ], [ 5.019998301970327, 52.302480897003768 ], [ 5.020000369507883, 52.302480858483221 ], [ 5.020002451780428, 52.302480811020601 ], [ 5.020004533978729, 52.302480772545515 ], [ 5.020006616251266, 52.30248072508283 ], [ 5.020008698523799, 52.302480677620117 ], [ 5.020010780722089, 52.30248063914491 ], [ 5.020012862994612, 52.302480591682084 ], [ 5.020014945267133, 52.302480544219272 ], [ 5.02001702753965, 52.302480496756381 ], [ 5.020019095151404, 52.302480449247987 ], [ 5.020021177423912, 52.302480401785047 ], [ 5.020023259696414, 52.302480354322071 ], [ 5.020025342043145, 52.302480297871526 ], [ 5.02002742431564, 52.302480250408472 ], [ 5.02002950658813, 52.302480202945397 ], [ 5.020031588934846, 52.302480146494744 ], [ 5.020033671207325, 52.30248009903157 ], [ 5.02003573889328, 52.302480042535336 ], [ 5.020037821239983, 52.302479986084585 ], [ 5.020039903512448, 52.302479938621303 ], [ 5.02004198585914, 52.302479882170474 ], [ 5.020044068205829, 52.302479825719566 ], [ 5.020046150552512, 52.302479769268658 ], [ 5.02004823289919, 52.302479712817714 ], [ 5.020050300585106, 52.302479656321218 ], [ 5.020052382931774, 52.302479599870189 ], [ 5.020054465278436, 52.302479543419132 ], [ 5.02005654762509, 52.302479486968053 ], [ 5.020058629971744, 52.30247943051689 ], [ 5.020060712392614, 52.302479365078206 ], [ 5.020062780078502, 52.302479308581475 ], [ 5.020064862499365, 52.302479243142685 ], [ 5.020066944845993, 52.302479186691436 ], [ 5.020069027266845, 52.302479121252553 ], [ 5.02007110968769, 52.302479055813663 ], [ 5.020073177373548, 52.302478999316776 ], [ 5.020075259794381, 52.302478933877801 ], [ 5.020077342215207, 52.302478868438797 ], [ 5.020079424636029, 52.302478802999758 ], [ 5.020081507056843, 52.302478737560676 ], [ 5.020083574816899, 52.302478672076077 ], [ 5.020085657237702, 52.302478606636924 ], [ 5.020087739658496, 52.302478541197736 ], [ 5.020089822079286, 52.302478475758519 ], [ 5.020091889913537, 52.302478401286209 ], [ 5.020093972334315, 52.302478335846921 ], [ 5.020096054829309, 52.302478261420056 ], [ 5.020098137250073, 52.302478195980676 ], [ 5.020100219745053, 52.302478121553733 ], [ 5.020102287505053, 52.302478056068793 ], [ 5.020104370000018, 52.302477981641808 ], [ 5.020106452494975, 52.302477907214715 ], [ 5.020108520329175, 52.302477832742149 ], [ 5.020110602749904, 52.302477767302577 ], [ 5.020112714566348, 52.302477692966391 ], [ 5.020199118993824, 52.302476918497682 ], [ 5.020277986975334, 52.302476219453766 ], [ 5.020315258318692, 52.302475885673765 ], [ 5.020321343124615, 52.302475832644362 ], [ 5.020337443227493, 52.302475568007395 ], [ 5.020340595808584, 52.302475514870615 ], [ 5.020349716280323, 52.30247536340142 ], [ 5.020361036235772, 52.302475173813868 ], [ 5.020489793067646, 52.302473056477048 ], [ 5.020499499301245, 52.30247298770216 ], [ 5.020571269910865, 52.302472455203102 ], [ 5.020641398366404, 52.302471935547139 ], [ 5.020642454088784, 52.302471920843168 ], [ 5.021543196394508, 52.302456850009598 ], [ 5.021621452222146, 52.301854911455607 ], [ 5.021638293031335, 52.301589824333476 ], [ 5.02166331368386, 52.301221403128224 ], [ 5.021715724811013, 52.298412886422447 ], [ 5.021748211690825, 52.296413548213785 ], [ 5.021755442928141, 52.295968936194484 ], [ 5.021789307370065, 52.29391922478748 ], [ 5.021851545531693, 52.289903521825742 ], [ 5.021859827386085, 52.289553760639194 ], [ 5.021862873926929, 52.289425559235134 ], [ 5.021926166008568, 52.284931858092179 ], [ 5.021867208979982, 52.282653268896091 ], [ 5.022413583683047, 52.282384306002399 ], [ 5.022542748225583, 52.282319983232689 ], [ 5.022707727521587, 52.282237822083481 ], [ 5.022772310703383, 52.282207291844351 ], [ 5.022786235307303, 52.282199785003989 ], [ 5.022790841247701, 52.282195664809564 ], [ 5.022795885189388, 52.28219174369638 ], [ 5.022801337750553, 52.282188030561599 ], [ 5.022807169475789, 52.282184543290015 ], [ 5.022808381194089, 52.282181527122731 ], [ 5.022809680762975, 52.282178520213925 ], [ 5.022810650653184, 52.282176402081554 ], [ 5.022811053528366, 52.282175522518479 ], [ 5.022813973434769, 52.282169707420891 ], [ 5.022814687800044, 52.28216837043982 ], [ 5.022817171252133, 52.282163956094244 ], [ 5.022819280989726, 52.282160439377144 ], [ 5.022820661634413, 52.282158268583593 ], [ 5.022824429927462, 52.282152644843848 ], [ 5.022826485026251, 52.282150431189486 ], [ 5.022828554705264, 52.282148226567827 ], [ 5.0228306389645, 52.282146030978851 ], [ 5.022833270061687, 52.282143270843342 ], [ 5.022835915738975, 52.282140519740523 ], [ 5.02283860523084, 52.282137786748237 ], [ 5.022842816678584, 52.282133521531378 ], [ 5.022848963044943, 52.282127401801375 ], [ 5.022855403447532, 52.28212116613561 ], [ 5.02285961305165, 52.282117125607535 ], [ 5.022868384617094, 52.282108964746307 ], [ 5.02287055517722, 52.282106967154149 ], [ 5.022881774767503, 52.282096926396022 ], [ 5.022901999866984, 52.28208236555345 ], [ 5.022922662660291, 52.282068039738597 ], [ 5.02294376314733, 52.282053948951237 ], [ 5.022965286526813, 52.282040111121177 ], [ 5.02298616592583, 52.282026172437874 ], [ 5.023071480304071, 52.281980049136159 ], [ 5.02319336872005, 52.281919972455057 ], [ 5.023203175505207, 52.281916021046818 ], [ 5.023213418304159, 52.28191251138216 ], [ 5.023224053008096, 52.281909461300828 ], [ 5.023235020780748, 52.28190689758496 ], [ 5.023246262932984, 52.281904829041721 ], [ 5.023257706121741, 52.281903264432998 ], [ 5.023269321039445, 52.28190220366865 ], [ 5.023281019542045, 52.281901673440665 ], [ 5.023292757815101, 52.28190165563862 ], [ 5.023318913051888, 52.281898410641077 ], [ 5.023328613392747, 52.281898512393418 ], [ 5.02333830327034, 52.281898101808075 ], [ 5.023347894613472, 52.281897196589746 ], [ 5.023357328805941, 52.281895796557919 ], [ 5.023366547158061, 52.281893910519976 ], [ 5.023375447018252, 52.281891547147893 ], [ 5.023384013511783, 52.281888733359409 ], [ 5.023392143913662, 52.281885486814126 ], [ 5.023416534524143, 52.281875819075438 ], [ 5.023454834549478, 52.281853305611712 ], [ 5.02351747505798, 52.28181469794368 ], [ 5.023550543377222, 52.281792186333874 ], [ 5.023583694289814, 52.281773908223414 ], [ 5.023592074841319, 52.281768739044026 ], [ 5.023621001569473, 52.281750915299575 ], [ 5.023684554885774, 52.281711753105796 ], [ 5.023902214680002, 52.28160233044256 ], [ 5.024276550032229, 52.281409244543127 ], [ 5.024353971658845, 52.281371077259607 ], [ 5.024366713386577, 52.281364797932213 ], [ 5.024381632669335, 52.281357446748586 ], [ 5.024428297769312, 52.281396210506699 ], [ 5.024463314436997, 52.281424000358896 ], [ 5.024491349848081, 52.281450717213893 ], [ 5.02455447358311, 52.281523415417176 ], [ 5.024600081668924, 52.281582227649402 ], [ 5.024742179579853, 52.28176078354565 ], [ 5.024856174294441, 52.281897630644622 ], [ 5.024921070032758, 52.281977820911266 ], [ 5.024975440186902, 52.282044101734535 ], [ 5.025053912999737, 52.282141473249503 ], [ 5.025077403551425, 52.282170333113271 ], [ 5.025244566932928, 52.282371991877845 ], [ 5.025418315777127, 52.282591169789029 ], [ 5.025535906023796, 52.282738713695544 ], [ 5.025692113923695, 52.282936518474784 ], [ 5.025762324754548, 52.28302846257116 ], [ 5.025879944333326, 52.283183502031818 ], [ 5.02595716740464, 52.28328186674463 ], [ 5.026016858696744, 52.283360988908754 ], [ 5.026094055232782, 52.283451866610868 ], [ 5.026199331673435, 52.283576947665644 ], [ 5.026276532229697, 52.283671033899225 ], [ 5.026308162810363, 52.283719152237069 ], [ 5.026348566958426, 52.283776896306357 ], [ 5.026438089460131, 52.28389129649937 ], [ 5.026508273357575, 52.28397790129609 ], [ 5.02659245985839, 52.284070903122327 ], [ 5.026692402215057, 52.284174594471438 ], [ 5.026785405082067, 52.284284708832814 ], [ 5.026874875815158, 52.284389482592275 ], [ 5.026936308228918, 52.284467531038601 ], [ 5.026976535394447, 52.284514740646152 ], [ 5.027006082400905, 52.284541623266563 ], [ 5.027062553136642, 52.284599020552768 ], [ 5.027109929082592, 52.284655680081535 ], [ 5.027227482400572, 52.284794665730637 ], [ 5.027488877362937, 52.285095078262138 ], [ 5.027543296399521, 52.285163506080288 ], [ 5.027666096519491, 52.285304619362847 ], [ 5.027818765434385, 52.285487436772257 ], [ 5.028011683965583, 52.285696962127375 ], [ 5.028180088028104, 52.285886190200074 ], [ 5.028316898705623, 52.286036917311748 ], [ 5.028418617596783, 52.286144890725176 ], [ 5.028630862525408, 52.286381140442252 ], [ 5.028793994006787, 52.286559665133765 ], [ 5.028916759596107, 52.286693299116202 ], [ 5.029162356151738, 52.286969105282665 ], [ 5.029521873133296, 52.287347518598914 ], [ 5.029728887718743, 52.287579499222375 ], [ 5.029856957914838, 52.28772489526505 ], [ 5.0300604488833, 52.28795259543719 ], [ 5.030292051814959, 52.288218784906462 ], [ 5.030528417835437, 52.288487181288055 ], [ 5.03079489973975, 52.288258912941522 ], [ 5.030928754438475, 52.2881421334869 ], [ 5.031233010330043, 52.287887131414521 ], [ 5.031439888862457, 52.287712483082046 ], [ 5.031641539522925, 52.287538915177578 ], [ 5.031858853662856, 52.287354635609198 ], [ 5.032098835496411, 52.287167116199043 ], [ 5.032253614924811, 52.287048169091577 ], [ 5.032368374044334, 52.286956020137289 ], [ 5.032578750265087, 52.286784579946882 ], [ 5.032745691313909, 52.286652780169874 ], [ 5.032917802244773, 52.286510273210943 ], [ 5.033034268216974, 52.286409563356244 ], [ 5.033150739802672, 52.286309922949783 ], [ 5.033212457394659, 52.286258104354388 ], [ 5.033345145591963, 52.286251383130519 ], [ 5.033420193409212, 52.286314576121718 ], [ 5.033766119551561, 52.286162647284634 ], [ 5.034018653019266, 52.286050011792661 ], [ 5.034269447322226, 52.285938449105842 ], [ 5.034502791531397, 52.285827975293977 ], [ 5.03471001270063, 52.285729305018485 ], [ 5.034793600294656, 52.285689612397704 ], [ 5.034817154188643, 52.285678214165166 ], [ 5.034852109803489, 52.285661304433191 ], [ 5.034866733558653, 52.285654220685906 ], [ 5.035148852450464, 52.28552657143468 ], [ 5.035410029150469, 52.285396801009718 ], [ 5.035563259524228, 52.285321732333642 ], [ 5.035800035693784, 52.285202691813929 ], [ 5.036308444347836, 52.284948516783146 ], [ 5.036576559119605, 52.28481338966796 ], [ 5.03670713414244, 52.284746898589979 ], [ 5.036757600528941, 52.284717945685891 ], [ 5.036808093892447, 52.284691140922313 ], [ 5.036868995141836, 52.28465468711952 ], [ 5.03701517824387, 52.284565709545966 ], [ 5.037175281472059, 52.284471362343794 ], [ 5.037217376128445, 52.284448379320324 ], [ 5.037344131052559, 52.284379143943859 ], [ 5.037542575564287, 52.284272991857542 ], [ 5.037629430857898, 52.284225217880753 ], [ 5.037663068406921, 52.284206047485434 ], [ 5.037841135342686, 52.284104328559984 ], [ 5.037985755531916, 52.284019812099821 ], [ 5.038125120620265, 52.283936322534011 ], [ 5.038259176095756, 52.283857077349815 ], [ 5.038418149379496, 52.283767866145112 ], [ 5.038527915338959, 52.283709859068551 ], [ 5.038658489127662, 52.283640867223895 ], [ 5.038924803749893, 52.283503509489279 ], [ 5.039429249088855, 52.283243512231614 ], [ 5.03949972008648, 52.283253372346614 ], [ 5.039521331519433, 52.283263304484549 ], [ 5.039580660744786, 52.283290577097816 ], [ 5.039752907809006, 52.283379433307474 ], [ 5.040089949492871, 52.283547137653571 ], [ 5.040149239548008, 52.283575767020025 ], [ 5.040329414082128, 52.283657500350948 ], [ 5.04042762007361, 52.283700291638119 ], [ 5.040465243338333, 52.283716687836986 ], [ 5.0407422484465, 52.283875028731593 ], [ 5.040748838370154, 52.283877528668512 ], [ 5.040755901373464, 52.283879499711333 ], [ 5.04076329104977, 52.283880923455442 ], [ 5.040770934335596, 52.283881772723475 ], [ 5.040778670169535, 52.283882029067897 ], [ 5.040786410693391, 52.283881683243585 ], [ 5.040794009150389, 52.283880761784012 ], [ 5.040938212645355, 52.283794362051957 ], [ 5.041381565540217, 52.283519599395845 ], [ 5.041625036621362, 52.283369316246315 ], [ 5.041755790300698, 52.283265089370538 ], [ 5.042085831172787, 52.283013801664488 ], [ 5.042476010852265, 52.282717129241703 ], [ 5.042778657481445, 52.282488139333594 ], [ 5.043101263825839, 52.282618628546743 ], [ 5.0432263183855, 52.282672658475846 ], [ 5.043316728177064, 52.282711730709131 ], [ 5.043344017650615, 52.282722766182459 ], [ 5.043370879107027, 52.282734195867803 ], [ 5.043397283307595, 52.282746010692613 ], [ 5.043423230252643, 52.282758210657263 ], [ 5.043448690633896, 52.28277079567674 ], [ 5.043473650005668, 52.282783738746133 ], [ 5.043829503800148, 52.282968438081973 ], [ 5.043957425673503, 52.283034752878422 ], [ 5.044344693187832, 52.283260687927715 ], [ 5.044380487222848, 52.283282587091612 ], [ 5.044416870380618, 52.283304110464954 ], [ 5.044453842661075, 52.283325258047263 ], [ 5.044491404133375, 52.283346020850395 ], [ 5.04452951083392, 52.283366398746324 ], [ 5.044568177555426, 52.283386373801932 ], [ 5.045094696344166, 52.283658772170654 ], [ 5.045181760389625, 52.283702704665473 ], [ 5.045507225321656, 52.283892371120011 ], [ 5.04585956136501, 52.284090850361238 ], [ 5.046349014485311, 52.284365733550985 ], [ 5.046551697067012, 52.284476453915829 ], [ 5.046892336697177, 52.284657190404609 ], [ 5.046970079623133, 52.28469207999251 ], [ 5.047067452800385, 52.284737586640361 ], [ 5.047484233419777, 52.285019688924166 ], [ 5.047491815113666, 52.285028644562964 ], [ 5.04751418405688, 52.285058710047814 ], [ 5.047631325744759, 52.285181388210027 ], [ 5.047826817733712, 52.285388362868751 ], [ 5.048052528487453, 52.285632219849909 ], [ 5.048054726751442, 52.285636072926046 ], [ 5.048057835490792, 52.285639685943018 ], [ 5.048061781977728, 52.285642986789846 ], [ 5.048066478966216, 52.28564588533844 ], [ 5.048071809625536, 52.285648327326982 ], [ 5.048077686435351, 52.285650258577633 ], [ 5.048083963117231, 52.28565164271982 ], [ 5.048090493461202, 52.28565243439521 ], [ 5.048097145569854, 52.285652633225638 ], [ 5.048110139004256, 52.28565534884266 ], [ 5.048122776260776, 52.285658647643061 ], [ 5.048134984200637, 52.285662511441657 ], [ 5.048146689753508, 52.285666913065654 ], [ 5.048157819780452, 52.285671834330081 ], [ 5.048168345108186, 52.28567725717582 ], [ 5.04817817814788, 52.285683136413027 ], [ 5.048187275139311, 52.28568944495305 ], [ 5.048195577735426, 52.285696146677694 ], [ 5.048220565576252, 52.285726902602377 ], [ 5.048444677452034, 52.285956059201048 ], [ 5.048775274410807, 52.286282282612554 ], [ 5.048919341645463, 52.286424737726215 ], [ 5.048973890764846, 52.286478676642993 ], [ 5.04915644215999, 52.286677505037417 ], [ 5.049247189440067, 52.286774212292279 ], [ 5.049417957897942, 52.286942421172185 ], [ 5.049517954132491, 52.287035280894578 ], [ 5.049741704713102, 52.287240400591401 ], [ 5.05012581572178, 52.287572435096898 ], [ 5.05038187728792, 52.287798434373592 ], [ 5.050352264699238, 52.287810959888645 ], [ 5.050360399947954, 52.287820501118972 ], [ 5.050404330664384, 52.287871982410145 ], [ 5.050487823409819, 52.287845427580166 ], [ 5.050586016562535, 52.287816901270922 ], [ 5.05061413968769, 52.28780751718142 ], [ 5.050641753923477, 52.287797592370239 ], [ 5.050668829889324, 52.287787135741873 ], [ 5.050695367584642, 52.287776147296697 ], [ 5.050721308181123, 52.287764653831083 ], [ 5.050746637022407, 52.287752655303635 ], [ 5.050771339248233, 52.287740178635886 ], [ 5.05079538561446, 52.287727214757247 ], [ 5.05082329184462, 52.287713551817653 ], [ 5.050850571387595, 52.287699419724582 ], [ 5.050877224039218, 52.287684845441198 ], [ 5.050903205899541, 52.287669819855331 ], [ 5.050928502108689, 52.2876543698885 ], [ 5.050953112666644, 52.287638495541096 ], [ 5.050976993469867, 52.287622214663784 ], [ 5.051077224282511, 52.287550857978488 ], [ 5.051274087477195, 52.287409032908798 ], [ 5.051286242265822, 52.287402569268259 ], [ 5.051298921741597, 52.287396493591253 ], [ 5.051312110977315, 52.287390841786376 ], [ 5.051325766005706, 52.287385613728617 ], [ 5.051339842655947, 52.287380836255664 ], [ 5.051354296960891, 52.28737650924257 ], [ 5.05136911412933, 52.287372650622679 ], [ 5.051384235402668, 52.287369278204658 ], [ 5.051454278501133, 52.28735549208821 ], [ 5.051471067538793, 52.287352519856128 ], [ 5.051487581980871, 52.28734903453865 ], [ 5.051503792515259, 52.287345036052756 ], [ 5.051519655038404, 52.28734054224892 ], [ 5.05153511085885, 52.287335561948403 ], [ 5.051550145252602, 52.287330104097478 ], [ 5.051564714116289, 52.287324186546591 ], [ 5.051578773346621, 52.287317827146403 ], [ 5.051652652493947, 52.287269565684468 ], [ 5.051807338444207, 52.287169709826252 ], [ 5.051975973740859, 52.287056573414844 ], [ 5.052253599211427, 52.286858541331306 ], [ 5.052492442413809, 52.286689761919433 ], [ 5.052738048042334, 52.286508238498577 ], [ 5.052769144685205, 52.286485254804774 ], [ 5.053035700617638, 52.286630181291791 ], [ 5.053441510249105, 52.286850476317561 ], [ 5.053489781839534, 52.286870691240324 ], [ 5.053741405047691, 52.287000366654475 ], [ 5.054111331068957, 52.287191006348131 ], [ 5.054417332749259, 52.287342134489265 ], [ 5.054436212367148, 52.287351588830333 ], [ 5.054478410454479, 52.287372720985182 ], [ 5.054749384078299, 52.287508470480297 ], [ 5.05475601076514, 52.287512111183148 ], [ 5.054762711068275, 52.287515707153723 ], [ 5.054769470399019, 52.287519249363136 ], [ 5.054776303346044, 52.28752274684021 ], [ 5.054795155551777, 52.287531967363954 ], [ 5.054814479574298, 52.287540811724021 ], [ 5.054834260824689, 52.287549270891375 ], [ 5.054854470058111, 52.287557335795817 ], [ 5.054875092685531, 52.287564997408396 ], [ 5.055031705576624, 52.287626248699787 ], [ 5.055311006786456, 52.287726698314472 ], [ 5.055382832915984, 52.287748857002065 ], [ 5.055431906354917, 52.287763995279661 ], [ 5.055469704884873, 52.287781672416088 ], [ 5.05558655724517, 52.28782911405915 ], [ 5.056125082015267, 52.288036559797206 ], [ 5.056149443382633, 52.288046065158703 ], [ 5.056398348019275, 52.288143164532883 ], [ 5.056547366398412, 52.288195449720227 ], [ 5.056788185735292, 52.288282234657466 ], [ 5.056890985532678, 52.288319776149265 ], [ 5.05728675086925, 52.288464325742247 ], [ 5.057339057440603, 52.288478483586793 ], [ 5.057385522996747, 52.288499617609197 ], [ 5.057563512474403, 52.288580554436749 ], [ 5.057727717092719, 52.288650748151206 ], [ 5.058188083345057, 52.288826500456395 ], [ 5.058256842803392, 52.288853520229722 ], [ 5.058298038863379, 52.288871853023593 ], [ 5.058366114462691, 52.288898214723453 ], [ 5.058664475925714, 52.289013754889204 ], [ 5.059128616275555, 52.289187536678348 ], [ 5.059406833026925, 52.289296511925833 ], [ 5.059462994493272, 52.289308881954405 ], [ 5.059540299286017, 52.289320133136584 ], [ 5.059552623623908, 52.289312446782162 ], [ 5.059806826165978, 52.289153752567948 ], [ 5.060092191633671, 52.288990434406834 ], [ 5.060510841726562, 52.288757334219333 ], [ 5.060933503982179, 52.288520145190397 ], [ 5.061311766007467, 52.288315152349952 ], [ 5.061388728991158, 52.288274856495853 ], [ 5.061502175158108, 52.288210061528218 ], [ 5.061660804815689, 52.288119479075156 ], [ 5.06200851618494, 52.2879205205803 ], [ 5.062405180147069, 52.287694938901481 ], [ 5.062793623643043, 52.287478626701329 ], [ 5.063119999918636, 52.287295811367748 ], [ 5.063220167539814, 52.287238393276695 ], [ 5.063236994972261, 52.287228022540376 ], [ 5.063253180226714, 52.287217281543825 ], [ 5.063268708582012, 52.28720617923473 ], [ 5.063283550595814, 52.287194733508315 ], [ 5.063297706202858, 52.287182953352364 ], [ 5.063311131239739, 52.287170865609525 ], [ 5.063425822102576, 52.287055111509602 ], [ 5.06375159166846, 52.286741313897167 ], [ 5.064018555567003, 52.286476194274385 ], [ 5.064194513347789, 52.28629255137885 ], [ 5.064214849664804, 52.28625703329697 ], [ 5.064273878271067, 52.286138591779789 ], [ 5.06440906297788, 52.285863889891374 ], [ 5.064559505814701, 52.285552352609621 ], [ 5.064725288506347, 52.285216868569194 ], [ 5.064727267219595, 52.28521279351299 ], [ 5.064791874263132, 52.285080543725414 ], [ 5.065037506495911, 52.285129971820311 ], [ 5.065342783930002, 52.285191937917759 ], [ 5.065358621703661, 52.285194614439334 ], [ 5.065374683207652, 52.285196752300841 ], [ 5.065390909951032, 52.285198333367561 ], [ 5.065407243247738, 52.285199366467445 ], [ 5.06542366850708, 52.285199842573014 ], [ 5.065440097862793, 52.28519975245738 ], [ 5.065456487283894, 52.285199104988521 ], [ 5.065460254882831, 52.285198944470814 ], [ 5.065464008216697, 52.285198729987442 ], [ 5.065467747220467, 52.285198470526105 ], [ 5.065471486614253, 52.285198157139021 ], [ 5.065472343593949, 52.285185037313347 ], [ 5.065478702878811, 52.285087941662233 ], [ 5.065508818523091, 52.284705117223474 ], [ 5.065522774628852, 52.284512007797943 ], [ 5.065537805590848, 52.28430399954771 ], [ 5.065576741497963, 52.283771327777878 ], [ 5.065613247990796, 52.283284693744285 ], [ 5.06562765566234, 52.283099944121645 ], [ 5.065645343277368, 52.282872978806537 ], [ 5.065658153954486, 52.282692197424012 ], [ 5.065636451413243, 52.282507601248803 ], [ 5.065620940400471, 52.282386880102251 ], [ 5.065594523807376, 52.282181410442547 ], [ 5.065559219057226, 52.281871640320269 ], [ 5.065496245950006, 52.281357448618685 ], [ 5.065492526836564, 52.281292187179126 ], [ 5.065491357163379, 52.281271557029434 ], [ 5.065538364146294, 52.2812598659633 ], [ 5.065559289207337, 52.281255950277952 ], [ 5.065580488398416, 52.281252628528307 ], [ 5.065601917563964, 52.281249927557518 ], [ 5.065623532808379, 52.28124783825821 ], [ 5.065645275517294, 52.281246360471023 ], [ 5.065667101600237, 52.281245512051491 ], [ 5.065688981815475, 52.281245283932279 ], [ 5.065710842829922, 52.281245684901847 ], [ 5.065732655401837, 52.281246705892841 ], [ 5.065754375505755, 52.281248355773457 ], [ 5.065775944657227, 52.281250616409167 ], [ 5.065797304176932, 52.281253496628374 ], [ 5.065818439541778, 52.281256978416174 ], [ 5.065839277483497, 52.281261061573545 ], [ 5.065859788760142, 52.281265737033372 ], [ 5.065879914887001, 52.28127098666139 ], [ 5.065877225842382, 52.281249687291229 ], [ 5.065859995917543, 52.281113313742352 ], [ 5.065867362172198, 52.28101253574232 ], [ 5.065901186019893, 52.2805496218431 ], [ 5.065880042775935, 52.280543219016948 ], [ 5.06585851484452, 52.280537327445529 ], [ 5.065836616878636, 52.280531947168384 ], [ 5.065814407427022, 52.28052708733226 ], [ 5.065791915666267, 52.28052276599184 ], [ 5.06576915624921, 52.280518983186766 ], [ 5.065746173135793, 52.280515739036446 ], [ 5.065722995502467, 52.280513051595626 ], [ 5.065699682027621, 52.280510912035901 ], [ 5.065670389575299, 52.280508801153886 ], [ 5.065640990263026, 52.28050728316795 ], [ 5.065611528050335, 52.280506358197584 ], [ 5.065582032308158, 52.280506017334801 ], [ 5.065552546931045, 52.280506269686796 ], [ 5.065523071982806, 52.280507106265944 ], [ 5.065493665946549, 52.280508545206892 ], [ 5.065464358323227, 52.280510559626649 ], [ 5.065435163635265, 52.280513167540363 ], [ 5.065386674380549, 52.280517169974139 ], [ 5.065338298769178, 52.28052166702561 ], [ 5.065290066106714, 52.280526658774683 ], [ 5.065241961672979, 52.280532154169336 ], [ 5.065194014903643, 52.280538135314153 ], [ 5.065146240320644, 52.280544620224603 ], [ 5.06509865277124, 52.280551581977882 ], [ 5.065051266777396, 52.280559038589388 ], [ 5.064934915685509, 52.28057917776853 ], [ 5.064827280446485, 52.280599745044476 ], [ 5.064723603572062, 52.280630155655835 ], [ 5.064687379694117, 52.280640186103781 ], [ 5.064651533274739, 52.280650702910691 ], [ 5.064616064313015, 52.280661706076913 ], [ 5.064581016768921, 52.280673195722706 ], [ 5.064546376118382, 52.280685153833218 ], [ 5.06451218632151, 52.280697580528809 ], [ 5.064478462096434, 52.280710466862189 ], [ 5.064445188788878, 52.280723812793795 ], [ 5.064412425143201, 52.280737600508836 ], [ 5.064410396549753, 52.280738475774605 ], [ 5.064384890436169, 52.280749712785187 ], [ 5.06438318500445, 52.280750481079217 ], [ 5.06435783634933, 52.280762230817636 ], [ 5.064356439425998, 52.280762892100149 ], [ 5.064331306908544, 52.280775145738971 ], [ 5.064330203840243, 52.280775699970043 ], [ 5.064305287459896, 52.280788457509544 ], [ 5.064304478377399, 52.280788886714092 ], [ 5.064279807375711, 52.280802157222077 ], [ 5.064279277690917, 52.280802452372619 ], [ 5.064254881374733, 52.280816235929322 ], [ 5.064254616499546, 52.280816387998321 ], [ 5.064230524175772, 52.280830684684069 ], [ 5.064173112274274, 52.280868707987139 ], [ 5.06405908338112, 52.28095228844667 ], [ 5.063813732779192, 52.281131508293534 ], [ 5.063648063328791, 52.281249091724007 ], [ 5.063579493865863, 52.281305895645815 ], [ 5.063559035354004, 52.281324210691267 ], [ 5.063480563866189, 52.281394505085132 ], [ 5.063359208813159, 52.281507787418938 ], [ 5.063320614304565, 52.281547407735161 ], [ 5.063282618901672, 52.28158725437433 ], [ 5.06324525204427, 52.281627309442101 ], [ 5.063208499014126, 52.281667581886452 ], [ 5.063172374466324, 52.281708071748106 ], [ 5.063145668738104, 52.281741037669441 ], [ 5.06311973792874, 52.281774239390678 ], [ 5.063094596759027, 52.281807667964905 ], [ 5.063070245295846, 52.281841314405071 ], [ 5.063046698194644, 52.281875178751775 ], [ 5.063023940933886, 52.281909242990096 ], [ 5.063002002823145, 52.281943507200907 ], [ 5.062959463974572, 52.282015517549546 ], [ 5.062942859623733, 52.282045805796542 ], [ 5.062927118661586, 52.282076258188745 ], [ 5.062912270332387, 52.282106883794462 ], [ 5.062898285460656, 52.282137664558462 ], [ 5.062885193421784, 52.282168591573779 ], [ 5.06287299434856, 52.282199646865521 ], [ 5.06286168817722, 52.282230839421587 ], [ 5.062841208623583, 52.282308213017117 ], [ 5.062828510841243, 52.282379514235465 ], [ 5.062812365190704, 52.282477490725896 ], [ 5.062800110408554, 52.282572431027013 ], [ 5.06279629260588, 52.282669929025111 ], [ 5.062794704394593, 52.282777184883223 ], [ 5.062801986049811, 52.282869850934425 ], [ 5.062814753544727, 52.283042217720663 ], [ 5.062837225692532, 52.283342776905407 ], [ 5.062861022376926, 52.283646629229196 ], [ 5.06288568160631, 52.283970913123866 ], [ 5.062905327534986, 52.284239135440629 ], [ 5.062921264346718, 52.284386965229743 ], [ 5.062921641295614, 52.284506126264837 ], [ 5.062914798979869, 52.284586305471564 ], [ 5.062907398001714, 52.284670743352805 ], [ 5.06290250074545, 52.284695194662504 ], [ 5.062900196984466, 52.284705641133925 ], [ 5.062897073134986, 52.284716004466382 ], [ 5.062893144047996, 52.284726257737184 ], [ 5.062888409788501, 52.284736391958617 ], [ 5.062886953419151, 52.284739156201148 ], [ 5.062884785026979, 52.28474309589032 ], [ 5.062881683869766, 52.284748336249599 ], [ 5.062880809135102, 52.284749717968971 ], [ 5.0628764967677, 52.284756258234658 ], [ 5.062875741303967, 52.28475736165985 ], [ 5.062871833269678, 52.284762716647158 ], [ 5.062869155162411, 52.284766214536894 ], [ 5.062867720785801, 52.284767972208122 ], [ 5.062863388869645, 52.284773173240403 ], [ 5.062861925510329, 52.284774885893114 ], [ 5.062858837717757, 52.284778292781205 ], [ 5.062854067264552, 52.284783339818134 ], [ 5.062849048265566, 52.284788305283186 ], [ 5.062847734666364, 52.28478957794524 ], [ 5.062843824620135, 52.284793198284532 ], [ 5.062841065985068, 52.284795680333488 ], [ 5.062838396459294, 52.284798000846834 ], [ 5.062834075875562, 52.284801647023087 ], [ 5.06283276378301, 52.284802712970119 ], [ 5.062826749813893, 52.284807459998504 ], [ 5.062809490118949, 52.284820948253696 ], [ 5.062791602477757, 52.284834129199282 ], [ 5.062773101676226, 52.2848469849 ], [ 5.062753987845355, 52.284859497380296 ], [ 5.062733760420359, 52.284871979838869 ], [ 5.062712920293174, 52.284884074138212 ], [ 5.062691511363304, 52.284895789386383 ], [ 5.062669533827574, 52.284907098620138 ], [ 5.062647016996182, 52.284918001919671 ], [ 5.062623960934943, 52.284928490297091 ], [ 5.06260042439538, 52.284938545937727 ], [ 5.062576392722837, 52.284948168801108 ], [ 5.062551910013979, 52.284957341032452 ], [ 5.062515968356307, 52.284970319581078 ], [ 5.062479590307258, 52.284982847531552 ], [ 5.062442790653855, 52.284994906948505 ], [ 5.062405598641385, 52.285006506899599 ], [ 5.062368029057016, 52.285017629449619 ], [ 5.062330096622369, 52.285028265650745 ], [ 5.06229180120713, 52.285038433477951 ], [ 5.062253186974414, 52.285048106088766 ], [ 5.062187642465593, 52.285062935566955 ], [ 5.06212182294822, 52.285077287900492 ], [ 5.062055728489849, 52.285091154101366 ], [ 5.061989359158105, 52.285104525181524 ], [ 5.061922744133664, 52.285117419196318 ], [ 5.061855868894862, 52.285129818129853 ], [ 5.061711124827266, 52.285152877948306 ], [ 5.061651707435784, 52.285161495461232 ], [ 5.061592103321109, 52.28516959113896 ], [ 5.061532312485236, 52.285177164981242 ], [ 5.061472349651098, 52.285184208040505 ], [ 5.06141221475493, 52.285190729304091 ], [ 5.061351951895784, 52.285196710917774 ], [ 5.061159068837793, 52.285213157223033 ], [ 5.061118654614961, 52.285214420926437 ], [ 5.061074477255106, 52.285215233837427 ], [ 5.061030274735627, 52.285215480432299 ], [ 5.060986076434348, 52.285215151804337 ], [ 5.06094191172914, 52.285214239046816 ], [ 5.060897765834757, 52.285212760094495 ], [ 5.060853697373323, 52.285210715109208 ], [ 5.060809706478417, 52.285208086115816 ], [ 5.060767571169005, 52.285204230902025 ], [ 5.060725601427071, 52.285199782936708 ], [ 5.060683797254239, 52.285194742220092 ], [ 5.060642202617436, 52.28518910887373 ], [ 5.060600832107351, 52.285182891925956 ], [ 5.060559700380612, 52.285176091417419 ], [ 5.060518836748924, 52.285168707429371 ], [ 5.060478270523945, 52.285160740043061 ], [ 5.06043800157506, 52.285152207233978 ], [ 5.060398073868891, 52.285143109123922 ], [ 5.060341607472385, 52.285129039986764 ], [ 5.060285452303318, 52.285114504318258 ], [ 5.060229623018222, 52.285099502159376 ], [ 5.060174134273591, 52.285084033551065 ], [ 5.060119000659787, 52.285068107521944 ], [ 5.060064207456966, 52.285051733019586 ], [ 5.060009784108736, 52.285034892150357 ], [ 5.059955745073061, 52.285017611918072 ], [ 5.059906037291594, 52.285001251413966 ], [ 5.05985671388486, 52.284984442563726 ], [ 5.059807818752847, 52.284967194477112 ], [ 5.059759322586454, 52.284949507073499 ], [ 5.059711254564336, 52.284931398409761 ], [ 5.059663629474702, 52.284912850551805 ], [ 5.059616447186022, 52.284893881475334 ], [ 5.059293775844299, 52.284763428354751 ], [ 5.058906028351217, 52.284608364918064 ], [ 5.058795145119308, 52.284559001733214 ], [ 5.05877649194051, 52.284550672184572 ], [ 5.058323574341988, 52.284348356799505 ], [ 5.057939630096291, 52.28417737439127 ], [ 5.057534467586726, 52.283994629482287 ], [ 5.05721521240174, 52.283849862623434 ], [ 5.0571576654469, 52.283823772273792 ], [ 5.057147616660369, 52.283819214385204 ], [ 5.056642777401354, 52.28359514993285 ], [ 5.056120209258772, 52.28335949335451 ], [ 5.055750199061789, 52.283189171924178 ], [ 5.055698626250944, 52.28316594672998 ], [ 5.055646493008397, 52.283143205282201 ], [ 5.055593799266308, 52.28312095656775 ], [ 5.05554057433258, 52.28309920066814 ], [ 5.055486803551829, 52.283077937541464 ], [ 5.055432516097772, 52.283057185244466 ], [ 5.055377712036307, 52.283036934788775 ], [ 5.055292608360819, 52.283006029633142 ], [ 5.055285444750628, 52.283003726629168 ], [ 5.055278281074114, 52.283001432612387 ], [ 5.055197169517519, 52.282975625679747 ], [ 5.055186394540221, 52.28297220703309 ], [ 5.055101420379324, 52.282945580288988 ], [ 5.055094227211671, 52.282943313141509 ], [ 5.055005375598894, 52.282915893501176 ], [ 5.055001764231243, 52.282914777858601 ], [ 5.054909035107362, 52.282886574303262 ], [ 5.05465051980995, 52.282815032836098 ], [ 5.054411651010839, 52.282754106740761 ], [ 5.054163661636776, 52.282695949677183 ], [ 5.053921931817689, 52.282643472039034 ], [ 5.05378208980378, 52.282615233673887 ], [ 5.05353271771158, 52.282567748875387 ], [ 5.053168755715196, 52.282499690439145 ], [ 5.052729666759248, 52.282417253659787 ], [ 5.05221848895718, 52.282323825712609 ], [ 5.051871654284581, 52.282258732818384 ], [ 5.051824640508063, 52.282249324095588 ], [ 5.051777909042775, 52.282239403850831 ], [ 5.051731459754579, 52.28222899005965 ], [ 5.051685307366721, 52.282218073776306 ], [ 5.051639495775071, 52.282206664113467 ], [ 5.05159399567268, 52.282194760988482 ], [ 5.051548850955299, 52.282182373513955 ], [ 5.0515040762782, 52.28216950173195 ], [ 5.051459671642523, 52.282156145642837 ], [ 5.05141902967398, 52.282143258598389 ], [ 5.051378831286976, 52.282129851507804 ], [ 5.051339105587091, 52.282115951417495 ], [ 5.051299837988995, 52.282101549298808 ], [ 5.051261057733836, 52.282086654222987 ], [ 5.051222794130537, 52.282071266273839 ], [ 5.051185061698106, 52.282055403468618 ], [ 5.051147860369285, 52.28203907479552 ], [ 5.051111219520651, 52.282022271350613 ], [ 5.051068688553189, 52.282001469561095 ], [ 5.051026820860763, 52.28198016632539 ], [ 5.050985616375904, 52.281958370631898 ], [ 5.050945118925178, 52.281936100581426 ], [ 5.050905313854805, 52.281913356133039 ], [ 5.050866230405046, 52.281890146358428 ], [ 5.050827883162025, 52.281866480287555 ], [ 5.050790286779733, 52.281842357962802 ], [ 5.050753455708144, 52.281817806389427 ], [ 5.050717389947057, 52.281792825568033 ], [ 5.05068793932242, 52.28177286077181 ], [ 5.050659224482014, 52.281752493611542 ], [ 5.050631259943549, 52.281731742104647 ], [ 5.050604060292635, 52.281710615281014 ], [ 5.050577640182803, 52.281689113182821 ], [ 5.050551999477552, 52.28166725378582 ], [ 5.050527167348143, 52.28164505514912 ], [ 5.05050315844785, 52.281622517314993 ], [ 5.050381161398461, 52.281510343799425 ], [ 5.050271758041744, 52.281395554638969 ], [ 5.050151334282697, 52.281257698253469 ], [ 5.050059740055616, 52.281140550919993 ], [ 5.04995739083798, 52.280998198034759 ], [ 5.049936278200112, 52.280966770427092 ], [ 5.049916017209592, 52.280935120549749 ], [ 5.04989662231412, 52.280903275407717 ], [ 5.049878108233917, 52.280871226055645 ], [ 5.049860474762858, 52.280838999456741 ], [ 5.049843721899236, 52.280806595611345 ], [ 5.049827864294956, 52.280774014561707 ], [ 5.049812887090122, 52.280741283229112 ], [ 5.049798819590163, 52.280708401697574 ], [ 5.049785647071426, 52.280675378913116 ], [ 5.049771975058712, 52.280640593094262 ], [ 5.049759168582966, 52.280605683914345 ], [ 5.049747212920513, 52.280570660319491 ], [ 5.049736122722988, 52.280535522351684 ], [ 5.049725883130326, 52.280500296932196 ], [ 5.049716523515817, 52.28046497515728 ], [ 5.049708014434009, 52.280429574918642 ], [ 5.049700385189928, 52.280394096300192 ], [ 5.049693620991637, 52.280358557235381 ], [ 5.049666116638099, 52.280205874986045 ], [ 5.049651921280168, 52.280072078120838 ], [ 5.049644123720527, 52.280010516437926 ], [ 5.049642366982119, 52.279739933881956 ], [ 5.049636858488039, 52.279538933096617 ], [ 5.049634726805354, 52.279433634995755 ], [ 5.049627895118057, 52.279229358863425 ], [ 5.049632972805914, 52.278919384293808 ], [ 5.049648432387624, 52.278623873743612 ], [ 5.049667112425178, 52.278398288438254 ], [ 5.0496835201516, 52.278203722509815 ], [ 5.049685833895732, 52.278176873576811 ], [ 5.04968734180289, 52.278150013355727 ], [ 5.049688073248245, 52.278123132942589 ], [ 5.049687998791325, 52.278096250229012 ], [ 5.049687133018151, 52.278069374244488 ], [ 5.049685490582889, 52.278042505030697 ], [ 5.049683041976933, 52.278015669466832 ], [ 5.049679801922646, 52.27798885860706 ], [ 5.049674430350445, 52.277961017053926 ], [ 5.049668076372253, 52.277933262574059 ], [ 5.049660696031812, 52.277905595041851 ], [ 5.049652333084455, 52.277878041545442 ], [ 5.049642987531946, 52.27785060208452 ], [ 5.049632644586976, 52.277823294592359 ], [ 5.049621318767543, 52.277796137085673 ], [ 5.049609010007138, 52.277769138551797 ], [ 5.049595732823644, 52.277742317007487 ], [ 5.049581501803077, 52.277715681481823 ], [ 5.049566302226146, 52.277689240920232 ], [ 5.049548317307302, 52.277662972158915 ], [ 5.049529539463826, 52.277636925825277 ], [ 5.049509954112466, 52.277611092889536 ], [ 5.049489575702253, 52.277585500355926 ], [ 5.04946841895503, 52.277560139278314 ], [ 5.049446483735337, 52.277535027631458 ], [ 5.049423784628442, 52.277510174444394 ], [ 5.049400336219543, 52.277485588746181 ], [ 5.049376123788665, 52.277461279482061 ], [ 5.049351161920897, 52.277437255681122 ], [ 5.049325479853771, 52.277413526414151 ], [ 5.049312828721281, 52.277402704905803 ], [ 5.04930185000601, 52.277393550917914 ], [ 5.049299956919732, 52.277391999606841 ], [ 5.049277440865552, 52.277373932701643 ], [ 5.049275736625192, 52.277372597637019 ], [ 5.049252281669585, 52.277354680836304 ], [ 5.049250780995523, 52.277353553072487 ], [ 5.049226372418463, 52.277335795321349 ], [ 5.049225089962795, 52.277334874900312 ], [ 5.04919974221264, 52.277317303202949 ], [ 5.049198692695724, 52.277316581178994 ], [ 5.049172405773089, 52.277299195534823 ], [ 5.049171589194498, 52.277298671908099 ], [ 5.049144362895083, 52.27728149927934 ], [ 5.049143808695939, 52.277281156158558 ], [ 5.049115628162867, 52.277264223465494 ], [ 5.049115351063512, 52.277264051905007 ], [ 5.049086245533847, 52.277247368218468 ], [ 5.049009759179566, 52.277202875587577 ], [ 5.04891867270932, 52.27716304175717 ], [ 5.048678396430335, 52.277059093288202 ], [ 5.048601723311914, 52.277029609480408 ], [ 5.048576047810709, 52.277022426604951 ], [ 5.048566908602131, 52.277019964738336 ], [ 5.048550135416591, 52.277015566606231 ], [ 5.048531679124894, 52.277010911992683 ], [ 5.048524015433889, 52.277009029567978 ], [ 5.048497673141312, 52.277002824435719 ], [ 5.048496049531439, 52.277002451285178 ], [ 5.048466003135077, 52.276995849060164 ], [ 5.048460048988488, 52.276994600674556 ], [ 5.048434080421047, 52.276989349305452 ], [ 5.048423721451909, 52.276987360286469 ], [ 5.048401890277487, 52.276983334117034 ], [ 5.048387081572749, 52.276980730162549 ], [ 5.04836949144988, 52.2769777856874 ], [ 5.048350143865115, 52.276974728319715 ], [ 5.048336869079534, 52.276972730937203 ], [ 5.04831296700554, 52.276969345938063 ], [ 5.048304067259505, 52.276968152017055 ], [ 5.048275565576463, 52.27696459204698 ], [ 5.048271085851847, 52.276964066901989 ], [ 5.048237954160272, 52.276960475675878 ], [ 5.048192928444156, 52.276956364999407 ], [ 5.048147766001873, 52.276952892047539 ], [ 5.048102481552391, 52.27695004787445 ], [ 5.048057104330041, 52.276947841551682 ], [ 5.048011663706153, 52.276946264175628 ], [ 5.047966159541736, 52.276945333721336 ], [ 5.047920650512836, 52.276945041369331 ], [ 5.047875136617491, 52.276945387119675 ], [ 5.047829647158484, 52.276946371056404 ], [ 5.047784196786226, 52.27694799322159 ], [ 5.047738829455884, 52.276950253741497 ], [ 5.047691537447513, 52.27695319179054 ], [ 5.04764432936854, 52.276956651354077 ], [ 5.047597234590687, 52.276960623528765 ], [ 5.047550253043735, 52.27696511730236 ], [ 5.047503428820449, 52.276970114826078 ], [ 5.047456747198276, 52.276975625045544 ], [ 5.047410222759396, 52.276981656990678 ], [ 5.047363899665339, 52.276988183825203 ], [ 5.047317763124942, 52.276995223482388 ], [ 5.047271842510139, 52.277002767059145 ], [ 5.047216070962655, 52.277012789890399 ], [ 5.047160558805408, 52.277023379672734 ], [ 5.04710536471476, 52.277034527587453 ], [ 5.047050459384065, 52.277046233550656 ], [ 5.0469958867687, 52.277058497689303 ], [ 5.046941646935625, 52.277071311016179 ], [ 5.04688775453553, 52.277084673573896 ], [ 5.046834238940327, 52.277098576459721 ], [ 5.046451327731257, 52.277204545285706 ], [ 5.046085661134889, 52.27731241410865 ], [ 5.045655955226738, 52.277441874282431 ], [ 5.045364080678031, 52.277528248461905 ], [ 5.045275669253799, 52.277554407980979 ], [ 5.045182160429791, 52.277582224420755 ], [ 5.045088346963913, 52.277609626466479 ], [ 5.044994199483902, 52.2776366230202 ], [ 5.044899761949541, 52.277663214208339 ], [ 5.044805005126841, 52.277689390957796 ], [ 5.044566350364117, 52.277748675242805 ], [ 5.044389304780601, 52.277791618102015 ], [ 5.04420934783275, 52.277830121266135 ], [ 5.04414215226558, 52.27784303054564 ], [ 5.044074682418049, 52.277855399723094 ], [ 5.044006952945063, 52.277867228840513 ], [ 5.043938963918229, 52.277878508909936 ], [ 5.0438707592979, 52.277889240058478 ], [ 5.043802324433766, 52.277899422243287 ], [ 5.043733674050284, 52.277909046518914 ], [ 5.043672043514085, 52.277916632943032 ], [ 5.043610241706028, 52.277923625642551 ], [ 5.043548253836969, 52.277930042549876 ], [ 5.043486124006187, 52.277935865817263 ], [ 5.043423852146664, 52.277941104432074 ], [ 5.043361452982968, 52.277945749449181 ], [ 5.04328848629443, 52.277950741185983 ], [ 5.043223744269971, 52.277955172596819 ], [ 5.043171314334827, 52.277957249039694 ], [ 5.043118845372227, 52.277958687211914 ], [ 5.043066322592679, 52.277959505046077 ], [ 5.043013790026009, 52.277959693682384 ], [ 5.042961262327148, 52.277959253163495 ], [ 5.042908768873275, 52.277958174587184 ], [ 5.042856309527513, 52.27795647592864 ], [ 5.042803913667023, 52.27795414828573 ], [ 5.042747277924829, 52.277950594915573 ], [ 5.04269073484074, 52.277946430617874 ], [ 5.042634328375131, 52.27794165552077 ], [ 5.042578073113348, 52.277936278654757 ], [ 5.042521969057625, 52.277930300020124 ], [ 5.042466060168235, 52.277923719745168 ], [ 5.042410331794672, 52.277916537787469 ], [ 5.042354827897156, 52.277908754275458 ], [ 5.04216443660395, 52.277879132322397 ], [ 5.042109869091153, 52.27786965273318 ], [ 5.042055525087256, 52.277859697417639 ], [ 5.042001419176778, 52.277849275406581 ], [ 5.041947566083657, 52.277838377755344 ], [ 5.041893965739679, 52.277827013451976 ], [ 5.041840632798979, 52.277815182539591 ], [ 5.041787581845886, 52.277802894048975 ], [ 5.04160113310103, 52.277756286771435 ], [ 5.041410171166818, 52.277704084575888 ], [ 5.041241936066016, 52.277651921603393 ], [ 5.041147319631296, 52.27762586772193 ], [ 5.040721629969405, 52.277521495092692 ], [ 5.040324393673136, 52.277427090979963 ], [ 5.040013073663352, 52.277358319380944 ], [ 5.039793458869952, 52.277311171450393 ], [ 5.039287366229428, 52.277206116976025 ], [ 5.039004514917312, 52.277147313056311 ], [ 5.038470910657849, 52.277038201447297 ], [ 5.038356921731395, 52.277005248467873 ], [ 5.038224142517556, 52.276971152398069 ], [ 5.038051116782254, 52.276917847248527 ], [ 5.037864112893279, 52.276857067633792 ], [ 5.037729528366791, 52.276812270185026 ], [ 5.037545991850685, 52.276750412787564 ], [ 5.037395652455475, 52.276694935793536 ], [ 5.036871281413472, 52.276517896443302 ], [ 5.036523460683604, 52.276400572181792 ], [ 5.036308460891882, 52.276324832239283 ], [ 5.036069011044208, 52.276244848955784 ], [ 5.035747436167969, 52.27614247515276 ], [ 5.035429374816142, 52.276044380130756 ], [ 5.035256466767827, 52.275984483153984 ], [ 5.035229812981481, 52.27597536208178 ], [ 5.035155682272797, 52.275951836006826 ], [ 5.035079822704358, 52.275928304736539 ], [ 5.035011814190694, 52.275910665840598 ], [ 5.034912395687539, 52.275888745007165 ], [ 5.034815601970914, 52.275868431742062 ], [ 5.034706598675834, 52.275848657218646 ], [ 5.034581888192905, 52.275828880691847 ], [ 5.034478117556991, 52.275814451331776 ], [ 5.034333335531636, 52.27579627740888 ], [ 5.034262702069331, 52.275784517260412 ], [ 5.034199913755218, 52.275773832064885 ], [ 5.034063018908593, 52.27573854160805 ], [ 5.034001104563459, 52.275719293536163 ], [ 5.033940942416847, 52.275698972129774 ], [ 5.033858974705692, 52.275667961942787 ], [ 5.033793586960519, 52.275639616708055 ], [ 5.033647990126134, 52.275580266359654 ], [ 5.033547719373716, 52.275538550672252 ], [ 5.033474483105952, 52.275505930550871 ], [ 5.033397766305569, 52.275470639577804 ], [ 5.033328025979842, 52.275436951288619 ], [ 5.033278330958114, 52.275412346720699 ], [ 5.033211195138369, 52.275375448522396 ], [ 5.033156276444646, 52.275344437931622 ], [ 5.033092645128371, 52.275305393084594 ], [ 5.033069984466185, 52.275289884161339 ], [ 5.032998503102848, 52.275241216771427 ], [ 5.032959279051169, 52.275211807993571 ], [ 5.032879980006133, 52.275147631113732 ], [ 5.032825945511159, 52.275099492252501 ], [ 5.032778878814151, 52.275054034643908 ], [ 5.03273357288118, 52.27500643420818 ], [ 5.032686519685147, 52.274955628855437 ], [ 5.032586325380286, 52.274834756932577 ], [ 5.032454765339572, 52.274674846637957 ], [ 5.032396393931158, 52.274604782280711 ], [ 5.032343258987272, 52.274539533100054 ], [ 5.032135043025147, 52.27427854012403 ], [ 5.032049664808627, 52.274170501871744 ], [ 5.03196081086862, 52.274059253451185 ], [ 5.031872171928849, 52.27395416225751 ], [ 5.03175171179624, 52.273812161258284 ], [ 5.031687252997438, 52.273734079081457 ], [ 5.031559185266678, 52.273581656103794 ], [ 5.031532166673707, 52.273550629793085 ], [ 5.031481656283829, 52.273476292435667 ], [ 5.031438975450319, 52.273419594726981 ], [ 5.0312717229844, 52.273194962265627 ], [ 5.031256045487538, 52.273173038732473 ], [ 5.031224705389686, 52.273116348119409 ], [ 5.031173345436388, 52.273010982132597 ], [ 5.031121975854517, 52.272914172490353 ], [ 5.031115884666991, 52.27290454617291 ], [ 5.031098480702388, 52.27285854805276 ], [ 5.031060198682844, 52.272764950495727 ], [ 5.031025381751598, 52.272677771674275 ], [ 5.030994924089258, 52.272606100965859 ], [ 5.030954014132709, 52.27253335616863 ], [ 5.030933101842509, 52.27250286940464 ], [ 5.030916544356788, 52.272488430020452 ], [ 5.030811112217887, 52.272395375992538 ], [ 5.030775373080566, 52.272364889444766 ], [ 5.030715238677701, 52.272329053486366 ], [ 5.030579253242562, 52.272247771036618 ], [ 5.030368248413216, 52.272209268733064 ], [ 5.030131092216801, 52.272136012084161 ], [ 5.029954108636542, 52.272084678314123 ], [ 5.029813730182391, 52.272043503310137 ], [ 5.029656763989697, 52.272026401273976 ], [ 5.029538164080179, 52.272013567468143 ], [ 5.029518111070513, 52.272013030449749 ], [ 5.029239031211874, 52.272021074776831 ], [ 5.029007040717525, 52.272025369392047 ], [ 5.028902385405515, 52.272027514943673 ], [ 5.028793360626984, 52.272035543164399 ], [ 5.028648581910513, 52.27204785790358 ], [ 5.028558734448404, 52.272059629068799 ], [ 5.02833108448388, 52.272090665289234 ], [ 5.028172321050485, 52.272132929339072 ], [ 5.027918466618597, 52.272203009152442 ], [ 5.027729156252757, 52.272255965157115 ], [ 5.027584353516764, 52.272292878173843 ], [ 5.027395050239931, 52.272339425352733 ], [ 5.027251117353674, 52.272377410159031 ], [ 5.02706006363001, 52.272431968604906 ], [ 5.026854182959064, 52.272491883231325 ], [ 5.026594205094444, 52.272566776986089 ], [ 5.026377850755326, 52.272629903440333 ], [ 5.026057691278049, 52.272721913883835 ], [ 5.025773284758206, 52.272804289968136 ], [ 5.025524654850776, 52.272875971461119 ], [ 5.025405143633098, 52.27291020890452 ], [ 5.02515477569984, 52.272973867170151 ], [ 5.025097191024931, 52.272988844281016 ], [ 5.02492620563837, 52.273039658896252 ], [ 5.024720306179872, 52.27310117857202 ], [ 5.024559787842559, 52.27314397166446 ], [ 5.024443763453522, 52.27317446192469 ], [ 5.024387057419589, 52.273189432397992 ], [ 5.024356525588124, 52.273196394138466 ], [ 5.024212595164597, 52.273217253467557 ], [ 5.02407826411594, 52.273235976040304 ], [ 5.023845412153743, 52.273230092670715 ], [ 5.023710255509026, 52.273208169383494 ], [ 5.023701545109809, 52.27320549119846 ], [ 5.023463545651434, 52.273117784145207 ], [ 5.023339752351037, 52.273073389898201 ], [ 5.023272645602203, 52.273028999251025 ], [ 5.023239526762892, 52.273006526628251 ], [ 5.023020792105512, 52.272847676491381 ], [ 5.022973834844166, 52.272718772373487 ], [ 5.022930369526109, 52.272600035225828 ], [ 5.022908628149588, 52.272539057798603 ], [ 5.022886886924668, 52.272483437106423 ], [ 5.022886090833545, 52.272416043994987 ], [ 5.02291418154114, 52.272351094698884 ], [ 5.022921932560749, 52.272333133956728 ], [ 5.023013730286383, 52.272129887614177 ], [ 5.023079303672841, 52.271980118843643 ], [ 5.023137884406298, 52.271852285742682 ], [ 5.02320432568732, 52.271701989287941 ], [ 5.023290880610885, 52.271508900781782 ], [ 5.023310111439554, 52.271471993071835 ], [ 5.023322503055695, 52.271454451035879 ], [ 5.023478912926178, 52.271205709072774 ], [ 5.023553273515396, 52.271106173014324 ], [ 5.023672931211878, 52.270951375273029 ], [ 5.023741908232091, 52.270861529385293 ], [ 5.023810461068618, 52.270771565310923 ], [ 5.023878589723482, 52.270681483050666 ], [ 5.023946308848965, 52.270591282650244 ], [ 5.024043161179123, 52.270476751792799 ], [ 5.024140056813791, 52.270362238963124 ], [ 5.024236995826065, 52.270247735173662 ], [ 5.0242762661572, 52.270201972902704 ], [ 5.024316325460713, 52.270156464699163 ], [ 5.024357173734876, 52.270111210562213 ], [ 5.024398781531271, 52.270066228376308 ], [ 5.024441163498424, 52.270021518185622 ], [ 5.024484319561516, 52.269977088976887 ], [ 5.024570049456709, 52.269887734395581 ], [ 5.024655851964168, 52.269798415925266 ], [ 5.024741727156878, 52.269709124578227 ], [ 5.024817271246796, 52.269632708013958 ], [ 5.024937544554233, 52.269516432659223 ], [ 5.024968441420044, 52.269487703383106 ], [ 5.02500000987227, 52.269459254778816 ], [ 5.025032206106927, 52.269431068735969 ], [ 5.02506504462697, 52.269403163274177 ], [ 5.025098525358668, 52.269375547380456 ], [ 5.02513261907494, 52.269348211976983 ], [ 5.025167340278887, 52.269321175083284 ], [ 5.025202674247125, 52.269294445641492 ], [ 5.025232737878329, 52.269270854778775 ], [ 5.025263487459852, 52.26924758058211 ], [ 5.025294893399288, 52.26922465891171 ], [ 5.02532694119276, 52.26920207174701 ], [ 5.025359645416718, 52.269179828119874 ], [ 5.025392991201926, 52.269157954947829 ], [ 5.02542694939488, 52.269136434165354 ], [ 5.025461519776303, 52.26911529273481 ], [ 5.025501571540071, 52.269090267349114 ], [ 5.025542191676968, 52.269065603201391 ], [ 5.025583394909815, 52.269041291348309 ], [ 5.02562515186615, 52.269017340687235 ], [ 5.025667462473074, 52.268993760205191 ], [ 5.025710312008039, 52.268970558844373 ], [ 5.025753700544303, 52.268947727616585 ], [ 5.025811377982486, 52.268917048743781 ], [ 5.025869463196983, 52.268886658699415 ], [ 5.025927956042153, 52.268856575458059 ], [ 5.025986856664299, 52.268826781044034 ], [ 5.026046150341144, 52.268797284399454 ], [ 5.026139676152718, 52.26875394317495 ], [ 5.026271300617251, 52.268693254854817 ], [ 5.026479110138192, 52.268595733084005 ], [ 5.026607240799471, 52.268534000130046 ], [ 5.026726680732597, 52.268474442555508 ], [ 5.026773276715067, 52.268449787217229 ], [ 5.026819231778457, 52.26842467152791 ], [ 5.026864531054555, 52.268399122406386 ], [ 5.026909160039185, 52.268373121833683 ], [ 5.026953118513876, 52.268346696773222 ], [ 5.026996377179556, 52.26831984713656 ], [ 5.027032388887291, 52.268297837818736 ], [ 5.027067700729885, 52.268275412918165 ], [ 5.027102312707408, 52.268252572435458 ], [ 5.027136195375565, 52.268229334257171 ], [ 5.027169363384055, 52.26820569842851 ], [ 5.027201772712048, 52.268181673803952 ], [ 5.027253695976027, 52.268141296819415 ], [ 5.027305181334633, 52.268100711758969 ], [ 5.027356214211599, 52.268059909590974 ], [ 5.027406779958015, 52.268018890271406 ], [ 5.027441601182096, 52.26798461781447 ], [ 5.027475648187549, 52.267950064368861 ], [ 5.027508921048179, 52.267915220947636 ], [ 5.027541419692509, 52.267880096539116 ], [ 5.02757312932714, 52.267844709074517 ], [ 5.027604035304052, 52.26780905850994 ], [ 5.027626835030742, 52.267777643510883 ], [ 5.027648933083087, 52.267746037628932 ], [ 5.027670300091081, 52.267714249763095 ], [ 5.027690950705317, 52.267682279958272 ], [ 5.027710870205195, 52.267650137157901 ], [ 5.027730058519465, 52.267617830349977 ], [ 5.027750278808654, 52.267573833517474 ], [ 5.027778855469275, 52.267507311636102 ], [ 5.027794835909831, 52.267467687963347 ], [ 5.027810040784745, 52.267427954076631 ], [ 5.027824455519367, 52.267388100944132 ], [ 5.027838094619726, 52.267348146585846 ], [ 5.027850928716902, 52.267308099900575 ], [ 5.027862987111301, 52.267267960977705 ], [ 5.027874255155803, 52.267227729772891 ], [ 5.027881100200425, 52.267192796928043 ], [ 5.027887169193672, 52.267157816784795 ], [ 5.027892476786461, 52.267122789387876 ], [ 5.027897022980574, 52.267087714737244 ], [ 5.027900778334493, 52.267052610719261 ], [ 5.02790377214823, 52.267017477423003 ], [ 5.027905989701956, 52.26698232379163 ], [ 5.027906215687644, 52.266979735984911 ], [ 5.027906328680479, 52.266978442081488 ], [ 5.027906441673305, 52.266977148178121 ], [ 5.027906653009881, 52.26697456032683 ], [ 5.027909542120253, 52.266934249724535 ], [ 5.02791156700486, 52.266893927507603 ], [ 5.027912713089588, 52.266853584643918 ], [ 5.027912994880713, 52.266813239153215 ], [ 5.027912397659023, 52.266772899978648 ], [ 5.027910936148459, 52.266732558177047 ], [ 5.027908610133673, 52.266692240711244 ], [ 5.027904295623423, 52.266597019563577 ], [ 5.02789021276554, 52.266463363745906 ], [ 5.027871123661329, 52.26633832101966 ], [ 5.027854682123525, 52.266246433437836 ], [ 5.027841736739716, 52.266195082588169 ], [ 5.027841509181066, 52.2661942370408 ], [ 5.027828058365677, 52.266143801410934 ], [ 5.027827588528059, 52.266142119259186 ], [ 5.027813661580072, 52.266092598938052 ], [ 5.027813419373704, 52.266091753346068 ], [ 5.027798546385303, 52.266041475169274 ], [ 5.027785312321626, 52.266004117479554 ], [ 5.027771212988859, 52.265966882986945 ], [ 5.02775624838906, 52.265929771691084 ], [ 5.02774043302778, 52.265892801611407 ], [ 5.027723752330903, 52.265855963715453 ], [ 5.027704579678018, 52.265815702864792 ], [ 5.027685245706615, 52.265775468483504 ], [ 5.027665765065753, 52.265735260616133 ], [ 5.02764612303454, 52.265695088205618 ], [ 5.027616577520141, 52.265651389403885 ], [ 5.027586753159102, 52.265607761648738 ], [ 5.027556649952096, 52.265564204939864 ], [ 5.027526282548385, 52.265520719321607 ], [ 5.027497393734837, 52.265484608212667 ], [ 5.027476693207411, 52.265459433235229 ], [ 5.027455273035329, 52.265434489747577 ], [ 5.02743314786801, 52.265409777793927 ], [ 5.027410317633624, 52.265385306361544 ], [ 5.027386782187629, 52.265361093425135 ], [ 5.027362570900489, 52.265337130085939 ], [ 5.027344217745215, 52.265316968449412 ], [ 5.027325071334115, 52.265297083017856 ], [ 5.027305146171035, 52.265277491810572 ], [ 5.027284456832415, 52.26525820385951 ], [ 5.027263003246143, 52.265239228151749 ], [ 5.027240799988525, 52.265220573719205 ], [ 5.027215235380685, 52.265197325254391 ], [ 5.027188994716186, 52.265174353347767 ], [ 5.027162092498625, 52.265151676018732 ], [ 5.027134543304214, 52.265129302299023 ], [ 5.027106332484926, 52.265107232143592 ], [ 5.027077489338039, 52.265085465641171 ], [ 5.027048028294124, 52.265064029798808 ], [ 5.027017934777737, 52.265042915583791 ], [ 5.026946765183614, 52.264991153528001 ], [ 5.026879011791299, 52.264937226786401 ], [ 5.026855984096761, 52.264919118024515 ], [ 5.026833544612122, 52.264900732428423 ], [ 5.026811722561026, 52.264882079075335 ], [ 5.026790503294729, 52.264863157920992 ], [ 5.026769916036765, 52.264843978042563 ], [ 5.026749960786678, 52.264824539440447 ], [ 5.026730651973931, 52.264804869122443 ], [ 5.02670983993241, 52.26478451114221 ], [ 5.02668974778953, 52.264763894706533 ], [ 5.026670375617452, 52.264743010828184 ], [ 5.026651752566511, 52.264721877572057 ], [ 5.026633878563134, 52.264700503926072 ], [ 5.026616738885409, 52.264678898833587 ], [ 5.026600362756295, 52.264657071371765 ], [ 5.026584764750377, 52.264635030573295 ], [ 5.026559181631827, 52.264592458072741 ], [ 5.026549861674583, 52.26457480450658 ], [ 5.026541495245677, 52.264556983079885 ], [ 5.026534082344057, 52.26453899379289 ], [ 5.026527637398384, 52.264520863653253 ], [ 5.026522174837261, 52.264502619668647 ], [ 5.026517679938442, 52.264484270782127 ], [ 5.026514167130468, 52.264465844001343 ], [ 5.026511650914681, 52.264447357346278 ], [ 5.026510884159757, 52.264442555505731 ], [ 5.026510175997892, 52.264437753843993 ], [ 5.026509541150127, 52.264432943418079 ], [ 5.02650763994462, 52.264414485602749 ], [ 5.026506647148194, 52.264396003595458 ], [ 5.026506562686878, 52.264377506383909 ], [ 5.026507386341008, 52.264359020930947 ], [ 5.026509118036613, 52.264340556224056 ], [ 5.026511757626883, 52.264322130238483 ], [ 5.026514451874259, 52.264304189762363 ], [ 5.026518127037187, 52.264286315193772 ], [ 5.026522768320653, 52.26426852446312 ], [ 5.026528390226016, 52.264250835590211 ], [ 5.026534977885471, 52.264233275492984 ], [ 5.02654251650412, 52.264215862101864 ], [ 5.02655100593525, 52.264198613391862 ], [ 5.026560431384052, 52.264181547293326 ], [ 5.026570792631078, 52.264164690768816 ], [ 5.026582060306327, 52.264148052716358 ], [ 5.026609302975471, 52.264123176612486 ], [ 5.026675326585561, 52.264048680126464 ], [ 5.026708967747295, 52.264016911871217 ], [ 5.026743338935275, 52.263985433442798 ], [ 5.026778425282199, 52.263954271758841 ], [ 5.026814241580931, 52.263923408888061 ], [ 5.02685077303709, 52.263892862760407 ], [ 5.026888056608707, 52.263863496319601 ], [ 5.02692585084753, 52.263834374094642 ], [ 5.026964126457149, 52.263805495995953 ], [ 5.027002898085264, 52.263776862067537 ], [ 5.027081641484269, 52.263721512236344 ], [ 5.027198030536042, 52.263639043873944 ], [ 5.027318164720846, 52.263566176813505 ], [ 5.027443493172873, 52.263492174995896 ], [ 5.027556912553936, 52.263429003102743 ], [ 5.027757142212233, 52.26332347479245 ], [ 5.028013549379406, 52.263190389388448 ], [ 5.028254398154036, 52.263062819655097 ], [ 5.028510914330428, 52.262934011710392 ], [ 5.028986171398793, 52.262699261574561 ], [ 5.029330538890834, 52.262528924610365 ], [ 5.029652579298294, 52.262373304097778 ], [ 5.029764587008745, 52.262319185549863 ], [ 5.02992299038584, 52.262240580467783 ], [ 5.030126058996601, 52.262135847652509 ], [ 5.030172181276216, 52.262112573658108 ], [ 5.03021777929899, 52.262088911585778 ], [ 5.030262809194305, 52.262064852315767 ], [ 5.030307285609307, 52.262040395893031 ], [ 5.030351193752168, 52.262015560249097 ], [ 5.030394518975285, 52.261990345340493 ], [ 5.030437261206496, 52.261964760155358 ], [ 5.03057127786086, 52.261887455741302 ], [ 5.030787636568439, 52.261757973440538 ], [ 5.03085140549439, 52.261718619225405 ], [ 5.030914489264923, 52.261678840482723 ], [ 5.030976873088879, 52.261638655144566 ], [ 5.031038542391077, 52.261598054180311 ], [ 5.031099497027913, 52.261557055566335 ], [ 5.031159737071625, 52.261515650316127 ], [ 5.031301870525983, 52.261415783095359 ], [ 5.031340785607628, 52.261388748007242 ], [ 5.031379073398306, 52.261361387456134 ], [ 5.031416748545541, 52.261333701486734 ], [ 5.031453781683412, 52.26130569899906 ], [ 5.031490187387701, 52.261277389025388 ], [ 5.031525951083486, 52.261248762534642 ], [ 5.031548183383618, 52.261230763880796 ], [ 5.031576844630675, 52.261207427815137 ], [ 5.031594932888815, 52.261192939916086 ], [ 5.031627971576081, 52.261166201629614 ], [ 5.031651012545765, 52.261147809924097 ], [ 5.031679317272298, 52.261125083933749 ], [ 5.031699924624427, 52.261108788052468 ], [ 5.031730896437995, 52.261084065783741 ], [ 5.031769996262927, 52.261050335173579 ], [ 5.03180838076044, 52.261016296813501 ], [ 5.031846064506714, 52.260981959735837 ], [ 5.031883047430859, 52.260947332928879 ], [ 5.031919285520835, 52.260912425248812 ], [ 5.031954808071823, 52.26087723678436 ], [ 5.031989600437794, 52.260841767492153 ], [ 5.032022808429991, 52.260806599015524 ], [ 5.032055271451152, 52.260771167644123 ], [ 5.03208697478376, 52.260735482322119 ], [ 5.032117918500802, 52.260699534062617 ], [ 5.032148102388479, 52.260663349828967 ], [ 5.032177497154214, 52.260626929533849 ], [ 5.032202053641177, 52.260596597440632 ], [ 5.032225879538793, 52.260566038452446 ], [ 5.032248974633176, 52.260535279532647 ], [ 5.032271338997199, 52.26050431169395 ], [ 5.032292957913479, 52.260473143880525 ], [ 5.03231383123997, 52.260441794067958 ], [ 5.032333959049645, 52.260410253269043 ], [ 5.032412803931289, 52.260292812223433 ], [ 5.032461297591769, 52.260214197368093 ], [ 5.032475580602802, 52.260190053967428 ], [ 5.032489030090185, 52.260165737295004 ], [ 5.032501602186289, 52.260141238231562 ], [ 5.032513311324365, 52.260116583784267 ], [ 5.032524157434103, 52.260091782940883 ], [ 5.032534125870044, 52.260066835657796 ], [ 5.032547624844177, 52.260036299545213 ], [ 5.032560421542397, 52.260005662457921 ], [ 5.032572530684429, 52.25997491545241 ], [ 5.032583937624862, 52.259944058484955 ], [ 5.032594656796998, 52.259913118562572 ], [ 5.032604673627084, 52.259882086653889 ], [ 5.032615227216706, 52.259851703478404 ], [ 5.032624814968085, 52.259821209550722 ], [ 5.03263345152983, 52.259790604915004 ], [ 5.032641136832251, 52.259759898559061 ], [ 5.032647856015802, 52.259729117402095 ], [ 5.032653594507377, 52.259698252412647 ], [ 5.032658381387534, 52.259667330641562 ], [ 5.032662187293346, 52.259636360988779 ], [ 5.032665802443273, 52.259609111727357 ], [ 5.03266859773525, 52.259581815067591 ], [ 5.032670602177674, 52.259554507047888 ], [ 5.032671801268557, 52.259527169649111 ], [ 5.032672180148015, 52.259499829790265 ], [ 5.032671768110757, 52.259472487559137 ], [ 5.03267082431555, 52.259443867460384 ], [ 5.032668855046315, 52.259415271249381 ], [ 5.032665904173144, 52.259386708045447 ], [ 5.032661927615064, 52.259358195692002 ], [ 5.032656954667138, 52.259329734276797 ], [ 5.032650970541536, 52.259301341731039 ], [ 5.032644004318456, 52.259273045105225 ], [ 5.032636026706682, 52.259244844311404 ], [ 5.032614098260416, 52.259166045092414 ], [ 5.032591730067802, 52.259087298475876 ], [ 5.032568907484649, 52.259008604417623 ], [ 5.032545630584902, 52.25892995392973 ], [ 5.032529995053952, 52.258884931884175 ], [ 5.032513347879503, 52.258840041618122 ], [ 5.032495718285598, 52.258795292206784 ], [ 5.032477091557054, 52.258750692593289 ], [ 5.03245748219977, 52.258706260796423 ], [ 5.032436890288102, 52.258661987828077 ], [ 5.032415315609855, 52.25861790065057 ], [ 5.032392758239326, 52.258573990275771 ], [ 5.032369232682154, 52.258530274722368 ], [ 5.032299966055495, 52.258418554681171 ], [ 5.032284794813918, 52.258392507316785 ], [ 5.032268713803711, 52.258366672926662 ], [ 5.032251723026238, 52.258341051510392 ], [ 5.032233836985692, 52.258315661086932 ], [ 5.032215055539984, 52.258290519631032 ], [ 5.032195393264828, 52.258265636173903 ], [ 5.032174864807561, 52.258241010759122 ], [ 5.032146490070303, 52.258206672883951 ], [ 5.032145488947065, 52.2582054834823 ], [ 5.032117337122417, 52.25817258432339 ], [ 5.032115261504858, 52.25817022327486 ], [ 5.03208739131905, 52.258138745032937 ], [ 5.032084211774726, 52.258135230224134 ], [ 5.03205668181038, 52.258105173075215 ], [ 5.032052339542934, 52.258100531292357 ], [ 5.032025193879736, 52.258071877393192 ], [ 5.032019630308072, 52.258066108459708 ], [ 5.031992942246128, 52.258038849042713 ], [ 5.031989527732937, 52.258035414415737 ], [ 5.031986113148551, 52.258031988776281 ], [ 5.031974762318428, 52.258020953551934 ], [ 5.031963352694295, 52.25800994511328 ], [ 5.031951898994014, 52.257998954516736 ], [ 5.031908579561048, 52.257957983581719 ], [ 5.031864598909916, 52.257917289265677 ], [ 5.031819942395545, 52.257876871523806 ], [ 5.031774624736769, 52.25783672141177 ], [ 5.031728645719246, 52.257796865891713 ], [ 5.031632335048731, 52.257717519192731 ], [ 5.031595730218331, 52.257690463536456 ], [ 5.031559831312718, 52.257663050478882 ], [ 5.031524682341228, 52.257635271165348 ], [ 5.031490268441881, 52.257607152515249 ], [ 5.031456618977837, 52.257578685629809 ], [ 5.031423719158785, 52.257549888440813 ], [ 5.031391598204061, 52.257520770024627 ], [ 5.03136440777959, 52.257495980605057 ], [ 5.03133799613482, 52.25747087894927 ], [ 5.03131237791492, 52.257445465101824 ], [ 5.031287582339042, 52.257419748139093 ], [ 5.031263579970705, 52.25739374594864 ], [ 5.031240414674818, 52.25736746765083 ], [ 5.031218071804428, 52.2573409132021 ], [ 5.031196565788724, 52.257314109609887 ], [ 5.031175925990183, 52.257287047975211 ], [ 5.031156122972074, 52.257259746185547 ], [ 5.031138432176697, 52.257235713340833 ], [ 5.031121578011249, 52.257211458317585 ], [ 5.031105589766298, 52.257186981204448 ], [ 5.031090467296849, 52.257162299976969 ], [ 5.031076210529766, 52.25713742362317 ], [ 5.031062833965785, 52.257112370162638 ], [ 5.031050352249388, 52.257087139639886 ], [ 5.031038750589573, 52.257061749986178 ], [ 5.031028043558841, 52.257036210233679 ], [ 5.031018080623717, 52.257009198716446 ], [ 5.031008938870873, 52.256982063842941 ], [ 5.031000632656973, 52.256954841608092 ], [ 5.030993176698205, 52.256927523068491 ], [ 5.030986556275383, 52.256900117167774 ], [ 5.030980785816974, 52.256872650913145 ], [ 5.030975850747619, 52.256845115272931 ], [ 5.03097209433683, 52.256820369415095 ], [ 5.030969246252105, 52.256795590343096 ], [ 5.030967277272443, 52.256770768981099 ], [ 5.030966231189618, 52.256745923436775 ], [ 5.030966078494934, 52.256721080584818 ], [ 5.030966819258819, 52.25669623143758 ], [ 5.030968467909674, 52.256671403002031 ], [ 5.030971009728395, 52.256646604221594 ], [ 5.030974459287221, 52.256621844128048 ], [ 5.030978414955861, 52.256588744843114 ], [ 5.030983205132021, 52.256555684024114 ], [ 5.03098880037876, 52.256522679557911 ], [ 5.030995230057459, 52.256489722545055 ], [ 5.031002479376844, 52.256456830916484 ], [ 5.031010562908808, 52.256424013703857 ], [ 5.031019451288468, 52.25639127980633 ], [ 5.031029159159673, 52.256358629267879 ], [ 5.031048781528986, 52.256305938752142 ], [ 5.031069237712415, 52.256253367586872 ], [ 5.031090513061656, 52.256200915727526 ], [ 5.031112622075697, 52.256148601193019 ], [ 5.031135550178212, 52.256096414951131 ], [ 5.03115304861056, 52.256060210707659 ], [ 5.031171380655433, 52.256024152777755 ], [ 5.031190531449907, 52.25598826807979 ], [ 5.031210501135976, 52.255952538638155 ], [ 5.031231260205417, 52.255916991327069 ], [ 5.031252852592834, 52.255881626278466 ], [ 5.031275234360303, 52.255846443359545 ], [ 5.031298420007907, 52.255811460589236 ], [ 5.031322394888686, 52.255776677923009 ], [ 5.031358953371297, 52.25572320247182 ], [ 5.03139644705645, 52.25566998148367 ], [ 5.03143486136794, 52.255617005925984 ], [ 5.031474225521915, 52.255564284873614 ], [ 5.031514510081474, 52.255511836212733 ], [ 5.031555700470632, 52.255459650910772 ], [ 5.031597811260403, 52.255407737998411 ], [ 5.031640842304775, 52.255356115449956 ], [ 5.031694456921408, 52.255295959303574 ], [ 5.03174877242494, 52.255236047911957 ], [ 5.031803803458619, 52.255176381318158 ], [ 5.031859535375322, 52.255116959477206 ], [ 5.031915968101432, 52.255057791375748 ], [ 5.031973101706844, 52.254998868025091 ], [ 5.032030921401201, 52.254940207355538 ], [ 5.032097494805336, 52.254872881711641 ], [ 5.032164754318639, 52.254805809750295 ], [ 5.032232699867507, 52.254739000458002 ], [ 5.032301331450052, 52.254672453833528 ], [ 5.032370634347789, 52.254606178819408 ], [ 5.032440623275588, 52.254540166470711 ], [ 5.03256317221403, 52.254426577351282 ], [ 5.032677209867885, 52.254320566291355 ], [ 5.032791288528236, 52.254216694350298 ], [ 5.032939544446266, 52.254085727521584 ], [ 5.033106746671177, 52.253946009178186 ], [ 5.03317843844863, 52.253886589580205 ], [ 5.03325065538723, 52.253827405195054 ], [ 5.033323382769873, 52.253768464965582 ], [ 5.033396635311862, 52.253709759946986 ], [ 5.033470398224774, 52.253651308069863 ], [ 5.033645077833353, 52.253510110367515 ], [ 5.034054957326891, 52.2532004910802 ], [ 5.034277364889273, 52.253031069389699 ], [ 5.034413487772325, 52.252922129632317 ], [ 5.034440501286645, 52.252902571815291 ], [ 5.03446824386547, 52.252883411633022 ], [ 5.034496700935384, 52.252864640053652 ], [ 5.034525857709414, 52.252846275008253 ], [ 5.03455568482748, 52.252828325396578 ], [ 5.034586182147241, 52.252810809193363 ], [ 5.034606843402541, 52.252798179992091 ], [ 5.03462814572546, 52.252785966140401 ], [ 5.034650074400504, 52.252774176581823 ], [ 5.034672614712241, 52.25276282026006 ], [ 5.034695737158601, 52.25275192405028 ], [ 5.034719412522264, 52.252741478877141 ], [ 5.034738339168504, 52.252733365366325 ], [ 5.034757745728222, 52.252725675712348 ], [ 5.034777588126305, 52.252718427759092 ], [ 5.034797851647616, 52.252711630450456 ], [ 5.034818506932693, 52.252705292686379 ], [ 5.03483952469327, 52.252699414379485 ], [ 5.03486087549886, 52.252694013417482 ], [ 5.03488252999017, 52.2526890987005 ], [ 5.034920338568615, 52.252682209862236 ], [ 5.034958406467268, 52.252675861055458 ], [ 5.034996704398678, 52.252670052192627 ], [ 5.03503520300434, 52.252664792173917 ], [ 5.03507388764125, 52.252660080955479 ], [ 5.035134804815804, 52.252653278866681 ], [ 5.035268965691009, 52.252643917610015 ], [ 5.035299423163376, 52.252642507323813 ], [ 5.035329907862502, 52.252641357758321 ], [ 5.035377328900759, 52.25264116637149 ], [ 5.035424760961171, 52.252641433378535 ], [ 5.035472160112149, 52.252642158648769 ], [ 5.035519555643864, 52.252643342269359 ], [ 5.035566903624715, 52.252644984109516 ], [ 5.035614204056161, 52.252647084169411 ], [ 5.035732989630342, 52.252654196309649 ], [ 5.035773471803753, 52.252666648004457 ], [ 5.035814102004123, 52.252678902392759 ], [ 5.035854909590697, 52.252690950573914 ], [ 5.035895865203386, 52.252702801448216 ], [ 5.035932913200496, 52.252714335108529 ], [ 5.035969532559041, 52.252726370802762 ], [ 5.036005708635534, 52.252738908487828 ], [ 5.03604141221293, 52.2527519390894 ], [ 5.036076628718495, 52.252765453576814 ], [ 5.036111343437656, 52.252779460894665 ], [ 5.036145541939298, 52.252793934036923 ], [ 5.036179194935172, 52.252808872917107 ], [ 5.036220680259785, 52.252827861600267 ], [ 5.036261738310263, 52.252847181550344 ], [ 5.036302383731394, 52.25286683281125 ], [ 5.036342601879102, 52.252886815339991 ], [ 5.036382378180087, 52.252907120105839 ], [ 5.036443486921359, 52.252941077786893 ], [ 5.036504065652488, 52.252975402364982 ], [ 5.036564085155579, 52.253010084766409 ], [ 5.036623560075256, 52.253045125035449 ], [ 5.036659871416679, 52.253066578861393 ], [ 5.036695652972965, 52.253088363655223 ], [ 5.036730904814887, 52.25311047042976 ], [ 5.036765626871675, 52.253132908173178 ], [ 5.036799775351208, 52.253155658780315 ], [ 5.036833379613118, 52.253178713350991 ], [ 5.036900248163739, 52.253225234896327 ], [ 5.036966734398617, 52.253271970978524 ], [ 5.037032838388193, 52.253318912610617 ], [ 5.037098545558265, 52.253366050762175 ], [ 5.037147795216808, 52.253403460229691 ], [ 5.037196398051221, 52.253441191323255 ], [ 5.037244354131556, 52.253479235056027 ], [ 5.03729164881252, 52.253517591385425 ], [ 5.037338282164029, 52.253556251324611 ], [ 5.037384239611264, 52.253595205843382 ], [ 5.037421984964816, 52.253626235728312 ], [ 5.037458980808784, 52.253657604921123 ], [ 5.037495197923631, 52.253689304348299 ], [ 5.037530650882605, 52.253721343041491 ], [ 5.037565310536601, 52.253753702939505 ], [ 5.037599176955212, 52.253786375055299 ], [ 5.037632235563235, 52.253819350358711 ], [ 5.037664501004294, 52.253852628893704 ], [ 5.037695944058302, 52.25388620158661 ], [ 5.03772656479457, 52.253920059450465 ], [ 5.03775634863757, 52.253954193455037 ], [ 5.037785310301266, 52.253988594656569 ], [ 5.037824616209566, 52.254035456612918 ], [ 5.0378630413245, 52.254082594575536 ], [ 5.037900585714501, 52.254129999557648 ], [ 5.037937234732565, 52.254177671516821 ], [ 5.037972988517478, 52.254225592478576 ], [ 5.038007847066946, 52.254273762443759 ], [ 5.038041810449134, 52.254322172425475 ], [ 5.038074864016741, 52.254370822381269 ], [ 5.038184947477776, 52.254541449103399 ], [ 5.038306918650697, 52.254746372455394 ], [ 5.038372191286547, 52.254856881861805 ], [ 5.038451272129596, 52.254984571782764 ], [ 5.038540613041513, 52.25513370993486 ], [ 5.038624833043033, 52.255271058842325 ], [ 5.038683416863655, 52.255349425798116 ], [ 5.038708987948898, 52.255384985182978 ], [ 5.038735248880092, 52.255420357851044 ], [ 5.038762170438337, 52.255455534727936 ], [ 5.038789767199801, 52.255490524843978 ], [ 5.038818039376739, 52.255525301235821 ], [ 5.038846957539035, 52.255559881791854 ], [ 5.038876551119121, 52.255594248622714 ], [ 5.038999200027071, 52.25572640766044 ], [ 5.03903084208005, 52.25576105012069 ], [ 5.039063233135718, 52.255795434130818 ], [ 5.039096387981219, 52.255829541758118 ], [ 5.039130277326865, 52.255863372915641 ], [ 5.039164915889392, 52.255896918658316 ], [ 5.039200274378954, 52.255930178899185 ], [ 5.0392363822279, 52.255963135748608 ], [ 5.039273195430526, 52.255995798064234 ], [ 5.039366722973185, 52.256068964692503 ], [ 5.039435985372673, 52.256124911062109 ], [ 5.039519171644653, 52.256185185545206 ], [ 5.039592009936231, 52.256231507377095 ], [ 5.039618276800624, 52.25625126798397 ], [ 5.039645308274384, 52.256270644356 ], [ 5.039673089922762, 52.256289609486785 ], [ 5.039701607100382, 52.256308163332726 ], [ 5.039730845302111, 52.256326287874948 ], [ 5.039760775236838, 52.256343983026873 ], [ 5.039791382399228, 52.256361230769649 ], [ 5.039822666859282, 52.256378022115129 ], [ 5.03988208110668, 52.256408602561677 ], [ 5.039941834177755, 52.256438941301795 ], [ 5.040001896780993, 52.25646903824893 ], [ 5.040062298277387, 52.256498884501028 ], [ 5.040092945958696, 52.256512842735305 ], [ 5.040124080118625, 52.256526397937257 ], [ 5.040155686251271, 52.256539532088333 ], [ 5.040187749710511, 52.256552245145095 ], [ 5.040220255920238, 52.256564528076559 ], [ 5.040253175588568, 52.25657638079641 ], [ 5.040286508854967, 52.256587785329032 ], [ 5.040320241003047, 52.256598750618778 ], [ 5.040354357456476, 52.25660926763458 ], [ 5.040384707048602, 52.256620151077634 ], [ 5.04041551473235, 52.256630514562183 ], [ 5.040446795152632, 52.25664035813093 ], [ 5.040478489795965, 52.256649672623951 ], [ 5.040510584085793, 52.256658449010359 ], [ 5.040543078021193, 52.256666687289894 ], [ 5.040575913158432, 52.2566743693151 ], [ 5.040609074780798, 52.256681504030396 ], [ 5.040642548381471, 52.25668807341733 ], [ 5.040676304667931, 52.25669407738971 ], [ 5.040723511891943, 52.256701208308407 ], [ 5.040770898656513, 52.256707854391237 ], [ 5.040818450384411, 52.256714006607361 ], [ 5.0408661816499, 52.256719673987234 ], [ 5.040914063299916, 52.256724838469452 ], [ 5.04096206590167, 52.256729517943413 ], [ 5.04098813801758, 52.256731122241824 ], [ 5.041014286858698, 52.25673227736732 ], [ 5.041040468487126, 52.256732983191249 ], [ 5.041066668186478, 52.256733248658286 ], [ 5.04109287138015, 52.256733064737958 ], [ 5.041119063421648, 52.256732431387299 ], [ 5.04114521501876, 52.256731348520638 ], [ 5.041184776262075, 52.256727284989459 ], [ 5.041224166290231, 52.256722636734551 ], [ 5.041263355810331, 52.256717403670301 ], [ 5.041302330035527, 52.256711603729379 ], [ 5.041341059812674, 52.256705218851046 ], [ 5.041379545070533, 52.256698258023093 ], [ 5.041417727085324, 52.256690739049709 ], [ 5.04148623646336, 52.256674374857319 ], [ 5.041554528548394, 52.256657695415605 ], [ 5.041622618054658, 52.256640691780063 ], [ 5.041690490265469, 52.256623372895959 ], [ 5.041738134666732, 52.25660815193784 ], [ 5.041785416171692, 52.256592507471808 ], [ 5.041832320133728, 52.256576439455479 ], [ 5.041878846412463, 52.25655996586454 ], [ 5.041924980500823, 52.256543068681417 ], [ 5.041970707543188, 52.256525774826649 ], [ 5.042016013032564, 52.25650806628267 ], [ 5.042048417325956, 52.256495775667794 ], [ 5.042080341849524, 52.256483025263556 ], [ 5.042111786533019, 52.25646982405808 ], [ 5.042142722015011, 52.256456180953741 ], [ 5.042173119003821, 52.256442095865545 ], [ 5.042202992005352, 52.256427586811846 ], [ 5.042232297082452, 52.256412653664874 ], [ 5.042261048741165, 52.256397314443021 ], [ 5.042289188398912, 52.256381568975726 ], [ 5.042316745346739, 52.256365417348917 ], [ 5.042343675438902, 52.256348886397674 ], [ 5.042475177510386, 52.25627558769343 ], [ 5.042559368075014, 52.256225627137809 ], [ 5.042593413391752, 52.256207526027815 ], [ 5.042626846838344, 52.256189000695997 ], [ 5.042659639053989, 52.256170060045179 ], [ 5.042691804684096, 52.256150704118518 ], [ 5.042723299652956, 52.256130950763826 ], [ 5.04275413860612, 52.256110800024224 ], [ 5.042784292113583, 52.256090269790263 ], [ 5.042813745530031, 52.256069360019687 ], [ 5.042847209927904, 52.256046808164669 ], [ 5.042879974159298, 52.256023885759319 ], [ 5.042912038293982, 52.256000583816537 ], [ 5.042943402123721, 52.255976929299813 ], [ 5.04297402178203, 52.255952913094092 ], [ 5.043003911845314, 52.255928544230258 ], [ 5.04303305752965, 52.255903840641466 ], [ 5.043061444120709, 52.25587881127327 ], [ 5.043089021138464, 52.255856197269551 ], [ 5.043115970529018, 52.255833302809449 ], [ 5.043142277716882, 52.255810118863081 ], [ 5.043167927918238, 52.255786663363494 ], [ 5.043192906418805, 52.255762945256194 ], [ 5.043217227864595, 52.255738964584168 ], [ 5.043240877541423, 52.255714730292851 ], [ 5.043260127257446, 52.255693197520941 ], [ 5.043278690358862, 52.255671438052161 ], [ 5.043296552131611, 52.255649460831833 ], [ 5.043313697931122, 52.255627265817722 ], [ 5.043330142264699, 52.255604871027884 ], [ 5.043345841127765, 52.255582285322568 ], [ 5.043360823811897, 52.255559508787201 ], [ 5.043375075533853, 52.255536559354802 ], [ 5.043406919936135, 52.25548853109651 ], [ 5.043420991911018, 52.255462300574777 ], [ 5.043433532431465, 52.255437144137929 ], [ 5.043445209976996, 52.255411841384557 ], [ 5.043456053839495, 52.255386392400098 ], [ 5.043466019945722, 52.255360815032297 ], [ 5.043475137518196, 52.255335118354189 ], [ 5.043483391913084, 52.255309302323397 ], [ 5.043490768278404, 52.25528339386036 ], [ 5.043500374170887, 52.255253249620139 ], [ 5.04350911674611, 52.255223004002531 ], [ 5.043516981291181, 52.255192665952855 ], [ 5.043523997028847, 52.255162244543996 ], [ 5.043530134531675, 52.255131757666248 ], [ 5.043535408377227, 52.255101214349963 ], [ 5.043539803922108, 52.255070614552693 ], [ 5.043544102009674, 52.255039358359539 ], [ 5.043547580310169, 52.255008054843515 ], [ 5.043550194751162, 52.254976721852131 ], [ 5.043551974555332, 52.254945368458323 ], [ 5.043552919655069, 52.254914003649731 ], [ 5.043553015337649, 52.254882636371441 ], [ 5.043552276249962, 52.254851266666044 ], [ 5.043549699443706, 52.254796145747854 ], [ 5.043547430189787, 52.254741025723121 ], [ 5.043545468556441, 52.25468589760434 ], [ 5.043543814542526, 52.254630761391482 ], [ 5.04354800375262, 52.254554790379849 ], [ 5.04355962720842, 52.254426414914128 ], [ 5.043579993536462, 52.254298073848972 ], [ 5.043603619615785, 52.254193281405485 ], [ 5.043621595330528, 52.254135568811947 ], [ 5.043664550634233, 52.254015876771746 ], [ 5.043714540706514, 52.253889796826826 ], [ 5.043769831063126, 52.253756245387599 ], [ 5.043840997959061, 52.253603488086561 ], [ 5.043885727789801, 52.253479531886917 ], [ 5.043893962609586, 52.253456178431229 ], [ 5.043894922182876, 52.253453287133588 ], [ 5.04390142201806, 52.253432723856562 ], [ 5.04390315099037, 52.253426913745201 ], [ 5.043908105877787, 52.253409186138292 ], [ 5.043910399361406, 52.253400438642338 ], [ 5.043914028834568, 52.253385565319057 ], [ 5.043916652583778, 52.253373870770382 ], [ 5.043919161461776, 52.253361879289251 ], [ 5.043921939879115, 52.25334721920207 ], [ 5.043923671989186, 52.253337202789858 ], [ 5.043926231821349, 52.25332050182778 ], [ 5.04392733354154, 52.253312469897573 ], [ 5.04392954298753, 52.253293727677864 ], [ 5.04393014598164, 52.253287698587719 ], [ 5.043931858596247, 52.253266914685092 ], [ 5.043932109310891, 52.25326288886037 ], [ 5.043933178510703, 52.253240080824774 ], [ 5.043933237967376, 52.253238067721043 ], [ 5.043933502663387, 52.253213235084658 ], [ 5.043929796182777, 52.253046266180156 ], [ 5.043919265776577, 52.252862137637607 ], [ 5.043920993774377, 52.252822263602184 ], [ 5.043923263542817, 52.252782400127685 ], [ 5.043926075080446, 52.252742547214204 ], [ 5.04392942831651, 52.252702713849224 ], [ 5.043938819906542, 52.252629975554598 ], [ 5.043945280125822, 52.252593638494261 ], [ 5.043952545357132, 52.252557357698144 ], [ 5.043960615598526, 52.252521133166184 ], [ 5.0439694906402, 52.252484991861046 ], [ 5.043979155974521, 52.25244891576483 ], [ 5.043989626036042, 52.252412931882688 ], [ 5.044009432108148, 52.252345589561244 ], [ 5.044047247234306, 52.252236928481715 ], [ 5.044095340470093, 52.252124747026478 ], [ 5.044168272838879, 52.251966646848089 ], [ 5.044232233169162, 52.251836346950363 ], [ 5.044354844397242, 52.251584270094618 ], [ 5.0444383340687, 52.25141658336721 ], [ 5.044559225039521, 52.251161292635388 ], [ 5.044640914740206, 52.250998948304343 ], [ 5.044708365736803, 52.250867588694504 ], [ 5.044751081668347, 52.250772513212894 ], [ 5.044802615548228, 52.2506656981706 ], [ 5.044843435767961, 52.250586669452538 ], [ 5.044875421317485, 52.250521519328572 ], [ 5.044894343115304, 52.250483196031112 ], [ 5.044914083749727, 52.250445027895132 ], [ 5.044934657793392, 52.250407023950295 ], [ 5.04495605053169, 52.250369193141353 ], [ 5.044978261962786, 52.250331535467922 ], [ 5.045001291946707, 52.250294068904779 ], [ 5.04502583446244, 52.250252238622885 ], [ 5.045051297887931, 52.25021061772199 ], [ 5.045077682151894, 52.25016921518916 ], [ 5.045104972608615, 52.250128030981394 ], [ 5.045133154543408, 52.250087074043336 ], [ 5.045162257103178, 52.250046362434368 ], [ 5.04519223642443, 52.250005887039116 ], [ 5.045216046745236, 52.249973545762813 ], [ 5.045240733845183, 52.249941440702358 ], [ 5.045266268228766, 52.249909598735407 ], [ 5.045292664607095, 52.249878010916063 ], [ 5.045319908128308, 52.249846704164405 ], [ 5.045347984216709, 52.249815669449802 ], [ 5.045376907307498, 52.249784933777008 ], [ 5.045406648181666, 52.249754488072973 ], [ 5.045437192056744, 52.2497243502701 ], [ 5.045560330938779, 52.249606057713102 ], [ 5.045679895508324, 52.249497389669877 ], [ 5.045715262641186, 52.249464578365256 ], [ 5.045751447128017, 52.249432110949385 ], [ 5.045788478185558, 52.2493999964938 ], [ 5.045826311814078, 52.249368243858463 ], [ 5.045864947943892, 52.249336862030262 ], [ 5.045904386574271, 52.249305851008501 ], [ 5.045944627566755, 52.249275228767495 ], [ 5.045985626991007, 52.249244995179765 ], [ 5.046117352693165, 52.249142797097406 ], [ 5.046256169122794, 52.249026706134856 ], [ 5.04631597445131, 52.248969158684929 ], [ 5.046339804987698, 52.248947386945467 ], [ 5.046363095424466, 52.248925388947441 ], [ 5.046385831050134, 52.248903173636556 ], [ 5.046407997153278, 52.24888074995863 ], [ 5.046429593734443, 52.248858117913919 ], [ 5.046450502823909, 52.248835385016861 ], [ 5.046470856829537, 52.2488124707588 ], [ 5.046488052226195, 52.248792809980451 ], [ 5.046504517172281, 52.248772922397741 ], [ 5.046520237094205, 52.248752798981187 ], [ 5.046535211786432, 52.248732466693973 ], [ 5.046549426537934, 52.248711934481818 ], [ 5.046562866706512, 52.248691202302886 ], [ 5.046575532155544, 52.248670288132644 ], [ 5.046587422817219, 52.248649200959022 ], [ 5.046596513961342, 52.248634199477195 ], [ 5.046604815681303, 52.248619024950585 ], [ 5.046612313197283, 52.248603695312504 ], [ 5.046618977086468, 52.248588228453961 ], [ 5.046624821992697, 52.248572624417356 ], [ 5.046629847641798, 52.248556919153344 ], [ 5.046634024679818, 52.24854112156531 ], [ 5.04663736761317, 52.248525249670863 ], [ 5.04665191110295, 52.248457891705499 ], [ 5.046655524050156, 52.248429689260888 ], [ 5.046658507482484, 52.248401467026525 ], [ 5.046660846826907, 52.248373215972585 ], [ 5.046662556658859, 52.24834494512897 ], [ 5.046663636910801, 52.248316663483351 ], [ 5.046663282643997, 52.24829788684773 ], [ 5.046662457031284, 52.248254581016084 ], [ 5.046659439856121, 52.248201058673793 ], [ 5.046651347301308, 52.248131460421604 ], [ 5.046636764684109, 52.248058446060156 ], [ 5.046625180802049, 52.247987759202005 ], [ 5.046610247674542, 52.247903149500083 ], [ 5.04659222555625, 52.247772513105488 ], [ 5.046580818441916, 52.247682565787528 ], [ 5.046573100784732, 52.247592701002965 ], [ 5.046563447535259, 52.247480226196046 ], [ 5.046541350143958, 52.247220072107552 ], [ 5.046520890741415, 52.246971696807655 ], [ 5.046502466781131, 52.246886007458464 ], [ 5.0464759754123, 52.246727511231434 ], [ 5.046404230950706, 52.246363350328181 ], [ 5.04636915755893, 52.246189828588811 ], [ 5.046314296836135, 52.245888882907479 ], [ 5.046221163206412, 52.245381222988094 ], [ 5.046133162186118, 52.244884282290293 ], [ 5.046041581757163, 52.24439803568022 ], [ 5.045961842229083, 52.243954650274326 ], [ 5.045910189935988, 52.243684739614231 ], [ 5.045854209945137, 52.243381624262604 ], [ 5.046000106406468, 52.243252656387867 ], [ 5.045997787150561, 52.243234314463919 ], [ 5.045996061111616, 52.243220719841062 ], [ 5.045997061813459, 52.243220057628847 ], [ 5.046169413750445, 52.243104584791652 ], [ 5.046522099529597, 52.242871072867942 ], [ 5.046529192591471, 52.242866383677885 ], [ 5.046548174412006, 52.242854053127253 ], [ 5.046550455201992, 52.2428525677173 ], [ 5.046570864144711, 52.242839333503113 ], [ 5.046577588624379, 52.242834975798459 ], [ 5.046845356225613, 52.242679205758826 ], [ 5.047010175090154, 52.242581389112331 ], [ 5.047187275509199, 52.242476138661971 ], [ 5.047318759750226, 52.242400668352751 ], [ 5.047560717065267, 52.242259274931598 ], [ 5.047580042664221, 52.242247870952284 ], [ 5.047599980225843, 52.242236855206194 ], [ 5.047620485621778, 52.242226254529832 ], [ 5.047641544211259, 52.242216068880857 ], [ 5.047663155857454, 52.242206316234331 ], [ 5.047685261859868, 52.242197014396957 ], [ 5.04770786228738, 52.242188154380791 ], [ 5.047737385573969, 52.24217577303024 ], [ 5.047767432286628, 52.242163869532114 ], [ 5.047797987647996, 52.242152461819373 ], [ 5.047829022239898, 52.242141567782845 ], [ 5.047860521559115, 52.242131169404779 ], [ 5.047892456050657, 52.242121302551404 ], [ 5.047924811211419, 52.24211194920499 ], [ 5.048019236596588, 52.242084492709687 ], [ 5.048155671301267, 52.242041149293264 ], [ 5.04832964038465, 52.241990812945922 ], [ 5.048571299049836, 52.24178592636887 ], [ 5.048637560762725, 52.241730598218005 ], [ 5.048708419465411, 52.241671436393489 ], [ 5.048736739013702, 52.241649757899836 ], [ 5.048784168029684, 52.24161035613951 ], [ 5.048840353658734, 52.241568849309388 ], [ 5.048871959397064, 52.241544358004447 ], [ 5.048940428250892, 52.241493269282863 ], [ 5.048987824430491, 52.241458145566952 ], [ 5.049068566634229, 52.241400683552271 ], [ 5.049117712971686, 52.241364495236475 ], [ 5.049194898903805, 52.241314509847534 ], [ 5.049301876270042, 52.241247514685881 ], [ 5.04954212874865, 52.2410975918365 ], [ 5.049610492257454, 52.24105827651946 ], [ 5.04975299933797, 52.24097420664102 ], [ 5.050311682459261, 52.24064671015406 ], [ 5.050691195667808, 52.240422474791046 ], [ 5.051088241909738, 52.240190819164049 ], [ 5.051437837439563, 52.239987851458658 ], [ 5.051813801564621, 52.239766811066303 ], [ 5.052159928806009, 52.239562761822462 ], [ 5.052433965053455, 52.239403365775622 ], [ 5.052485215437066, 52.239372916270717 ], [ 5.052730907499973, 52.239226939015303 ], [ 5.053099851618614, 52.239009065345648 ], [ 5.053519696358055, 52.238765718854935 ], [ 5.053906207114323, 52.238537223673056 ], [ 5.05431551445693, 52.238298113864097 ], [ 5.054607154580417, 52.23812593667833 ], [ 5.054900519847321, 52.237953772610467 ], [ 5.055120118106935, 52.237824110859819 ], [ 5.055415244168808, 52.237650871916479 ], [ 5.055650624427328, 52.237514854129763 ], [ 5.055887807703868, 52.237372423594721 ], [ 5.05603893252469, 52.237279930680529 ], [ 5.0560898800007, 52.237250179813834 ], [ 5.056184807902053, 52.237188492423797 ], [ 5.05627624718635, 52.237127361423219 ], [ 5.056413791186974, 52.237006419361364 ], [ 5.056466741606653, 52.236955264848937 ], [ 5.056567300589005, 52.236862557819464 ], [ 5.056638061254231, 52.236782575056061 ], [ 5.05676172639965, 52.236651581280761 ], [ 5.056828754052382, 52.236593212762045 ], [ 5.056894440775324, 52.236535999891252 ], [ 5.056896310425856, 52.236532616692756 ], [ 5.05696552987989, 52.236407618201518 ], [ 5.057126933756595, 52.236116520822726 ], [ 5.057128123986407, 52.23611394463034 ], [ 5.057188677088176, 52.236004569665496 ], [ 5.057501536706325, 52.235835770080428 ], [ 5.057729908047756, 52.235352779023401 ], [ 5.057484702239366, 52.235206788275008 ], [ 5.056761734003472, 52.235592837862086 ], [ 5.056354541975656, 52.235337449768231 ], [ 5.056280860548927, 52.235381257028898 ], [ 5.055789549384012, 52.235213595612805 ], [ 5.056224256550324, 52.234978666800949 ], [ 5.055421879087664, 52.234724001416517 ], [ 5.054599708322141, 52.234462956369519 ], [ 5.054475929671042, 52.234422926466685 ], [ 5.053532248845733, 52.234117742848831 ], [ 5.053282631921859, 52.234242679142568 ], [ 5.052883540082346, 52.233940196422893 ], [ 5.05292048990001, 52.233922352182965 ], [ 5.052454788033336, 52.233765417840097 ], [ 5.052237328846431, 52.233857529451193 ], [ 5.051899689391573, 52.233704200488113 ], [ 5.051955077042005, 52.233673646091475 ], [ 5.051813624954272, 52.23356292756764 ], [ 5.05164763941108, 52.233512483767285 ], [ 5.051502071860726, 52.233468254432843 ], [ 5.051238191136322, 52.233384088027719 ], [ 5.051087091735472, 52.233335896775287 ], [ 5.050571360827301, 52.233174201867342 ], [ 5.050026131671236, 52.233001689006329 ], [ 5.049728097414822, 52.232908937195347 ], [ 5.049666513307439, 52.232889778906852 ], [ 5.049614582338024, 52.232873623151193 ], [ 5.048867701300058, 52.232626522479833 ], [ 5.048706647962126, 52.232573230502709 ], [ 5.048630439118123, 52.232548583123446 ], [ 5.048544957934296, 52.23252094312172 ], [ 5.048166689984364, 52.23239858499592 ], [ 5.04763520281445, 52.232225093822223 ], [ 5.047355932452217, 52.232133926840163 ], [ 5.046929799382161, 52.231995069121382 ], [ 5.046510458720755, 52.231858413494798 ], [ 5.04611250771679, 52.231734976368209 ], [ 5.045428466013405, 52.23151583470235 ], [ 5.04464190480441, 52.231270560716773 ], [ 5.043989643246449, 52.231070125684383 ], [ 5.043822541101102, 52.231018768795998 ], [ 5.043796328758747, 52.231010711381352 ], [ 5.043555253381193, 52.231106773979597 ], [ 5.043244419128709, 52.230819210162757 ], [ 5.043202722625074, 52.230805193515877 ], [ 5.043105446717269, 52.230778018536441 ], [ 5.042441043138216, 52.230561469216141 ], [ 5.042397255972652, 52.230547194522373 ], [ 5.041585570519999, 52.230888222961546 ], [ 5.041544102832037, 52.230744789927542 ], [ 5.041529130357081, 52.230708731693895 ], [ 5.041505427973651, 52.230628175890018 ], [ 5.041469397760416, 52.230497108077223 ], [ 5.041433058244618, 52.230351227318792 ], [ 5.041350338725262, 52.230091523098977 ], [ 5.041345389191983, 52.230076714560141 ], [ 5.040999483255581, 52.229974740676212 ], [ 5.04054548865411, 52.22984196180731 ], [ 5.040517638900191, 52.229833817965655 ], [ 5.040627630693934, 52.229697327121947 ], [ 5.040670052305318, 52.229625413678662 ], [ 5.040684273015626, 52.229594267437221 ], [ 5.040696513252016, 52.229567456532607 ], [ 5.040705849744439, 52.229547009519131 ], [ 5.04075556410029, 52.229542373747144 ], [ 5.040838513990035, 52.229534653677433 ], [ 5.041313568237351, 52.229494107869719 ], [ 5.041101761900777, 52.229321774154158 ], [ 5.041260357555726, 52.229259116719639 ], [ 5.041263147176695, 52.229258010389984 ], [ 5.04136076800062, 52.229219441558847 ], [ 5.041384888511953, 52.229210173749237 ], [ 5.041499765403221, 52.229166037881818 ], [ 5.04150858852408, 52.229162648301788 ], [ 5.041579233592829, 52.229135325092408 ], [ 5.04158219911657, 52.229134183318294 ], [ 5.041699383461225, 52.229092552637702 ], [ 5.041724878071941, 52.229083495498145 ], [ 5.041976362831898, 52.228982424828715 ], [ 5.042006725707103, 52.228970325972767 ], [ 5.04248445490768, 52.228779883387496 ], [ 5.04229028633555, 52.228620581743584 ], [ 5.042041456917225, 52.22839627253007 ], [ 5.042027112393577, 52.228402009832791 ], [ 5.041981343605562, 52.228418980053753 ], [ 5.041976809295774, 52.228414805415476 ], [ 5.041773240322625, 52.228284730996123 ], [ 5.041770782456219, 52.228280814081138 ], [ 5.04169481111614, 52.228234529044244 ], [ 5.041685795065542, 52.228234511666479 ], [ 5.04158270209842, 52.228212765052817 ], [ 5.041570831928945, 52.22820331102772 ], [ 5.041532019778875, 52.22817823813152 ], [ 5.041466922045736, 52.228141619769204 ], [ 5.041408544435461, 52.228114197667523 ], [ 5.041381781158126, 52.228101967717961 ], [ 5.041353608377289, 52.228086533949984 ], [ 5.041325611058346, 52.228069240196909 ], [ 5.041304687023508, 52.228055229746673 ], [ 5.04128487412023, 52.228039496872107 ], [ 5.041267077615695, 52.228024210304291 ], [ 5.041135329410995, 52.227928651783714 ], [ 5.041015176034888, 52.227827168120079 ], [ 5.040857537592144, 52.227705171956671 ], [ 5.04084225274032, 52.227692553099722 ], [ 5.0408325605786, 52.227683500850716 ], [ 5.040829299451739, 52.227675608915703 ], [ 5.040838760876407, 52.227665390464438 ], [ 5.040856684993139, 52.22765104441752 ], [ 5.040893879576224, 52.227622374237519 ], [ 5.040937444624448, 52.227587583990804 ], [ 5.040954425814284, 52.227570260175732 ], [ 5.04096501979426, 52.227561204470355 ], [ 5.040969437535045, 52.22754833777779 ], [ 5.040965741030505, 52.227530548909627 ], [ 5.040940465980322, 52.227496383792655 ], [ 5.040911580288056, 52.227452222547448 ], [ 5.040885024371306, 52.227419033343203 ], [ 5.040858605913886, 52.227383229061147 ], [ 5.040800959417714, 52.227316540726257 ], [ 5.04048910108267, 52.226942431003835 ], [ 5.04037441957211, 52.226960196012968 ], [ 5.040327572675142, 52.226970996741258 ], [ 5.040284142153076, 52.226981007560575 ], [ 5.040196576939691, 52.227008747677132 ], [ 5.040046173519231, 52.227031440662891 ], [ 5.040013469734465, 52.226992813498754 ], [ 5.039961093961106, 52.226912990956549 ], [ 5.039953841302915, 52.226902714462739 ], [ 5.039923266981921, 52.226859428818123 ], [ 5.03986306291661, 52.226788768839391 ], [ 5.039821783584361, 52.226733129303469 ], [ 5.039781406041294, 52.226687612764252 ], [ 5.039759755943333, 52.226667380281981 ], [ 5.039693423526346, 52.226584990974942 ], [ 5.03960600676629, 52.226473688483054 ], [ 5.039587017651752, 52.226450084351171 ], [ 5.039567642306879, 52.226430964035274 ], [ 5.039553028927564, 52.226416801066001 ], [ 5.039531471065077, 52.226397908006973 ], [ 5.03951027850561, 52.226377218441485 ], [ 5.039482859711902, 52.226349787608385 ], [ 5.039448886383487, 52.22631830191505 ], [ 5.039432803642725, 52.226303011119697 ], [ 5.039412329472523, 52.22628030137605 ], [ 5.039372883476783, 52.226235551404372 ], [ 5.03932502828515, 52.226182480838879 ], [ 5.039294324763498, 52.226146510783522 ], [ 5.03925998930192, 52.226108957143637 ], [ 5.039237339268107, 52.226083769291499 ], [ 5.039211749782362, 52.226060154645268 ], [ 5.039183613062797, 52.226034743900463 ], [ 5.039159819038228, 52.226011745707801 ], [ 5.039154071143607, 52.225988746746097 ], [ 5.039144471862665, 52.225958528151914 ], [ 5.039039218231103, 52.225822662703202 ], [ 5.038937452703145, 52.225686268164829 ], [ 5.038932209311632, 52.225679260131372 ], [ 5.038963960016548, 52.225543717495157 ], [ 5.038971485166793, 52.225511581009705 ], [ 5.038958188581704, 52.225510643029004 ], [ 5.038945058044918, 52.225509058408235 ], [ 5.038932166663903, 52.225506836350931 ], [ 5.038919616816942, 52.225503986146805 ], [ 5.038907481611394, 52.225500516999368 ], [ 5.038895833873517, 52.225496474062894 ], [ 5.03888474671051, 52.225491866540949 ], [ 5.038877572920598, 52.225488412017491 ], [ 5.038871046674007, 52.22548450102051 ], [ 5.038865240796557, 52.225480178704082 ], [ 5.038860242679133, 52.225475499253477 ], [ 5.038856110511947, 52.225470507779704 ], [ 5.038852873003485, 52.225465276270675 ], [ 5.038850573638123, 52.225459858781996 ], [ 5.038837246660455, 52.22541601251649 ], [ 5.03881859848418, 52.225358273257633 ], [ 5.038747146228153, 52.225212386833007 ], [ 5.038730558437283, 52.225179415269771 ], [ 5.038682185492472, 52.225185294469213 ], [ 5.038502694591855, 52.225203882089673 ], [ 5.038458037699311, 52.225209933947042 ], [ 5.038410857605697, 52.225214863840222 ], [ 5.038349750288333, 52.22522090304183 ], [ 5.038274018378758, 52.225227393354793 ], [ 5.038157690584991, 52.225239039582497 ], [ 5.03806804305272, 52.225248886073146 ], [ 5.038013902139044, 52.225254936699599 ], [ 5.037901570341458, 52.225268374087754 ], [ 5.037799138088315, 52.22527732872588 ], [ 5.037683519124526, 52.22528627122837 ], [ 5.037624260423305, 52.225289843854149 ], [ 5.037578160947286, 52.225293194743813 ], [ 5.037537915679642, 52.225296553953847 ], [ 5.037486698252678, 52.22530305339771 ], [ 5.037442802233085, 52.225309098135853 ], [ 5.037425236437711, 52.22531133804447 ], [ 5.03739634141361, 52.225315593646229 ], [ 5.037371082941699, 52.225318970207788 ], [ 5.037342182093713, 52.225322102292878 ], [ 5.037101783319552, 52.225341648868081 ], [ 5.037074864462856, 52.225196855081322 ], [ 5.03705703986908, 52.225148222710509 ], [ 5.037038101760077, 52.225090437363995 ], [ 5.037017693015739, 52.225020522990718 ], [ 5.037007500425666, 52.22497848337968 ], [ 5.037004228088538, 52.224960956281642 ], [ 5.036997990196848, 52.224925974897666 ], [ 5.036988282171726, 52.224863255584296 ], [ 5.036986917174899, 52.22485816439201 ], [ 5.036971262085095, 52.224799813538084 ], [ 5.036965736357182, 52.224778504844252 ], [ 5.036964983581908, 52.224775590536062 ], [ 5.036981764281292, 52.224776386275856 ], [ 5.037002622124386, 52.224777967057278 ], [ 5.037019438748982, 52.224779778529872 ], [ 5.037039195423986, 52.224781805435448 ], [ 5.037073205224784, 52.224784072312268 ], [ 5.037123328218303, 52.224784544408422 ], [ 5.03715698751929, 52.224782990368972 ], [ 5.03719502243726, 52.224779624741117 ], [ 5.037222111709547, 52.224776037931477 ], [ 5.037244795644343, 52.224772456042423 ], [ 5.037289426001832, 52.22476415759273 ], [ 5.037313585935913, 52.224758989205341 ], [ 5.037344316611275, 52.224752033704945 ], [ 5.037371028275783, 52.224746207758237 ], [ 5.037398826535117, 52.224739926640289 ], [ 5.037448966853731, 52.224730727679315 ], [ 5.037495788951014, 52.224722876046783 ], [ 5.037541883258263, 52.224716379413152 ], [ 5.037585442141731, 52.22471032465323 ], [ 5.037691171490656, 52.224695088432718 ], [ 5.037933008716111, 52.22466146089122 ], [ 5.038065815840566, 52.224642187928445 ], [ 5.038229008514002, 52.224618870143118 ], [ 5.038333265046647, 52.224604761472222 ], [ 5.03838631980474, 52.224597134612708 ], [ 5.038520218972188, 52.224578529467564 ], [ 5.038606209218459, 52.22456642487176 ], [ 5.038710846092967, 52.224552308002188 ], [ 5.038809998106701, 52.224537743447272 ], [ 5.038912807217285, 52.224523396311795 ], [ 5.038985618421323, 52.224512178340177 ], [ 5.039073042653749, 52.224500077631312 ], [ 5.039181716302504, 52.224484381383263 ], [ 5.039296591715247, 52.224469143704759 ], [ 5.039403443373738, 52.224454349664455 ], [ 5.039500949993687, 52.224440525681089 ], [ 5.039545754638678, 52.224434177264818 ], [ 5.039631367322603, 52.224421621417804 ], [ 5.039733076449396, 52.224407504018075 ], [ 5.03987320679139, 52.224387324809996 ], [ 5.040060160583096, 52.22436087466037 ], [ 5.04023871245341, 52.224336430803923 ], [ 5.040262841293701, 52.22433330197363 ], [ 5.040284794826735, 52.224329483671298 ], [ 5.040324302412013, 52.224322984587204 ], [ 5.040386147510828, 52.224312218901531 ], [ 5.04045018615695, 52.224301675330921 ], [ 5.040544203576496, 52.224286653844828 ], [ 5.040612257390251, 52.224275447875868 ], [ 5.040723484162015, 52.224260647501545 ], [ 5.04082116619962, 52.224246742052742 ], [ 5.040919587507552, 52.224233746466936 ], [ 5.041042873938164, 52.224215134321653 ], [ 5.041143855633579, 52.224200339485101 ], [ 5.041230188024398, 52.224187335193882 ], [ 5.041314854765934, 52.224173966447559 ], [ 5.041325331905403, 52.224172307397431 ], [ 5.04149507876027, 52.224146973028276 ], [ 5.04155691810402, 52.224136880805098 ], [ 5.041614362320593, 52.224129256350849 ], [ 5.041910701810824, 52.22409101650485 ], [ 5.041928838430633, 52.224088678731405 ], [ 5.041933925449533, 52.224110237569803 ], [ 5.041941863872561, 52.224173670330892 ], [ 5.041983940668961, 52.224326650323945 ], [ 5.042795657596934, 52.224039510469481 ], [ 5.042684801898766, 52.223921302096862 ], [ 5.04263250223568, 52.223865550488661 ], [ 5.042155718729732, 52.223986124639858 ], [ 5.041922574671611, 52.224062218053739 ], [ 5.041920987720794, 52.22405548148631 ], [ 5.041914441092316, 52.224027752688791 ], [ 5.041909509852934, 52.224006868396259 ], [ 5.041909056648433, 52.224004916699627 ], [ 5.04190619441602, 52.223992774682849 ], [ 5.041821845506893, 52.224010521884082 ], [ 5.041653029841831, 52.224053637492077 ], [ 5.041370591454491, 52.224090308551546 ], [ 5.041067629068707, 52.224131367812973 ], [ 5.040720673369983, 52.224179820150788 ], [ 5.040473015419037, 52.22421352619083 ], [ 5.04007210162801, 52.224276522445038 ], [ 5.039717383881657, 52.224330997881928 ], [ 5.039474748201558, 52.22437170019294 ], [ 5.039482116854229, 52.224393301805108 ], [ 5.039341534343938, 52.224411385039666 ], [ 5.039337316796508, 52.224392965422112 ], [ 5.039333928328711, 52.224375204361529 ], [ 5.039313759526634, 52.224324749872245 ], [ 5.039302390324305, 52.224296314659789 ], [ 5.039272460111346, 52.224221456258135 ], [ 5.039196291678535, 52.224023606175678 ], [ 5.038528460956389, 52.224112549630732 ], [ 5.037962467908381, 52.224187445720894 ], [ 5.037508927353833, 52.22424789590935 ], [ 5.036665603760633, 52.224360154144847 ], [ 5.036657549578771, 52.224308665580303 ], [ 5.036645297511435, 52.224245704996854 ], [ 5.036661788136348, 52.224242419419063 ], [ 5.036674286864765, 52.224238681588545 ], [ 5.036683524742024, 52.22423086256719 ], [ 5.036679627661385, 52.224222078822571 ], [ 5.036673894136158, 52.224214188418316 ], [ 5.036661173280864, 52.224208955673767 ], [ 5.036654980554955, 52.224207346442419 ], [ 5.036643658578281, 52.224206611792503 ], [ 5.036631198222898, 52.224131067539616 ], [ 5.036620219292649, 52.224055114237245 ], [ 5.0366162220918, 52.224027437643976 ], [ 5.036605912680606, 52.223877560911518 ], [ 5.036598847951198, 52.22373196305206 ], [ 5.036597581437222, 52.223699486037525 ], [ 5.036592456510781, 52.22356776224818 ], [ 5.036592120339208, 52.223565846829352 ], [ 5.036591418019361, 52.223562105781639 ], [ 5.036559883192482, 52.223410970649674 ], [ 5.036542003228758, 52.223324903443121 ], [ 5.036536320179358, 52.223297599330934 ], [ 5.036504945998455, 52.22314655453205 ], [ 5.036497387820252, 52.223110194041887 ], [ 5.03649628819554, 52.223104869944571 ], [ 5.036494253198659, 52.223090087806426 ], [ 5.036483540529199, 52.222995242713772 ], [ 5.036428648512123, 52.22253558264218 ], [ 5.036402539615668, 52.222314420882817 ], [ 5.036374077696497, 52.22206129116487 ], [ 5.036312982621312, 52.221536621059073 ], [ 5.036309021590161, 52.221502545167176 ], [ 5.036282253062156, 52.22126866350451 ], [ 5.036261476256009, 52.221071182631924 ], [ 5.036231637015033, 52.220803605176947 ], [ 5.036212929814803, 52.2206388373869 ], [ 5.036200723126659, 52.220531305861485 ], [ 5.036171219409924, 52.220263954058112 ], [ 5.03610741428807, 52.219740246306564 ], [ 5.036082177070052, 52.21951286732245 ], [ 5.036074101955257, 52.219440086273337 ], [ 5.036041033367273, 52.219161048503693 ], [ 5.035996184523695, 52.218779963014597 ], [ 5.035848998815401, 52.217529137417962 ], [ 5.03608692065461, 52.217486235518194 ], [ 5.03616959526209, 52.21747170510745 ], [ 5.036269808401602, 52.217454287697841 ], [ 5.036418318501563, 52.217419154665947 ], [ 5.036455633744988, 52.217409756264821 ], [ 5.036523696491703, 52.217386913350232 ], [ 5.036575685191855, 52.217364939453788 ], [ 5.036634243029205, 52.217339380880411 ], [ 5.036678559328046, 52.217314265367321 ], [ 5.036725074935607, 52.217284869132939 ], [ 5.03676831798244, 52.217254798067415 ], [ 5.036803857458006, 52.217227418482565 ], [ 5.03682804773889, 52.217208570697473 ], [ 5.036845287969475, 52.217191499875419 ], [ 5.036862916393396, 52.217169720540831 ], [ 5.036892676027504, 52.217123682876618 ], [ 5.036925745931053, 52.217069781616999 ], [ 5.036949309951313, 52.217022611066646 ], [ 5.036973611602577, 52.216970948746585 ], [ 5.036984668167918, 52.216943775142774 ], [ 5.037005325201691, 52.216888506849024 ], [ 5.037039677606217, 52.216784942202658 ], [ 5.037052597072642, 52.216747869443971 ], [ 5.037064391201709, 52.216716204066216 ], [ 5.037078396221763, 52.216682504985862 ], [ 5.03708983191362, 52.216657345785229 ], [ 5.037106015887066, 52.216625675437655 ], [ 5.037118902671455, 52.216596475977845 ], [ 5.037127043729099, 52.21656973412621 ], [ 5.037130024879722, 52.216549744874506 ], [ 5.037127556494639, 52.21652680941645 ], [ 5.037117435501488, 52.216492652350915 ], [ 5.037106588849338, 52.216459598645848 ], [ 5.037092772989256, 52.216437564297884 ], [ 5.037072765576396, 52.216408321273512 ], [ 5.03704620288506, 52.216373468338141 ], [ 5.037023276547437, 52.21634512443093 ], [ 5.03700397228085, 52.21632510506852 ], [ 5.03697664384315, 52.21629832997278 ], [ 5.036952241163384, 52.216275383404763 ], [ 5.036916898386216, 52.216244333253279 ], [ 5.036977972598487, 52.216229792152603 ], [ 5.037037240436259, 52.216217942037154 ], [ 5.037092832427247, 52.216208336961614 ], [ 5.037144908357722, 52.216202990695237 ], [ 5.03713170830718, 52.216165903435439 ], [ 5.037103475557923, 52.216084739877097 ], [ 5.037075232016864, 52.216010550892804 ], [ 5.037023317975102, 52.21590779108719 ], [ 5.036943259808604, 52.215913773365614 ], [ 5.036719003963015, 52.215691879913642 ], [ 5.036713169741849, 52.215691350292794 ], [ 5.036695977819743, 52.215691182439635 ], [ 5.036693444610497, 52.215691408608649 ], [ 5.036738622274211, 52.215580730763399 ], [ 5.03676146976797, 52.215524120812312 ], [ 5.036787276696105, 52.215461452798884 ], [ 5.036804980025726, 52.215415172658282 ], [ 5.036834455283143, 52.215343743318513 ], [ 5.03685068394885, 52.215302626842359 ], [ 5.036909314691441, 52.215155722623628 ], [ 5.036895417079998, 52.215153461397875 ], [ 5.036755436141344, 52.215154439323712 ], [ 5.036522977592297, 52.21515554703948 ], [ 5.036409521962016, 52.215156926861958 ], [ 5.036240372946525, 52.215156774957805 ], [ 5.036028690244093, 52.215161862152442 ], [ 5.03586709661661, 52.215159206572658 ], [ 5.035863316729296, 52.215152382497031 ], [ 5.035859462796046, 52.215143814547133 ], [ 5.035853783475052, 52.215134782784503 ], [ 5.035846945677823, 52.215129783145983 ], [ 5.035837923707709, 52.215123428824292 ], [ 5.035683425542509, 52.215124658897857 ], [ 5.035680845513676, 52.215041773730377 ], [ 5.035677593758988, 52.215025504929905 ], [ 5.035672773910036, 52.214987282993782 ], [ 5.035669414571502, 52.214949406944022 ], [ 5.035667709698756, 52.214915113004579 ], [ 5.035681865168042, 52.214730678331023 ], [ 5.035699283721065, 52.214700207230329 ], [ 5.035709567286749, 52.214682019341787 ], [ 5.035727917704832, 52.214652126235606 ], [ 5.035736981321981, 52.214629063268781 ], [ 5.03575137836992, 52.214601360433342 ], [ 5.03577134805969, 52.214557235291942 ], [ 5.035729169530108, 52.214552759652932 ], [ 5.035697082180689, 52.214550776714297 ], [ 5.035670089913417, 52.214544692467904 ], [ 5.035643857346295, 52.21453690277383 ], [ 5.035622440376293, 52.214525199691025 ], [ 5.03559543163361, 52.214517497555043 ], [ 5.035564873800047, 52.214512678954229 ], [ 5.035510641058365, 52.214507870752151 ], [ 5.035360819164366, 52.214491596889097 ], [ 5.035328916170211, 52.214486657377634 ], [ 5.035329562331781, 52.214462266119945 ], [ 5.035350772820438, 52.214461187835916 ], [ 5.03537230340081, 52.214456632181026 ], [ 5.035386489685775, 52.214446383278606 ], [ 5.035408192074335, 52.214427474439681 ], [ 5.035433857832254, 52.214410662594098 ], [ 5.035434158412642, 52.214409656843522 ], [ 5.035437119327351, 52.21439972503449 ], [ 5.035458779113011, 52.214399187343567 ], [ 5.035458974697193, 52.214383674796487 ], [ 5.035487721664976, 52.21438432663178 ], [ 5.03548912462136, 52.21439752505816 ], [ 5.035515467921908, 52.214396830531491 ], [ 5.035516893274521, 52.214405337336188 ], [ 5.035519684066959, 52.214407691488994 ], [ 5.035522751090634, 52.214410271161846 ], [ 5.035533147101427, 52.214414921896974 ], [ 5.035551149704451, 52.21441798644026 ], [ 5.03565336303375, 52.214418838941668 ], [ 5.035791560643412, 52.214417344711045 ], [ 5.035954576149403, 52.214411906523132 ], [ 5.036111533917278, 52.214417613087107 ], [ 5.036182179699113, 52.214419234140621 ], [ 5.036335392096079, 52.214421172331704 ], [ 5.036399374851434, 52.214421623011695 ], [ 5.036460076409814, 52.214422531285578 ], [ 5.036575611342566, 52.214422577679535 ], [ 5.036657498534958, 52.214421841032156 ], [ 5.036672893720701, 52.214421563152804 ], [ 5.036836989564902, 52.214418284050389 ], [ 5.036879754596794, 52.214417017760319 ], [ 5.036927988230857, 52.214414374545164 ], [ 5.036959405559212, 52.214412238701129 ], [ 5.036993366612535, 52.214408528518547 ], [ 5.037006880774482, 52.214405557634599 ], [ 5.037020740801278, 52.214403261867481 ], [ 5.037046649459805, 52.214396426969884 ], [ 5.037059036315992, 52.21439167313266 ], [ 5.037068845630302, 52.214385347758174 ], [ 5.037086687186775, 52.214375397099808 ], [ 5.037119413195013, 52.214357536253971 ], [ 5.037132876532865, 52.214349855541485 ], [ 5.037142325841377, 52.214344652582405 ], [ 5.037153265893258, 52.214339669750061 ], [ 5.037167474774966, 52.214335802115677 ], [ 5.037175884416514, 52.214334424921759 ], [ 5.037191590435534, 52.214333689512593 ], [ 5.0372091458654, 52.214334083069474 ], [ 5.037219743352949, 52.214333593169663 ], [ 5.03722888112237, 52.214332658536719 ], [ 5.037246016417521, 52.214328790575195 ], [ 5.037256587131647, 52.214324256034423 ], [ 5.037263119196894, 52.21431974548014 ], [ 5.037270014842268, 52.214313654130805 ], [ 5.037274721463799, 52.214308688772824 ], [ 5.037277242520163, 52.214304409009173 ], [ 5.037279026036058, 52.21429902154798 ], [ 5.037279723344698, 52.214294071276598 ], [ 5.037283888615944, 52.214270463394293 ], [ 5.037288366575833, 52.214240573890592 ], [ 5.037290811799343, 52.214227314982224 ], [ 5.037291115222734, 52.21422035025261 ], [ 5.037290336418393, 52.21421517989873 ], [ 5.037286621719043, 52.214209353718665 ], [ 5.037281103650223, 52.21420398956753 ], [ 5.037273353986616, 52.214197720014603 ], [ 5.037266009168906, 52.214193932323013 ], [ 5.037259414757682, 52.214191477064361 ], [ 5.037251351742209, 52.214189709523438 ], [ 5.037242932273561, 52.214188615018976 ], [ 5.037231231561553, 52.214187987151654 ], [ 5.037209666888277, 52.214187608682749 ], [ 5.037165757877052, 52.214185519212407 ], [ 5.037116029209293, 52.214184796615939 ], [ 5.037065932985299, 52.214184297606742 ], [ 5.03701183503207, 52.214184712467379 ], [ 5.036980763294483, 52.21418571687331 ], [ 5.036944581274287, 52.214187191465456 ], [ 5.036931066669294, 52.214188364759409 ], [ 5.036914261552998, 52.214189321572263 ], [ 5.036887236374923, 52.214193016349796 ], [ 5.036881039813391, 52.21419393271529 ], [ 5.03687081218325, 52.214195771867686 ], [ 5.036859858335704, 52.214196925784378 ], [ 5.036846694886709, 52.214198100110103 ], [ 5.036830988980565, 52.214198826485749 ], [ 5.036799174473993, 52.214199388233325 ], [ 5.036793862878737, 52.214199408428584 ], [ 5.03674653041097, 52.214199124204221 ], [ 5.036709239328883, 52.214198357444808 ], [ 5.036684737002687, 52.214197547731857 ], [ 5.036676079551524, 52.21419694681574 ], [ 5.03666607661908, 52.214196261015097 ], [ 5.036662885076907, 52.214157414793718 ], [ 5.036709603105116, 52.214152097761904 ], [ 5.036750461376177, 52.214147662117846 ], [ 5.036759599117211, 52.214146727521147 ], [ 5.036766517998435, 52.214145130223883 ], [ 5.036775271141066, 52.21414286427467 ], [ 5.036779638165878, 52.214140153893624 ], [ 5.036782532618004, 52.214136774038828 ], [ 5.036791568142895, 52.214107895730429 ], [ 5.03679429208923, 52.214100147246192 ], [ 5.036804709476812, 52.214070446148277 ], [ 5.03682177587653, 52.214028801866071 ], [ 5.036823173284037, 52.214022280789727 ], [ 5.036805184782948, 52.213935539056124 ], [ 5.036777607500587, 52.213791731605376 ], [ 5.036758047003504, 52.213690937095862 ], [ 5.036756382455656, 52.213683049761585 ], [ 5.036753902149425, 52.213676562120803 ], [ 5.036748339818169, 52.213669400230962 ], [ 5.036742066341129, 52.21366335971954 ], [ 5.036728113992049, 52.213655094387043 ], [ 5.036718203420229, 52.213651982129193 ], [ 5.036707585164723, 52.213649550851642 ], [ 5.036699169345492, 52.213648006923478 ], [ 5.036689649023135, 52.21364736749608 ], [ 5.036677226214839, 52.213647411523958 ], [ 5.036649447081228, 52.213648407636789 ], [ 5.036582197648544, 52.213650437044464 ], [ 5.036515288270905, 52.21365201802795 ], [ 5.036461209613635, 52.213653780878658 ], [ 5.036406386441497, 52.213655325783733 ], [ 5.036328525019928, 52.213657844830415 ], [ 5.036270407831821, 52.213659622561387 ], [ 5.036203525923359, 52.213661428147589 ], [ 5.036140666125189, 52.213663443383616 ], [ 5.036040275398056, 52.213672905850416 ], [ 5.03564280927415, 52.213688459067022 ], [ 5.035256477402992, 52.213691083555567 ], [ 5.034759487263197, 52.213704458755316 ], [ 5.034556538778311, 52.213704976535908 ], [ 5.034430458121922, 52.213706523479978 ], [ 5.03439497915046, 52.213702399922141 ], [ 5.034231211072624, 52.213701551154763 ], [ 5.033973173156007, 52.213709498087752 ], [ 5.033873431112463, 52.213710889509883 ], [ 5.033787956201607, 52.213713995285886 ], [ 5.033775947224845, 52.213643395274147 ], [ 5.033755225365895, 52.213442669188659 ], [ 5.03374333445553, 52.213277858244524 ], [ 5.033729681766713, 52.213123036579141 ], [ 5.033902908486856, 52.213119096817387 ], [ 5.034038579970402, 52.21311829814799 ], [ 5.03435382664435, 52.213117460650196 ], [ 5.034349003217364, 52.213065073686231 ], [ 5.034339379337702, 52.212900107785003 ], [ 5.034272160480791, 52.212693292861772 ], [ 5.034220929013389, 52.212535204197209 ], [ 5.034229113595167, 52.212410710125681 ], [ 5.034234941296263, 52.212330708160415 ], [ 5.034202897927869, 52.212131242537339 ], [ 5.034119083720003, 52.212133805247859 ], [ 5.034092418928269, 52.212134615342329 ], [ 5.034061370732795, 52.211977692437742 ], [ 5.03405605327606, 52.211950784705536 ], [ 5.034055673478313, 52.21194886015676 ], [ 5.034026608820601, 52.211835237943852 ], [ 5.033962892385624, 52.211585641816043 ], [ 5.0339564924526, 52.211560564374416 ], [ 5.033904710064322, 52.21136337646373 ], [ 5.033855455834462, 52.211177700615295 ], [ 5.033853296372708, 52.2111695690811 ], [ 5.033798394597254, 52.211015316030959 ], [ 5.033752068886213, 52.21088665024201 ], [ 5.033737591749023, 52.210845109719145 ], [ 5.033700074298515, 52.210725655912249 ], [ 5.033686784677279, 52.210624789709591 ], [ 5.033721516017373, 52.210619554830892 ], [ 5.033687277650848, 52.210498061583017 ], [ 5.033665697529174, 52.210422381662973 ], [ 5.033638557907591, 52.210330084416704 ], [ 5.033571250635712, 52.210334484736975 ], [ 5.033529074801639, 52.210236156493764 ], [ 5.033487657171428, 52.210141866078061 ], [ 5.033472023506287, 52.210085725677303 ], [ 5.033459885150983, 52.209994740603626 ], [ 5.03340958401051, 52.209860283516484 ], [ 5.033400586871712, 52.209836231866767 ], [ 5.033452621538352, 52.209831516268025 ], [ 5.033514831794361, 52.209825878397524 ], [ 5.033786014982109, 52.209801308243762 ], [ 5.034084045217829, 52.209774867354518 ], [ 5.034402546757591, 52.209746141014826 ], [ 5.034713004870548, 52.209718782940115 ], [ 5.034982133193228, 52.209694878002587 ], [ 5.035233362867009, 52.20967348067402 ], [ 5.035579295219256, 52.209642900497172 ], [ 5.035885387420233, 52.209616119547313 ], [ 5.035897422022614, 52.209615067803895 ], [ 5.036067981407671, 52.209600664012704 ], [ 5.036187948705748, 52.209589920513928 ], [ 5.036444712024812, 52.209567952839791 ], [ 5.036418587655985, 52.209464963624683 ], [ 5.036397436348377, 52.209378886453571 ], [ 5.036372306243046, 52.209279720041614 ], [ 5.036362615887331, 52.20923760084802 ], [ 5.036333553959503, 52.209123107336893 ], [ 5.036313481919525, 52.209037500722502 ], [ 5.036306380527676, 52.209006624108916 ], [ 5.036294346352308, 52.208942594391822 ], [ 5.036289066291546, 52.208914527417548 ], [ 5.036267540305956, 52.208840798498059 ], [ 5.036250605063559, 52.208784205195577 ], [ 5.036229750817546, 52.208712509532418 ], [ 5.036214542810986, 52.208659534498324 ], [ 5.036190332330196, 52.208577456796512 ], [ 5.036163472136833, 52.208460300359924 ], [ 5.03610644249752, 52.208228260554485 ], [ 5.036084061686219, 52.208133119829796 ], [ 5.036020583352802, 52.207884073631568 ], [ 5.03592775290861, 52.207552143386671 ], [ 5.03588930180354, 52.207402254340877 ], [ 5.0358384177477, 52.207203838467017 ], [ 5.035879614991297, 52.207198289638242 ], [ 5.035860280599392, 52.207069426250598 ], [ 5.035821596737399, 52.207034527923085 ], [ 5.035760022780335, 52.207004522806471 ], [ 5.035742408344083, 52.206900641941779 ], [ 5.035701953625374, 52.206758242778527 ], [ 5.035587643281781, 52.206338355384126 ], [ 5.035487451877373, 52.205944493970257 ], [ 5.035354141818206, 52.205407886465935 ], [ 5.035322171169015, 52.20526406534789 ], [ 5.035315192062107, 52.205232685691918 ], [ 5.035601570079373, 52.205197631820511 ], [ 5.036149812130537, 52.205130514016723 ], [ 5.036152067362186, 52.205130215130552 ], [ 5.037331750967213, 52.204976166308384 ], [ 5.037421020948818, 52.204964512734406 ], [ 5.037250533232545, 52.204153944166997 ], [ 5.037168297834667, 52.204139948948807 ], [ 5.037137764462599, 52.204024839989543 ], [ 5.03699949211795, 52.203503597820827 ], [ 5.036985980571949, 52.203452650148741 ], [ 5.036985251676034, 52.203448603421094 ], [ 5.036910224987496, 52.203196862819539 ], [ 5.036905835199281, 52.20318212757757 ], [ 5.036887034666527, 52.203109898771665 ], [ 5.036882777082557, 52.203089510515539 ], [ 5.036841034703126, 52.202889423318638 ], [ 5.036785576221456, 52.202623575686097 ], [ 5.036740085137253, 52.202405483483091 ], [ 5.036729542980623, 52.202403016471322 ], [ 5.036709838905439, 52.202389979430983 ], [ 5.036698589645518, 52.202365813462499 ], [ 5.036649899088371, 52.202137986780635 ], [ 5.035890824147114, 52.202261580203491 ], [ 5.035384705695553, 52.202348649624597 ], [ 5.035332939473325, 52.202357555236595 ], [ 5.035268548505971, 52.202368391562139 ], [ 5.034690288379821, 52.202465669008255 ], [ 5.034056299690147, 52.202574919691116 ], [ 5.033514203219069, 52.202665666422583 ], [ 5.032854888358477, 52.202778447960014 ], [ 5.032311237660521, 52.202870865253558 ], [ 5.032257654703733, 52.202879970781865 ], [ 5.031714622657099, 52.202973375862747 ], [ 5.031329114076582, 52.203038401961663 ], [ 5.031179483495007, 52.203063638491635 ], [ 5.030709083623179, 52.20314159192251 ], [ 5.030020013722256, 52.203259993138289 ], [ 5.029715704594233, 52.203312038278249 ], [ 5.029406153841011, 52.20336457007928 ], [ 5.029021373875253, 52.203430921072297 ], [ 5.028271962149197, 52.203558979848665 ], [ 5.027887178752048, 52.203625336127175 ], [ 5.027557528707832, 52.203680902771055 ], [ 5.027212985842334, 52.203740099164925 ], [ 5.026851841381419, 52.203800753873942 ], [ 5.026290829018694, 52.203895175703138 ], [ 5.025947631168448, 52.203955864515159 ], [ 5.025934437437118, 52.203928617696782 ], [ 5.025599913625568, 52.203982096748952 ], [ 5.025562016396953, 52.203784812509497 ], [ 5.025560458198813, 52.203776727589691 ], [ 5.025508734529903, 52.203574376733883 ], [ 5.025430682632704, 52.203256324468306 ], [ 5.025400217066631, 52.203257444512822 ], [ 5.025036839292707, 52.203270855255788 ], [ 5.024996261625633, 52.202843893985481 ], [ 5.024674286796351, 52.202862517747 ], [ 5.024688544747496, 52.202989030690873 ], [ 5.024677290904631, 52.20298959833805 ], [ 5.02458977704817, 52.202994039349157 ], [ 5.024566113231801, 52.202995233989178 ], [ 5.024386811953836, 52.203004363303315 ], [ 5.024095533467849, 52.203018486952843 ], [ 5.023810354468555, 52.20303265561575 ], [ 5.023623825917938, 52.203045437597417 ], [ 5.023315078621065, 52.203050841176939 ], [ 5.02334209373253, 52.203264576525648 ], [ 5.023373116287838, 52.203342201991944 ], [ 5.023397361161547, 52.203504670613285 ], [ 5.023413097371042, 52.203671903582809 ], [ 5.023432856489127, 52.203828390383627 ], [ 5.023179962698684, 52.203863428077177 ], [ 5.023086789600645, 52.203876344128219 ], [ 5.022970430900565, 52.203892729847958 ], [ 5.022762098056342, 52.203922070898741 ], [ 5.022633205583952, 52.203939846690332 ], [ 5.022621035919676, 52.203941462902783 ], [ 5.022610513701658, 52.203904409135298 ], [ 5.022600275086587, 52.203852355386104 ], [ 5.022599319979675, 52.203847507943017 ], [ 5.02258238213781, 52.203761387228731 ], [ 5.022582171460863, 52.203760317014535 ], [ 5.022576862860909, 52.203733291893464 ], [ 5.02254169234468, 52.203553056182002 ], [ 5.022536335645279, 52.203526552209482 ], [ 5.022516583716548, 52.203428603661642 ], [ 5.022489302725338, 52.203285395599458 ], [ 5.022454407555375, 52.202975033419015 ], [ 5.022451553325241, 52.202946631726753 ], [ 5.022453625672898, 52.20281491099405 ], [ 5.022465026896642, 52.20277308041711 ], [ 5.02248304841933, 52.202706984890575 ], [ 5.022483186326268, 52.202702644145099 ], [ 5.022484449994878, 52.202698378779672 ], [ 5.022486809360259, 52.202694287568669 ], [ 5.02249001368894, 52.202690621399746 ], [ 5.022494107526233, 52.202687299519134 ], [ 5.022498973187038, 52.202684402454587 ], [ 5.022504507687789, 52.202682001791551 ], [ 5.022511272697162, 52.202679389217607 ], [ 5.022518530496836, 52.202677335416816 ], [ 5.022526178177023, 52.202675902986797 ], [ 5.022534054757459, 52.202675100418332 ], [ 5.022542043141647, 52.20267493633775 ], [ 5.022549996830272, 52.202675437256531 ], [ 5.022557769838584, 52.202676566772126 ], [ 5.022560210568422, 52.202676834958069 ], [ 5.022667265313062, 52.202688750890843 ], [ 5.022858128555056, 52.202723574896268 ], [ 5.023061392819146, 52.202749943233165 ], [ 5.023072554543774, 52.202751694342567 ], [ 5.023083088075309, 52.202753344646879 ], [ 5.023088532898374, 52.202752965964727 ], [ 5.02309377762778, 52.202752011437831 ], [ 5.023098690391694, 52.202750507623357 ], [ 5.023103095140929, 52.202748516894232 ], [ 5.023106874484933, 52.202746083828146 ], [ 5.023109925440965, 52.202743280011212 ], [ 5.023112130178253, 52.20274020394745 ], [ 5.023114287161612, 52.202721479746671 ], [ 5.023111767497547, 52.202639520013598 ], [ 5.023104372488951, 52.202550903166966 ], [ 5.023111848841618, 52.202518497755854 ], [ 5.02311224181074, 52.202500828692216 ], [ 5.0231117937411, 52.202491210223151 ], [ 5.023110336056401, 52.202481624593247 ], [ 5.023107853689075, 52.202472125683656 ], [ 5.02310437567525, 52.202462740547595 ], [ 5.023076148207466, 52.202361826892663 ], [ 5.023065753018821, 52.202319965003014 ], [ 5.023063434251175, 52.202306556845855 ], [ 5.023052204156889, 52.202207520139254 ], [ 5.023050975326345, 52.202198573357002 ], [ 5.023048381298302, 52.202152601069272 ], [ 5.023048147038489, 52.202132925761546 ], [ 5.023028281155375, 52.20204707468298 ], [ 5.023025933654313, 52.20203897830428 ], [ 5.022936562211334, 52.202091947198049 ], [ 5.022800749896761, 52.202169534494047 ], [ 5.02267821308225, 52.202240745226064 ], [ 5.022588295087657, 52.202260277058258 ], [ 5.022487867335071, 52.202293141422949 ], [ 5.022476852089814, 52.202296747518247 ], [ 5.022349274788274, 52.202338488886141 ], [ 5.022237624706349, 52.202384126172582 ], [ 5.022193733117684, 52.202399279000559 ], [ 5.022163879183185, 52.202409729573667 ], [ 5.022130543885053, 52.202420160389813 ], [ 5.022091967685792, 52.202431078318519 ], [ 5.022021792415532, 52.202452971664215 ], [ 5.022028497632185, 52.202464802541307 ], [ 5.021983747193795, 52.202479422347608 ], [ 5.021918798135863, 52.202500819481656 ], [ 5.021866184069039, 52.202516439545469 ], [ 5.021842546539433, 52.202521588411045 ], [ 5.021829418615721, 52.202524154297869 ], [ 5.021818073772811, 52.202525125847799 ], [ 5.021805846838088, 52.202526633943442 ], [ 5.021763071071471, 52.202530546159643 ], [ 5.021685444426777, 52.202535240308706 ], [ 5.021637451061837, 52.202538579079246 ], [ 5.021603895174348, 52.202541989488388 ], [ 5.021586742478832, 52.20247522794898 ], [ 5.02160738565064, 52.202473107786616 ], [ 5.021606875188278, 52.202471137849074 ], [ 5.021634195471094, 52.202466422863168 ], [ 5.021624811991777, 52.202451195222196 ], [ 5.022031667328034, 52.202383210898184 ], [ 5.022051369197393, 52.202379919316463 ], [ 5.022361172387639, 52.202261022694472 ], [ 5.022412255314275, 52.202235816544203 ], [ 5.022418259147822, 52.202242198545513 ], [ 5.022425425148466, 52.202238841216534 ], [ 5.022452165476686, 52.202226313736432 ], [ 5.022445364838118, 52.202188588352797 ], [ 5.022482314665428, 52.202160075900856 ], [ 5.022468926471055, 52.202153347531919 ], [ 5.022516620439616, 52.202118594672847 ], [ 5.022505389510483, 52.202112807714514 ], [ 5.022555076085407, 52.202066924943637 ], [ 5.022622228888764, 52.202004890828164 ], [ 5.022851555670448, 52.201823772655281 ], [ 5.022987100931402, 52.201757248621334 ], [ 5.02300628151417, 52.201746099818912 ], [ 5.022984776105335, 52.201742797842165 ], [ 5.022791037631253, 52.201713052325253 ], [ 5.022464690190735, 52.201789637717411 ], [ 5.022184257595032, 52.201857457087506 ], [ 5.021942636033816, 52.201915895588023 ], [ 5.021770781642595, 52.201957463431413 ], [ 5.021763761504704, 52.201959086500935 ], [ 5.02172499696236, 52.201968035369617 ], [ 5.021431690113348, 52.20203576817287 ], [ 5.021424999922883, 52.202025698942123 ], [ 5.021384346759371, 52.202036610207209 ], [ 5.021292959948584, 52.201885743249981 ], [ 5.021469345432481, 52.201842850931229 ], [ 5.021505660762134, 52.201834667524722 ], [ 5.021658557161934, 52.201800222748467 ], [ 5.021663965439884, 52.201798936237751 ], [ 5.021939289200863, 52.201733403212458 ], [ 5.022769094872534, 52.201534187645208 ], [ 5.023097677319116, 52.201583070874548 ], [ 5.023173081659121, 52.20159593137263 ], [ 5.023213778034075, 52.201581415464219 ], [ 5.023278701480214, 52.201561123055399 ], [ 5.023335509609263, 52.201545811886788 ], [ 5.023406058271984, 52.20153168448612 ], [ 5.023470495366895, 52.201524369050269 ], [ 5.023547896107461, 52.201520230287002 ], [ 5.023628405945457, 52.201518698557472 ], [ 5.025223721129887, 52.201472313894861 ], [ 5.025456759095471, 52.201468569921111 ], [ 5.025632311643936, 52.201460946476743 ], [ 5.025764394137317, 52.201445603925549 ], [ 5.025871536165855, 52.201424828114561 ], [ 5.025968181165191, 52.20140152145391 ], [ 5.026061262061398, 52.201373961511109 ], [ 5.026149111375839, 52.201340327634298 ], [ 5.02621718479825, 52.201301141619098 ], [ 5.026288260644916, 52.201256059668196 ], [ 5.026340140519916, 52.201218720546827 ], [ 5.026400963350141, 52.201168052655689 ], [ 5.026652420242807, 52.200932240231651 ], [ 5.026775444592359, 52.200823007908305 ], [ 5.02690399592221, 52.200704930215451 ], [ 5.026983254622701, 52.200631740576654 ], [ 5.027061316171146, 52.200558232655837 ], [ 5.027152983721243, 52.200477153385016 ], [ 5.027246602269924, 52.200406218378632 ], [ 5.027355580670459, 52.20034237664111 ], [ 5.027486172546305, 52.200282860918797 ], [ 5.027602571144303, 52.200240199151331 ], [ 5.02772472388463, 52.200202264461943 ], [ 5.027812898095841, 52.200167803446597 ], [ 5.027901634467154, 52.200118019648016 ], [ 5.027950408552139, 52.200086386694039 ], [ 5.02794510655676, 52.200029144387926 ], [ 5.027942301170746, 52.199957960401726 ], [ 5.028147303446916, 52.199954395480539 ], [ 5.028180403758485, 52.199954577003766 ], [ 5.028213509497436, 52.199954084439135 ], [ 5.02824656215417, 52.199952917608798 ], [ 5.028279532473123, 52.199951076423901 ], [ 5.028312391198768, 52.199948560795583 ], [ 5.02834509437622, 52.199945379578395 ], [ 5.028377598195302, 52.199941523651283 ], [ 5.028409887882926, 52.199937010945526 ], [ 5.028441904929648, 52.199931841283501 ], [ 5.028782190360596, 52.199863424763109 ], [ 5.028941009732432, 52.199827568451113 ], [ 5.029164504632114, 52.199765168918589 ], [ 5.029211725283321, 52.199742851222332 ], [ 5.029248496202674, 52.199719432270079 ], [ 5.029266835955974, 52.199705215017445 ], [ 5.029286049706887, 52.19969144980751 ], [ 5.029306137383055, 52.199678145627558 ], [ 5.029327040188036, 52.199665338250725 ], [ 5.029348743350639, 52.199653045607654 ], [ 5.029371202918049, 52.199641276552711 ], [ 5.02939440411929, 52.199630049016562 ], [ 5.029418288230623, 52.199619389784587 ], [ 5.029549381900408, 52.199564178523275 ], [ 5.029573831040898, 52.199557835179583 ], [ 5.029587787631489, 52.199555738314892 ], [ 5.029617415605819, 52.199554767453229 ], [ 5.029641015347208, 52.199555845557484 ], [ 5.0296646646638, 52.199556213760296 ], [ 5.029688304902748, 52.199555889859923 ], [ 5.029711906953267, 52.199554855792407 ], [ 5.029735397607694, 52.199553120324126 ], [ 5.029758718285293, 52.199550692265774 ], [ 5.029781825104317, 52.199547571484629 ], [ 5.029804659484116, 52.19954376679145 ], [ 5.029827162844098, 52.199539286997101 ], [ 5.029849291230635, 52.199534140956715 ], [ 5.030067752635297, 52.199446045957103 ], [ 5.030246199368708, 52.199353524391768 ], [ 5.030457953741897, 52.199233285520172 ], [ 5.030640147734663, 52.199105461084066 ], [ 5.03066995759634, 52.19907987255516 ], [ 5.030726316037319, 52.19900299811296 ], [ 5.030768615281305, 52.198941064098022 ], [ 5.03089675443814, 52.19881947551292 ], [ 5.030972116568933, 52.198764076535241 ], [ 5.030987365148827, 52.198755844643038 ], [ 5.031003311637393, 52.198748136154173 ], [ 5.03101991201135, 52.198740968911402 ], [ 5.031037136802356, 52.198734369789413 ], [ 5.031054898179237, 52.198728347510979 ], [ 5.031073181300492, 52.198722928994897 ], [ 5.031091912961771, 52.198718123008128 ], [ 5.031111034441883, 52.198713956337201 ], [ 5.031130501861674, 52.198710428849616 ], [ 5.031150242017023, 52.198707549312438 ], [ 5.031170210813588, 52.198705344556423 ], [ 5.031190349889275, 52.198703796429584 ], [ 5.031436142390553, 52.198685356893435 ], [ 5.031565137862681, 52.198676155301293 ], [ 5.031680228304714, 52.19866262446336 ], [ 5.031687429675164, 52.198660174460606 ], [ 5.031694094016475, 52.198657201540563 ], [ 5.03170011851235, 52.198653759321417 ], [ 5.031705429671454, 52.198649892521715 ], [ 5.031709939304288, 52.198645654803585 ], [ 5.03171357370474, 52.198641117848865 ], [ 5.031716303118241, 52.198636344483553 ], [ 5.031718068465431, 52.19863140643335 ], [ 5.03171883999186, 52.198626366524287 ], [ 5.03170885130662, 52.198567465482476 ], [ 5.031705797396633, 52.198559735653262 ], [ 5.031703753795964, 52.198551874046224 ], [ 5.031702749255654, 52.19854394366358 ], [ 5.031702768790309, 52.198535989399865 ], [ 5.031703826667677, 52.198528056237734 ], [ 5.031705907830716, 52.19852019805942 ], [ 5.031709011777325, 52.19851247777892 ], [ 5.03171310896728, 52.19850493125896 ], [ 5.031718169788759, 52.198497603350013 ], [ 5.031724179184907, 52.198490547934213 ], [ 5.031731078219295, 52.19848381876163 ], [ 5.031738822797093, 52.19847744266319 ], [ 5.031747383235154, 52.198471473476999 ], [ 5.031756686185741, 52.198465937945933 ], [ 5.031766418891771, 52.198459702648641 ], [ 5.031776937416397, 52.198453973039982 ], [ 5.03178818296697, 52.198448784894474 ], [ 5.03180008198116, 52.198444191918242 ], [ 5.031812561254931, 52.198440202878707 ], [ 5.03182551811638, 52.198436853418436 ], [ 5.031838879218413, 52.19843417028035 ], [ 5.031852556730738, 52.19843216218797 ], [ 5.031866448124962, 52.198430846808591 ], [ 5.031880465570904, 52.198430232865732 ], [ 5.031894535864948, 52.198430329127177 ], [ 5.031908527440591, 52.198431126208995 ], [ 5.032028469727768, 52.198465784961321 ], [ 5.032130770542151, 52.198528199221037 ], [ 5.032140225654646, 52.198531103788206 ], [ 5.032150050583271, 52.198533488166284 ], [ 5.03216018703616, 52.198535325216056 ], [ 5.032170547396697, 52.19853659669819 ], [ 5.032181043905102, 52.198537302348825 ], [ 5.032191618126267, 52.198537433004311 ], [ 5.032202153047248, 52.19853698831286 ], [ 5.032212590161366, 52.198535968098646 ], [ 5.032589382930794, 52.198473007164587 ], [ 5.032887672246933, 52.198424765447847 ], [ 5.033278323296943, 52.19837362707738 ], [ 5.033574836725026, 52.198329656560809 ], [ 5.03361145993837, 52.198324427388179 ], [ 5.033644627477426, 52.198315979165841 ], [ 5.033709289937458, 52.198290503196944 ], [ 5.033948441499907, 52.198229220036339 ], [ 5.033995590285457, 52.198215465715457 ], [ 5.034086442935413, 52.198181520343397 ], [ 5.034152820091132, 52.19815925795168 ], [ 5.034285523272641, 52.198121168264755 ], [ 5.034297549739376, 52.198117060766613 ], [ 5.034310083221148, 52.19811357494973 ], [ 5.034323035817534, 52.198110728527304 ], [ 5.034336319557061, 52.198108548200068 ], [ 5.034349846610585, 52.198107042693429 ], [ 5.034363543775434, 52.198106220776523 ], [ 5.034377293969688, 52.19810609108746 ], [ 5.034391024061838, 52.198106653407663 ], [ 5.03440461704109, 52.198107907387609 ], [ 5.034418014544557, 52.198109834877151 ], [ 5.034491124975479, 52.198116497607238 ], [ 5.034539005413795, 52.198121161532683 ], [ 5.034587036746223, 52.198125241673523 ], [ 5.034635189789109, 52.198128728954494 ], [ 5.03468343521663, 52.198131632275832 ], [ 5.034731773097953, 52.198133942649726 ], [ 5.034780174178284, 52.198135659988665 ], [ 5.035492910387462, 52.198111261420785 ], [ 5.036104549964915, 52.198091878888214 ], [ 5.036595972557466, 52.198074239517396 ], [ 5.037124708899627, 52.198052709089218 ], [ 5.037140029464163, 52.19794010873219 ], [ 5.037201069619348, 52.197949061878504 ], [ 5.037339906025796, 52.19761727923602 ], [ 5.037423304610932, 52.19741432706369 ], [ 5.037400685870685, 52.197353573533832 ], [ 5.037333918163682, 52.197172439630215 ], [ 5.037250516585877, 52.196962018637713 ], [ 5.037180397565059, 52.19678873015669 ], [ 5.037119849529907, 52.196659537850287 ], [ 5.03712070562489, 52.196641780227104 ], [ 5.037122660872896, 52.196625607738923 ], [ 5.037352586740039, 52.19660315417628 ], [ 5.037618760186803, 52.196578335791912 ], [ 5.037765214662502, 52.196565062643565 ], [ 5.037839685737367, 52.196380985359561 ], [ 5.037938009969117, 52.196139204120072 ], [ 5.038066781697842, 52.195830534708982 ], [ 5.038087965277297, 52.195783176982438 ], [ 5.038113004122661, 52.195710421751095 ], [ 5.038124591788749, 52.19567629285708 ], [ 5.038144253832769, 52.195587864737661 ], [ 5.038154819667561, 52.195540394721007 ], [ 5.038171213080072, 52.19544537776374 ], [ 5.038173053316436, 52.195395257476648 ], [ 5.038150531062929, 52.195213796353173 ], [ 5.038134078369397, 52.195163172595564 ], [ 5.0381065617389, 52.195104085442722 ], [ 5.038055739146962, 52.194982400293348 ], [ 5.037986596446936, 52.194831980432539 ], [ 5.037944239644746, 52.194738704172728 ], [ 5.03788883632148, 52.194639906661457 ], [ 5.037856888054444, 52.19459958213848 ], [ 5.037791965222911, 52.194515541575591 ], [ 5.037719340200154, 52.194447629507209 ], [ 5.037718337468527, 52.194446808637167 ], [ 5.037655119954449, 52.194395300394433 ], [ 5.037578586168999, 52.194337245424173 ], [ 5.037531908139626, 52.194306548221206 ], [ 5.037493596659031, 52.19428135841973 ], [ 5.037339148490375, 52.194192216931498 ], [ 5.037225054955002, 52.194128864401009 ], [ 5.03709786489634, 52.19406268666966 ], [ 5.036978693305056, 52.193997943687833 ], [ 5.036867098134986, 52.193922015100519 ], [ 5.036777807991649, 52.193862717372639 ], [ 5.036742360980027, 52.193830453327038 ], [ 5.036691277587155, 52.19377982543606 ], [ 5.03664630466358, 52.193733305175186 ], [ 5.036601936126155, 52.193676890968391 ], [ 5.036549587377126, 52.193603088345782 ], [ 5.036516091553489, 52.193551505950978 ], [ 5.036495882835704, 52.193510155333634 ], [ 5.036466459005887, 52.193441067519892 ], [ 5.03645416164911, 52.193405420771093 ], [ 5.036443024491589, 52.193367305783156 ], [ 5.036435204730911, 52.193327654722168 ], [ 5.036427402926299, 52.193272706237465 ], [ 5.036417240006857, 52.193164658967127 ], [ 5.036398953976883, 52.192940265618901 ], [ 5.036388408096333, 52.1928121291511 ], [ 5.036382601554346, 52.192741529590421 ], [ 5.036349253218594, 52.192370138603259 ], [ 5.036338339088589, 52.192233075996 ], [ 5.03632308704837, 52.192004215616784 ], [ 5.036308411831418, 52.191841472254389 ], [ 5.036306984456556, 52.191818422925138 ], [ 5.036301067216808, 52.191722890462295 ], [ 5.036271338943243, 52.191636922311581 ], [ 5.036220439902513, 52.19148891935118 ], [ 5.036213526885365, 52.191479065991977 ], [ 5.036171788960401, 52.191438100703095 ], [ 5.036086934582478, 52.191354826776873 ], [ 5.036067763668606, 52.191336011930431 ], [ 5.036008013644556, 52.191275830720727 ], [ 5.035949789229356, 52.191233647883585 ], [ 5.035882194570083, 52.191183536735295 ], [ 5.035777283637414, 52.191110485115047 ], [ 5.035673840772505, 52.191036763674518 ], [ 5.035614891123469, 52.190995755930871 ], [ 5.035584478151986, 52.190974606616123 ], [ 5.035513230190936, 52.1909242416993 ], [ 5.03547681455293, 52.190890967715369 ], [ 5.035449832612392, 52.190863141553621 ], [ 5.035404255726727, 52.190808439957145 ], [ 5.03538028857089, 52.190774789584047 ], [ 5.035335763534139, 52.190699859227678 ], [ 5.035312324929263, 52.190601083757997 ], [ 5.035305314320302, 52.190562864094581 ], [ 5.03530490855605, 52.19054015034537 ], [ 5.035306678809305, 52.190504841980349 ], [ 5.035309182099592, 52.190469302113044 ], [ 5.035319722180518, 52.190421616516275 ], [ 5.035342948137707, 52.1903100554334 ], [ 5.035346878306032, 52.190291992384147 ], [ 5.035374905321458, 52.19016317975327 ], [ 5.035403230543824, 52.190041037058229 ], [ 5.035422471171205, 52.189952635006911 ], [ 5.035430854437038, 52.189929920475841 ], [ 5.035448705907942, 52.189887847148022 ], [ 5.035456865323505, 52.189871261728015 ], [ 5.035478237706929, 52.189827769800161 ], [ 5.035507410427635, 52.189772419035251 ], [ 5.035552241573182, 52.189678601541431 ], [ 5.035584674855828, 52.189606605799867 ], [ 5.035636450398829, 52.189512997697996 ], [ 5.035674727247129, 52.189432453814391 ], [ 5.035686388350202, 52.189403879891984 ], [ 5.035704545456906, 52.189321110004229 ], [ 5.035706282116433, 52.189269605244164 ], [ 5.035708010721473, 52.189200564972857 ], [ 5.035698797095189, 52.189154249612344 ], [ 5.035662429902783, 52.189053763939377 ], [ 5.035599702216592, 52.18893396555162 ], [ 5.035553548377639, 52.188885895378647 ], [ 5.03549604043504, 52.188827482190824 ], [ 5.035430481149862, 52.188764577977395 ], [ 5.035386903229146, 52.188723696782482 ], [ 5.03535685373333, 52.188688194725572 ], [ 5.03529933877715, 52.188621467564914 ], [ 5.035282471564465, 52.188596295976403 ], [ 5.03525900426748, 52.188558764258616 ], [ 5.035224557907402, 52.188511555738877 ], [ 5.035223096701033, 52.188509556058321 ], [ 5.035202187744654, 52.188475842845314 ], [ 5.03518800881641, 52.188447290799544 ], [ 5.035176507200243, 52.188424148491571 ], [ 5.035158516582196, 52.18837828327483 ], [ 5.035156881971171, 52.188364904332161 ], [ 5.035150000089116, 52.188308583296568 ], [ 5.035137010710271, 52.188184915316768 ], [ 5.035123675262634, 52.188073604732246 ], [ 5.035112528388437, 52.187964781344306 ], [ 5.035100240109115, 52.187820865590716 ], [ 5.035085734502736, 52.187668863051869 ], [ 5.035062004621195, 52.187459067435704 ], [ 5.035046398132649, 52.187303915815676 ], [ 5.035028631429676, 52.187131599746301 ], [ 5.035026349854603, 52.187109419664353 ], [ 5.035007805401204, 52.186943024326212 ], [ 5.03497723777795, 52.186802954778081 ], [ 5.03494277268929, 52.186747216535537 ], [ 5.034906854504074, 52.186699581079651 ], [ 5.034848255297398, 52.186640939591392 ], [ 5.034804687345263, 52.186608381034709 ], [ 5.034750872835701, 52.18656975197154 ], [ 5.034693037399804, 52.186532935433256 ], [ 5.034619460708298, 52.186489609523363 ], [ 5.034582864465874, 52.186472324257764 ], [ 5.034507867396164, 52.186444066832578 ], [ 5.034426650124216, 52.186423906896536 ], [ 5.03435823079437, 52.186399695631401 ], [ 5.034270057641792, 52.186375272486217 ], [ 5.034179698241974, 52.18634995293089 ], [ 5.034091900136412, 52.186326204869864 ], [ 5.034026773596625, 52.186303549186931 ], [ 5.033984692605299, 52.18628830556974 ], [ 5.03390821463189, 52.186255099956547 ], [ 5.033874541656339, 52.186238038927421 ], [ 5.033848915254254, 52.18622232319899 ], [ 5.033815242960459, 52.186199644683761 ], [ 5.033764727818608, 52.186163712438443 ], [ 5.033698459478859, 52.186115428498667 ], [ 5.033695295849827, 52.186112381098404 ], [ 5.033681045044498, 52.186098649776923 ], [ 5.03363451108537, 52.186049355319383 ], [ 5.033605553363202, 52.186016723219986 ], [ 5.033585760249809, 52.185991965044842 ], [ 5.033566296177237, 52.185947838810613 ], [ 5.033533641019373, 52.185878066379601 ], [ 5.033502747192264, 52.185765058166098 ], [ 5.033450898424137, 52.18558023631843 ], [ 5.033394279355327, 52.185375608669538 ], [ 5.033328448341802, 52.185130462636337 ], [ 5.033262996962276, 52.184898377192404 ], [ 5.033253054007536, 52.184850423604637 ], [ 5.03324679172073, 52.184819585130157 ], [ 5.033239811406332, 52.184799997423568 ], [ 5.033198723599422, 52.184716933378922 ], [ 5.033163882810992, 52.184661112570488 ], [ 5.033124656358817, 52.184610698336634 ], [ 5.033077382410492, 52.184560952025095 ], [ 5.032969689982091, 52.184476115216597 ], [ 5.032860929661825, 52.184417160418512 ], [ 5.032831280889192, 52.184405458994028 ], [ 5.032803816226121, 52.184393081033257 ], [ 5.032769756536316, 52.184378912640852 ], [ 5.032675307939905, 52.184349894576734 ], [ 5.032619296098311, 52.18433257735294 ], [ 5.03254901839671, 52.184314579106569 ], [ 5.032503227235214, 52.184113407909244 ], [ 5.032592701015401, 52.18410965006742 ], [ 5.032609438539501, 52.184108424046428 ], [ 5.032829718256996, 52.184092295902424 ], [ 5.033185875082069, 52.184073312213357 ], [ 5.033206076878786, 52.184072231314452 ], [ 5.033286255099409, 52.184066090231539 ], [ 5.033425736274383, 52.184049458098407 ], [ 5.033429216266695, 52.184049468525757 ], [ 5.033441586252144, 52.18404951457795 ], [ 5.033471019826238, 52.184049620740531 ], [ 5.033530280367041, 52.184044477399674 ], [ 5.03365912387643, 52.184037978504826 ], [ 5.033818676970188, 52.184029243508014 ], [ 5.034545424844844, 52.183996273556396 ], [ 5.03515954339756, 52.183960680417663 ], [ 5.035352934195233, 52.183949752307647 ], [ 5.03594706596645, 52.183910068905163 ], [ 5.036080950020342, 52.18390213530229 ], [ 5.036198231742305, 52.1838949880717 ], [ 5.036274864321596, 52.183891512829717 ], [ 5.03645566147513, 52.18389961792451 ], [ 5.036699423930156, 52.18390369432958 ], [ 5.036796927709077, 52.183905107238481 ], [ 5.03696238916568, 52.183903548929138 ], [ 5.037237655877112, 52.183891674171953 ], [ 5.037345687550598, 52.183885630865504 ], [ 5.037424076645637, 52.183883768926421 ], [ 5.03753558825526, 52.183877735755502 ], [ 5.037626075446901, 52.183884484020737 ], [ 5.037876820891028, 52.183887509102085 ], [ 5.037988332449759, 52.183881475503355 ], [ 5.038232297925134, 52.183865209599418 ], [ 5.038450117561533, 52.183850987121829 ], [ 5.038923958649929, 52.183834454840493 ], [ 5.039202679369425, 52.183825794390195 ], [ 5.03943266796061, 52.183814823654558 ], [ 5.039857801269068, 52.183792769349495 ], [ 5.039946644643885, 52.183790936490297 ], [ 5.040094716120895, 52.183786104954834 ], [ 5.040645133913412, 52.18377304450668 ], [ 5.041045754750812, 52.183764809349441 ], [ 5.041549163362104, 52.183751579889837 ], [ 5.041550967691586, 52.183745167772777 ], [ 5.041657792142401, 52.183677765210604 ], [ 5.041665550482252, 52.183672871505266 ], [ 5.041687679360616, 52.183658915056377 ], [ 5.04187534590439, 52.183525732320156 ], [ 5.041947313886163, 52.18346923778595 ], [ 5.042012307243024, 52.183412713828545 ], [ 5.042049309469446, 52.183370012376628 ], [ 5.042072256918078, 52.1833390440502 ], [ 5.042098844108172, 52.183293094449454 ], [ 5.042127662741137, 52.183196836793101 ], [ 5.04215172626874, 52.183055580516623 ], [ 5.042199331967729, 52.182823407954615 ], [ 5.04221669440027, 52.182654296376377 ], [ 5.042224367772588, 52.182584725056032 ], [ 5.042307644297732, 52.182268088974638 ], [ 5.042362280570996, 52.18202844090024 ], [ 5.04237703351595, 52.181947116017263 ], [ 5.042390456958324, 52.181824029200847 ], [ 5.042401410512866, 52.181772677040506 ], [ 5.042436009193905, 52.181630202115123 ], [ 5.04244853064543, 52.181589747931547 ], [ 5.042475317424313, 52.18152345907027 ], [ 5.042499316569343, 52.181386489753635 ], [ 5.042529320858258, 52.181172448246244 ], [ 5.042536728153392, 52.181129651239203 ], [ 5.042558553837198, 52.181035503177306 ], [ 5.042650460972665, 52.180552929316178 ], [ 5.042670247992217, 52.1804898286737 ], [ 5.04267069757672, 52.180444863227194 ], [ 5.042719708290733, 52.180245878006758 ], [ 5.042748395629268, 52.179990074502008 ], [ 5.042771943555485, 52.179898079531227 ], [ 5.042805031633351, 52.179723665827566 ], [ 5.042838792576161, 52.179482877985443 ], [ 5.042881003670071, 52.179266741781767 ], [ 5.042906096297726, 52.179196160601762 ], [ 5.04293185552656, 52.179058126712533 ], [ 5.043006864357118, 52.178695420530794 ], [ 5.043034290324039, 52.178564887427761 ], [ 5.043057803902903, 52.178477170549627 ], [ 5.043108894174078, 52.178244998625068 ], [ 5.043139935621386, 52.178100562660291 ], [ 5.043212959416239, 52.177763547094919 ], [ 5.0432366005369, 52.17766297775497 ], [ 5.043244010167817, 52.177627299153592 ], [ 5.043244131836982, 52.177626688326583 ], [ 5.043315251629461, 52.17728422042012 ], [ 5.043359092613838, 52.177079871940315 ], [ 5.043459857200136, 52.176580191888483 ], [ 5.043531194101799, 52.176235675172578 ], [ 5.043570326800392, 52.175979910700008 ], [ 5.043589301080699, 52.175822577661769 ], [ 5.043608058141802, 52.175687740863204 ], [ 5.043620643162835, 52.17564816752482 ], [ 5.043652875223836, 52.175559406295051 ], [ 5.043704441892313, 52.175452518658645 ], [ 5.043795351346541, 52.175240828916259 ], [ 5.043850368450131, 52.175073012833664 ], [ 5.043854605180846, 52.175060082483725 ], [ 5.043950039725604, 52.174744558798139 ], [ 5.043986373539011, 52.17459371152497 ], [ 5.044005097803926, 52.174461013679071 ], [ 5.044015466915742, 52.174295089984739 ], [ 5.044036312907172, 52.17412598803628 ], [ 5.044069160316361, 52.173974061020033 ], [ 5.04415950033317, 52.173645660521792 ], [ 5.044193942080376, 52.173508730025311 ], [ 5.044212888358591, 52.173354614437862 ], [ 5.044226999766035, 52.173161935394774 ], [ 5.044242299355123, 52.173023870701044 ], [ 5.044296699948621, 52.172650344888147 ], [ 5.04439498924868, 52.172215208114821 ], [ 5.044464154389234, 52.17195746316186 ], [ 5.04452223682816, 52.171753200370723 ], [ 5.044573005407407, 52.171579960771979 ], [ 5.044637521604319, 52.171358190040721 ], [ 5.044637701845768, 52.171357561405685 ], [ 5.044658241265859, 52.171286948581908 ], [ 5.044720926753972, 52.171134092257589 ], [ 5.044805272441976, 52.170914949509708 ], [ 5.044929388846865, 52.170568553447808 ], [ 5.04504105893487, 52.170245660665934 ], [ 5.045197385447296, 52.169823382302177 ], [ 5.045304976353945, 52.169549722532395 ], [ 5.045344533191269, 52.169440669154554 ], [ 5.045443809138637, 52.169135931707878 ], [ 5.045490809636846, 52.16898623822398 ], [ 5.045512633364818, 52.168906020799348 ], [ 5.045549731285865, 52.168711322790045 ], [ 5.045597751988723, 52.168475976792841 ], [ 5.04562931920963, 52.16816348429245 ], [ 5.045657946188651, 52.167950552072128 ], [ 5.045697448296328, 52.167701258980458 ], [ 5.045801334699434, 52.167301252938017 ], [ 5.045890809952517, 52.166942954271647 ], [ 5.045981654205464, 52.16661570395565 ], [ 5.046076196085435, 52.16626919401196 ], [ 5.046133604423278, 52.166120599856427 ], [ 5.04613845878181, 52.166108893557443 ], [ 5.04614426193823, 52.166097351783343 ], [ 5.046151013685839, 52.166086001497376 ], [ 5.046158699133365, 52.166074878608249 ], [ 5.046167288773658, 52.166064018982446 ], [ 5.046176753305674, 52.166053431523139 ], [ 5.046187092454293, 52.166043152181189 ], [ 5.046198262096673, 52.166033216780804 ], [ 5.046210232932007, 52.166023634225191 ], [ 5.0462229900695, 52.166014440422899 ], [ 5.046236489455268, 52.166005662210395 ], [ 5.046250687172845, 52.165997308448546 ], [ 5.046265553715815, 52.165989415003857 ], [ 5.046421005632915, 52.165928988321909 ], [ 5.046603697463726, 52.165970635636626 ], [ 5.046615140012527, 52.165972807793217 ], [ 5.046660866371163, 52.165981496282015 ] ] ] ] } }
]
}
