{
"type": "FeatureCollection",
"name": "regions",
"crs": { "type": "name", "properties": { "name": "urn:ogc:def:crs:OGC:1.3:CRS84" } },
"features": [
{ "type": "Feature", "properties": { "statcode": "ET1501", "id": 16, "jrstatcode": "2021ET1501", "statnaam": "Kop van Noord-Holland", "rubriek": "subres_regio", "gid": "ET1501", "label": "Kop van Noord-Holland" }, "geometry": { "type": "MultiPolygon", "coordinates": [ [ [ [ 4.674448967285608, 52.976740274432721 ], [ 4.677808741783527, 52.976496403322848 ], [ 4.679131148676644, 52.978009025921686 ], [ 4.680810192541025, 52.978613595432222 ], [ 4.685509335734708, 52.978956782453494 ], [ 4.696818226185054, 52.976694034373011 ], [ 4.703124381013994, 52.97605515686643 ], [ 4.708714027566576, 52.97469141048358 ], [ 4.702429149919201, 52.973435893684865 ], [ 4.690054168050457, 52.968812913068184 ], [ 4.683743300625306, 52.964833268760259 ], [ 4.677335821931961, 52.959255265270734 ], [ 4.671310451638957, 52.959256200094472 ], [ 4.663292132072505, 52.961592565176801 ], [ 4.659606736992855, 52.964077765638493 ], [ 4.657445088689787, 52.968831242353318 ], [ 4.657546158368568, 52.974207057706515 ], [ 4.658787130819122, 52.977316221610508 ], [ 4.663061343815382, 52.982635932088705 ], [ 4.665040602173923, 52.984028536672469 ], [ 4.67041381044216, 52.985813065288603 ], [ 4.676831763525694, 52.985818653801033 ], [ 4.679685364543775, 52.984735292416893 ], [ 4.67911294058964, 52.98407659054147 ], [ 4.674407480579547, 52.982859376984351 ], [ 4.669159443271237, 52.979199499827487 ], [ 4.669884259666341, 52.977917501676906 ], [ 4.674448967285608, 52.976740274432721 ] ] ], [ [ [ 5.054712489739771, 52.94034713776594 ], [ 5.0536638150607, 52.936854053592597 ], [ 5.050494304502934, 52.937962061612453 ], [ 5.049161039166045, 52.937785732469713 ], [ 5.044116074799485, 52.935306278209104 ], [ 5.044129515355632, 52.934482270654037 ], [ 5.048718772488463, 52.930540832536877 ], [ 5.046643968415547, 52.929724398009881 ], [ 5.047120814706505, 52.928805584637388 ], [ 5.04205775422566, 52.932401978235795 ], [ 5.038861526289931, 52.931265357982561 ], [ 5.038422667017636, 52.930188937749442 ], [ 5.039599490170769, 52.929066072927661 ], [ 5.038328344164708, 52.928407720914528 ], [ 5.039118292701477, 52.925788166368108 ], [ 5.038004168380751, 52.922680401429012 ], [ 5.03744081603186, 52.922660056512342 ], [ 5.037852665086342, 52.921520975002416 ], [ 5.039097208808063, 52.921487257095762 ], [ 5.046371333041584, 52.923597013428548 ], [ 5.045622420350091, 52.924243295573717 ], [ 5.041886279200892, 52.92309968752928 ], [ 5.041592246808738, 52.923436781845517 ], [ 5.047349974833242, 52.925178501193955 ], [ 5.048590785496835, 52.924068568687801 ], [ 5.073900758396151, 52.893819713301298 ], [ 5.076823666394402, 52.892911541815479 ], [ 5.079483717483114, 52.89003547755069 ], [ 5.079151200826096, 52.887527673816493 ], [ 5.101902109487385, 52.860339259768899 ], [ 5.105304882912653, 52.856908364189245 ], [ 5.106903012604234, 52.857276237252286 ], [ 5.10933342856157, 52.856697292050946 ], [ 5.110940777673642, 52.85489782712331 ], [ 5.111329916020055, 52.854286886187801 ], [ 5.10784542870203, 52.853264440290516 ], [ 5.11393620575401, 52.84582959498659 ], [ 5.10414829091749, 52.774452274097008 ], [ 5.099631764546619, 52.773309534386577 ], [ 5.098672958082251, 52.772354758645712 ], [ 5.093665887133967, 52.769691878264879 ], [ 5.09210784630837, 52.769285207528 ], [ 5.083582439967433, 52.769614801789807 ], [ 5.076211440460241, 52.769245384739513 ], [ 5.069722976698589, 52.768103167655127 ], [ 5.067460789991217, 52.7666708524605 ], [ 5.064292574939626, 52.762587647611753 ], [ 5.061724660207072, 52.76066335208597 ], [ 5.056920522044771, 52.757498060087599 ], [ 5.044998692624852, 52.753133025730307 ], [ 5.039926711004743, 52.752389796766437 ], [ 5.025926308273928, 52.751571093536896 ], [ 4.996860451522888, 52.752065330722296 ], [ 4.987440588214454, 52.752417043478737 ], [ 4.955821565041147, 52.753278598710374 ], [ 4.954342167344739, 52.755296332820983 ], [ 4.94641922021883, 52.753952305979595 ], [ 4.944386075197282, 52.753659001662093 ], [ 4.944613873463107, 52.752783464654911 ], [ 4.940327784060421, 52.750421346400671 ], [ 4.932776135097864, 52.748881770315073 ], [ 4.931424480026254, 52.74199917905694 ], [ 4.927363161093854, 52.73734844489374 ], [ 4.903920374041241, 52.711634062304455 ], [ 4.898669408864142, 52.706831941174762 ], [ 4.877703352642587, 52.711988238089177 ], [ 4.872013049175457, 52.716289580965366 ], [ 4.861210831938322, 52.720726385699614 ], [ 4.858092649936456, 52.723345342447537 ], [ 4.855471020931334, 52.723072871163886 ], [ 4.852152042862176, 52.722447721733978 ], [ 4.847685312869555, 52.720259367180638 ], [ 4.843746845316057, 52.719654526949498 ], [ 4.8411487694134, 52.719301662418019 ], [ 4.828586882048016, 52.718065948148833 ], [ 4.827256285809121, 52.717562671262307 ], [ 4.817940391077284, 52.71550694645196 ], [ 4.813207490627849, 52.714941126269956 ], [ 4.809671676563471, 52.715147256288525 ], [ 4.805025849288612, 52.714208784156959 ], [ 4.803923994609598, 52.714779596651056 ], [ 4.80501126376123, 52.715069934257251 ], [ 4.804529098123188, 52.715674426893337 ], [ 4.803354469082831, 52.715421009521108 ], [ 4.801739306012387, 52.71615196457725 ], [ 4.799850252603609, 52.717962267160715 ], [ 4.797541895645839, 52.719636069343331 ], [ 4.797602468932896, 52.720847537038708 ], [ 4.797366284786264, 52.720876635649788 ], [ 4.795665876291864, 52.720526673730141 ], [ 4.795485857607462, 52.720431990288077 ], [ 4.794038340300006, 52.720713685741501 ], [ 4.794075483332474, 52.720077766716059 ], [ 4.79361242524181, 52.720105506388009 ], [ 4.792702413653064, 52.72049298704124 ], [ 4.790373986420429, 52.720641343861821 ], [ 4.788218848779338, 52.721043369098204 ], [ 4.78662606616856, 52.72099828295665 ], [ 4.785411990531159, 52.722451256376971 ], [ 4.786872982686974, 52.726372296413793 ], [ 4.786566023409685, 52.727945710867225 ], [ 4.781768904457037, 52.729866709017962 ], [ 4.778812255186608, 52.731346878106493 ], [ 4.777689866864887, 52.72856184871457 ], [ 4.772901817221973, 52.719981998131829 ], [ 4.770459452221598, 52.708724625303091 ], [ 4.77068716268426, 52.701486830506354 ], [ 4.769647021546735, 52.698793488666766 ], [ 4.768484741367102, 52.698419842885748 ], [ 4.767425081098873, 52.698205972900944 ], [ 4.751847230278026, 52.69707220239065 ], [ 4.734314742081976, 52.692806032048146 ], [ 4.732036519751421, 52.692809086413526 ], [ 4.728853820601111, 52.691403785921139 ], [ 4.725222298507247, 52.693849600689454 ], [ 4.720598771160178, 52.697116696112836 ], [ 4.719210023299656, 52.699095937212981 ], [ 4.717863143135295, 52.70263798823791 ], [ 4.715807131252194, 52.710047283500913 ], [ 4.710468524496579, 52.71452967368753 ], [ 4.706985289910381, 52.718703537492196 ], [ 4.704335421335804, 52.720421855342416 ], [ 4.690352065283036, 52.732622364735043 ], [ 4.689822360316399, 52.732991968336719 ], [ 4.686897176297972, 52.732645918288377 ], [ 4.683528608467846, 52.733536509399023 ], [ 4.681021207953258, 52.737675195790857 ], [ 4.678894897454366, 52.739168592049715 ], [ 4.67136957549245, 52.740537998342845 ], [ 4.662434569529687, 52.746735760858904 ], [ 4.660463290657767, 52.74670467964981 ], [ 4.659191372889013, 52.747309158815732 ], [ 4.658956354983454, 52.749634375160539 ], [ 4.656372360147187, 52.750554204979053 ], [ 4.656426804687023, 52.751619747481882 ], [ 4.651040009847054, 52.755846908023962 ], [ 4.645598594229726, 52.756662656196525 ], [ 4.652500603121842, 52.769190273921367 ], [ 4.660007334357763, 52.778258026867839 ], [ 4.666556934620377, 52.785023022387087 ], [ 4.675928878915015, 52.801086936601422 ], [ 4.691835153358103, 52.840815008219792 ], [ 4.702181190651737, 52.86474893487344 ], [ 4.706030754371842, 52.873613843654503 ], [ 4.708981567676942, 52.883626965495921 ], [ 4.711435950132765, 52.89340836088607 ], [ 4.711981332208235, 52.901561610712903 ], [ 4.712901702591281, 52.915865915331629 ], [ 4.713373481051108, 52.932292880685146 ], [ 4.714535928572439, 52.938300200431591 ], [ 4.717238608076029, 52.947453779427128 ], [ 4.719419001520015, 52.951134365312853 ], [ 4.729652690989816, 52.961527257990632 ], [ 4.730839133065414, 52.962573671338177 ], [ 4.7396867483933, 52.963801913582465 ], [ 4.748296848411411, 52.964376856665616 ], [ 4.755503760833289, 52.963826804045475 ], [ 4.759272937439322, 52.964604408813578 ], [ 4.763210167096825, 52.965383326729622 ], [ 4.779558903460881, 52.965228965019392 ], [ 4.777821567609512, 52.963962806048066 ], [ 4.77824164667373, 52.962889712323857 ], [ 4.781326297120004, 52.96475832613374 ], [ 4.782359695333333, 52.964446931825883 ], [ 4.784241558937451, 52.966096319529967 ], [ 4.784972589624478, 52.965795560179593 ], [ 4.783326963632221, 52.964048612621859 ], [ 4.784690579403638, 52.96291772985164 ], [ 4.783595718190475, 52.962303123879494 ], [ 4.781137505965763, 52.963341811185387 ], [ 4.777745840851026, 52.96091644428477 ], [ 4.774788982437244, 52.960607558228013 ], [ 4.779195846351283, 52.954536799024645 ], [ 4.78803847068627, 52.949179382027644 ], [ 4.790476763229241, 52.949692974339577 ], [ 4.780446242342236, 52.955569483822195 ], [ 4.778231286562839, 52.95939579480293 ], [ 4.779321319685555, 52.958313555114628 ], [ 4.781023310404335, 52.958769434556629 ], [ 4.782736867089328, 52.956337191955093 ], [ 4.785088094498159, 52.956906281979364 ], [ 4.785556998740625, 52.954305701827089 ], [ 4.79438823378104, 52.955495463231934 ], [ 4.793751667650555, 52.95654011654085 ], [ 4.796478078462204, 52.957093676291585 ], [ 4.795374280722798, 52.959059453575847 ], [ 4.798150605241542, 52.959621013430052 ], [ 4.796572490343911, 52.961877052362993 ], [ 4.794301101313221, 52.961449622965389 ], [ 4.794806050682038, 52.960203681158049 ], [ 4.793364849595279, 52.959912009289006 ], [ 4.791640184163381, 52.962200241405647 ], [ 4.789700353763956, 52.962763400737792 ], [ 4.795876402056922, 52.964477363083844 ], [ 4.801325182768597, 52.964522631125824 ], [ 4.803420611357485, 52.959182101927603 ], [ 4.801697454915851, 52.953094016529477 ], [ 4.792839411429133, 52.944123991823602 ], [ 4.791302689887034, 52.936230410646388 ], [ 4.79215630336215, 52.935280494937153 ], [ 4.792123612808219, 52.932952572687583 ], [ 4.794181336405611, 52.932813168727144 ], [ 4.79473497851251, 52.929342840567074 ], [ 4.80327018015294, 52.917389302520192 ], [ 4.809089160906597, 52.915442530489649 ], [ 4.809988607308968, 52.91435314200362 ], [ 4.808050971542344, 52.913572986274843 ], [ 4.806076820916272, 52.914106237644084 ], [ 4.806725049716559, 52.912714349311571 ], [ 4.808700569502625, 52.911246691090447 ], [ 4.84199870320765, 52.899104763091749 ], [ 4.846208821927831, 52.899536412093873 ], [ 4.849483083864275, 52.899147837368652 ], [ 4.85048556999915, 52.898367566198743 ], [ 4.851002862820603, 52.896754568711764 ], [ 4.861357941070592, 52.892410566831018 ], [ 4.873673581915541, 52.888508781154698 ], [ 4.874937191215309, 52.888290443741958 ], [ 4.88289470543486, 52.888917495000058 ], [ 4.908658923085217, 52.894245218621521 ], [ 4.910473216833052, 52.895512993944372 ], [ 4.911800090848744, 52.895691139326601 ], [ 4.920871279561547, 52.899865721105549 ], [ 4.938304754976138, 52.904631099021799 ], [ 4.936352924554694, 52.906475927792627 ], [ 4.942764921539763, 52.910401714542267 ], [ 4.94563795505613, 52.910061995031164 ], [ 4.954592516324214, 52.916691202338875 ], [ 4.956867444907042, 52.920100046222267 ], [ 4.958414391445745, 52.925138775786181 ], [ 4.96848803643347, 52.930334934834796 ], [ 4.970208979041964, 52.930687767545869 ], [ 4.972342348004817, 52.930981233581321 ], [ 4.986770638299266, 52.931818455724766 ], [ 4.990785836838447, 52.932938121736527 ], [ 4.996881746784888, 52.934738025165203 ], [ 5.002959794777373, 52.935667749864557 ], [ 5.005169032295016, 52.935714390968187 ], [ 5.012046586229903, 52.933960761227944 ], [ 5.017321544313074, 52.934436662498378 ], [ 5.021003667148172, 52.934889384982917 ], [ 5.02630125673601, 52.937336961721627 ], [ 5.027309692976117, 52.940904760418441 ], [ 5.027165034038648, 52.941561740873922 ], [ 5.029319179580813, 52.941771654176272 ], [ 5.030636776556697, 52.942849031688944 ], [ 5.035048962853913, 52.941200299243526 ], [ 5.037175445424784, 52.939810511090613 ], [ 5.036224895427027, 52.939654730251902 ], [ 5.031794455610255, 52.942186370547162 ], [ 5.030090419334632, 52.941937764820985 ], [ 5.029140805408473, 52.940918770320437 ], [ 5.033851795265075, 52.938473329109172 ], [ 5.031384349613118, 52.93712554870222 ], [ 5.033436319330802, 52.936769403279214 ], [ 5.038042155611353, 52.933417655759634 ], [ 5.039479430270775, 52.934077307240273 ], [ 5.035166387878719, 52.93750848368088 ], [ 5.039306976534059, 52.934726743903653 ], [ 5.04113377384008, 52.934341702117386 ], [ 5.041995062349751, 52.93475463511281 ], [ 5.04196714485232, 52.935663633481688 ], [ 5.039670442287632, 52.938015044702645 ], [ 5.042900268116297, 52.93575000668816 ], [ 5.043872048428391, 52.935723750255299 ], [ 5.048899170748762, 52.938064202992209 ], [ 5.049539445104753, 52.938896764360614 ], [ 5.048268662365045, 52.940261941524881 ], [ 5.049112070147054, 52.940783161520336 ], [ 5.054151633377694, 52.941141872484067 ], [ 5.165883070627196, 52.999867188925123 ], [ 5.166762437217802, 52.999259076119472 ], [ 5.054712489739771, 52.94034713776594 ] ] ], [ [ [ 4.878723658618549, 53.156968263042195 ], [ 4.881068103859287, 53.155083879232144 ], [ 4.886505987385282, 53.156057258470604 ], [ 4.893353366063587, 53.151622644883261 ], [ 4.907755071058011, 53.135373707928544 ], [ 4.908336927357627, 53.13302772531312 ], [ 4.905921810368854, 53.131264440993476 ], [ 4.904440565088643, 53.132161403239259 ], [ 4.905362154833483, 53.130287465289371 ], [ 4.90465651662979, 53.128970279999692 ], [ 4.902140386822504, 53.12781864730524 ], [ 4.902964175269901, 53.125810913224051 ], [ 4.900243736705829, 53.125014347883585 ], [ 4.898335701008392, 53.100147709299648 ], [ 4.900395200492679, 53.087856504120879 ], [ 4.899711317905496, 53.083403994951418 ], [ 4.89715716944004, 53.07856586536478 ], [ 4.887657871693102, 53.072588141817164 ], [ 4.880576943998192, 53.070885432385076 ], [ 4.878781132722299, 53.066902362899526 ], [ 4.87674894742909, 53.065637095236951 ], [ 4.873197076073553, 53.064864201615386 ], [ 4.873146513435966, 53.055362037751024 ], [ 4.861598969275133, 53.048108946278987 ], [ 4.860015345528062, 53.04431147901613 ], [ 4.856283901513361, 53.040904831927335 ], [ 4.853840395763067, 53.040540357582181 ], [ 4.855057405889276, 53.04194110331364 ], [ 4.856578835784152, 53.041665519661841 ], [ 4.858514640215161, 53.043306151565872 ], [ 4.860464471199197, 53.046753469712719 ], [ 4.859840383383073, 53.046894387013197 ], [ 4.856763969598264, 53.044766752518505 ], [ 4.857990387511168, 53.04408920234259 ], [ 4.856864452135053, 53.043619901123535 ], [ 4.85615923122806, 53.042625753997974 ], [ 4.855974631737021, 53.04331241939267 ], [ 4.85329859526792, 53.043350100240389 ], [ 4.851342704193336, 53.039789765457023 ], [ 4.849617834851531, 53.040061942776987 ], [ 4.849412652307206, 53.039124018703852 ], [ 4.853084112656452, 53.038910235999317 ], [ 4.847167840052188, 53.034001132053334 ], [ 4.838524870438821, 53.030812491175567 ], [ 4.830598149903067, 53.029724192610509 ], [ 4.819488991648908, 53.029015654121828 ], [ 4.792669932554462, 53.008408729927964 ], [ 4.793023369067091, 53.006029984270157 ], [ 4.79613887510564, 53.005051114868792 ], [ 4.793100537389197, 53.002385349536915 ], [ 4.784988965163289, 53.001753094346242 ], [ 4.782425622154154, 53.004145337548202 ], [ 4.780604367907685, 53.003178285798271 ], [ 4.782252149734023, 53.00137026787263 ], [ 4.772818687783975, 53.005958750617609 ], [ 4.769373242895734, 53.005894204953648 ], [ 4.754979810000619, 53.010171962762804 ], [ 4.748560271982398, 53.011005586600191 ], [ 4.749862556987997, 53.010381461051189 ], [ 4.746512261068726, 53.01017109127411 ], [ 4.75380136963577, 53.004346897704195 ], [ 4.762414027883119, 53.001206124244959 ], [ 4.76387166448115, 53.001544302431704 ], [ 4.76355018429815, 53.002273150552469 ], [ 4.768731286061382, 53.000060876258551 ], [ 4.770068231024926, 53.000117458479146 ], [ 4.77201511209732, 52.998516480418772 ], [ 4.772954121691198, 52.998531470021341 ], [ 4.773660151436878, 52.996327182991052 ], [ 4.754157472231732, 52.996566293811824 ], [ 4.75996515984323, 52.993497319298328 ], [ 4.747660965515026, 52.990904769166008 ], [ 4.746464489943051, 52.989841830363964 ], [ 4.727064113932831, 52.985779712612853 ], [ 4.721938031356708, 52.983591237115995 ], [ 4.720162064971895, 52.984551396260933 ], [ 4.72033158120345, 52.991265943043011 ], [ 4.717539267172737, 52.995321881594755 ], [ 4.712781401978713, 52.999851539016511 ], [ 4.709777572596876, 53.013112090605347 ], [ 4.708628083779922, 53.022383030754582 ], [ 4.710162869588958, 53.033284459800591 ], [ 4.716111706267242, 53.051589730500808 ], [ 4.723532094159654, 53.067628083678308 ], [ 4.735249569164765, 53.082322477254586 ], [ 4.747463683969529, 53.094986672882293 ], [ 4.758140787949138, 53.10589078395639 ], [ 4.76111669766179, 53.108371992502548 ], [ 4.775710906930791, 53.121999180808047 ], [ 4.797504111966812, 53.14090547188389 ], [ 4.81024054621264, 53.155011743431935 ], [ 4.820607889570116, 53.164298262532938 ], [ 4.83113766504885, 53.171813392779626 ], [ 4.837957921550612, 53.178818147217008 ], [ 4.84086120191161, 53.183319196558664 ], [ 4.844887234067855, 53.184825774006121 ], [ 4.851893273835883, 53.185432597594719 ], [ 4.854929687228044, 53.185150176413096 ], [ 4.859698805803739, 53.183499613846784 ], [ 4.86112278088931, 53.183020941332408 ], [ 4.873093154660318, 53.172325486178906 ], [ 4.874790863193237, 53.166842320354434 ], [ 4.879687232513321, 53.164009833306942 ], [ 4.87685270643285, 53.16159200055705 ], [ 4.877589575751367, 53.157829169197676 ], [ 4.878723658618549, 53.156968263042195 ] ] ] ] } },
{ "type": "Feature", "properties": { "statcode": "ET1502", "id": 17, "jrstatcode": "2021ET1502", "statnaam": "Regio Alkmaar", "rubriek": "subres_regio", "gid": "ET1502", "label": "Regio Alkmaar" }, "geometry": { "type": "MultiPolygon", "coordinates": [ [ [ [ 4.659191372889013, 52.747309158815732 ], [ 4.660463290657767, 52.74670467964981 ], [ 4.662434569529687, 52.746735760858904 ], [ 4.67136957549245, 52.740537998342845 ], [ 4.678894897454366, 52.739168592049715 ], [ 4.681021207953258, 52.737675195790857 ], [ 4.683528608467846, 52.733536509399023 ], [ 4.686897176297972, 52.732645918288377 ], [ 4.689822360316399, 52.732991968336719 ], [ 4.690352065283036, 52.732622364735043 ], [ 4.704335421335804, 52.720421855342416 ], [ 4.706985289910381, 52.718703537492196 ], [ 4.710468524496579, 52.71452967368753 ], [ 4.715807131252194, 52.710047283500913 ], [ 4.717863143135295, 52.70263798823791 ], [ 4.719210023299656, 52.699095937212981 ], [ 4.720598771160178, 52.697116696112836 ], [ 4.725222298507247, 52.693849600689454 ], [ 4.728853820601111, 52.691403785921139 ], [ 4.732036519751421, 52.692809086413526 ], [ 4.734314742081976, 52.692806032048146 ], [ 4.751847230278026, 52.69707220239065 ], [ 4.767425081098873, 52.698205972900944 ], [ 4.768484741367102, 52.698419842885748 ], [ 4.769647021546735, 52.698793488666766 ], [ 4.77068716268426, 52.701486830506354 ], [ 4.770459452221598, 52.708724625303091 ], [ 4.772901817221973, 52.719981998131829 ], [ 4.777689866864887, 52.72856184871457 ], [ 4.778812255186608, 52.731346878106493 ], [ 4.781768904457037, 52.729866709017962 ], [ 4.786566023409685, 52.727945710867225 ], [ 4.786872982686974, 52.726372296413793 ], [ 4.785411990531159, 52.722451256376971 ], [ 4.78662606616856, 52.72099828295665 ], [ 4.788218848779338, 52.721043369098204 ], [ 4.790373986420429, 52.720641343861821 ], [ 4.792702413653064, 52.72049298704124 ], [ 4.79361242524181, 52.720105506388009 ], [ 4.794075483332474, 52.720077766716059 ], [ 4.794038340300006, 52.720713685741501 ], [ 4.795485857607462, 52.720431990288077 ], [ 4.795665876291864, 52.720526673730141 ], [ 4.797366284786264, 52.720876635649788 ], [ 4.797602468932896, 52.720847537038708 ], [ 4.797541895645839, 52.719636069343331 ], [ 4.799850252603609, 52.717962267160715 ], [ 4.801739306012387, 52.71615196457725 ], [ 4.803354469082831, 52.715421009521108 ], [ 4.804529098123188, 52.715674426893337 ], [ 4.80501126376123, 52.715069934257251 ], [ 4.803923994609598, 52.714779596651056 ], [ 4.805025849288612, 52.714208784156959 ], [ 4.809671676563471, 52.715147256288525 ], [ 4.813207490627849, 52.714941126269956 ], [ 4.817940391077284, 52.71550694645196 ], [ 4.827256285809121, 52.717562671262307 ], [ 4.828586882048016, 52.718065948148833 ], [ 4.8411487694134, 52.719301662418019 ], [ 4.843746845316057, 52.719654526949498 ], [ 4.847685312869555, 52.720259367180638 ], [ 4.852152042862176, 52.722447721733978 ], [ 4.855471020931334, 52.723072871163886 ], [ 4.858092649936456, 52.723345342447537 ], [ 4.861210831938322, 52.720726385699614 ], [ 4.872013049175457, 52.716289580965366 ], [ 4.877703352642587, 52.711988238089177 ], [ 4.898669408864142, 52.706831941174762 ], [ 4.899880961748615, 52.699485042278013 ], [ 4.899860112550245, 52.697586595712913 ], [ 4.891419417595246, 52.69517576796774 ], [ 4.888703840304435, 52.690455520762193 ], [ 4.881985440599185, 52.688095674479463 ], [ 4.879382853525453, 52.688016403521388 ], [ 4.876293329323028, 52.686342745202182 ], [ 4.879395507265163, 52.680080475148202 ], [ 4.877629061166911, 52.678779315608544 ], [ 4.875884365779204, 52.677846578689625 ], [ 4.874091169381519, 52.675463572142831 ], [ 4.87342321836014, 52.67269330220109 ], [ 4.870780736070557, 52.667840239204637 ], [ 4.868096623618093, 52.66389426787461 ], [ 4.866754049840796, 52.660399900777783 ], [ 4.863178670519805, 52.656468654641927 ], [ 4.862732701556966, 52.6536545439047 ], [ 4.86507478111389, 52.649436368778865 ], [ 4.875236161621233, 52.642425102125245 ], [ 4.876720213518671, 52.640532140150498 ], [ 4.877263284500554, 52.639557985758934 ], [ 4.876529762735635, 52.636305385129518 ], [ 4.875828168560563, 52.635210596656229 ], [ 4.873282786536503, 52.634728936092223 ], [ 4.873401827926052, 52.634440594819033 ], [ 4.875536621405913, 52.6341125899595 ], [ 4.881376580150483, 52.633436614453181 ], [ 4.885350718271398, 52.630136843725531 ], [ 4.888050124945943, 52.627378926711557 ], [ 4.889401302181121, 52.623920958033537 ], [ 4.887251235104939, 52.622594338291435 ], [ 4.883992255862244, 52.61313855230604 ], [ 4.896930985433975, 52.613352112158296 ], [ 4.922044782086666, 52.611484410355246 ], [ 4.925790690243941, 52.609475825620834 ], [ 4.926925470262382, 52.6066969991112 ], [ 4.921439906458744, 52.608313218937539 ], [ 4.915375830391879, 52.608642103891 ], [ 4.901168606657582, 52.602924969483851 ], [ 4.893495071750681, 52.597837248973278 ], [ 4.889773460703289, 52.593889468205383 ], [ 4.886621885147238, 52.586536560636773 ], [ 4.884749809015174, 52.584235963314235 ], [ 4.876379533819174, 52.57783000113195 ], [ 4.868630992485035, 52.575945310345453 ], [ 4.865671951163444, 52.573750178427545 ], [ 4.86423782639196, 52.571621301921134 ], [ 4.863032770821134, 52.568725082522576 ], [ 4.862939661786733, 52.565047138538183 ], [ 4.862144403472039, 52.563401959425306 ], [ 4.858684553495798, 52.559455529303165 ], [ 4.854128414629171, 52.556991519716114 ], [ 4.851828283247722, 52.554831634163385 ], [ 4.848307047603496, 52.550072235394019 ], [ 4.844587520922921, 52.547309214821908 ], [ 4.84227802405846, 52.543493487103717 ], [ 4.835495858829461, 52.540666207349311 ], [ 4.833910385168197, 52.538960348882092 ], [ 4.828031738846207, 52.541668559905943 ], [ 4.824385242721314, 52.542599943835349 ], [ 4.820986505763584, 52.538246358555043 ], [ 4.819027469323631, 52.538725969140238 ], [ 4.816992994576941, 52.535648208335708 ], [ 4.82440718621934, 52.533804459133151 ], [ 4.820186920503516, 52.531231797740986 ], [ 4.811626572320728, 52.530190500630347 ], [ 4.804705940440539, 52.525360178511413 ], [ 4.798284275712428, 52.524360479131836 ], [ 4.792439650543623, 52.519725202105498 ], [ 4.789860919713963, 52.519235886408481 ], [ 4.784971284355946, 52.519419649345494 ], [ 4.784173755357352, 52.519471223200732 ], [ 4.782476457704385, 52.519580960110794 ], [ 4.775565809157063, 52.519421584152461 ], [ 4.767203204345383, 52.519751924003174 ], [ 4.767026920545843, 52.518866415151642 ], [ 4.763619448375415, 52.519707181495825 ], [ 4.761227657045577, 52.518553804257159 ], [ 4.752428076975379, 52.521232699024985 ], [ 4.749728687241907, 52.520074657777421 ], [ 4.748142525568679, 52.517054990705923 ], [ 4.748458849630079, 52.514982029712861 ], [ 4.752253743828049, 52.511079551267713 ], [ 4.75276780782713, 52.510591878753594 ], [ 4.750674066609653, 52.508290926953237 ], [ 4.748410422725015, 52.507661613811621 ], [ 4.746173900429837, 52.505948614383158 ], [ 4.739739506770515, 52.501622945239703 ], [ 4.731577194832486, 52.496331443782914 ], [ 4.721373862254302, 52.495138873780832 ], [ 4.720367092485929, 52.49495391256383 ], [ 4.711703866146691, 52.496816874921599 ], [ 4.705423760562728, 52.500107520591122 ], [ 4.703442726525211, 52.503104411932298 ], [ 4.705858193040408, 52.506251103234646 ], [ 4.707937562851585, 52.506141154372223 ], [ 4.709151740178238, 52.509856410774034 ], [ 4.706526740965935, 52.510397163955538 ], [ 4.703854961375024, 52.508328878905772 ], [ 4.701235741008002, 52.508862765435147 ], [ 4.697085297841642, 52.507547900131136 ], [ 4.694611803394244, 52.507624002320782 ], [ 4.695114734796708, 52.509998401526147 ], [ 4.692599804874006, 52.511002484787596 ], [ 4.690674450120315, 52.51561836528704 ], [ 4.691395225214517, 52.516887380637449 ], [ 4.690585810731406, 52.519082520586501 ], [ 4.692830346818195, 52.522281715763256 ], [ 4.695736164873701, 52.526728063075211 ], [ 4.669571546332399, 52.530542255985601 ], [ 4.659969262871762, 52.531751384617699 ], [ 4.656199795102181, 52.53152920567765 ], [ 4.653028642989734, 52.530724547938782 ], [ 4.652794105719754, 52.530726184192957 ], [ 4.59830267319716, 52.531140666534796 ], [ 4.601183611968675, 52.53935124099376 ], [ 4.60996515252002, 52.573744337739399 ], [ 4.615281654468225, 52.596229389705215 ], [ 4.616604259750411, 52.605851237629722 ], [ 4.616889297160363, 52.608845570262076 ], [ 4.618393010169627, 52.616590410977096 ], [ 4.619367643919747, 52.623843526673028 ], [ 4.620416267905545, 52.627295169164199 ], [ 4.621673474247766, 52.630521845672085 ], [ 4.622245226475048, 52.635787829852866 ], [ 4.62375588906074, 52.639786913540071 ], [ 4.625389454003225, 52.655697099729643 ], [ 4.62676923140758, 52.664769169160593 ], [ 4.627614562761353, 52.66662405355941 ], [ 4.630238171678095, 52.675667203041577 ], [ 4.632519736826628, 52.681795646557745 ], [ 4.634317779848002, 52.693988810742113 ], [ 4.637580327846401, 52.707536157209312 ], [ 4.637420278046323, 52.711996618095924 ], [ 4.636535071908844, 52.712857027500938 ], [ 4.635703264050853, 52.720291672930962 ], [ 4.636606794408256, 52.728667621421536 ], [ 4.642903088139862, 52.75066435352327 ], [ 4.645598594229726, 52.756662656196525 ], [ 4.651040009847054, 52.755846908023962 ], [ 4.656426804687023, 52.751619747481882 ], [ 4.656372360147187, 52.750554204979053 ], [ 4.658956354983454, 52.749634375160539 ], [ 4.659191372889013, 52.747309158815732 ] ] ] ] } },
{ "type": "Feature", "properties": { "statcode": "ET1503", "id": 18, "jrstatcode": "2021ET1503", "statnaam": "West-Friesland", "rubriek": "subres_regio", "gid": "ET1503", "label": "West-Friesland" }, "geometry": { "type": "MultiPolygon", "coordinates": [ [ [ [ 5.146568304099245, 52.745594153849034 ], [ 5.14891167490341, 52.743645699601281 ], [ 5.142562889890357, 52.745852519478795 ], [ 5.141527363380304, 52.747654529558964 ], [ 5.146568304099245, 52.745594153849034 ] ] ], [ [ [ 5.112649606392512, 52.773893462072678 ], [ 5.108254962566524, 52.770957328218003 ], [ 5.108772634227784, 52.770654498797576 ], [ 5.111737851445294, 52.772339099123947 ], [ 5.112109293390853, 52.77158260743316 ], [ 5.108991706022983, 52.770060597001923 ], [ 5.109391066486376, 52.769479671373951 ], [ 5.112918670328903, 52.770923926679956 ], [ 5.112240234046427, 52.772670157062649 ], [ 5.112911101789507, 52.773519225952036 ], [ 5.11364285842877, 52.774109493973555 ], [ 5.116512998784464, 52.770749529899916 ], [ 5.115398396090921, 52.770673636388317 ], [ 5.117704199155768, 52.769675094804953 ], [ 5.118133283413433, 52.76792299900378 ], [ 5.120401807413856, 52.768021327929311 ], [ 5.118454515668171, 52.767302206941487 ], [ 5.119242451233715, 52.76609450013342 ], [ 5.117908865028913, 52.765825593684923 ], [ 5.118462098139758, 52.764563978672342 ], [ 5.11955240057742, 52.764480778896896 ], [ 5.119870001463728, 52.765291409610143 ], [ 5.120188170645863, 52.764688577420486 ], [ 5.123496376881477, 52.765174499577775 ], [ 5.123867173526513, 52.764867894920265 ], [ 5.12048536594888, 52.76412546750003 ], [ 5.120100727030215, 52.761070302993424 ], [ 5.121646305519831, 52.761212360922976 ], [ 5.119903493234438, 52.759987910708588 ], [ 5.121066073462436, 52.75862474001012 ], [ 5.123896968764621, 52.757993308317474 ], [ 5.123177793758432, 52.757303525924009 ], [ 5.123541494029669, 52.755687089036456 ], [ 5.130001907035282, 52.751688999653886 ], [ 5.132390637549702, 52.750864224049685 ], [ 5.145556817301026, 52.741895759942039 ], [ 5.148924842000191, 52.743107653991466 ], [ 5.147935716709777, 52.740767986815811 ], [ 5.148446578264839, 52.73962043107403 ], [ 5.149997621893673, 52.740491477469057 ], [ 5.152850103548479, 52.741019153442842 ], [ 5.151720843188659, 52.740044511269673 ], [ 5.154407412109612, 52.738506095484333 ], [ 5.155120684719878, 52.739436616143095 ], [ 5.161763682067209, 52.740159288046023 ], [ 5.163065371949672, 52.738907129635621 ], [ 5.164499936234582, 52.739403059995652 ], [ 5.165130469825338, 52.741102985906252 ], [ 5.16959240082796, 52.740976390053284 ], [ 5.168486319118428, 52.739710259635437 ], [ 5.169886075446929, 52.738637663022487 ], [ 5.171404943250405, 52.738663481785842 ], [ 5.172901401997537, 52.739470478697925 ], [ 5.172726287057775, 52.740092899715528 ], [ 5.170742506650386, 52.740457989249421 ], [ 5.170874166019229, 52.740896441352398 ], [ 5.174787717748606, 52.739542047275748 ], [ 5.176037224866103, 52.739583074065919 ], [ 5.180282862362199, 52.741378495904627 ], [ 5.184630637594678, 52.746582449815747 ], [ 5.182684236211549, 52.746960578892342 ], [ 5.183630219465776, 52.74719978726165 ], [ 5.185753051323895, 52.746602650335817 ], [ 5.186507944107664, 52.747551926252321 ], [ 5.192860618483156, 52.755030239654523 ], [ 5.20379833299643, 52.75501038883187 ], [ 5.213792032086203, 52.754620984743497 ], [ 5.222892325875917, 52.753659846443675 ], [ 5.225713998052675, 52.752457131482721 ], [ 5.22953739059998, 52.752572909788292 ], [ 5.258268351511215, 52.753463524435546 ], [ 5.261129191376196, 52.752639016691838 ], [ 5.269987484766542, 52.747529856484284 ], [ 5.25907787893145, 52.746485094659818 ], [ 5.258371770363628, 52.74567914464776 ], [ 5.266558198390813, 52.745416549915689 ], [ 5.271965728840723, 52.746327006891057 ], [ 5.278082634238874, 52.743060627189479 ], [ 5.282658071770829, 52.742329122839784 ], [ 5.282848865105784, 52.740493161716785 ], [ 5.28680425848505, 52.735933187097274 ], [ 5.287224469043927, 52.733103578770887 ], [ 5.284355651694653, 52.732233685832938 ], [ 5.283710675216415, 52.730828936020146 ], [ 5.28753882937542, 52.728413329286163 ], [ 5.284867114582387, 52.727230617568033 ], [ 5.284949005467456, 52.722216137273286 ], [ 5.283638189341292, 52.721982516074206 ], [ 5.285155659105548, 52.721719403568834 ], [ 5.286095262171649, 52.719794080842348 ], [ 5.288577666821789, 52.719004641984391 ], [ 5.287998478279928, 52.714803936507515 ], [ 5.289180857403773, 52.714109387692773 ], [ 5.289593542168338, 52.714224559564386 ], [ 5.290969717915053, 52.713369677398475 ], [ 5.290727301101976, 52.713200930964419 ], [ 5.295651297620907, 52.710279139421061 ], [ 5.301727418017665, 52.708309932426985 ], [ 5.304639332597549, 52.708238868736615 ], [ 5.307030684866572, 52.708852354008336 ], [ 5.307770987285974, 52.708318805997834 ], [ 5.307457880723541, 52.706824886853418 ], [ 5.306932763231464, 52.706207772008121 ], [ 5.306061029359474, 52.705857593163252 ], [ 5.305169991116577, 52.706528583178503 ], [ 5.300062492474466, 52.707938942376515 ], [ 5.297939070366538, 52.70662883489927 ], [ 5.299310219614244, 52.705978633438242 ], [ 5.298540768323084, 52.705886783942205 ], [ 5.298408349708273, 52.705328373358171 ], [ 5.299113257693982, 52.70568635591566 ], [ 5.299108670213778, 52.70524131207511 ], [ 5.297994528821418, 52.703823999168165 ], [ 5.299341673095581, 52.702741723392144 ], [ 5.294021058465897, 52.699700217832351 ], [ 5.289696076928894, 52.700616779534947 ], [ 5.289193297501388, 52.700109825162343 ], [ 5.292978795860231, 52.699233987662289 ], [ 5.289708104454739, 52.699441291327481 ], [ 5.289826474687195, 52.69869560202531 ], [ 5.29102911138261, 52.698806250115204 ], [ 5.290834642539624, 52.697983649487647 ], [ 5.28649658183974, 52.695580012623182 ], [ 5.285695008888847, 52.695782865420803 ], [ 5.289753679290041, 52.698009143581544 ], [ 5.289234862700517, 52.699442413096719 ], [ 5.285277090605764, 52.698952989189735 ], [ 5.28369035820648, 52.698782833241815 ], [ 5.28366445325657, 52.698317455428118 ], [ 5.285793384082442, 52.697987532566664 ], [ 5.288981639326327, 52.698590273424621 ], [ 5.284152733130155, 52.69683007942011 ], [ 5.279644284023064, 52.695960031809548 ], [ 5.279429324626856, 52.694742701643946 ], [ 5.282431187073129, 52.693288121019634 ], [ 5.283695810222147, 52.693530196779236 ], [ 5.284126819272205, 52.692726915475355 ], [ 5.286813598900846, 52.690802136192374 ], [ 5.287424934642896, 52.691164978836646 ], [ 5.286883434490551, 52.689895474883457 ], [ 5.282198157462155, 52.687716676294684 ], [ 5.28607009597044, 52.690355279978064 ], [ 5.282946745827515, 52.691940669625524 ], [ 5.281724207806802, 52.691230385676882 ], [ 5.280021378256126, 52.691518638643274 ], [ 5.279470299745107, 52.691952220650002 ], [ 5.27415330200373, 52.688743290573122 ], [ 5.271090693247324, 52.687638492157049 ], [ 5.269578386123268, 52.687404500610874 ], [ 5.266415727487587, 52.687885193247126 ], [ 5.261130142832995, 52.686625760414742 ], [ 5.259248403991116, 52.686905575250336 ], [ 5.256724298216976, 52.686713021500118 ], [ 5.256363760671522, 52.686011720652481 ], [ 5.254265208381751, 52.686656767313586 ], [ 5.24648003251127, 52.685512028935761 ], [ 5.245709135472633, 52.684987706440737 ], [ 5.245273932741886, 52.682156610047315 ], [ 5.243830092987976, 52.681658178426417 ], [ 5.243232959970285, 52.677651838101333 ], [ 5.242664975798243, 52.672631430529798 ], [ 5.238181048473203, 52.6653510081414 ], [ 5.23578218087617, 52.65706906467323 ], [ 5.230643691471153, 52.652768793149775 ], [ 5.207081175384844, 52.644574106989495 ], [ 5.201356553683459, 52.641045023198942 ], [ 5.198525384179045, 52.636312622774419 ], [ 5.19010565718315, 52.636712475606444 ], [ 5.18543332163634, 52.635880352842989 ], [ 5.177730205343325, 52.634202824997132 ], [ 5.174561035450984, 52.633019766091756 ], [ 5.164203399985479, 52.626893945322657 ], [ 5.159314023782978, 52.623182039616722 ], [ 5.149656398964841, 52.623639783411875 ], [ 5.147041272898466, 52.622670283028519 ], [ 5.145945132580688, 52.623127768902592 ], [ 5.142219693875402, 52.62238293128086 ], [ 5.127890253655136, 52.619879701983542 ], [ 5.125407936247549, 52.621903058011277 ], [ 5.126285706488135, 52.623380857697072 ], [ 5.12805988256977, 52.62431037353835 ], [ 5.128690045048375, 52.626093203776378 ], [ 5.127335184360444, 52.626829445990303 ], [ 5.125376749876918, 52.629600762268879 ], [ 5.121027068415452, 52.632617871353247 ], [ 5.117219462316092, 52.632889160503858 ], [ 5.111609405198174, 52.632281386832922 ], [ 5.10900902635875, 52.631384234872165 ], [ 5.106547928226329, 52.631574169048648 ], [ 5.101264274635087, 52.633676699860295 ], [ 5.10075439602889, 52.634737101552801 ], [ 5.093200525638562, 52.639892997932662 ], [ 5.092747868920858, 52.640277676428191 ], [ 5.092426231293013, 52.640787735826535 ], [ 5.08983593803794, 52.640233152822411 ], [ 5.088657334050373, 52.64251076117835 ], [ 5.083448336082622, 52.641586203465096 ], [ 5.088342832769532, 52.638342236607457 ], [ 5.087755933457305, 52.637815747544742 ], [ 5.085696011691479, 52.639660809842269 ], [ 5.081666524343647, 52.641290338039838 ], [ 5.081412422979882, 52.641544395972886 ], [ 5.079476587193471, 52.640639477572243 ], [ 5.078504817966653, 52.64148282450261 ], [ 5.076887454826435, 52.641327866626632 ], [ 5.075239861803206, 52.6404745101458 ], [ 5.075385781266602, 52.639541216398293 ], [ 5.068074811340107, 52.634837946398015 ], [ 5.064402038244261, 52.636983733713862 ], [ 5.06702827602456, 52.637282115212209 ], [ 5.066951890140999, 52.638402130953317 ], [ 5.063921313836263, 52.637473480202296 ], [ 5.063688424581485, 52.637816872936355 ], [ 5.065473278794709, 52.638801613209125 ], [ 5.068479458924771, 52.639254809779217 ], [ 5.068313100014952, 52.640204548069406 ], [ 5.066986749567605, 52.640054926432384 ], [ 5.066299407896749, 52.640721602739767 ], [ 5.066139232012111, 52.639265142552787 ], [ 5.064680047387665, 52.639035482037229 ], [ 5.062979267152957, 52.637888132734794 ], [ 5.062982203455721, 52.637273084604502 ], [ 5.063572369956108, 52.637310759888663 ], [ 5.062974527226766, 52.633487396032542 ], [ 5.061805801368806, 52.633587473003594 ], [ 5.06196942128146, 52.636499025114844 ], [ 5.058239728783792, 52.63684645921785 ], [ 5.057778476313354, 52.634593697001577 ], [ 5.060465803954981, 52.633840191250215 ], [ 5.060438150627462, 52.633099474444627 ], [ 5.05554475547078, 52.633950681248947 ], [ 5.055544645106845, 52.63583401758595 ], [ 5.0572104083809, 52.637505858872181 ], [ 5.056940713495339, 52.638008918854226 ], [ 5.052216648844214, 52.641422136610913 ], [ 5.045662105446963, 52.641636851547638 ], [ 5.039962857948099, 52.638039460778288 ], [ 5.038996716872528, 52.636613999668747 ], [ 5.03486721153697, 52.636454764088427 ], [ 5.029791161499068, 52.635537103552686 ], [ 5.027362317798552, 52.6340321984651 ], [ 5.023108135160844, 52.632788087786423 ], [ 5.018903751364419, 52.629918871677681 ], [ 5.016926235233951, 52.624529320174609 ], [ 5.017194480805385, 52.618687357026026 ], [ 5.019659333667354, 52.612453573800558 ], [ 5.006690144758434, 52.610519142473727 ], [ 5.007949379928123, 52.607799070565171 ], [ 5.004881212638092, 52.597573047469659 ], [ 4.94984990577973, 52.595285342969042 ], [ 4.949257774954329, 52.59953283881265 ], [ 4.952523240287814, 52.601171011924357 ], [ 4.956941108545458, 52.602222577533652 ], [ 4.958675776795311, 52.603263462218202 ], [ 4.959316112956325, 52.604680482687769 ], [ 4.956634644576948, 52.610668484339485 ], [ 4.953856565953809, 52.61314266773649 ], [ 4.953335334865359, 52.613391238745542 ], [ 4.950933269976725, 52.614106339046216 ], [ 4.948497817998454, 52.613550999027964 ], [ 4.9346131005657, 52.606211077137083 ], [ 4.92899892359857, 52.605161094920682 ], [ 4.926925470262382, 52.6066969991112 ], [ 4.925790690243941, 52.609475825620834 ], [ 4.922044782086666, 52.611484410355246 ], [ 4.896930985433975, 52.613352112158296 ], [ 4.883992255862244, 52.61313855230604 ], [ 4.887251235104939, 52.622594338291435 ], [ 4.889401303657896, 52.623920958039719 ], [ 4.888050124945943, 52.627378926711557 ], [ 4.885350718271398, 52.630136843725531 ], [ 4.88137657868372, 52.633436613548234 ], [ 4.875536621405913, 52.6341125899595 ], [ 4.873401827926052, 52.634440594819033 ], [ 4.873282786536503, 52.634728936092223 ], [ 4.875828168560563, 52.635210596656229 ], [ 4.876529762735635, 52.636305385129518 ], [ 4.877263284500554, 52.639557985758934 ], [ 4.876720213518671, 52.640532140150498 ], [ 4.875236161621233, 52.642425102125245 ], [ 4.86507478111389, 52.649436368778865 ], [ 4.862732701556966, 52.6536545439047 ], [ 4.863178670519805, 52.656468654641927 ], [ 4.866754049840796, 52.660399900777783 ], [ 4.868096623618093, 52.66389426787461 ], [ 4.870780736070557, 52.667840239204637 ], [ 4.87342321836014, 52.67269330220109 ], [ 4.874091169381519, 52.675463572142831 ], [ 4.875884365779204, 52.677846578689625 ], [ 4.877629061166911, 52.678779315608544 ], [ 4.879395507265163, 52.680080475148202 ], [ 4.876293329323028, 52.686342745202182 ], [ 4.879382853525453, 52.688016403521388 ], [ 4.881985440599185, 52.688095674479463 ], [ 4.888703840304435, 52.690455520762193 ], [ 4.891419417595246, 52.69517576796774 ], [ 4.899860112550245, 52.697586595712913 ], [ 4.899880961748615, 52.699485042278013 ], [ 4.898669408864142, 52.706831941174762 ], [ 4.903920374041241, 52.711634062304455 ], [ 4.927363161093854, 52.73734844489374 ], [ 4.931424480026254, 52.74199917905694 ], [ 4.932776135097864, 52.748881770315073 ], [ 4.940327784060421, 52.750421346400671 ], [ 4.944613873463107, 52.752783464654911 ], [ 4.944386075197282, 52.753659001662093 ], [ 4.94641922021883, 52.753952305979595 ], [ 4.954342167344739, 52.755296332820983 ], [ 4.955821565041147, 52.753278598710374 ], [ 4.987440588214454, 52.752417043478737 ], [ 4.996860451522888, 52.752065330722296 ], [ 5.025926308273928, 52.751571093536896 ], [ 5.039926711004743, 52.752389796766437 ], [ 5.044998692624852, 52.753133025730307 ], [ 5.056920522044771, 52.757498060087599 ], [ 5.061724660207072, 52.76066335208597 ], [ 5.064292574939626, 52.762587647611753 ], [ 5.067460789991217, 52.7666708524605 ], [ 5.069722976698589, 52.768103167655127 ], [ 5.076211440460241, 52.769245384739513 ], [ 5.083582439967433, 52.769614801789807 ], [ 5.09210784630837, 52.769285207528 ], [ 5.093665887133967, 52.769691878264879 ], [ 5.098672958082251, 52.772354758645712 ], [ 5.099631764546619, 52.773309534386577 ], [ 5.10414829091749, 52.774452274097008 ], [ 5.112223899570436, 52.774643330616826 ], [ 5.112649606392512, 52.773893462072678 ] ], [ [ 5.103917665970252, 52.769855714467454 ], [ 5.108728095346333, 52.76964482823211 ], [ 5.107866921898716, 52.770396562199934 ], [ 5.10320458029528, 52.77097733355081 ], [ 5.103917665970252, 52.769855714467454 ] ] ], [ [ [ 5.235213900008099, 52.79342808076408 ], [ 5.234677688812815, 52.79342739644764 ], [ 5.232210664926078, 52.793923670169129 ], [ 5.229670725071482, 52.794677452976245 ], [ 5.220580670980645, 52.798205678508715 ], [ 5.221327248378926, 52.799661478860024 ], [ 5.218133621722918, 52.801888678470007 ], [ 5.221638929410508, 52.805449227642221 ], [ 5.222507113190906, 52.805108544134825 ], [ 5.23794066416106, 52.795370674188888 ], [ 5.236491849009684, 52.794512643692798 ], [ 5.235213900008099, 52.79342808076408 ] ] ] ] } },
{ "type": "Feature", "properties": { "statcode": "ET1601", "id": 19, "jrstatcode": "2021ET1601", "statnaam": "Amsterdam", "rubriek": "subres_regio", "gid": "ET1601", "label": "Amsterdam" }, "geometry": { "type": "MultiPolygon", "coordinates": [ [ [ [ 4.989603674095137, 52.327547725284127 ], [ 4.991671740657753, 52.324437689891333 ], [ 4.996895742882885, 52.317642360565074 ], [ 4.997091076844808, 52.314455642301589 ], [ 4.998079155000394, 52.314034841331129 ], [ 5.016133679578445, 52.324512121649747 ], [ 5.016653253607835, 52.322986895907377 ], [ 5.017932845893998, 52.323192338207853 ], [ 5.020526979128078, 52.307857938295633 ], [ 5.021268033020738, 52.304175072887951 ], [ 5.021501081402816, 52.302808941412657 ], [ 5.021543196394508, 52.302456850009598 ], [ 5.013874743269901, 52.303600214172448 ], [ 5.011769325656089, 52.303392840216169 ], [ 5.007951944591507, 52.301548559025768 ], [ 5.005264794834355, 52.29839283305008 ], [ 5.003765109680505, 52.298340489386995 ], [ 5.003246303807203, 52.296389679529447 ], [ 5.001851253794966, 52.295878770590988 ], [ 5.001757890366825, 52.292772555732967 ], [ 4.997475367290457, 52.289118354964138 ], [ 4.983505964022295, 52.290368127919798 ], [ 4.971851016279127, 52.284368324088817 ], [ 4.971839480589081, 52.284360697847092 ], [ 4.969722978688368, 52.283117841027533 ], [ 4.967576494829886, 52.279561637085614 ], [ 4.965513743510696, 52.280493261681464 ], [ 4.962548016792769, 52.280285274693576 ], [ 4.961053634284887, 52.278174201078421 ], [ 4.956571503126152, 52.27866565106109 ], [ 4.95524052492509, 52.278304901733236 ], [ 4.953874046448225, 52.280030277162695 ], [ 4.943198316479521, 52.292356984868746 ], [ 4.939243431101762, 52.296939581247869 ], [ 4.930256242442576, 52.306429773705439 ], [ 4.929425684113949, 52.308627355427348 ], [ 4.934137647544056, 52.311903497588105 ], [ 4.936112286078675, 52.312580722462535 ], [ 4.935229039114857, 52.313888770482706 ], [ 4.93872388334037, 52.315091065557056 ], [ 4.938041578355857, 52.31650549112782 ], [ 4.939830360050848, 52.31711958241965 ], [ 4.940331467538098, 52.318302299843971 ], [ 4.939584777545593, 52.319119773693984 ], [ 4.940206760728755, 52.319333063052234 ], [ 4.940222254030746, 52.319338376741193 ], [ 4.941042846190136, 52.31961978872976 ], [ 4.939926935087574, 52.321936003063584 ], [ 4.937619078014082, 52.323299383298441 ], [ 4.937961028873452, 52.324122353165272 ], [ 4.941837565695452, 52.326140181989317 ], [ 4.94471619037003, 52.327129715212322 ], [ 4.947658676020453, 52.328138278595674 ], [ 4.948120587681114, 52.327629496956973 ], [ 4.952675653482256, 52.322644039966605 ], [ 4.956711563685657, 52.324030787623997 ], [ 4.956751443148843, 52.324044634553651 ], [ 4.967541189119635, 52.327757589417949 ], [ 4.970473594049062, 52.326287994480616 ], [ 4.970664515023422, 52.326383037194667 ], [ 4.975307118224782, 52.330561675801007 ], [ 4.977737024206212, 52.331026579806526 ], [ 4.980111082524398, 52.330906444681219 ], [ 4.983965404479219, 52.330666472037919 ], [ 4.986181936936583, 52.329719837524145 ], [ 4.989603674095137, 52.327547725284127 ] ] ], [ [ [ 5.007527898339089, 52.344419573632564 ], [ 5.005088238586798, 52.344183003872836 ], [ 4.999443637952128, 52.34619181406299 ], [ 4.998396636497535, 52.348401032394463 ], [ 5.004966880534029, 52.34614282393602 ], [ 5.007527898339089, 52.344419573632564 ] ] ], [ [ [ 5.012750964098681, 52.367293698174741 ], [ 5.003172076874518, 52.366390696062766 ], [ 5.002701487031102, 52.366932656365158 ], [ 5.014531738231978, 52.367977668455019 ], [ 5.012750964098681, 52.367293698174741 ] ] ], [ [ [ 5.01456396297634, 52.372956536861508 ], [ 5.014146240436252, 52.371686768135511 ], [ 5.012966708404272, 52.371916444761567 ], [ 5.012959673670191, 52.372952943576756 ], [ 5.01456396297634, 52.372956536861508 ] ] ], [ [ [ 4.753205157573293, 52.429240910870064 ], [ 4.767183636356742, 52.427468139643196 ], [ 4.767537879892973, 52.428498103423337 ], [ 4.783480370257105, 52.426413367574369 ], [ 4.809939558313519, 52.423024178006756 ], [ 4.810819326267366, 52.42291010832691 ], [ 4.826810945995531, 52.4208954463802 ], [ 4.827723673413809, 52.420784073904507 ], [ 4.842637945190249, 52.41879852377425 ], [ 4.856078010842785, 52.416662167305809 ], [ 4.859857713138124, 52.420473696107877 ], [ 4.857947578561188, 52.424717105454299 ], [ 4.862453729159522, 52.428775951155366 ], [ 4.862677453449354, 52.429941314966207 ], [ 4.865970480499965, 52.430678664090806 ], [ 4.869544122584995, 52.42984645362818 ], [ 4.871461580593695, 52.430101280887776 ], [ 4.87657354752691, 52.426227923438745 ], [ 4.878993457593912, 52.425696327515851 ], [ 4.887747786171484, 52.425589941044677 ], [ 4.89873971382939, 52.424461339719869 ], [ 4.898741017515519, 52.424489763914259 ], [ 4.907364001586553, 52.421323692616028 ], [ 4.907962199779475, 52.420873681571912 ], [ 4.920450310019104, 52.416607034936199 ], [ 4.922745729643274, 52.415529683367851 ], [ 4.930715883212808, 52.411607582329793 ], [ 4.935142300900965, 52.412039771324345 ], [ 4.942646808489207, 52.41385998187404 ], [ 4.944779878900251, 52.415018179294798 ], [ 4.947788574187965, 52.421562241119361 ], [ 4.951481365915671, 52.421929744670642 ], [ 4.951340219009839, 52.423228515662672 ], [ 4.952329179296735, 52.423523571200889 ], [ 4.953559214081649, 52.422256632242906 ], [ 4.95577711075209, 52.422431932306395 ], [ 4.956005271251374, 52.421960338547855 ], [ 4.97331980850478, 52.422797334167591 ], [ 4.97623828044838, 52.42402599753764 ], [ 4.982636419509615, 52.426762292388808 ], [ 4.987101491899271, 52.422841697875526 ], [ 4.989183704629611, 52.423372486512974 ], [ 4.990445197689168, 52.425520779968231 ], [ 5.000292105011823, 52.425406918945797 ], [ 5.018205109216432, 52.419059549432745 ], [ 5.020313964275299, 52.419898524457381 ], [ 5.021145753302403, 52.421054819968575 ], [ 5.028357307577805, 52.419416425121902 ], [ 5.029727793544366, 52.417706820172718 ], [ 5.030044791778661, 52.415643495791528 ], [ 5.032934205615081, 52.41646284753903 ], [ 5.035238072280896, 52.418250990847511 ], [ 5.040109138979139, 52.417307253930382 ], [ 5.049177133423941, 52.415129272548889 ], [ 5.057756544012221, 52.416537776716041 ], [ 5.06255628653204, 52.416173311738426 ], [ 5.065412546012645, 52.417239447837908 ], [ 5.068263524147653, 52.416558099575624 ], [ 5.067269664674829, 52.413422116098765 ], [ 5.05763407425333, 52.414816446582961 ], [ 5.052210515118377, 52.413180990258461 ], [ 5.046004260665703, 52.406669826233859 ], [ 5.038371571731878, 52.404872052998044 ], [ 5.033865990353334, 52.402477941790011 ], [ 5.029426167002107, 52.398714697773684 ], [ 5.024847798596896, 52.387977516127314 ], [ 5.019262240355678, 52.386688043618975 ], [ 5.01748257966816, 52.384527763913276 ], [ 5.01105858256964, 52.383183932803576 ], [ 5.013562035075506, 52.381792038311417 ], [ 5.013784499341563, 52.380665434922136 ], [ 5.011812466234155, 52.373692815489576 ], [ 5.008483265893023, 52.372571563091938 ], [ 5.001696924040209, 52.374947816933329 ], [ 5.000771851850156, 52.377135702335551 ], [ 4.998620589561881, 52.378781203110314 ], [ 4.994449716318139, 52.377747023174884 ], [ 4.993663700433353, 52.378538239483717 ], [ 4.991463865401927, 52.377829781744289 ], [ 4.991767011693257, 52.377200418753446 ], [ 4.989354868756747, 52.377525273706233 ], [ 4.983763019933971, 52.374031681992335 ], [ 4.981657286266442, 52.373460923443631 ], [ 4.980119584888898, 52.373715461621117 ], [ 4.974616160841211, 52.378955362740435 ], [ 4.973979572746046, 52.379433093763978 ], [ 4.97374958649869, 52.378569116827499 ], [ 4.972839420116618, 52.379825502313771 ], [ 4.968590045958421, 52.379325363069498 ], [ 4.963295604270722, 52.383585791099691 ], [ 4.961152512304421, 52.381413619709903 ], [ 4.960212518334697, 52.381322054654206 ], [ 4.959015878548596, 52.380589252204231 ], [ 4.961867534647614, 52.37978343196523 ], [ 4.961482548847022, 52.379183774355454 ], [ 4.959860371711486, 52.379531988933103 ], [ 4.964810430866067, 52.376825292632304 ], [ 4.972189561189568, 52.37287565220776 ], [ 4.980208910048702, 52.368990772960373 ], [ 4.973660098133129, 52.368571877668465 ], [ 4.973287652579589, 52.367561428622459 ], [ 4.976729949434916, 52.365190324653554 ], [ 4.980911782170967, 52.363295159221337 ], [ 4.984739940650734, 52.36487505447429 ], [ 4.984691517434766, 52.365672911645753 ], [ 4.990776728198737, 52.363771106777918 ], [ 4.986625404136945, 52.360808699911502 ], [ 4.985596065795439, 52.361081799604491 ], [ 4.986528041829517, 52.360027806541233 ], [ 4.987698582576696, 52.359785850274903 ], [ 4.992077651668076, 52.361657989920715 ], [ 4.997146489892443, 52.359364454572521 ], [ 5.005773016676165, 52.354802637713796 ], [ 5.006466263426937, 52.35488263071354 ], [ 5.006243579685445, 52.354553752493736 ], [ 5.009521976113938, 52.353249814732685 ], [ 5.015249381046851, 52.355086916345897 ], [ 5.019810483121875, 52.356313614878836 ], [ 5.020513592692877, 52.355907849626696 ], [ 5.021261961068606, 52.354103098826862 ], [ 5.020093258442198, 52.354017978434058 ], [ 5.016487654841953, 52.353690266668131 ], [ 5.019163714352255, 52.350408970565347 ], [ 5.015180086663853, 52.348795805900131 ], [ 5.015119073239992, 52.347433389535574 ], [ 5.014329658908794, 52.347807904090743 ], [ 5.014571960483432, 52.347069813259559 ], [ 5.009088546154531, 52.345036903059196 ], [ 4.998652268397808, 52.35087832495811 ], [ 4.99758120040117, 52.350302058352831 ], [ 4.991877423693478, 52.352881949045155 ], [ 4.989278639730458, 52.354708044979198 ], [ 4.990238467278785, 52.354941523912117 ], [ 4.986721477926673, 52.356639552096738 ], [ 4.986524453081145, 52.358003501147543 ], [ 4.988190771018825, 52.358643593854651 ], [ 4.98634548595387, 52.359927600566877 ], [ 4.984774960723975, 52.360352528202419 ], [ 4.980436936797314, 52.358555807441526 ], [ 4.978428278045363, 52.360815646291321 ], [ 4.977112217983716, 52.360291242792051 ], [ 4.975394289834205, 52.360770486189452 ], [ 4.974215607700554, 52.361830913359121 ], [ 4.977454795256885, 52.36414919160763 ], [ 4.976613020042827, 52.36512018743079 ], [ 4.975806829179793, 52.365553193349072 ], [ 4.97240878075903, 52.365231234934051 ], [ 4.970361006665962, 52.363278926380687 ], [ 4.968912472798489, 52.360785392308955 ], [ 4.974059023012913, 52.360397707472742 ], [ 4.974106577125726, 52.35792021464728 ], [ 4.975272397409016, 52.357152333062054 ], [ 4.984793544887209, 52.358024019964006 ], [ 4.985807824986756, 52.357556335919568 ], [ 4.985129248536787, 52.355371361351146 ], [ 4.99142904357156, 52.352423627994035 ], [ 4.994397070299205, 52.350030251209525 ], [ 4.995724074820308, 52.349834271947593 ], [ 4.998800098641829, 52.346019399799275 ], [ 5.002488380041997, 52.344121064041268 ], [ 5.005813919032277, 52.343555356802788 ], [ 5.010193386641297, 52.344226974039621 ], [ 5.012304376768135, 52.343846297513075 ], [ 5.012258234637819, 52.343801135569599 ], [ 5.009068470866603, 52.341891407877199 ], [ 5.00416219066283, 52.342577508609025 ], [ 5.00145265620572, 52.342335630808918 ], [ 4.999320652999944, 52.341536324795484 ], [ 4.998343157785454, 52.342011319163845 ], [ 4.98991254973027, 52.346460727418766 ], [ 4.983803769897412, 52.349709929466414 ], [ 4.980362321645901, 52.3515441389507 ], [ 4.976709176058774, 52.353491888306714 ], [ 4.972480661202736, 52.35545635063805 ], [ 4.96959478051996, 52.356101678222018 ], [ 4.96831004555725, 52.354926940822615 ], [ 4.966239865522401, 52.354163767551277 ], [ 4.965857126916719, 52.354651157113544 ], [ 4.96453851387693, 52.352773192475127 ], [ 4.960428751259395, 52.347936096484958 ], [ 4.960377262695583, 52.347885734206457 ], [ 4.956360693230727, 52.343680013331713 ], [ 4.956267901811014, 52.343586861967125 ], [ 4.952730962733085, 52.34015863295874 ], [ 4.952499200719796, 52.340006745738989 ], [ 4.949860180447959, 52.338528246187494 ], [ 4.943005869142413, 52.336574387674943 ], [ 4.942597017677304, 52.336521115290758 ], [ 4.941721138427039, 52.336406989023885 ], [ 4.941705551741881, 52.335532871920954 ], [ 4.93967461965819, 52.335607536745925 ], [ 4.936511666578808, 52.334591987722419 ], [ 4.935623714352039, 52.335513954626855 ], [ 4.928493321245682, 52.336554814962199 ], [ 4.925362692447881, 52.335381382847174 ], [ 4.9252238937701, 52.335379351804278 ], [ 4.92376528381492, 52.335442673660744 ], [ 4.922550463451021, 52.333084195144352 ], [ 4.9174832554892, 52.331536523552657 ], [ 4.91293171901791, 52.330510414943262 ], [ 4.913265564633577, 52.328400835310916 ], [ 4.913592503871528, 52.326333114755535 ], [ 4.913881305865074, 52.324551535925835 ], [ 4.910334168535709, 52.323566324115731 ], [ 4.911343357278533, 52.322884124913401 ], [ 4.910807066523139, 52.321883027982366 ], [ 4.914281497678227, 52.320407978207299 ], [ 4.912375605882284, 52.318248010666593 ], [ 4.909135282198677, 52.318253197189762 ], [ 4.907840547490866, 52.319504847459022 ], [ 4.902532361172976, 52.321324352471827 ], [ 4.898280592483931, 52.321643972454048 ], [ 4.896291648544251, 52.322419858719933 ], [ 4.892834335232724, 52.322366357683727 ], [ 4.882176956309819, 52.32216403240394 ], [ 4.878117553041231, 52.322092233936878 ], [ 4.869354899067059, 52.321936673484039 ], [ 4.869142121455742, 52.321932848763922 ], [ 4.861485554878119, 52.321802655760848 ], [ 4.856754885812504, 52.321413287007452 ], [ 4.856466458079652, 52.321764864331719 ], [ 4.855924420012535, 52.330317586479786 ], [ 4.847987510837672, 52.330566870651353 ], [ 4.847623555578303, 52.330071268264454 ], [ 4.845111999632596, 52.329734671987666 ], [ 4.843960963173235, 52.330218482848679 ], [ 4.839476484221423, 52.32914569446735 ], [ 4.839405274498019, 52.327359358792215 ], [ 4.825178804565392, 52.325731017064022 ], [ 4.818752570685462, 52.325560258050238 ], [ 4.817121535821742, 52.326925112205615 ], [ 4.803048230940635, 52.333032734897486 ], [ 4.79879705873917, 52.334800162844118 ], [ 4.798217677169004, 52.335041078136548 ], [ 4.791102142489444, 52.341500166745178 ], [ 4.780804646394241, 52.345846150963467 ], [ 4.773299019852939, 52.348920542906328 ], [ 4.767392729253084, 52.351268550892108 ], [ 4.755683817600715, 52.3561500383246 ], [ 4.754837140326306, 52.357907330440455 ], [ 4.755880855477681, 52.361807515709735 ], [ 4.75783706816896, 52.368718131877309 ], [ 4.758474504901876, 52.371093170304789 ], [ 4.758380390725451, 52.374015306063363 ], [ 4.756717878049018, 52.377837764741052 ], [ 4.759124707572626, 52.379329244058546 ], [ 4.759078008337525, 52.380940685990701 ], [ 4.758952627855027, 52.384117565406349 ], [ 4.758308253748732, 52.387895150091197 ], [ 4.758298473796866, 52.387948657183955 ], [ 4.757481997148969, 52.396882777237451 ], [ 4.728758927718659, 52.400711347850205 ], [ 4.738566771930667, 52.429222712415886 ], [ 4.739208095839959, 52.43106382971277 ], [ 4.750085392130022, 52.429636553462515 ], [ 4.753205157573293, 52.429240910870064 ] ], [ [ 4.958008863601843, 52.368426261653696 ], [ 4.958176752473336, 52.366867910833967 ], [ 4.959687534956069, 52.367142470293672 ], [ 4.959321546376975, 52.36608831486209 ], [ 4.96108556169934, 52.365991187937141 ], [ 4.962296007165412, 52.364724473760354 ], [ 4.961304459817072, 52.363695200397132 ], [ 4.968327781892185, 52.360920379250693 ], [ 4.969741787216041, 52.363528504951162 ], [ 4.969809299295795, 52.365697731171799 ], [ 4.968429053648978, 52.366733993758686 ], [ 4.969887632017082, 52.368214375366257 ], [ 4.969125324486631, 52.368628000684723 ], [ 4.962316325347551, 52.368567749441837 ], [ 4.958008863601843, 52.368426261653696 ] ] ] ] } },
{ "type": "Feature", "properties": { "statcode": "ET1602", "id": 20, "jrstatcode": "2021ET1602", "statnaam": "IJmond-Zuid-Kennemerland", "rubriek": "subres_regio", "gid": "ET1602", "label": "IJmond-Zuid-Kennemerland" }, "geometry": { "type": "MultiPolygon", "coordinates": [ [ [ [ 4.57789060953587, 52.464210622755395 ], [ 4.573697448827501, 52.463970632510105 ], [ 4.573901425962805, 52.465506310830023 ], [ 4.577962684225262, 52.466087001304537 ], [ 4.578777297119751, 52.464442198906667 ], [ 4.57789060953587, 52.464210622755395 ] ] ], [ [ [ 4.659969262871762, 52.531751384617699 ], [ 4.669571546332399, 52.530542255985601 ], [ 4.695736164873701, 52.526728063075211 ], [ 4.692830346818195, 52.522281715763256 ], [ 4.690585810731406, 52.519082520586501 ], [ 4.691395225214517, 52.516887380637449 ], [ 4.690674450120315, 52.51561836528704 ], [ 4.692599804874006, 52.511002484787596 ], [ 4.695114734796708, 52.509998401526147 ], [ 4.694611803394244, 52.507624002320782 ], [ 4.697085297841642, 52.507547900131136 ], [ 4.701235741008002, 52.508862765435147 ], [ 4.703854961375024, 52.508328878905772 ], [ 4.706526740965935, 52.510397163955538 ], [ 4.709151740178238, 52.509856410774034 ], [ 4.707937562851585, 52.506141154372223 ], [ 4.705858193040408, 52.506251103234646 ], [ 4.703442726525211, 52.503104411932298 ], [ 4.705423760562728, 52.500107520591122 ], [ 4.711703866146691, 52.496816874921599 ], [ 4.720367092485929, 52.49495391256383 ], [ 4.714645426302392, 52.493195038816395 ], [ 4.708445037267251, 52.488625677562951 ], [ 4.707968883346465, 52.486332438554875 ], [ 4.705906287865754, 52.484443111495942 ], [ 4.706158622319798, 52.482839459766673 ], [ 4.705472023069448, 52.481856231594769 ], [ 4.700728960761413, 52.480236766513961 ], [ 4.698734896175994, 52.477136944424124 ], [ 4.699278728298107, 52.474532683786599 ], [ 4.697280153631382, 52.472009894490675 ], [ 4.697818597107622, 52.471033820331328 ], [ 4.693447058672976, 52.46734073577371 ], [ 4.684266301900827, 52.463521031461958 ], [ 4.685069352316609, 52.462556791188234 ], [ 4.684537574868885, 52.462190752920584 ], [ 4.682999697302863, 52.461132116876541 ], [ 4.674848021085254, 52.455520407781066 ], [ 4.690813726510894, 52.446876925445956 ], [ 4.710965713819874, 52.43619429216929 ], [ 4.721983094012953, 52.433336168527909 ], [ 4.710654980250923, 52.427692753736423 ], [ 4.700537223401517, 52.425512917514872 ], [ 4.691485972296198, 52.418813968134046 ], [ 4.682476168597433, 52.41384869956002 ], [ 4.681130564561326, 52.412317050947806 ], [ 4.675507043366376, 52.40962523518678 ], [ 4.671962342328278, 52.409447074269998 ], [ 4.674379436007777, 52.406469316558486 ], [ 4.668816209599973, 52.404162798665539 ], [ 4.668664576451365, 52.401399401634876 ], [ 4.678685685276791, 52.399477453605442 ], [ 4.678570277301849, 52.398514734427074 ], [ 4.675630388750641, 52.397249302582232 ], [ 4.673457871573788, 52.394067320683725 ], [ 4.674541523031964, 52.390911244638858 ], [ 4.677716261003498, 52.38973756770568 ], [ 4.68119036142721, 52.390286662760907 ], [ 4.68144005268522, 52.389915871600849 ], [ 4.682595867889471, 52.388216084780289 ], [ 4.686921136152222, 52.387443702790236 ], [ 4.685970719324783, 52.384017858487226 ], [ 4.68599566822978, 52.383517698293787 ], [ 4.680364001752444, 52.379872205943819 ], [ 4.677383486474712, 52.377088112156834 ], [ 4.672714511589538, 52.374224735897748 ], [ 4.671377049027549, 52.370380363508943 ], [ 4.671377765991565, 52.370374243507001 ], [ 4.672091877887725, 52.368157925836925 ], [ 4.67524450311907, 52.359468818629118 ], [ 4.67646708330698, 52.356180807521945 ], [ 4.675633457780727, 52.352879386356122 ], [ 4.671482559070539, 52.35014686183775 ], [ 4.660815479389023, 52.345537778622194 ], [ 4.659232660755269, 52.344868314168089 ], [ 4.656411942122901, 52.343639028013392 ], [ 4.651657714114084, 52.341559697318523 ], [ 4.647628485663095, 52.340068799969416 ], [ 4.639648016735245, 52.338906077250776 ], [ 4.630584296438667, 52.337534310025326 ], [ 4.620111229567506, 52.333722626098371 ], [ 4.616564207532729, 52.331473401894243 ], [ 4.613467192096652, 52.328064465213757 ], [ 4.611661876539924, 52.325419850103316 ], [ 4.611386097446126, 52.322255947573495 ], [ 4.611383864514891, 52.322204579917795 ], [ 4.611530211791082, 52.318334913420372 ], [ 4.611676039331051, 52.313559912559583 ], [ 4.599456001087412, 52.317100993756 ], [ 4.596301658918119, 52.317762989111436 ], [ 4.591033663463803, 52.317789120392135 ], [ 4.58768642286317, 52.317880920999265 ], [ 4.587469018739465, 52.316763172201512 ], [ 4.586090327550492, 52.317315199873271 ], [ 4.585792521829648, 52.318197372419803 ], [ 4.583435366359738, 52.318382361153425 ], [ 4.573240558188851, 52.315355519966765 ], [ 4.569075469017712, 52.316483031519383 ], [ 4.563707432469421, 52.30929800806598 ], [ 4.54732226027155, 52.313996598189689 ], [ 4.543370822283141, 52.314988612151041 ], [ 4.494926529779439, 52.327948528430582 ], [ 4.493971128476394, 52.32819808293771 ], [ 4.526146843136827, 52.377346377976146 ], [ 4.541564758356511, 52.40133635968553 ], [ 4.55477706678059, 52.422609775547635 ], [ 4.560442732685914, 52.438005806898467 ], [ 4.562258458403138, 52.446454141758515 ], [ 4.558426629243206, 52.447183323195901 ], [ 4.554829731626012, 52.456276766059496 ], [ 4.551694800054331, 52.460704330493229 ], [ 4.540326407343318, 52.458100623006246 ], [ 4.538003109828805, 52.458064147217733 ], [ 4.53356677841029, 52.460932742653405 ], [ 4.532077898550852, 52.463836557345097 ], [ 4.53360036223849, 52.463846300003581 ], [ 4.535344973428781, 52.460718334242607 ], [ 4.538037207264035, 52.459004950306358 ], [ 4.540605377639346, 52.459131611688129 ], [ 4.554855814686223, 52.46247005725106 ], [ 4.558346284465412, 52.461016056557597 ], [ 4.559927227520071, 52.456995172404696 ], [ 4.565093308347046, 52.457983207831859 ], [ 4.564651127306906, 52.45908712653835 ], [ 4.562281609059479, 52.459883696561249 ], [ 4.564320301775695, 52.462329811447532 ], [ 4.568750682738016, 52.46262725761725 ], [ 4.569454312441962, 52.462256688294048 ], [ 4.567630321546586, 52.459648265720922 ], [ 4.569246492229954, 52.459223339519141 ], [ 4.571359713458774, 52.462200782084594 ], [ 4.578614483973656, 52.462841936332651 ], [ 4.578791161013418, 52.462434087282709 ], [ 4.577041057699259, 52.461597383677265 ], [ 4.579340631569904, 52.459907806414186 ], [ 4.579306302264203, 52.458783974537951 ], [ 4.580582397000958, 52.458748567174268 ], [ 4.586445059194951, 52.456543091467658 ], [ 4.587216023540423, 52.457244993164124 ], [ 4.581705452939183, 52.459357144726354 ], [ 4.580271962262812, 52.461186314851815 ], [ 4.581554044164531, 52.462454125752721 ], [ 4.594293410712947, 52.457665175778786 ], [ 4.595816711420184, 52.457979058720689 ], [ 4.596213180784049, 52.458366184747085 ], [ 4.585814091421933, 52.462260934220673 ], [ 4.582195410957324, 52.463275256915189 ], [ 4.590360580660807, 52.463665137269729 ], [ 4.590443775966417, 52.464497641362378 ], [ 4.586936116547386, 52.464772492294117 ], [ 4.59657283678648, 52.465341115967746 ], [ 4.596484774777871, 52.466329147494157 ], [ 4.591511997695108, 52.466406793116654 ], [ 4.591461432059868, 52.46729659931303 ], [ 4.60013935837621, 52.46680002937336 ], [ 4.605058248862591, 52.467100943089861 ], [ 4.605095345804263, 52.468395919974157 ], [ 4.592074969922077, 52.469762299571947 ], [ 4.593598066080551, 52.470149612660904 ], [ 4.601360252604769, 52.469793624458298 ], [ 4.601491823725647, 52.471485022594614 ], [ 4.600103689220849, 52.471790872862513 ], [ 4.59781290364654, 52.471221278478097 ], [ 4.594828324470801, 52.471324607247446 ], [ 4.598388350680768, 52.472361899146847 ], [ 4.608883051562931, 52.472138046197074 ], [ 4.609102526089168, 52.472950990281127 ], [ 4.599753751820069, 52.474270073110944 ], [ 4.596188841044931, 52.473284620572237 ], [ 4.595580376410367, 52.473798614776918 ], [ 4.586386970903686, 52.471673168335528 ], [ 4.585611435186824, 52.472227681355079 ], [ 4.583995998604429, 52.471893108577376 ], [ 4.58243284198907, 52.470587166101957 ], [ 4.579155984552812, 52.469657233315949 ], [ 4.567184407720081, 52.467680486412114 ], [ 4.557297724038493, 52.4671009052039 ], [ 4.548052912073739, 52.468389501165795 ], [ 4.542249942371267, 52.46741180505164 ], [ 4.542975569262557, 52.468330793472077 ], [ 4.548024369374261, 52.469623302105191 ], [ 4.557851915134326, 52.468058208439984 ], [ 4.564838754971452, 52.468925649587554 ], [ 4.575180368021675, 52.479201617273461 ], [ 4.577359100570476, 52.484951023158501 ], [ 4.58051213176207, 52.489508589959996 ], [ 4.586563282836972, 52.499161303197241 ], [ 4.593024356906282, 52.513487724387318 ], [ 4.59830267319716, 52.531140666534796 ], [ 4.652794105719754, 52.530726184192957 ], [ 4.653028642989734, 52.530724547938782 ], [ 4.656199795102181, 52.53152920567765 ], [ 4.659969262871762, 52.531751384617699 ] ] ] ] } },
{ "type": "Feature", "properties": { "statcode": "ET1603", "id": 21, "jrstatcode": "2021ET1603", "statnaam": "Zaanstreek-Waterland", "rubriek": "subres_regio", "gid": "ET1603", "label": "Zaanstreek-Waterland" }, "geometry": { "type": "MultiPolygon", "coordinates": [ [ [ [ 4.956634644576948, 52.610668484339485 ], [ 4.959316112956325, 52.604680482687769 ], [ 4.958675776795311, 52.603263462218202 ], [ 4.956941108545458, 52.602222577533652 ], [ 4.952523240287814, 52.601171011924357 ], [ 4.949257774954329, 52.59953283881265 ], [ 4.94984990577973, 52.595285342969042 ], [ 5.004881212638092, 52.597573047469659 ], [ 5.007949379928123, 52.607799070565171 ], [ 5.006690144758434, 52.610519142473727 ], [ 5.019659333667354, 52.612453573800558 ], [ 5.019495823889871, 52.606418951707383 ], [ 5.022264153179373, 52.604514816778675 ], [ 5.021086273922617, 52.602206369449682 ], [ 5.024365820280479, 52.599648198937679 ], [ 5.020564834872065, 52.596026713850975 ], [ 5.023241050415978, 52.591401588312245 ], [ 5.028583463293286, 52.585210820776737 ], [ 5.029284120995304, 52.580807679926338 ], [ 5.032578919503934, 52.573583521854182 ], [ 5.031001804327403, 52.570371635867851 ], [ 5.031129395937927, 52.567565020084274 ], [ 5.034660102509627, 52.564927993961142 ], [ 5.042670339496312, 52.560960217363331 ], [ 5.043082240388705, 52.557966623991192 ], [ 5.054754638936567, 52.544603924137178 ], [ 5.054805461703495, 52.538401207742268 ], [ 5.057575452081315, 52.537242523421526 ], [ 5.063010543902383, 52.529779924187544 ], [ 5.064773521571794, 52.52897514251768 ], [ 5.06577532854135, 52.526200274653227 ], [ 5.066402659741417, 52.522880830589507 ], [ 5.069825230960552, 52.521019064421459 ], [ 5.071686619107328, 52.518899797693628 ], [ 5.073820426774654, 52.51936692205755 ], [ 5.075005761161759, 52.519061644777956 ], [ 5.074564270024699, 52.517152787457576 ], [ 5.074859592472354, 52.515085599128234 ], [ 5.080636203290246, 52.513041877598241 ], [ 5.083764433526524, 52.506618549238311 ], [ 5.08569261464751, 52.503757603269577 ], [ 5.081003558405855, 52.49976386862609 ], [ 5.077935131937987, 52.495498701496487 ], [ 5.077860010152145, 52.493743183514461 ], [ 5.076895291877261, 52.494330178924621 ], [ 5.075499337950318, 52.493111629957404 ], [ 5.073583056215366, 52.492562881117053 ], [ 5.074073815978871, 52.491919451244485 ], [ 5.07181581593468, 52.491905020145147 ], [ 5.071562912520257, 52.490908701427671 ], [ 5.069945469975888, 52.489675864189543 ], [ 5.067465883480414, 52.489653181864419 ], [ 5.065879056630252, 52.490001839362826 ], [ 5.065200762205872, 52.490729851152366 ], [ 5.064220178822474, 52.490624646916714 ], [ 5.062808786152996, 52.488223463276569 ], [ 5.061560266215616, 52.488274158091777 ], [ 5.059481435377509, 52.485614537507189 ], [ 5.059061970472236, 52.481796657820269 ], [ 5.060571076862159, 52.476706516474884 ], [ 5.067652223532228, 52.472304409141643 ], [ 5.069088945061909, 52.470711738188733 ], [ 5.06847500304813, 52.468766681062824 ], [ 5.061904853624029, 52.467704966504897 ], [ 5.057838846636234, 52.467925785846688 ], [ 5.051066824274957, 52.469332768990249 ], [ 5.041424136287721, 52.465497496127675 ], [ 5.038824122345002, 52.465027148982507 ], [ 5.03822794717867, 52.466296358830817 ], [ 5.033605252108372, 52.467389822958687 ], [ 5.033415892787441, 52.46596572993203 ], [ 5.034098756390504, 52.464397983245973 ], [ 5.03851683342102, 52.464001064083412 ], [ 5.038750581076899, 52.463424523142855 ], [ 5.036449160973684, 52.463170983519419 ], [ 5.038799131716455, 52.460463276462782 ], [ 5.039871129367664, 52.460852580216468 ], [ 5.041671718420542, 52.460137831544372 ], [ 5.040653318861605, 52.459041875572666 ], [ 5.042292337633947, 52.45777627649781 ], [ 5.043460650720345, 52.457594032555292 ], [ 5.046074067235923, 52.461181324136227 ], [ 5.049257724326031, 52.462765312198634 ], [ 5.054036002072397, 52.462083597836155 ], [ 5.05495288505738, 52.461368961677344 ], [ 5.049801430621232, 52.455514012139176 ], [ 5.048464966740392, 52.455100298475386 ], [ 5.048178512612126, 52.453883543309338 ], [ 5.048165504177814, 52.450567684220225 ], [ 5.047726713137034, 52.448379896149405 ], [ 5.0482239418321, 52.447674414877376 ], [ 5.04912540949577, 52.447326248278635 ], [ 5.050304964177926, 52.445001099109234 ], [ 5.047951861722842, 52.442253723505623 ], [ 5.049416213279995, 52.43935903933945 ], [ 5.057489012173649, 52.439127555330977 ], [ 5.063833014830169, 52.43732519376011 ], [ 5.064842786384807, 52.437343195601407 ], [ 5.065663092064123, 52.438583056349664 ], [ 5.067196664442942, 52.438895584892428 ], [ 5.071705627068152, 52.437732902113112 ], [ 5.078061164617051, 52.436557968428794 ], [ 5.086927388962656, 52.437023947240007 ], [ 5.087187538146331, 52.435061450438262 ], [ 5.088846409479546, 52.434843285263071 ], [ 5.093002532016049, 52.440115642744431 ], [ 5.09439110211467, 52.448543674181991 ], [ 5.092997028862114, 52.450367438284189 ], [ 5.092636567348265, 52.451662154274835 ], [ 5.094686715318585, 52.454146278007414 ], [ 5.098957193515936, 52.457617215405726 ], [ 5.100276632618492, 52.457175018338731 ], [ 5.100962026507828, 52.458318364036074 ], [ 5.100064018378671, 52.458756755391022 ], [ 5.101535508797351, 52.462055191166975 ], [ 5.100521926652568, 52.464172123564552 ], [ 5.103257674859575, 52.468173655825957 ], [ 5.106344985310452, 52.467545636900567 ], [ 5.111763139096807, 52.463977755190584 ], [ 5.113644598651629, 52.461788949947284 ], [ 5.12009836436346, 52.461792959681269 ], [ 5.132080413171672, 52.463098010582883 ], [ 5.134744214276505, 52.462881085978282 ], [ 5.136523988178721, 52.462404792514896 ], [ 5.137596262387969, 52.460386704937086 ], [ 5.139381651264863, 52.459687980838886 ], [ 5.13629965287723, 52.460237590919483 ], [ 5.133416824167896, 52.459818507479589 ], [ 5.124315420571412, 52.457067968284768 ], [ 5.121922271026061, 52.455645088158001 ], [ 5.111085763281493, 52.454045697943343 ], [ 5.106176845989698, 52.450193534671143 ], [ 5.099122874798356, 52.450268482327566 ], [ 5.094938944616109, 52.448452481736958 ], [ 5.093871203142709, 52.441010252568397 ], [ 5.091921394378695, 52.437365753063467 ], [ 5.08675633330809, 52.432091830169377 ], [ 5.088212374609905, 52.434231744865215 ], [ 5.085922491392735, 52.435046403914839 ], [ 5.081698424973704, 52.431058298797993 ], [ 5.076369884962058, 52.428861065606299 ], [ 5.076970569199028, 52.4276044452834 ], [ 5.075443358876896, 52.427836320296947 ], [ 5.07563219154458, 52.428581459576385 ], [ 5.074879121861559, 52.428721875968606 ], [ 5.073838649730634, 52.427432435461512 ], [ 5.076018876809347, 52.426651650816936 ], [ 5.07508588955312, 52.426416792167046 ], [ 5.073917415135179, 52.424411024259982 ], [ 5.073263688900067, 52.420582179986134 ], [ 5.068263524147653, 52.416558099575624 ], [ 5.065412546012645, 52.417239447837908 ], [ 5.06255628653204, 52.416173311738426 ], [ 5.057756544012221, 52.416537776716041 ], [ 5.049177133423941, 52.415129272548889 ], [ 5.040109138979139, 52.417307253930382 ], [ 5.035238072280896, 52.418250990847511 ], [ 5.032934205615081, 52.41646284753903 ], [ 5.030044791778661, 52.415643495791528 ], [ 5.029727793544366, 52.417706820172718 ], [ 5.028357307577805, 52.419416425121902 ], [ 5.021145753302403, 52.421054819968575 ], [ 5.020313964275299, 52.419898524457381 ], [ 5.018205109216432, 52.419059549432745 ], [ 5.000292105011823, 52.425406918945797 ], [ 4.990445197689168, 52.425520779968231 ], [ 4.989183704629611, 52.423372486512974 ], [ 4.987101491899271, 52.422841697875526 ], [ 4.982636419509615, 52.426762292388808 ], [ 4.97623828044838, 52.42402599753764 ], [ 4.97331980850478, 52.422797334167591 ], [ 4.956005271251374, 52.421960338547855 ], [ 4.95577711075209, 52.422431932306395 ], [ 4.953559214081649, 52.422256632242906 ], [ 4.952329179296735, 52.423523571200889 ], [ 4.951340219009839, 52.423228515662672 ], [ 4.951481365915671, 52.421929744670642 ], [ 4.947788574187965, 52.421562241119361 ], [ 4.944779878900251, 52.415018179294798 ], [ 4.942646808489207, 52.41385998187404 ], [ 4.935142300900965, 52.412039771324345 ], [ 4.930715883212808, 52.411607582329793 ], [ 4.922745729643274, 52.415529683367851 ], [ 4.920450310019104, 52.416607034936199 ], [ 4.907962199779475, 52.420873681571912 ], [ 4.907364001586553, 52.421323692616028 ], [ 4.898741017515519, 52.424489763914259 ], [ 4.89873971382939, 52.424461339719869 ], [ 4.887747786171484, 52.425589941044677 ], [ 4.878993457593912, 52.425696327515851 ], [ 4.87657354752691, 52.426227923438745 ], [ 4.871461580593695, 52.430101280887776 ], [ 4.869544122584995, 52.42984645362818 ], [ 4.865970480499965, 52.430678664090806 ], [ 4.862677453449354, 52.429941314966207 ], [ 4.862453729159522, 52.428775951155366 ], [ 4.857947578561188, 52.424717105454299 ], [ 4.859857713138124, 52.420473696107877 ], [ 4.856078010842785, 52.416662167305809 ], [ 4.842637945190249, 52.41879852377425 ], [ 4.827723673413809, 52.420784073904507 ], [ 4.826810945995531, 52.4208954463802 ], [ 4.810819326267366, 52.42291010832691 ], [ 4.809939558313519, 52.423024178006756 ], [ 4.783480370257105, 52.426413367574369 ], [ 4.767537879892973, 52.428498103423337 ], [ 4.767183636356742, 52.427468139643196 ], [ 4.753205157573293, 52.429240910870064 ], [ 4.750085392130022, 52.429636553462515 ], [ 4.739208095839959, 52.43106382971277 ], [ 4.721983094012953, 52.433336168527909 ], [ 4.710965713819874, 52.43619429216929 ], [ 4.690813726510894, 52.446876925445956 ], [ 4.674848021085254, 52.455520407781066 ], [ 4.682999697302863, 52.461132116876541 ], [ 4.684537574868885, 52.462190752920584 ], [ 4.685069352316609, 52.462556791188234 ], [ 4.684266301900827, 52.463521031461958 ], [ 4.693447058672976, 52.46734073577371 ], [ 4.697818597107622, 52.471033820331328 ], [ 4.697280153631382, 52.472009894490675 ], [ 4.699278728298107, 52.474532683786599 ], [ 4.698734896175994, 52.477136944424124 ], [ 4.700728960761413, 52.480236766513961 ], [ 4.705472023069448, 52.481856231594769 ], [ 4.706158622319798, 52.482839459766673 ], [ 4.705906287865754, 52.484443111495942 ], [ 4.707968883346465, 52.486332438554875 ], [ 4.708445037267251, 52.488625677562951 ], [ 4.714645426302392, 52.493195038816395 ], [ 4.720367092485929, 52.49495391256383 ], [ 4.721373862254302, 52.495138873780832 ], [ 4.731577194832486, 52.496331443782914 ], [ 4.739739506770515, 52.501622945239703 ], [ 4.746173900429837, 52.505948614383158 ], [ 4.748410422725015, 52.507661613811621 ], [ 4.750674066609653, 52.508290926953237 ], [ 4.75276780782713, 52.510591878753594 ], [ 4.752253743828049, 52.511079551267713 ], [ 4.748458849630079, 52.514982029712861 ], [ 4.748142525568679, 52.517054990705923 ], [ 4.749728687241907, 52.520074657777421 ], [ 4.752428076975379, 52.521232699024985 ], [ 4.761227657045577, 52.518553804257159 ], [ 4.763619448375415, 52.519707181495825 ], [ 4.767026920545843, 52.518866415151642 ], [ 4.767203204345383, 52.519751924003174 ], [ 4.775565809157063, 52.519421584152461 ], [ 4.782476457704385, 52.519580960110794 ], [ 4.784173755357352, 52.519471223200732 ], [ 4.784971551268333, 52.519419631826217 ], [ 4.789860919713963, 52.519235886408481 ], [ 4.792439650543623, 52.519725202105498 ], [ 4.798284275712428, 52.524360479131836 ], [ 4.804705940440539, 52.525360178511413 ], [ 4.811626572320728, 52.530190500630347 ], [ 4.820186920503516, 52.531231797740986 ], [ 4.82440718621934, 52.533804459133151 ], [ 4.816992994576941, 52.535648208335708 ], [ 4.819027469323631, 52.538725969140238 ], [ 4.820986505763584, 52.538246358555043 ], [ 4.824385241258735, 52.542599942929691 ], [ 4.828031738846207, 52.541668559905943 ], [ 4.833910385168197, 52.538960348882092 ], [ 4.835495858829461, 52.540666207349311 ], [ 4.84227802405846, 52.543493487103717 ], [ 4.844587520922921, 52.547309214821908 ], [ 4.848307047603496, 52.550072235394019 ], [ 4.851828283247722, 52.554831634163385 ], [ 4.854128414629171, 52.556991519716114 ], [ 4.858684553495798, 52.559455529303165 ], [ 4.862144403472039, 52.563401959425306 ], [ 4.862939661786733, 52.565047138538183 ], [ 4.863032770821134, 52.568725082522576 ], [ 4.86423782639196, 52.571621301921134 ], [ 4.865671951163444, 52.573750178427545 ], [ 4.868630992485035, 52.575945310345453 ], [ 4.876379533819174, 52.57783000113195 ], [ 4.884749809015174, 52.584235963314235 ], [ 4.886621885147238, 52.586536560636773 ], [ 4.889773460703289, 52.593889468205383 ], [ 4.893495071750681, 52.597837248973278 ], [ 4.901168606657582, 52.602924969483851 ], [ 4.915375830391879, 52.608642103891 ], [ 4.921439906458744, 52.608313218937539 ], [ 4.926925470262382, 52.6066969991112 ], [ 4.92899892359857, 52.605161094920682 ], [ 4.9346131005657, 52.606211077137083 ], [ 4.948497817998454, 52.613550999027964 ], [ 4.950933269976725, 52.614106339046216 ], [ 4.953335334865359, 52.613391238745542 ], [ 4.953856567421339, 52.613142668640577 ], [ 4.956634644576948, 52.610668484339485 ] ] ] ] } },
{ "type": "Feature", "properties": { "statcode": "ET1604", "id": 22, "jrstatcode": "2021ET1604", "statnaam": "Gooi en Vechtstreek", "rubriek": "subres_regio", "gid": "ET1604", "label": "Gooi en Vechtstreek" }, "geometry": { "type": "MultiPolygon", "coordinates": [ [ [ [ 5.32633196617425, 52.290790865663325 ], [ 5.327100387576877, 52.290325664736471 ], [ 5.315650456057234, 52.292703544444983 ], [ 5.315468929287547, 52.29491945949799 ], [ 5.324202529593698, 52.294877572103168 ], [ 5.3286660750065, 52.292444351404704 ], [ 5.32633196617425, 52.290790865663325 ] ] ], [ [ [ 5.039981685720766, 52.334951379546766 ], [ 5.037621332635252, 52.334596330254918 ], [ 5.036981595819275, 52.337671982545075 ], [ 5.039081116115704, 52.337626756925268 ], [ 5.041771445761365, 52.336302816155516 ], [ 5.039981685720766, 52.334951379546766 ] ] ], [ [ [ 5.093639089381073, 52.338760864015818 ], [ 5.099481128657018, 52.336099313971758 ], [ 5.107571808027378, 52.331186132359086 ], [ 5.109004102635616, 52.332037708439529 ], [ 5.10991739083396, 52.331129401998808 ], [ 5.111082632330247, 52.329964039987118 ], [ 5.123466383744505, 52.329326419884474 ], [ 5.129371622804452, 52.325401960847863 ], [ 5.13343524612602, 52.327645304623438 ], [ 5.137017135880542, 52.325439096669697 ], [ 5.138324338341371, 52.325901702102179 ], [ 5.13882256417416, 52.325518522530579 ], [ 5.137709235735731, 52.324947492333628 ], [ 5.144577861242333, 52.317393251711444 ], [ 5.151303966111046, 52.312451635072364 ], [ 5.149496698908356, 52.311959612335166 ], [ 5.146110601145901, 52.312764260107677 ], [ 5.143619158101068, 52.310881891135118 ], [ 5.146560503447035, 52.309322708799584 ], [ 5.149901173020467, 52.310087944307597 ], [ 5.150175752495884, 52.311433086081678 ], [ 5.152613553732698, 52.311829998377696 ], [ 5.159613221216383, 52.308276226971216 ], [ 5.161504741175077, 52.306417951471666 ], [ 5.165580474755585, 52.304957748941028 ], [ 5.173803046610346, 52.303995999051992 ], [ 5.181180117462357, 52.30506268144353 ], [ 5.183531198897526, 52.305901636502007 ], [ 5.184696884184575, 52.307291067199039 ], [ 5.196490927252579, 52.308994196458315 ], [ 5.228488450933168, 52.311253974907672 ], [ 5.230944505260225, 52.311833069097126 ], [ 5.240183726864541, 52.311711730680528 ], [ 5.24250370810583, 52.311284506772282 ], [ 5.243742947293636, 52.312109220258868 ], [ 5.244244551257192, 52.311863192413739 ], [ 5.242829048839573, 52.310599841944494 ], [ 5.244023363136683, 52.31009013484092 ], [ 5.24516153725049, 52.310795001712755 ], [ 5.2452409070782, 52.309721152934813 ], [ 5.244008376913236, 52.308977974889984 ], [ 5.241372974870212, 52.3059004388505 ], [ 5.242188090692116, 52.30573085826137 ], [ 5.244226921497962, 52.308638479240862 ], [ 5.245296627544967, 52.308404598950347 ], [ 5.244978055420133, 52.309166704280209 ], [ 5.24723335951118, 52.312133234107264 ], [ 5.246311022631578, 52.310323653584966 ], [ 5.251621193897035, 52.309041141062025 ], [ 5.251307941736442, 52.310101692869488 ], [ 5.248159632901942, 52.312586273833233 ], [ 5.24787039096992, 52.313853114025868 ], [ 5.24911874748871, 52.31583384641106 ], [ 5.249956395881951, 52.315913546979985 ], [ 5.249607929286274, 52.313678988429558 ], [ 5.252121624675636, 52.312063685303549 ], [ 5.252722123591985, 52.310136588145319 ], [ 5.256358016677329, 52.306833027889262 ], [ 5.259881182524399, 52.306113675535393 ], [ 5.264274066719279, 52.30676576240117 ], [ 5.264733320382063, 52.306453626719232 ], [ 5.27406446660331, 52.304144942706614 ], [ 5.278001970456806, 52.302359261521197 ], [ 5.278819748839502, 52.302387065806627 ], [ 5.281126625790984, 52.300593565018687 ], [ 5.287809914844218, 52.297603052853809 ], [ 5.291361548286408, 52.296593394445409 ], [ 5.298719135937923, 52.298055038421516 ], [ 5.302321055792666, 52.302105776516491 ], [ 5.307331122093372, 52.302729234706348 ], [ 5.309012482999492, 52.304926932947971 ], [ 5.312273997402874, 52.303470796872951 ], [ 5.313412754972844, 52.303373304773864 ], [ 5.313903229449803, 52.303100864260642 ], [ 5.317183610008848, 52.300588698454824 ], [ 5.31482521264735, 52.301602505246855 ], [ 5.311073105290625, 52.299919661133927 ], [ 5.308255657411719, 52.299805402803344 ], [ 5.304318090601039, 52.297342773257341 ], [ 5.303115413288403, 52.295219444710028 ], [ 5.299720227403052, 52.29452309631877 ], [ 5.297231901544973, 52.293160551816023 ], [ 5.295532522503772, 52.289955909740321 ], [ 5.295883193004606, 52.288584894425036 ], [ 5.296553497442505, 52.286688225328987 ], [ 5.306465386138939, 52.277605656769609 ], [ 5.305825663953018, 52.277329587583274 ], [ 5.27866404927228, 52.280472453106377 ], [ 5.277129558078126, 52.280637846656418 ], [ 5.269207586863043, 52.281544389167586 ], [ 5.265769166536518, 52.281644611820084 ], [ 5.265663260177655, 52.281505363135082 ], [ 5.261101837629769, 52.275835786268551 ], [ 5.244081128862235, 52.254662784235826 ], [ 5.245093123294268, 52.254431068107735 ], [ 5.238407718386438, 52.245660318417784 ], [ 5.237368800154147, 52.244276557523143 ], [ 5.231879643068952, 52.237077660083543 ], [ 5.222901246812828, 52.225260950509934 ], [ 5.224730241326966, 52.225197094375297 ], [ 5.22057749947732, 52.21597137070281 ], [ 5.21896032236997, 52.212128714433327 ], [ 5.216529301202583, 52.205450735358227 ], [ 5.215500726657339, 52.204273425512234 ], [ 5.192585964926111, 52.177832945608316 ], [ 5.184185568068266, 52.177954666073944 ], [ 5.179431667847648, 52.178213387778435 ], [ 5.169704815136731, 52.178802697958311 ], [ 5.166740206642758, 52.17897579151645 ], [ 5.124110587860274, 52.18082739193828 ], [ 5.121412578349918, 52.180952754200263 ], [ 5.115311140794646, 52.179816286945432 ], [ 5.078655973936566, 52.172985689602463 ], [ 5.046463540806307, 52.165929111117229 ], [ 5.041591768114566, 52.183751521255964 ], [ 5.032503227235234, 52.184113407909237 ], [ 5.033764727818622, 52.186163712438443 ], [ 5.034977237777944, 52.186802954778081 ], [ 5.035584478152012, 52.190974606616145 ], [ 5.036646304663575, 52.193733305175186 ], [ 5.038134078369398, 52.195163172595542 ], [ 5.037204212429201, 52.196847585433936 ], [ 5.03712470889961, 52.198052709089247 ], [ 5.030972116568939, 52.198764076535241 ], [ 5.027942336311307, 52.199958863796056 ], [ 5.026061262061409, 52.201373961511109 ], [ 5.022769094872558, 52.201534187645208 ], [ 5.02129295994861, 52.201885743249981 ], [ 5.021384346759377, 52.202036610207209 ], [ 5.022935402401036, 52.201709482784452 ], [ 5.022452018517369, 52.202225502570975 ], [ 5.022031667328018, 52.202383210898191 ], [ 5.021586742478815, 52.20247522794898 ], [ 5.021603895174344, 52.202541989488388 ], [ 5.022686429252025, 52.202235970130523 ], [ 5.023025933654335, 52.202038978304287 ], [ 5.022621035919692, 52.203941462902783 ], [ 5.023432856489143, 52.203828390383606 ], [ 5.023315078621092, 52.203050841176953 ], [ 5.024996261625613, 52.202843893985509 ], [ 5.025599861709452, 52.203981824255784 ], [ 5.036649899088372, 52.20213798678062 ], [ 5.037421020948798, 52.204964512734371 ], [ 5.035316237293976, 52.205232595331651 ], [ 5.036444743340167, 52.20956397308381 ], [ 5.03644369799475, 52.209564065251442 ], [ 5.033400586871716, 52.209836231866767 ], [ 5.034353826644375, 52.213117460650196 ], [ 5.033729681766694, 52.213123036579134 ], [ 5.033787956201581, 52.213713995285858 ], [ 5.036742066341113, 52.21366335971954 ], [ 5.037242932273547, 52.214188615018969 ], [ 5.03532956233176, 52.214462266119945 ], [ 5.035683425542504, 52.215124658897857 ], [ 5.036909314691437, 52.215155722623599 ], [ 5.037118902671438, 52.216596475977845 ], [ 5.035848998815417, 52.217529137417962 ], [ 5.036665603760619, 52.224360154144847 ], [ 5.041907180101373, 52.223993057985837 ], [ 5.041922574671636, 52.22406221805376 ], [ 5.042795657596922, 52.224039510469424 ], [ 5.041983940668938, 52.224326650323924 ], [ 5.041928838430628, 52.224088678731405 ], [ 5.039873206791378, 52.224387324810074 ], [ 5.037398826535095, 52.224739926640289 ], [ 5.037101783319567, 52.225341648868053 ], [ 5.038730558437263, 52.225179415269771 ], [ 5.041685795058565, 52.228234512565223 ], [ 5.042484454907703, 52.228779883387489 ], [ 5.040696513245002, 52.229567457431365 ], [ 5.040545488647117, 52.229841962706097 ], [ 5.041585570519995, 52.230888222961546 ], [ 5.042313433398878, 52.230531677676332 ], [ 5.057712792855521, 52.23534258849633 ], [ 5.056901999339825, 52.236522344186803 ], [ 5.045996318642128, 52.243220549815284 ], [ 5.046651911102949, 52.248457891705499 ], [ 5.04409534047009, 52.2521247470265 ], [ 5.043427851260153, 52.255448541270376 ], [ 5.04187884641245, 52.25655996586454 ], [ 5.040253175588553, 52.25657638079641 ], [ 5.037196398051242, 52.253441191323255 ], [ 5.035255369373886, 52.252644866687646 ], [ 5.031190531449896, 52.25598826807979 ], [ 5.032572530684435, 52.259974915452396 ], [ 5.031453781683432, 52.261305698999038 ], [ 5.026551005935262, 52.264198613391883 ], [ 5.027854682123513, 52.266246433437836 ], [ 5.027626835030746, 52.267777643510883 ], [ 5.026339209767423, 52.268661386414124 ], [ 5.023310111439562, 52.271471993071835 ], [ 5.022886886924665, 52.272483437106423 ], [ 5.02371026136214, 52.273208170300286 ], [ 5.029813730182408, 52.272043503310144 ], [ 5.030933101842482, 52.27250286940464 ], [ 5.033069984466159, 52.275289884161346 ], [ 5.042521969057625, 52.277930300020124 ], [ 5.048237536848302, 52.27696043762964 ], [ 5.049679801922665, 52.27798885860706 ], [ 5.049666116638086, 52.280205874986045 ], [ 5.050753455708157, 52.281817806389427 ], [ 5.060398073868885, 52.285143109123922 ], [ 5.062858837717777, 52.284778292781262 ], [ 5.062872994348557, 52.282199646865521 ], [ 5.064412425143185, 52.280737600508779 ], [ 5.065858514844543, 52.280537327445501 ], [ 5.065863351779981, 52.281139877273844 ], [ 5.065471486614254, 52.285198157139057 ], [ 5.064791874263108, 52.285080543725378 ], [ 5.06342582210257, 52.287055111509567 ], [ 5.059540299286015, 52.289320133136606 ], [ 5.052738048042332, 52.286508238498605 ], [ 5.050404330664364, 52.287871982410145 ], [ 5.047491815113677, 52.285028644562964 ], [ 5.04277865748143, 52.282488139333594 ], [ 5.040742248446493, 52.283875028731593 ], [ 5.039521331519452, 52.283263304484549 ], [ 5.033212457394684, 52.286258104354388 ], [ 5.030528417835409, 52.288487181288048 ], [ 5.024381632669321, 52.281357446748586 ], [ 5.022826485026242, 52.282150431189486 ], [ 5.021867208979982, 52.282653268896091 ], [ 5.021543196394508, 52.302456850009598 ], [ 5.021501081402816, 52.302808941412657 ], [ 5.021268033020738, 52.304175072887951 ], [ 5.020526979128078, 52.307857938295633 ], [ 5.017932845893998, 52.323192338207853 ], [ 5.016653253607835, 52.322986895907377 ], [ 5.016133679578445, 52.324512121649747 ], [ 5.012793853433807, 52.330207424063474 ], [ 5.014450117039145, 52.331431318398266 ], [ 5.014992314308907, 52.331776460099526 ], [ 5.018462551026608, 52.33407442859572 ], [ 5.025343573555785, 52.337049010739889 ], [ 5.027541037352056, 52.337736209299081 ], [ 5.030116881996674, 52.336517910865155 ], [ 5.029417860703674, 52.335169010096081 ], [ 5.03214944375198, 52.333536292291043 ], [ 5.036386981396616, 52.333478537575388 ], [ 5.043083266430645, 52.335623833942741 ], [ 5.044581216211528, 52.335321810695838 ], [ 5.05550344112807, 52.337779495382613 ], [ 5.060479742446898, 52.337752723891015 ], [ 5.067094481669929, 52.336683850624183 ], [ 5.068462756462531, 52.337194644752984 ], [ 5.068552054313568, 52.334084535106285 ], [ 5.069825094933718, 52.333285973051474 ], [ 5.070775084404972, 52.333638767106052 ], [ 5.069854897485321, 52.334598608381761 ], [ 5.070191948980693, 52.33549238564018 ], [ 5.069820463716576, 52.337478066371425 ], [ 5.070968491013915, 52.337332289609691 ], [ 5.077594909612086, 52.339801225162496 ], [ 5.093639089381073, 52.338760864015818 ] ] ], [ [ [ 5.082834563567305, 52.346011967430798 ], [ 5.079636028726245, 52.344464572116131 ], [ 5.08077259044348, 52.34567205688171 ], [ 5.082834563567305, 52.346011967430798 ] ] ], [ [ [ 5.105784298123313, 52.345966927911014 ], [ 5.109798513153082, 52.343682988788082 ], [ 5.107477901394583, 52.343953429638333 ], [ 5.100328677339713, 52.347202648033807 ], [ 5.105784298123313, 52.345966927911014 ] ] ], [ [ [ 5.070137028183931, 52.365110469512757 ], [ 5.069273132819623, 52.364157094865185 ], [ 5.06769875737452, 52.364578106543973 ], [ 5.068096818245295, 52.365392990731003 ], [ 5.070137028183931, 52.365110469512757 ] ] ] ] } },
{ "type": "Feature", "properties": { "statcode": "ET1605", "id": 23, "jrstatcode": "2021ET1605", "statnaam": "Haarlemmermeer", "rubriek": "subres_regio", "gid": "ET1605", "label": "Haarlemmermeer" }, "geometry": { "type": "MultiPolygon", "coordinates": [ [ [ [ 4.757481997148969, 52.396882777237451 ], [ 4.758298473796866, 52.387948657183955 ], [ 4.758308253748732, 52.387895150091197 ], [ 4.758952627855027, 52.384117565406349 ], [ 4.759078008337525, 52.380940685990701 ], [ 4.759124707572626, 52.379329244058546 ], [ 4.756717878049018, 52.377837764741052 ], [ 4.758380390725451, 52.374015306063363 ], [ 4.758474504901876, 52.371093170304789 ], [ 4.75783706816896, 52.368718131877309 ], [ 4.755880855477681, 52.361807515709735 ], [ 4.754837140326306, 52.357907330440455 ], [ 4.755683817600715, 52.3561500383246 ], [ 4.767392729253084, 52.351268550892108 ], [ 4.773299019852939, 52.348920542906328 ], [ 4.780804646394241, 52.345846150963467 ], [ 4.791102142489444, 52.341500166745178 ], [ 4.798217677169004, 52.335041078136548 ], [ 4.79879705873917, 52.334800162844118 ], [ 4.803048230940635, 52.333032734897486 ], [ 4.817121535821742, 52.326925112205615 ], [ 4.818752570685462, 52.325560258050238 ], [ 4.81906174708687, 52.323318332843002 ], [ 4.816124106477718, 52.313491204470154 ], [ 4.817152651254538, 52.311966884243347 ], [ 4.817075406207786, 52.311820599353204 ], [ 4.80988369261715, 52.305776099826844 ], [ 4.798835754651661, 52.301421111416907 ], [ 4.79566333328227, 52.299323913044134 ], [ 4.794442878318487, 52.296267027411254 ], [ 4.793248228421163, 52.294099449562793 ], [ 4.788341397155714, 52.288530943735296 ], [ 4.77991031479312, 52.283130295224765 ], [ 4.771019811880829, 52.279366210701859 ], [ 4.765112977933416, 52.27678214874166 ], [ 4.756878451011029, 52.274401135442197 ], [ 4.751322007162532, 52.273689493022886 ], [ 4.746699287217271, 52.272253352282682 ], [ 4.743765365280029, 52.269837607498921 ], [ 4.739234919223286, 52.267613523314282 ], [ 4.73456728694839, 52.266546660866652 ], [ 4.729795444298755, 52.265162993421384 ], [ 4.725877212322956, 52.263338848992881 ], [ 4.720785656494292, 52.258781499195763 ], [ 4.71322017902867, 52.255400896995774 ], [ 4.705267158172439, 52.246755196554332 ], [ 4.701867262258488, 52.244467908606296 ], [ 4.695512750080445, 52.243222764752204 ], [ 4.681248682531493, 52.239142885148382 ], [ 4.677073834666339, 52.234386703489321 ], [ 4.670348087144909, 52.230755785422723 ], [ 4.668345769519378, 52.229580410927795 ], [ 4.665847202929804, 52.227996412878205 ], [ 4.658473734545848, 52.22609828276866 ], [ 4.647177779394169, 52.221205878401086 ], [ 4.638574556212057, 52.218486622648101 ], [ 4.632634452711476, 52.216184274239602 ], [ 4.62584464855607, 52.215301247378711 ], [ 4.62248379787611, 52.214922744125509 ], [ 4.618437147720568, 52.21447576921382 ], [ 4.602761585132805, 52.21455826911351 ], [ 4.598180765778404, 52.215545173726113 ], [ 4.583553195091426, 52.218874205889193 ], [ 4.573762755567895, 52.217258354707816 ], [ 4.572202191667557, 52.216999103067714 ], [ 4.558433146166438, 52.218798537598644 ], [ 4.556615361820583, 52.219273046261073 ], [ 4.553933983188353, 52.222205418540568 ], [ 4.55047036189576, 52.226744715954126 ], [ 4.553624982871213, 52.230932974593664 ], [ 4.555619474206902, 52.232019069631562 ], [ 4.560783683480807, 52.23305996786052 ], [ 4.562272647677872, 52.233843442505631 ], [ 4.564183737818655, 52.23862875755551 ], [ 4.565054955070379, 52.241430680493671 ], [ 4.565347726581194, 52.242347845003131 ], [ 4.566209167606862, 52.245013543855322 ], [ 4.567832079383025, 52.250747328514521 ], [ 4.568763657160266, 52.255670946163626 ], [ 4.569537572823251, 52.259860231451619 ], [ 4.568448632203927, 52.264705490743168 ], [ 4.568251150326854, 52.265557932120679 ], [ 4.568038341338109, 52.266517394791336 ], [ 4.568335793946374, 52.268553385737249 ], [ 4.572749034624724, 52.271240018756465 ], [ 4.577122320471027, 52.273802569433073 ], [ 4.584143946654533, 52.2779153252404 ], [ 4.584882694090621, 52.27833736675791 ], [ 4.588872361380155, 52.281107940478897 ], [ 4.589538965802631, 52.282485525824526 ], [ 4.591336994399369, 52.285957994142997 ], [ 4.593737781778294, 52.28870085805287 ], [ 4.595601596524255, 52.29080485013457 ], [ 4.596476542232972, 52.294445727127815 ], [ 4.598243926613805, 52.297735799710807 ], [ 4.602337745097511, 52.303249401244152 ], [ 4.604737836178873, 52.306278915458741 ], [ 4.610271250875719, 52.310884932112344 ], [ 4.611533101159008, 52.312240089860914 ], [ 4.611676039331051, 52.313559912559583 ], [ 4.611530211791082, 52.318334913420372 ], [ 4.611383864514891, 52.322204579917795 ], [ 4.611386097446126, 52.322255947573495 ], [ 4.611661876539924, 52.325419850103316 ], [ 4.613467192096652, 52.328064465213757 ], [ 4.616564207532729, 52.331473401894243 ], [ 4.620111229567506, 52.333722626098371 ], [ 4.630584296438667, 52.337534310025326 ], [ 4.639648016735245, 52.338906077250776 ], [ 4.647628485663095, 52.340068799969416 ], [ 4.651657714114084, 52.341559697318523 ], [ 4.656411942122901, 52.343639028013392 ], [ 4.659232660755269, 52.344868314168089 ], [ 4.660815479389023, 52.345537778622194 ], [ 4.671482559070539, 52.35014686183775 ], [ 4.675633457780727, 52.352879386356122 ], [ 4.67646708330698, 52.356180807521945 ], [ 4.67524450311907, 52.359468818629118 ], [ 4.672091877887725, 52.368157925836925 ], [ 4.671377765991565, 52.370374243507001 ], [ 4.671377049027549, 52.370380363508943 ], [ 4.672714511589538, 52.374224735897748 ], [ 4.677383486474712, 52.377088112156834 ], [ 4.680364001752444, 52.379872205943819 ], [ 4.68599566822978, 52.383517698293787 ], [ 4.685970719324783, 52.384017858487226 ], [ 4.686921136152222, 52.387443702790236 ], [ 4.682595867889471, 52.388216084780289 ], [ 4.68144005268522, 52.389915871600849 ], [ 4.68119036142721, 52.390286662760907 ], [ 4.677716261003498, 52.38973756770568 ], [ 4.674541523031964, 52.390911244638858 ], [ 4.673457871573788, 52.394067320683725 ], [ 4.675630388750641, 52.397249302582232 ], [ 4.678570277301849, 52.398514734427074 ], [ 4.678685685276791, 52.399477453605442 ], [ 4.668664576451365, 52.401399401634876 ], [ 4.668816209599973, 52.404162798665539 ], [ 4.674379436007777, 52.406469316558486 ], [ 4.671962342328278, 52.409447074269998 ], [ 4.675507043366376, 52.40962523518678 ], [ 4.681130564561326, 52.412317050947806 ], [ 4.682476168597433, 52.41384869956002 ], [ 4.691485972296198, 52.418813968134046 ], [ 4.700537223401517, 52.425512917514872 ], [ 4.710654980250923, 52.427692753736423 ], [ 4.721983094012953, 52.433336168527909 ], [ 4.739208095839959, 52.43106382971277 ], [ 4.738566771930667, 52.429222712415886 ], [ 4.728758927718659, 52.400711347850205 ], [ 4.757481997148969, 52.396882777237451 ] ] ] ] } },
{ "type": "Feature", "properties": { "statcode": "ET1606", "id": 24, "jrstatcode": "2021ET1606", "statnaam": "Amstelland", "rubriek": "subres_regio", "gid": "ET1606", "label": "Amstelland" }, "geometry": { "type": "MultiPolygon", "coordinates": [ [ [ [ 4.972480661202736, 52.35545635063805 ], [ 4.976709176058774, 52.353491888306714 ], [ 4.980362321645901, 52.3515441389507 ], [ 4.983803769897412, 52.349709929466414 ], [ 4.98991254973027, 52.346460727418766 ], [ 4.998343157785454, 52.342011319163845 ], [ 4.999320652999944, 52.341536324795484 ], [ 5.00145265620572, 52.342335630808918 ], [ 5.00416219066283, 52.342577508609025 ], [ 5.009068470866603, 52.341891407877199 ], [ 5.012258234637819, 52.343801135569599 ], [ 5.012304376768135, 52.343846297513075 ], [ 5.013526919373408, 52.343813366835192 ], [ 5.019049633601965, 52.347877508130772 ], [ 5.023653668652927, 52.348024181899838 ], [ 5.026860565209266, 52.348772323849253 ], [ 5.034943786373408, 52.344529325371276 ], [ 5.033996644634613, 52.340638833862272 ], [ 5.026188574587731, 52.338062751069543 ], [ 5.026138626310833, 52.337490723720535 ], [ 5.027541037352056, 52.337736209299081 ], [ 5.025343573555785, 52.337049010739889 ], [ 5.018462551026608, 52.33407442859572 ], [ 5.014992314308907, 52.331776460099526 ], [ 5.014450117039145, 52.331431318398266 ], [ 5.012793853433807, 52.330207424063474 ], [ 5.016133679578445, 52.324512121649747 ], [ 4.998079155000394, 52.314034841331129 ], [ 4.997091076844808, 52.314455642301589 ], [ 4.996895742882885, 52.317642360565074 ], [ 4.991671740657753, 52.324437689891333 ], [ 4.989603674095137, 52.327547725284127 ], [ 4.986181936936583, 52.329719837524145 ], [ 4.983965404479219, 52.330666472037919 ], [ 4.980111082524398, 52.330906444681219 ], [ 4.977737024206212, 52.331026579806526 ], [ 4.975307118224782, 52.330561675801007 ], [ 4.970664515023422, 52.326383037194667 ], [ 4.970473594049062, 52.326287994480616 ], [ 4.967541189119635, 52.327757589417949 ], [ 4.956751443148843, 52.324044634553651 ], [ 4.956711563685657, 52.324030787623997 ], [ 4.952675653482256, 52.322644039966605 ], [ 4.948120587681114, 52.327629496956973 ], [ 4.947658676020453, 52.328138278595674 ], [ 4.94471619037003, 52.327129715212322 ], [ 4.941837565695452, 52.326140181989317 ], [ 4.937961028873452, 52.324122353165272 ], [ 4.937619078014082, 52.323299383298441 ], [ 4.939926935087574, 52.321936003063584 ], [ 4.941042846190136, 52.31961978872976 ], [ 4.940222254030746, 52.319338376741193 ], [ 4.940206760728755, 52.319333063052234 ], [ 4.939584777545593, 52.319119773693984 ], [ 4.940331467538098, 52.318302299843971 ], [ 4.939830360050848, 52.31711958241965 ], [ 4.938041578355857, 52.31650549112782 ], [ 4.93872388334037, 52.315091065557056 ], [ 4.935229039114857, 52.313888770482706 ], [ 4.936112286078675, 52.312580722462535 ], [ 4.934137647544056, 52.311903497588105 ], [ 4.929425684113949, 52.308627355427348 ], [ 4.930256242442576, 52.306429773705439 ], [ 4.939243431101762, 52.296939581247869 ], [ 4.943198316479521, 52.292356984868746 ], [ 4.953874046448225, 52.280030277162695 ], [ 4.95524052492509, 52.278304901733236 ], [ 4.953764917963498, 52.27802965052544 ], [ 4.946667500608783, 52.278991551220571 ], [ 4.942691519470022, 52.278183959987004 ], [ 4.933755076466348, 52.280895767410229 ], [ 4.928587193839562, 52.27961128047248 ], [ 4.926402677419893, 52.279709263188671 ], [ 4.925985695997225, 52.278078312725199 ], [ 4.927654932704851, 52.273808317497945 ], [ 4.926651425743649, 52.272444791300913 ], [ 4.928014655902839, 52.271742156005352 ], [ 4.92929998137112, 52.269958322382841 ], [ 4.929390510379887, 52.268353331696375 ], [ 4.924713629871095, 52.266937260458192 ], [ 4.92313670311348, 52.263023177133704 ], [ 4.91808687098426, 52.261665135746902 ], [ 4.918553556698897, 52.258586171888851 ], [ 4.917303282638894, 52.256817243496485 ], [ 4.910970247137064, 52.252682238819631 ], [ 4.908547054127416, 52.252682614619978 ], [ 4.902930740889364, 52.253181805832192 ], [ 4.898568544630832, 52.250932240878228 ], [ 4.891759482573248, 52.253267668585977 ], [ 4.887585668922624, 52.250989230449768 ], [ 4.882718838004239, 52.253711516209904 ], [ 4.877728871488567, 52.252816106065481 ], [ 4.873852938211026, 52.250742634015268 ], [ 4.872289667838331, 52.251182047744187 ], [ 4.870121266278466, 52.253282155192352 ], [ 4.868779158330592, 52.251698344891729 ], [ 4.86611332111365, 52.25098827545574 ], [ 4.860620840930348, 52.248216809073185 ], [ 4.85752171636411, 52.247723055705379 ], [ 4.856534921351903, 52.246275755985728 ], [ 4.855290954836911, 52.245555963166623 ], [ 4.854937885688049, 52.242145619318485 ], [ 4.852053258587674, 52.242013490172873 ], [ 4.851273142949738, 52.241890198738218 ], [ 4.85215655257544, 52.23964121685524 ], [ 4.850792127746058, 52.238606618203427 ], [ 4.847325731319703, 52.239781375838604 ], [ 4.845995130944479, 52.237657785663011 ], [ 4.842995897736945, 52.2367899715113 ], [ 4.84284525043788, 52.235347237657322 ], [ 4.83963261874396, 52.2353912923476 ], [ 4.828613597850271, 52.230593093869437 ], [ 4.822002626902075, 52.229194393652719 ], [ 4.817192775751912, 52.228324892183934 ], [ 4.814100010902115, 52.227169330845975 ], [ 4.808198259599457, 52.22711518609011 ], [ 4.80527504607667, 52.227974168901177 ], [ 4.801942560183223, 52.226922204550995 ], [ 4.794575697702013, 52.226730665167217 ], [ 4.789410010194405, 52.227875101677419 ], [ 4.786875080484989, 52.227882747753839 ], [ 4.784936398100692, 52.228626174856082 ], [ 4.780985629174888, 52.228741235712043 ], [ 4.776400158120775, 52.227372662840068 ], [ 4.774650279292412, 52.224582747033757 ], [ 4.771228580937318, 52.222752774961826 ], [ 4.762074487262454, 52.218130271164654 ], [ 4.75984785507798, 52.217586497170153 ], [ 4.753298505748659, 52.217467802391155 ], [ 4.750668836204475, 52.2157205516746 ], [ 4.747971565379554, 52.214867898989198 ], [ 4.74362988260378, 52.2147928262671 ], [ 4.73438914154966, 52.206555663896495 ], [ 4.732833640012577, 52.206972062804731 ], [ 4.728765997731066, 52.209818813286056 ], [ 4.729562530948014, 52.210271146872273 ], [ 4.724738951775617, 52.212583381175449 ], [ 4.724558784547825, 52.213222835295021 ], [ 4.723764399954997, 52.21657365211 ], [ 4.72330196035959, 52.216353865116211 ], [ 4.723649577217825, 52.218234968161077 ], [ 4.722896598410054, 52.220363905487581 ], [ 4.724154531319087, 52.232371333449578 ], [ 4.704428049314886, 52.233842061575913 ], [ 4.700243660765441, 52.233079440440051 ], [ 4.696244105624451, 52.232109272883584 ], [ 4.686210563840143, 52.226633459714606 ], [ 4.683632300972573, 52.226354033581146 ], [ 4.679975125695985, 52.226763108914746 ], [ 4.676699023394592, 52.225925520230618 ], [ 4.670348087144909, 52.230755785422723 ], [ 4.677073834666339, 52.234386703489321 ], [ 4.681248682531493, 52.239142885148382 ], [ 4.695512750080445, 52.243222764752204 ], [ 4.701867262258488, 52.244467908606296 ], [ 4.705267158172439, 52.246755196554332 ], [ 4.71322017902867, 52.255400896995774 ], [ 4.720785656494292, 52.258781499195763 ], [ 4.725877212322956, 52.263338848992881 ], [ 4.729795444298755, 52.265162993421384 ], [ 4.73456728694839, 52.266546660866652 ], [ 4.739234919223286, 52.267613523314282 ], [ 4.743765365280029, 52.269837607498921 ], [ 4.746699287217271, 52.272253352282682 ], [ 4.751322007162532, 52.273689493022886 ], [ 4.756878451011029, 52.274401135442197 ], [ 4.765112977933416, 52.27678214874166 ], [ 4.771019811880829, 52.279366210701859 ], [ 4.77991031479312, 52.283130295224765 ], [ 4.788341397155714, 52.288530943735296 ], [ 4.793248228421163, 52.294099449562793 ], [ 4.794442878318487, 52.296267027411254 ], [ 4.79566333328227, 52.299323913044134 ], [ 4.798835754651661, 52.301421111416907 ], [ 4.80988369261715, 52.305776099826844 ], [ 4.817075406207786, 52.311820599353204 ], [ 4.817152651254538, 52.311966884243347 ], [ 4.816124106477718, 52.313491204470154 ], [ 4.81906174708687, 52.323318332843002 ], [ 4.818752570685462, 52.325560258050238 ], [ 4.825178804565392, 52.325731017064022 ], [ 4.839405274498019, 52.327359358792215 ], [ 4.839476484221423, 52.32914569446735 ], [ 4.843960963173235, 52.330218482848679 ], [ 4.845111999632596, 52.329734671987666 ], [ 4.847623555578303, 52.330071268264454 ], [ 4.847987510837672, 52.330566870651353 ], [ 4.855924420012535, 52.330317586479786 ], [ 4.856466458079652, 52.321764864331719 ], [ 4.856754885812504, 52.321413287007452 ], [ 4.861485554878119, 52.321802655760848 ], [ 4.869142121455742, 52.321932848763922 ], [ 4.869354899067059, 52.321936673484039 ], [ 4.878117553041231, 52.322092233936878 ], [ 4.882176956309819, 52.32216403240394 ], [ 4.892834335232724, 52.322366357683727 ], [ 4.896291648544251, 52.322419858719933 ], [ 4.898280592483931, 52.321643972454048 ], [ 4.902532361172976, 52.321324352471827 ], [ 4.907840547490866, 52.319504847459022 ], [ 4.909135282198677, 52.318253197189762 ], [ 4.912375605882284, 52.318248010666593 ], [ 4.914281497678227, 52.320407978207299 ], [ 4.910807066523139, 52.321883027982366 ], [ 4.911343357278533, 52.322884124913401 ], [ 4.910334168535709, 52.323566324115731 ], [ 4.913881305865074, 52.324551535925835 ], [ 4.913592503871528, 52.326333114755535 ], [ 4.913265564633577, 52.328400835310916 ], [ 4.91293171901791, 52.330510414943262 ], [ 4.9174832554892, 52.331536523552657 ], [ 4.922550463451021, 52.333084195144352 ], [ 4.92376528381492, 52.335442673660744 ], [ 4.9252238937701, 52.335379351804278 ], [ 4.925362692447881, 52.335381382847174 ], [ 4.928493321245682, 52.336554814962199 ], [ 4.935623714352039, 52.335513954626855 ], [ 4.936511666578808, 52.334591987722419 ], [ 4.93967461965819, 52.335607536745925 ], [ 4.941705551741881, 52.335532871920954 ], [ 4.941721138427039, 52.336406989023885 ], [ 4.942597017677304, 52.336521115290758 ], [ 4.943005869142413, 52.336574387674943 ], [ 4.949860180447959, 52.338528246187494 ], [ 4.952499200719796, 52.340006745738989 ], [ 4.952730962733085, 52.34015863295874 ], [ 4.956267901811014, 52.343586861967125 ], [ 4.956360693230727, 52.343680013331713 ], [ 4.960377262695583, 52.347885734206457 ], [ 4.960428751259395, 52.347936096484958 ], [ 4.96453851387693, 52.352773192475127 ], [ 4.965857126916719, 52.354651157113544 ], [ 4.966239865522401, 52.354163767551277 ], [ 4.96831004555725, 52.354926940822615 ], [ 4.96959478051996, 52.356101678222018 ], [ 4.972480661202736, 52.35545635063805 ] ] ] ] } }
]
}
